[2025-03-24T01:49:50.188+0000] {processor.py:186} INFO - Started process (PID=82) to work on /opt/airflow/dags/coleta_dados_abertos_cnpj/dag.py
[2025-03-24T01:49:50.189+0000] {processor.py:914} INFO - Processing file /opt/airflow/dags/coleta_dados_abertos_cnpj/dag.py for tasks to queue
[2025-03-24T01:49:50.191+0000] {logging_mixin.py:190} INFO - [2025-03-24T01:49:50.191+0000] {dagbag.py:588} INFO - Filling up the DagBag from /opt/airflow/dags/coleta_dados_abertos_cnpj/dag.py
[2025-03-24T01:49:50.520+0000] {processor.py:925} INFO - DAG(s) 'coleta_dados_abertos_cnpj' retrieved from /opt/airflow/dags/coleta_dados_abertos_cnpj/dag.py
[2025-03-24T01:49:50.572+0000] {logging_mixin.py:190} INFO - [2025-03-24T01:49:50.571+0000] {override.py:1911} INFO - Created Permission View: can edit on DAG:coleta_dados_abertos_cnpj
[2025-03-24T01:49:50.578+0000] {logging_mixin.py:190} INFO - [2025-03-24T01:49:50.578+0000] {override.py:1911} INFO - Created Permission View: can delete on DAG:coleta_dados_abertos_cnpj
[2025-03-24T01:49:50.582+0000] {logging_mixin.py:190} INFO - [2025-03-24T01:49:50.582+0000] {override.py:1911} INFO - Created Permission View: can read on DAG:coleta_dados_abertos_cnpj
[2025-03-24T01:49:50.588+0000] {logging_mixin.py:190} INFO - [2025-03-24T01:49:50.588+0000] {override.py:1911} INFO - Created Permission View: can create on DAG Run:coleta_dados_abertos_cnpj
[2025-03-24T01:49:50.592+0000] {logging_mixin.py:190} INFO - [2025-03-24T01:49:50.592+0000] {override.py:1911} INFO - Created Permission View: can delete on DAG Run:coleta_dados_abertos_cnpj
[2025-03-24T01:49:50.596+0000] {logging_mixin.py:190} INFO - [2025-03-24T01:49:50.596+0000] {override.py:1911} INFO - Created Permission View: menu access on DAG Run:coleta_dados_abertos_cnpj
[2025-03-24T01:49:50.600+0000] {logging_mixin.py:190} INFO - [2025-03-24T01:49:50.600+0000] {override.py:1911} INFO - Created Permission View: can read on DAG Run:coleta_dados_abertos_cnpj
[2025-03-24T01:49:50.600+0000] {logging_mixin.py:190} INFO - [2025-03-24T01:49:50.600+0000] {dag.py:3239} INFO - Sync 1 DAGs
[2025-03-24T01:49:50.606+0000] {logging_mixin.py:190} INFO - [2025-03-24T01:49:50.606+0000] {dag.py:3262} INFO - Creating ORM DAG for coleta_dados_abertos_cnpj
[2025-03-24T01:49:50.611+0000] {logging_mixin.py:190} INFO - [2025-03-24T01:49:50.611+0000] {dag.py:4180} INFO - Setting next_dagrun for coleta_dados_abertos_cnpj to 2025-02-10 00:00:00+00:00, run_after=2025-03-10 00:00:00+00:00
[2025-03-24T01:49:50.621+0000] {processor.py:208} INFO - Processing /opt/airflow/dags/coleta_dados_abertos_cnpj/dag.py took 0.436 seconds
[2025-03-24T01:50:21.584+0000] {processor.py:186} INFO - Started process (PID=93) to work on /opt/airflow/dags/coleta_dados_abertos_cnpj/dag.py
[2025-03-24T01:50:21.585+0000] {processor.py:914} INFO - Processing file /opt/airflow/dags/coleta_dados_abertos_cnpj/dag.py for tasks to queue
[2025-03-24T01:50:21.587+0000] {logging_mixin.py:190} INFO - [2025-03-24T01:50:21.586+0000] {dagbag.py:588} INFO - Filling up the DagBag from /opt/airflow/dags/coleta_dados_abertos_cnpj/dag.py
[2025-03-24T01:50:21.792+0000] {processor.py:925} INFO - DAG(s) 'coleta_dados_abertos_cnpj' retrieved from /opt/airflow/dags/coleta_dados_abertos_cnpj/dag.py
[2025-03-24T01:50:21.807+0000] {logging_mixin.py:190} INFO - [2025-03-24T01:50:21.807+0000] {dag.py:3239} INFO - Sync 1 DAGs
[2025-03-24T01:50:21.818+0000] {logging_mixin.py:190} INFO - [2025-03-24T01:50:21.818+0000] {dag.py:4180} INFO - Setting next_dagrun for coleta_dados_abertos_cnpj to 2025-02-10 00:00:00+00:00, run_after=2025-03-10 00:00:00+00:00
[2025-03-24T01:50:21.828+0000] {processor.py:208} INFO - Processing /opt/airflow/dags/coleta_dados_abertos_cnpj/dag.py took 0.247 seconds
[2025-03-24T01:50:52.068+0000] {processor.py:186} INFO - Started process (PID=104) to work on /opt/airflow/dags/coleta_dados_abertos_cnpj/dag.py
[2025-03-24T01:50:52.069+0000] {processor.py:914} INFO - Processing file /opt/airflow/dags/coleta_dados_abertos_cnpj/dag.py for tasks to queue
[2025-03-24T01:50:52.071+0000] {logging_mixin.py:190} INFO - [2025-03-24T01:50:52.071+0000] {dagbag.py:588} INFO - Filling up the DagBag from /opt/airflow/dags/coleta_dados_abertos_cnpj/dag.py
[2025-03-24T01:50:52.277+0000] {processor.py:925} INFO - DAG(s) 'coleta_dados_abertos_cnpj' retrieved from /opt/airflow/dags/coleta_dados_abertos_cnpj/dag.py
[2025-03-24T01:50:52.293+0000] {logging_mixin.py:190} INFO - [2025-03-24T01:50:52.292+0000] {dag.py:3239} INFO - Sync 1 DAGs
[2025-03-24T01:50:52.305+0000] {logging_mixin.py:190} INFO - [2025-03-24T01:50:52.305+0000] {dag.py:4180} INFO - Setting next_dagrun for coleta_dados_abertos_cnpj to 2025-02-10 00:00:00+00:00, run_after=2025-03-10 00:00:00+00:00
[2025-03-24T01:50:52.316+0000] {processor.py:208} INFO - Processing /opt/airflow/dags/coleta_dados_abertos_cnpj/dag.py took 0.250 seconds
[2025-03-24T01:51:22.493+0000] {processor.py:186} INFO - Started process (PID=115) to work on /opt/airflow/dags/coleta_dados_abertos_cnpj/dag.py
[2025-03-24T01:51:22.494+0000] {processor.py:914} INFO - Processing file /opt/airflow/dags/coleta_dados_abertos_cnpj/dag.py for tasks to queue
[2025-03-24T01:51:22.496+0000] {logging_mixin.py:190} INFO - [2025-03-24T01:51:22.495+0000] {dagbag.py:588} INFO - Filling up the DagBag from /opt/airflow/dags/coleta_dados_abertos_cnpj/dag.py
[2025-03-24T01:51:22.722+0000] {processor.py:925} INFO - DAG(s) 'coleta_dados_abertos_cnpj' retrieved from /opt/airflow/dags/coleta_dados_abertos_cnpj/dag.py
[2025-03-24T01:51:22.740+0000] {logging_mixin.py:190} INFO - [2025-03-24T01:51:22.740+0000] {dag.py:3239} INFO - Sync 1 DAGs
[2025-03-24T01:51:22.753+0000] {logging_mixin.py:190} INFO - [2025-03-24T01:51:22.752+0000] {dag.py:4180} INFO - Setting next_dagrun for coleta_dados_abertos_cnpj to 2025-02-10 00:00:00+00:00, run_after=2025-03-10 00:00:00+00:00
[2025-03-24T01:51:22.764+0000] {processor.py:208} INFO - Processing /opt/airflow/dags/coleta_dados_abertos_cnpj/dag.py took 0.274 seconds
[2025-03-24T01:51:52.986+0000] {processor.py:186} INFO - Started process (PID=132) to work on /opt/airflow/dags/coleta_dados_abertos_cnpj/dag.py
[2025-03-24T01:51:52.988+0000] {processor.py:914} INFO - Processing file /opt/airflow/dags/coleta_dados_abertos_cnpj/dag.py for tasks to queue
[2025-03-24T01:51:52.989+0000] {logging_mixin.py:190} INFO - [2025-03-24T01:51:52.989+0000] {dagbag.py:588} INFO - Filling up the DagBag from /opt/airflow/dags/coleta_dados_abertos_cnpj/dag.py
[2025-03-24T01:51:53.183+0000] {processor.py:925} INFO - DAG(s) 'coleta_dados_abertos_cnpj' retrieved from /opt/airflow/dags/coleta_dados_abertos_cnpj/dag.py
[2025-03-24T01:51:53.197+0000] {logging_mixin.py:190} INFO - [2025-03-24T01:51:53.197+0000] {dag.py:3239} INFO - Sync 1 DAGs
[2025-03-24T01:51:53.208+0000] {logging_mixin.py:190} INFO - [2025-03-24T01:51:53.208+0000] {dag.py:4180} INFO - Setting next_dagrun for coleta_dados_abertos_cnpj to 2025-02-10 00:00:00+00:00, run_after=2025-03-10 00:00:00+00:00
[2025-03-24T01:51:53.218+0000] {processor.py:208} INFO - Processing /opt/airflow/dags/coleta_dados_abertos_cnpj/dag.py took 0.235 seconds
[2025-03-24T01:52:23.549+0000] {processor.py:186} INFO - Started process (PID=143) to work on /opt/airflow/dags/coleta_dados_abertos_cnpj/dag.py
[2025-03-24T01:52:23.550+0000] {processor.py:914} INFO - Processing file /opt/airflow/dags/coleta_dados_abertos_cnpj/dag.py for tasks to queue
[2025-03-24T01:52:23.552+0000] {logging_mixin.py:190} INFO - [2025-03-24T01:52:23.552+0000] {dagbag.py:588} INFO - Filling up the DagBag from /opt/airflow/dags/coleta_dados_abertos_cnpj/dag.py
[2025-03-24T01:52:23.749+0000] {processor.py:925} INFO - DAG(s) 'coleta_dados_abertos_cnpj' retrieved from /opt/airflow/dags/coleta_dados_abertos_cnpj/dag.py
[2025-03-24T01:52:23.763+0000] {logging_mixin.py:190} INFO - [2025-03-24T01:52:23.763+0000] {dag.py:3239} INFO - Sync 1 DAGs
[2025-03-24T01:52:23.774+0000] {logging_mixin.py:190} INFO - [2025-03-24T01:52:23.774+0000] {dag.py:4180} INFO - Setting next_dagrun for coleta_dados_abertos_cnpj to 2025-02-10 00:00:00+00:00, run_after=2025-03-10 00:00:00+00:00
[2025-03-24T01:52:23.784+0000] {processor.py:208} INFO - Processing /opt/airflow/dags/coleta_dados_abertos_cnpj/dag.py took 0.240 seconds
[2025-03-24T01:52:54.113+0000] {processor.py:186} INFO - Started process (PID=154) to work on /opt/airflow/dags/coleta_dados_abertos_cnpj/dag.py
[2025-03-24T01:52:54.114+0000] {processor.py:914} INFO - Processing file /opt/airflow/dags/coleta_dados_abertos_cnpj/dag.py for tasks to queue
[2025-03-24T01:52:54.116+0000] {logging_mixin.py:190} INFO - [2025-03-24T01:52:54.116+0000] {dagbag.py:588} INFO - Filling up the DagBag from /opt/airflow/dags/coleta_dados_abertos_cnpj/dag.py
[2025-03-24T01:52:54.322+0000] {processor.py:925} INFO - DAG(s) 'coleta_dados_abertos_cnpj' retrieved from /opt/airflow/dags/coleta_dados_abertos_cnpj/dag.py
[2025-03-24T01:52:54.336+0000] {logging_mixin.py:190} INFO - [2025-03-24T01:52:54.336+0000] {dag.py:3239} INFO - Sync 1 DAGs
[2025-03-24T01:52:54.347+0000] {logging_mixin.py:190} INFO - [2025-03-24T01:52:54.347+0000] {dag.py:4180} INFO - Setting next_dagrun for coleta_dados_abertos_cnpj to 2025-02-10 00:00:00+00:00, run_after=2025-03-10 00:00:00+00:00
[2025-03-24T01:52:54.357+0000] {processor.py:208} INFO - Processing /opt/airflow/dags/coleta_dados_abertos_cnpj/dag.py took 0.247 seconds
[2025-03-24T01:53:24.621+0000] {processor.py:186} INFO - Started process (PID=165) to work on /opt/airflow/dags/coleta_dados_abertos_cnpj/dag.py
[2025-03-24T01:53:24.622+0000] {processor.py:914} INFO - Processing file /opt/airflow/dags/coleta_dados_abertos_cnpj/dag.py for tasks to queue
[2025-03-24T01:53:24.623+0000] {logging_mixin.py:190} INFO - [2025-03-24T01:53:24.623+0000] {dagbag.py:588} INFO - Filling up the DagBag from /opt/airflow/dags/coleta_dados_abertos_cnpj/dag.py
[2025-03-24T01:53:24.826+0000] {processor.py:925} INFO - DAG(s) 'coleta_dados_abertos_cnpj' retrieved from /opt/airflow/dags/coleta_dados_abertos_cnpj/dag.py
[2025-03-24T01:53:24.841+0000] {logging_mixin.py:190} INFO - [2025-03-24T01:53:24.841+0000] {dag.py:3239} INFO - Sync 1 DAGs
[2025-03-24T01:53:24.852+0000] {logging_mixin.py:190} INFO - [2025-03-24T01:53:24.852+0000] {dag.py:4180} INFO - Setting next_dagrun for coleta_dados_abertos_cnpj to 2025-02-10 00:00:00+00:00, run_after=2025-03-10 00:00:00+00:00
[2025-03-24T01:53:24.863+0000] {processor.py:208} INFO - Processing /opt/airflow/dags/coleta_dados_abertos_cnpj/dag.py took 0.245 seconds
[2025-03-24T01:53:55.203+0000] {processor.py:186} INFO - Started process (PID=176) to work on /opt/airflow/dags/coleta_dados_abertos_cnpj/dag.py
[2025-03-24T01:53:55.204+0000] {processor.py:914} INFO - Processing file /opt/airflow/dags/coleta_dados_abertos_cnpj/dag.py for tasks to queue
[2025-03-24T01:53:55.206+0000] {logging_mixin.py:190} INFO - [2025-03-24T01:53:55.206+0000] {dagbag.py:588} INFO - Filling up the DagBag from /opt/airflow/dags/coleta_dados_abertos_cnpj/dag.py
[2025-03-24T01:53:55.398+0000] {processor.py:925} INFO - DAG(s) 'coleta_dados_abertos_cnpj' retrieved from /opt/airflow/dags/coleta_dados_abertos_cnpj/dag.py
[2025-03-24T01:53:55.412+0000] {logging_mixin.py:190} INFO - [2025-03-24T01:53:55.412+0000] {dag.py:3239} INFO - Sync 1 DAGs
[2025-03-24T01:53:55.423+0000] {logging_mixin.py:190} INFO - [2025-03-24T01:53:55.423+0000] {dag.py:4180} INFO - Setting next_dagrun for coleta_dados_abertos_cnpj to 2025-02-10 00:00:00+00:00, run_after=2025-03-10 00:00:00+00:00
[2025-03-24T01:53:55.432+0000] {processor.py:208} INFO - Processing /opt/airflow/dags/coleta_dados_abertos_cnpj/dag.py took 0.231 seconds
[2025-03-24T01:54:25.674+0000] {processor.py:186} INFO - Started process (PID=187) to work on /opt/airflow/dags/coleta_dados_abertos_cnpj/dag.py
[2025-03-24T01:54:25.675+0000] {processor.py:914} INFO - Processing file /opt/airflow/dags/coleta_dados_abertos_cnpj/dag.py for tasks to queue
[2025-03-24T01:54:25.677+0000] {logging_mixin.py:190} INFO - [2025-03-24T01:54:25.677+0000] {dagbag.py:588} INFO - Filling up the DagBag from /opt/airflow/dags/coleta_dados_abertos_cnpj/dag.py
[2025-03-24T01:54:25.874+0000] {processor.py:925} INFO - DAG(s) 'coleta_dados_abertos_cnpj' retrieved from /opt/airflow/dags/coleta_dados_abertos_cnpj/dag.py
[2025-03-24T01:54:25.889+0000] {logging_mixin.py:190} INFO - [2025-03-24T01:54:25.889+0000] {dag.py:3239} INFO - Sync 1 DAGs
[2025-03-24T01:54:25.900+0000] {logging_mixin.py:190} INFO - [2025-03-24T01:54:25.900+0000] {dag.py:4180} INFO - Setting next_dagrun for coleta_dados_abertos_cnpj to 2025-02-10 00:00:00+00:00, run_after=2025-03-10 00:00:00+00:00
[2025-03-24T01:54:25.910+0000] {processor.py:208} INFO - Processing /opt/airflow/dags/coleta_dados_abertos_cnpj/dag.py took 0.239 seconds
[2025-03-24T01:54:56.276+0000] {processor.py:186} INFO - Started process (PID=198) to work on /opt/airflow/dags/coleta_dados_abertos_cnpj/dag.py
[2025-03-24T01:54:56.277+0000] {processor.py:914} INFO - Processing file /opt/airflow/dags/coleta_dados_abertos_cnpj/dag.py for tasks to queue
[2025-03-24T01:54:56.279+0000] {logging_mixin.py:190} INFO - [2025-03-24T01:54:56.279+0000] {dagbag.py:588} INFO - Filling up the DagBag from /opt/airflow/dags/coleta_dados_abertos_cnpj/dag.py
[2025-03-24T01:54:56.479+0000] {processor.py:925} INFO - DAG(s) 'coleta_dados_abertos_cnpj' retrieved from /opt/airflow/dags/coleta_dados_abertos_cnpj/dag.py
[2025-03-24T01:54:56.495+0000] {logging_mixin.py:190} INFO - [2025-03-24T01:54:56.495+0000] {dag.py:3239} INFO - Sync 1 DAGs
[2025-03-24T01:54:56.507+0000] {logging_mixin.py:190} INFO - [2025-03-24T01:54:56.507+0000] {dag.py:4180} INFO - Setting next_dagrun for coleta_dados_abertos_cnpj to 2025-02-10 00:00:00+00:00, run_after=2025-03-10 00:00:00+00:00
[2025-03-24T01:54:56.517+0000] {processor.py:208} INFO - Processing /opt/airflow/dags/coleta_dados_abertos_cnpj/dag.py took 0.245 seconds
[2025-03-24T01:55:26.742+0000] {processor.py:186} INFO - Started process (PID=209) to work on /opt/airflow/dags/coleta_dados_abertos_cnpj/dag.py
[2025-03-24T01:55:26.743+0000] {processor.py:914} INFO - Processing file /opt/airflow/dags/coleta_dados_abertos_cnpj/dag.py for tasks to queue
[2025-03-24T01:55:26.745+0000] {logging_mixin.py:190} INFO - [2025-03-24T01:55:26.744+0000] {dagbag.py:588} INFO - Filling up the DagBag from /opt/airflow/dags/coleta_dados_abertos_cnpj/dag.py
[2025-03-24T01:55:26.943+0000] {processor.py:925} INFO - DAG(s) 'coleta_dados_abertos_cnpj' retrieved from /opt/airflow/dags/coleta_dados_abertos_cnpj/dag.py
[2025-03-24T01:55:26.959+0000] {logging_mixin.py:190} INFO - [2025-03-24T01:55:26.959+0000] {dag.py:3239} INFO - Sync 1 DAGs
[2025-03-24T01:55:26.971+0000] {logging_mixin.py:190} INFO - [2025-03-24T01:55:26.971+0000] {dag.py:4180} INFO - Setting next_dagrun for coleta_dados_abertos_cnpj to 2025-02-10 00:00:00+00:00, run_after=2025-03-10 00:00:00+00:00
[2025-03-24T01:55:26.981+0000] {processor.py:208} INFO - Processing /opt/airflow/dags/coleta_dados_abertos_cnpj/dag.py took 0.242 seconds
[2025-03-24T01:55:57.198+0000] {processor.py:186} INFO - Started process (PID=220) to work on /opt/airflow/dags/coleta_dados_abertos_cnpj/dag.py
[2025-03-24T01:55:57.199+0000] {processor.py:914} INFO - Processing file /opt/airflow/dags/coleta_dados_abertos_cnpj/dag.py for tasks to queue
[2025-03-24T01:55:57.200+0000] {logging_mixin.py:190} INFO - [2025-03-24T01:55:57.200+0000] {dagbag.py:588} INFO - Filling up the DagBag from /opt/airflow/dags/coleta_dados_abertos_cnpj/dag.py
[2025-03-24T01:55:57.418+0000] {processor.py:925} INFO - DAG(s) 'coleta_dados_abertos_cnpj' retrieved from /opt/airflow/dags/coleta_dados_abertos_cnpj/dag.py
[2025-03-24T01:55:57.433+0000] {logging_mixin.py:190} INFO - [2025-03-24T01:55:57.433+0000] {dag.py:3239} INFO - Sync 1 DAGs
[2025-03-24T01:55:57.444+0000] {logging_mixin.py:190} INFO - [2025-03-24T01:55:57.444+0000] {dag.py:4180} INFO - Setting next_dagrun for coleta_dados_abertos_cnpj to 2025-02-10 00:00:00+00:00, run_after=2025-03-10 00:00:00+00:00
[2025-03-24T01:55:57.458+0000] {processor.py:208} INFO - Processing /opt/airflow/dags/coleta_dados_abertos_cnpj/dag.py took 0.263 seconds
[2025-03-24T01:56:27.670+0000] {processor.py:186} INFO - Started process (PID=231) to work on /opt/airflow/dags/coleta_dados_abertos_cnpj/dag.py
[2025-03-24T01:56:27.671+0000] {processor.py:914} INFO - Processing file /opt/airflow/dags/coleta_dados_abertos_cnpj/dag.py for tasks to queue
[2025-03-24T01:56:27.673+0000] {logging_mixin.py:190} INFO - [2025-03-24T01:56:27.673+0000] {dagbag.py:588} INFO - Filling up the DagBag from /opt/airflow/dags/coleta_dados_abertos_cnpj/dag.py
[2025-03-24T01:56:27.888+0000] {processor.py:925} INFO - DAG(s) 'coleta_dados_abertos_cnpj' retrieved from /opt/airflow/dags/coleta_dados_abertos_cnpj/dag.py
[2025-03-24T01:56:27.902+0000] {logging_mixin.py:190} INFO - [2025-03-24T01:56:27.902+0000] {dag.py:3239} INFO - Sync 1 DAGs
[2025-03-24T01:56:27.914+0000] {logging_mixin.py:190} INFO - [2025-03-24T01:56:27.914+0000] {dag.py:4180} INFO - Setting next_dagrun for coleta_dados_abertos_cnpj to 2025-02-10 00:00:00+00:00, run_after=2025-03-10 00:00:00+00:00
[2025-03-24T01:56:27.925+0000] {processor.py:208} INFO - Processing /opt/airflow/dags/coleta_dados_abertos_cnpj/dag.py took 0.258 seconds
[2025-03-24T01:56:58.272+0000] {processor.py:186} INFO - Started process (PID=242) to work on /opt/airflow/dags/coleta_dados_abertos_cnpj/dag.py
[2025-03-24T01:56:58.273+0000] {processor.py:914} INFO - Processing file /opt/airflow/dags/coleta_dados_abertos_cnpj/dag.py for tasks to queue
[2025-03-24T01:56:58.275+0000] {logging_mixin.py:190} INFO - [2025-03-24T01:56:58.274+0000] {dagbag.py:588} INFO - Filling up the DagBag from /opt/airflow/dags/coleta_dados_abertos_cnpj/dag.py
[2025-03-24T01:56:58.487+0000] {processor.py:925} INFO - DAG(s) 'coleta_dados_abertos_cnpj' retrieved from /opt/airflow/dags/coleta_dados_abertos_cnpj/dag.py
[2025-03-24T01:56:58.504+0000] {logging_mixin.py:190} INFO - [2025-03-24T01:56:58.504+0000] {dag.py:3239} INFO - Sync 1 DAGs
[2025-03-24T01:56:58.516+0000] {logging_mixin.py:190} INFO - [2025-03-24T01:56:58.516+0000] {dag.py:4180} INFO - Setting next_dagrun for coleta_dados_abertos_cnpj to 2025-02-10 00:00:00+00:00, run_after=2025-03-10 00:00:00+00:00
[2025-03-24T01:56:58.527+0000] {processor.py:208} INFO - Processing /opt/airflow/dags/coleta_dados_abertos_cnpj/dag.py took 0.258 seconds
[2025-03-24T01:57:28.818+0000] {processor.py:186} INFO - Started process (PID=253) to work on /opt/airflow/dags/coleta_dados_abertos_cnpj/dag.py
[2025-03-24T01:57:28.818+0000] {processor.py:914} INFO - Processing file /opt/airflow/dags/coleta_dados_abertos_cnpj/dag.py for tasks to queue
[2025-03-24T01:57:28.820+0000] {logging_mixin.py:190} INFO - [2025-03-24T01:57:28.819+0000] {dagbag.py:588} INFO - Filling up the DagBag from /opt/airflow/dags/coleta_dados_abertos_cnpj/dag.py
[2025-03-24T01:57:29.015+0000] {processor.py:925} INFO - DAG(s) 'coleta_dados_abertos_cnpj' retrieved from /opt/airflow/dags/coleta_dados_abertos_cnpj/dag.py
[2025-03-24T01:57:29.031+0000] {logging_mixin.py:190} INFO - [2025-03-24T01:57:29.031+0000] {dag.py:3239} INFO - Sync 1 DAGs
[2025-03-24T01:57:29.043+0000] {logging_mixin.py:190} INFO - [2025-03-24T01:57:29.043+0000] {dag.py:4180} INFO - Setting next_dagrun for coleta_dados_abertos_cnpj to 2025-02-10 00:00:00+00:00, run_after=2025-03-10 00:00:00+00:00
[2025-03-24T01:57:29.053+0000] {processor.py:208} INFO - Processing /opt/airflow/dags/coleta_dados_abertos_cnpj/dag.py took 0.238 seconds
[2025-03-24T01:57:59.309+0000] {processor.py:186} INFO - Started process (PID=264) to work on /opt/airflow/dags/coleta_dados_abertos_cnpj/dag.py
[2025-03-24T01:57:59.310+0000] {processor.py:914} INFO - Processing file /opt/airflow/dags/coleta_dados_abertos_cnpj/dag.py for tasks to queue
[2025-03-24T01:57:59.311+0000] {logging_mixin.py:190} INFO - [2025-03-24T01:57:59.311+0000] {dagbag.py:588} INFO - Filling up the DagBag from /opt/airflow/dags/coleta_dados_abertos_cnpj/dag.py
[2025-03-24T01:57:59.512+0000] {processor.py:925} INFO - DAG(s) 'coleta_dados_abertos_cnpj' retrieved from /opt/airflow/dags/coleta_dados_abertos_cnpj/dag.py
[2025-03-24T01:57:59.529+0000] {logging_mixin.py:190} INFO - [2025-03-24T01:57:59.529+0000] {dag.py:3239} INFO - Sync 1 DAGs
[2025-03-24T01:57:59.542+0000] {logging_mixin.py:190} INFO - [2025-03-24T01:57:59.541+0000] {dag.py:4180} INFO - Setting next_dagrun for coleta_dados_abertos_cnpj to 2025-02-10 00:00:00+00:00, run_after=2025-03-10 00:00:00+00:00
[2025-03-24T01:57:59.555+0000] {processor.py:208} INFO - Processing /opt/airflow/dags/coleta_dados_abertos_cnpj/dag.py took 0.248 seconds
[2025-03-24T01:58:29.772+0000] {processor.py:186} INFO - Started process (PID=275) to work on /opt/airflow/dags/coleta_dados_abertos_cnpj/dag.py
[2025-03-24T01:58:29.773+0000] {processor.py:914} INFO - Processing file /opt/airflow/dags/coleta_dados_abertos_cnpj/dag.py for tasks to queue
[2025-03-24T01:58:29.774+0000] {logging_mixin.py:190} INFO - [2025-03-24T01:58:29.774+0000] {dagbag.py:588} INFO - Filling up the DagBag from /opt/airflow/dags/coleta_dados_abertos_cnpj/dag.py
[2025-03-24T01:58:29.967+0000] {processor.py:925} INFO - DAG(s) 'coleta_dados_abertos_cnpj' retrieved from /opt/airflow/dags/coleta_dados_abertos_cnpj/dag.py
[2025-03-24T01:58:29.981+0000] {logging_mixin.py:190} INFO - [2025-03-24T01:58:29.981+0000] {dag.py:3239} INFO - Sync 1 DAGs
[2025-03-24T01:58:29.992+0000] {logging_mixin.py:190} INFO - [2025-03-24T01:58:29.992+0000] {dag.py:4180} INFO - Setting next_dagrun for coleta_dados_abertos_cnpj to 2025-02-10 00:00:00+00:00, run_after=2025-03-10 00:00:00+00:00
[2025-03-24T01:58:30.000+0000] {processor.py:208} INFO - Processing /opt/airflow/dags/coleta_dados_abertos_cnpj/dag.py took 0.232 seconds
[2025-03-24T01:59:00.242+0000] {processor.py:186} INFO - Started process (PID=286) to work on /opt/airflow/dags/coleta_dados_abertos_cnpj/dag.py
[2025-03-24T01:59:00.243+0000] {processor.py:914} INFO - Processing file /opt/airflow/dags/coleta_dados_abertos_cnpj/dag.py for tasks to queue
[2025-03-24T01:59:00.244+0000] {logging_mixin.py:190} INFO - [2025-03-24T01:59:00.244+0000] {dagbag.py:588} INFO - Filling up the DagBag from /opt/airflow/dags/coleta_dados_abertos_cnpj/dag.py
[2025-03-24T01:59:00.441+0000] {processor.py:925} INFO - DAG(s) 'coleta_dados_abertos_cnpj' retrieved from /opt/airflow/dags/coleta_dados_abertos_cnpj/dag.py
[2025-03-24T01:59:00.454+0000] {logging_mixin.py:190} INFO - [2025-03-24T01:59:00.454+0000] {dag.py:3239} INFO - Sync 1 DAGs
[2025-03-24T01:59:00.465+0000] {logging_mixin.py:190} INFO - [2025-03-24T01:59:00.465+0000] {dag.py:4180} INFO - Setting next_dagrun for coleta_dados_abertos_cnpj to 2025-02-10 00:00:00+00:00, run_after=2025-03-10 00:00:00+00:00
[2025-03-24T01:59:00.474+0000] {processor.py:208} INFO - Processing /opt/airflow/dags/coleta_dados_abertos_cnpj/dag.py took 0.236 seconds
[2025-03-24T01:59:30.721+0000] {processor.py:186} INFO - Started process (PID=297) to work on /opt/airflow/dags/coleta_dados_abertos_cnpj/dag.py
[2025-03-24T01:59:30.722+0000] {processor.py:914} INFO - Processing file /opt/airflow/dags/coleta_dados_abertos_cnpj/dag.py for tasks to queue
[2025-03-24T01:59:30.723+0000] {logging_mixin.py:190} INFO - [2025-03-24T01:59:30.723+0000] {dagbag.py:588} INFO - Filling up the DagBag from /opt/airflow/dags/coleta_dados_abertos_cnpj/dag.py
[2025-03-24T01:59:30.925+0000] {processor.py:925} INFO - DAG(s) 'coleta_dados_abertos_cnpj' retrieved from /opt/airflow/dags/coleta_dados_abertos_cnpj/dag.py
[2025-03-24T01:59:30.939+0000] {logging_mixin.py:190} INFO - [2025-03-24T01:59:30.939+0000] {dag.py:3239} INFO - Sync 1 DAGs
[2025-03-24T01:59:30.951+0000] {logging_mixin.py:190} INFO - [2025-03-24T01:59:30.951+0000] {dag.py:4180} INFO - Setting next_dagrun for coleta_dados_abertos_cnpj to 2025-02-10 00:00:00+00:00, run_after=2025-03-10 00:00:00+00:00
[2025-03-24T01:59:30.959+0000] {processor.py:208} INFO - Processing /opt/airflow/dags/coleta_dados_abertos_cnpj/dag.py took 0.241 seconds
[2025-03-24T02:00:01.292+0000] {processor.py:186} INFO - Started process (PID=308) to work on /opt/airflow/dags/coleta_dados_abertos_cnpj/dag.py
[2025-03-24T02:00:01.293+0000] {processor.py:914} INFO - Processing file /opt/airflow/dags/coleta_dados_abertos_cnpj/dag.py for tasks to queue
[2025-03-24T02:00:01.296+0000] {logging_mixin.py:190} INFO - [2025-03-24T02:00:01.296+0000] {dagbag.py:588} INFO - Filling up the DagBag from /opt/airflow/dags/coleta_dados_abertos_cnpj/dag.py
[2025-03-24T02:00:01.494+0000] {processor.py:925} INFO - DAG(s) 'coleta_dados_abertos_cnpj' retrieved from /opt/airflow/dags/coleta_dados_abertos_cnpj/dag.py
[2025-03-24T02:00:01.509+0000] {logging_mixin.py:190} INFO - [2025-03-24T02:00:01.508+0000] {dag.py:3239} INFO - Sync 1 DAGs
[2025-03-24T02:00:01.519+0000] {logging_mixin.py:190} INFO - [2025-03-24T02:00:01.519+0000] {dag.py:4180} INFO - Setting next_dagrun for coleta_dados_abertos_cnpj to 2025-02-10 00:00:00+00:00, run_after=2025-03-10 00:00:00+00:00
[2025-03-24T02:00:01.529+0000] {processor.py:208} INFO - Processing /opt/airflow/dags/coleta_dados_abertos_cnpj/dag.py took 0.240 seconds
[2025-03-24T02:00:31.801+0000] {processor.py:186} INFO - Started process (PID=319) to work on /opt/airflow/dags/coleta_dados_abertos_cnpj/dag.py
[2025-03-24T02:00:31.803+0000] {processor.py:914} INFO - Processing file /opt/airflow/dags/coleta_dados_abertos_cnpj/dag.py for tasks to queue
[2025-03-24T02:00:31.805+0000] {logging_mixin.py:190} INFO - [2025-03-24T02:00:31.804+0000] {dagbag.py:588} INFO - Filling up the DagBag from /opt/airflow/dags/coleta_dados_abertos_cnpj/dag.py
[2025-03-24T02:00:31.998+0000] {processor.py:925} INFO - DAG(s) 'coleta_dados_abertos_cnpj' retrieved from /opt/airflow/dags/coleta_dados_abertos_cnpj/dag.py
[2025-03-24T02:00:32.012+0000] {logging_mixin.py:190} INFO - [2025-03-24T02:00:32.012+0000] {dag.py:3239} INFO - Sync 1 DAGs
[2025-03-24T02:00:32.022+0000] {logging_mixin.py:190} INFO - [2025-03-24T02:00:32.022+0000] {dag.py:4180} INFO - Setting next_dagrun for coleta_dados_abertos_cnpj to 2025-02-10 00:00:00+00:00, run_after=2025-03-10 00:00:00+00:00
[2025-03-24T02:00:32.031+0000] {processor.py:208} INFO - Processing /opt/airflow/dags/coleta_dados_abertos_cnpj/dag.py took 0.232 seconds
[2025-03-24T02:01:02.354+0000] {processor.py:186} INFO - Started process (PID=330) to work on /opt/airflow/dags/coleta_dados_abertos_cnpj/dag.py
[2025-03-24T02:01:02.355+0000] {processor.py:914} INFO - Processing file /opt/airflow/dags/coleta_dados_abertos_cnpj/dag.py for tasks to queue
[2025-03-24T02:01:02.357+0000] {logging_mixin.py:190} INFO - [2025-03-24T02:01:02.356+0000] {dagbag.py:588} INFO - Filling up the DagBag from /opt/airflow/dags/coleta_dados_abertos_cnpj/dag.py
[2025-03-24T02:01:02.562+0000] {processor.py:925} INFO - DAG(s) 'coleta_dados_abertos_cnpj' retrieved from /opt/airflow/dags/coleta_dados_abertos_cnpj/dag.py
[2025-03-24T02:01:02.576+0000] {logging_mixin.py:190} INFO - [2025-03-24T02:01:02.576+0000] {dag.py:3239} INFO - Sync 1 DAGs
[2025-03-24T02:01:02.587+0000] {logging_mixin.py:190} INFO - [2025-03-24T02:01:02.587+0000] {dag.py:4180} INFO - Setting next_dagrun for coleta_dados_abertos_cnpj to 2025-02-10 00:00:00+00:00, run_after=2025-03-10 00:00:00+00:00
[2025-03-24T02:01:02.599+0000] {processor.py:208} INFO - Processing /opt/airflow/dags/coleta_dados_abertos_cnpj/dag.py took 0.248 seconds
[2025-03-24T02:01:32.831+0000] {processor.py:186} INFO - Started process (PID=341) to work on /opt/airflow/dags/coleta_dados_abertos_cnpj/dag.py
[2025-03-24T02:01:32.831+0000] {processor.py:914} INFO - Processing file /opt/airflow/dags/coleta_dados_abertos_cnpj/dag.py for tasks to queue
[2025-03-24T02:01:32.833+0000] {logging_mixin.py:190} INFO - [2025-03-24T02:01:32.833+0000] {dagbag.py:588} INFO - Filling up the DagBag from /opt/airflow/dags/coleta_dados_abertos_cnpj/dag.py
[2025-03-24T02:01:33.030+0000] {processor.py:925} INFO - DAG(s) 'coleta_dados_abertos_cnpj' retrieved from /opt/airflow/dags/coleta_dados_abertos_cnpj/dag.py
[2025-03-24T02:01:33.044+0000] {logging_mixin.py:190} INFO - [2025-03-24T02:01:33.044+0000] {dag.py:3239} INFO - Sync 1 DAGs
[2025-03-24T02:01:33.054+0000] {logging_mixin.py:190} INFO - [2025-03-24T02:01:33.054+0000] {dag.py:4180} INFO - Setting next_dagrun for coleta_dados_abertos_cnpj to 2025-02-10 00:00:00+00:00, run_after=2025-03-10 00:00:00+00:00
[2025-03-24T02:01:33.063+0000] {processor.py:208} INFO - Processing /opt/airflow/dags/coleta_dados_abertos_cnpj/dag.py took 0.235 seconds
[2025-03-24T02:02:03.336+0000] {processor.py:186} INFO - Started process (PID=352) to work on /opt/airflow/dags/coleta_dados_abertos_cnpj/dag.py
[2025-03-24T02:02:03.338+0000] {processor.py:914} INFO - Processing file /opt/airflow/dags/coleta_dados_abertos_cnpj/dag.py for tasks to queue
[2025-03-24T02:02:03.340+0000] {logging_mixin.py:190} INFO - [2025-03-24T02:02:03.340+0000] {dagbag.py:588} INFO - Filling up the DagBag from /opt/airflow/dags/coleta_dados_abertos_cnpj/dag.py
[2025-03-24T02:02:03.559+0000] {processor.py:925} INFO - DAG(s) 'coleta_dados_abertos_cnpj' retrieved from /opt/airflow/dags/coleta_dados_abertos_cnpj/dag.py
[2025-03-24T02:02:03.575+0000] {logging_mixin.py:190} INFO - [2025-03-24T02:02:03.574+0000] {dag.py:3239} INFO - Sync 1 DAGs
[2025-03-24T02:02:03.585+0000] {logging_mixin.py:190} INFO - [2025-03-24T02:02:03.585+0000] {dag.py:4180} INFO - Setting next_dagrun for coleta_dados_abertos_cnpj to 2025-02-10 00:00:00+00:00, run_after=2025-03-10 00:00:00+00:00
[2025-03-24T02:02:03.596+0000] {processor.py:208} INFO - Processing /opt/airflow/dags/coleta_dados_abertos_cnpj/dag.py took 0.263 seconds
[2025-03-24T02:02:33.797+0000] {processor.py:186} INFO - Started process (PID=363) to work on /opt/airflow/dags/coleta_dados_abertos_cnpj/dag.py
[2025-03-24T02:02:33.797+0000] {processor.py:914} INFO - Processing file /opt/airflow/dags/coleta_dados_abertos_cnpj/dag.py for tasks to queue
[2025-03-24T02:02:33.799+0000] {logging_mixin.py:190} INFO - [2025-03-24T02:02:33.799+0000] {dagbag.py:588} INFO - Filling up the DagBag from /opt/airflow/dags/coleta_dados_abertos_cnpj/dag.py
[2025-03-24T02:02:34.012+0000] {processor.py:925} INFO - DAG(s) 'coleta_dados_abertos_cnpj' retrieved from /opt/airflow/dags/coleta_dados_abertos_cnpj/dag.py
[2025-03-24T02:02:34.025+0000] {logging_mixin.py:190} INFO - [2025-03-24T02:02:34.025+0000] {dag.py:3239} INFO - Sync 1 DAGs
[2025-03-24T02:02:34.036+0000] {logging_mixin.py:190} INFO - [2025-03-24T02:02:34.036+0000] {dag.py:4180} INFO - Setting next_dagrun for coleta_dados_abertos_cnpj to 2025-02-10 00:00:00+00:00, run_after=2025-03-10 00:00:00+00:00
[2025-03-24T02:02:34.048+0000] {processor.py:208} INFO - Processing /opt/airflow/dags/coleta_dados_abertos_cnpj/dag.py took 0.255 seconds
[2025-03-24T02:03:04.247+0000] {processor.py:186} INFO - Started process (PID=374) to work on /opt/airflow/dags/coleta_dados_abertos_cnpj/dag.py
[2025-03-24T02:03:04.248+0000] {processor.py:914} INFO - Processing file /opt/airflow/dags/coleta_dados_abertos_cnpj/dag.py for tasks to queue
[2025-03-24T02:03:04.250+0000] {logging_mixin.py:190} INFO - [2025-03-24T02:03:04.249+0000] {dagbag.py:588} INFO - Filling up the DagBag from /opt/airflow/dags/coleta_dados_abertos_cnpj/dag.py
[2025-03-24T02:03:04.459+0000] {processor.py:925} INFO - DAG(s) 'coleta_dados_abertos_cnpj' retrieved from /opt/airflow/dags/coleta_dados_abertos_cnpj/dag.py
[2025-03-24T02:03:04.475+0000] {logging_mixin.py:190} INFO - [2025-03-24T02:03:04.475+0000] {dag.py:3239} INFO - Sync 1 DAGs
[2025-03-24T02:03:04.486+0000] {logging_mixin.py:190} INFO - [2025-03-24T02:03:04.486+0000] {dag.py:4180} INFO - Setting next_dagrun for coleta_dados_abertos_cnpj to 2025-02-10 00:00:00+00:00, run_after=2025-03-10 00:00:00+00:00
[2025-03-24T02:03:04.495+0000] {processor.py:208} INFO - Processing /opt/airflow/dags/coleta_dados_abertos_cnpj/dag.py took 0.251 seconds
[2025-03-24T02:03:34.717+0000] {processor.py:186} INFO - Started process (PID=385) to work on /opt/airflow/dags/coleta_dados_abertos_cnpj/dag.py
[2025-03-24T02:03:34.718+0000] {processor.py:914} INFO - Processing file /opt/airflow/dags/coleta_dados_abertos_cnpj/dag.py for tasks to queue
[2025-03-24T02:03:34.720+0000] {logging_mixin.py:190} INFO - [2025-03-24T02:03:34.719+0000] {dagbag.py:588} INFO - Filling up the DagBag from /opt/airflow/dags/coleta_dados_abertos_cnpj/dag.py
[2025-03-24T02:03:34.936+0000] {processor.py:925} INFO - DAG(s) 'coleta_dados_abertos_cnpj' retrieved from /opt/airflow/dags/coleta_dados_abertos_cnpj/dag.py
[2025-03-24T02:03:34.952+0000] {logging_mixin.py:190} INFO - [2025-03-24T02:03:34.951+0000] {dag.py:3239} INFO - Sync 1 DAGs
[2025-03-24T02:03:34.965+0000] {logging_mixin.py:190} INFO - [2025-03-24T02:03:34.965+0000] {dag.py:4180} INFO - Setting next_dagrun for coleta_dados_abertos_cnpj to 2025-02-10 00:00:00+00:00, run_after=2025-03-10 00:00:00+00:00
[2025-03-24T02:03:34.975+0000] {processor.py:208} INFO - Processing /opt/airflow/dags/coleta_dados_abertos_cnpj/dag.py took 0.261 seconds
[2025-03-24T02:04:05.169+0000] {processor.py:186} INFO - Started process (PID=396) to work on /opt/airflow/dags/coleta_dados_abertos_cnpj/dag.py
[2025-03-24T02:04:05.170+0000] {processor.py:914} INFO - Processing file /opt/airflow/dags/coleta_dados_abertos_cnpj/dag.py for tasks to queue
[2025-03-24T02:04:05.172+0000] {logging_mixin.py:190} INFO - [2025-03-24T02:04:05.171+0000] {dagbag.py:588} INFO - Filling up the DagBag from /opt/airflow/dags/coleta_dados_abertos_cnpj/dag.py
[2025-03-24T02:04:05.374+0000] {processor.py:925} INFO - DAG(s) 'coleta_dados_abertos_cnpj' retrieved from /opt/airflow/dags/coleta_dados_abertos_cnpj/dag.py
[2025-03-24T02:04:05.389+0000] {logging_mixin.py:190} INFO - [2025-03-24T02:04:05.389+0000] {dag.py:3239} INFO - Sync 1 DAGs
[2025-03-24T02:04:05.400+0000] {logging_mixin.py:190} INFO - [2025-03-24T02:04:05.400+0000] {dag.py:4180} INFO - Setting next_dagrun for coleta_dados_abertos_cnpj to 2025-02-10 00:00:00+00:00, run_after=2025-03-10 00:00:00+00:00
[2025-03-24T02:04:05.412+0000] {processor.py:208} INFO - Processing /opt/airflow/dags/coleta_dados_abertos_cnpj/dag.py took 0.246 seconds
[2025-03-24T02:04:35.616+0000] {processor.py:186} INFO - Started process (PID=407) to work on /opt/airflow/dags/coleta_dados_abertos_cnpj/dag.py
[2025-03-24T02:04:35.617+0000] {processor.py:914} INFO - Processing file /opt/airflow/dags/coleta_dados_abertos_cnpj/dag.py for tasks to queue
[2025-03-24T02:04:35.618+0000] {logging_mixin.py:190} INFO - [2025-03-24T02:04:35.618+0000] {dagbag.py:588} INFO - Filling up the DagBag from /opt/airflow/dags/coleta_dados_abertos_cnpj/dag.py
[2025-03-24T02:04:35.808+0000] {processor.py:925} INFO - DAG(s) 'coleta_dados_abertos_cnpj' retrieved from /opt/airflow/dags/coleta_dados_abertos_cnpj/dag.py
[2025-03-24T02:04:35.822+0000] {logging_mixin.py:190} INFO - [2025-03-24T02:04:35.822+0000] {dag.py:3239} INFO - Sync 1 DAGs
[2025-03-24T02:04:35.833+0000] {logging_mixin.py:190} INFO - [2025-03-24T02:04:35.833+0000] {dag.py:4180} INFO - Setting next_dagrun for coleta_dados_abertos_cnpj to 2025-02-10 00:00:00+00:00, run_after=2025-03-10 00:00:00+00:00
[2025-03-24T02:04:35.842+0000] {processor.py:208} INFO - Processing /opt/airflow/dags/coleta_dados_abertos_cnpj/dag.py took 0.229 seconds
[2025-03-24T02:05:06.086+0000] {processor.py:186} INFO - Started process (PID=418) to work on /opt/airflow/dags/coleta_dados_abertos_cnpj/dag.py
[2025-03-24T02:05:06.087+0000] {processor.py:914} INFO - Processing file /opt/airflow/dags/coleta_dados_abertos_cnpj/dag.py for tasks to queue
[2025-03-24T02:05:06.089+0000] {logging_mixin.py:190} INFO - [2025-03-24T02:05:06.089+0000] {dagbag.py:588} INFO - Filling up the DagBag from /opt/airflow/dags/coleta_dados_abertos_cnpj/dag.py
[2025-03-24T02:05:06.289+0000] {processor.py:925} INFO - DAG(s) 'coleta_dados_abertos_cnpj' retrieved from /opt/airflow/dags/coleta_dados_abertos_cnpj/dag.py
[2025-03-24T02:05:06.304+0000] {logging_mixin.py:190} INFO - [2025-03-24T02:05:06.304+0000] {dag.py:3239} INFO - Sync 1 DAGs
[2025-03-24T02:05:06.315+0000] {logging_mixin.py:190} INFO - [2025-03-24T02:05:06.315+0000] {dag.py:4180} INFO - Setting next_dagrun for coleta_dados_abertos_cnpj to 2025-02-10 00:00:00+00:00, run_after=2025-03-10 00:00:00+00:00
[2025-03-24T02:05:06.325+0000] {processor.py:208} INFO - Processing /opt/airflow/dags/coleta_dados_abertos_cnpj/dag.py took 0.242 seconds
[2025-03-24T02:05:36.587+0000] {processor.py:186} INFO - Started process (PID=429) to work on /opt/airflow/dags/coleta_dados_abertos_cnpj/dag.py
[2025-03-24T02:05:36.588+0000] {processor.py:914} INFO - Processing file /opt/airflow/dags/coleta_dados_abertos_cnpj/dag.py for tasks to queue
[2025-03-24T02:05:36.589+0000] {logging_mixin.py:190} INFO - [2025-03-24T02:05:36.589+0000] {dagbag.py:588} INFO - Filling up the DagBag from /opt/airflow/dags/coleta_dados_abertos_cnpj/dag.py
[2025-03-24T02:05:36.792+0000] {processor.py:925} INFO - DAG(s) 'coleta_dados_abertos_cnpj' retrieved from /opt/airflow/dags/coleta_dados_abertos_cnpj/dag.py
[2025-03-24T02:05:36.808+0000] {logging_mixin.py:190} INFO - [2025-03-24T02:05:36.808+0000] {dag.py:3239} INFO - Sync 1 DAGs
[2025-03-24T02:05:36.820+0000] {logging_mixin.py:190} INFO - [2025-03-24T02:05:36.820+0000] {dag.py:4180} INFO - Setting next_dagrun for coleta_dados_abertos_cnpj to 2025-02-10 00:00:00+00:00, run_after=2025-03-10 00:00:00+00:00
[2025-03-24T02:05:36.830+0000] {processor.py:208} INFO - Processing /opt/airflow/dags/coleta_dados_abertos_cnpj/dag.py took 0.247 seconds
[2025-03-24T02:06:07.072+0000] {processor.py:186} INFO - Started process (PID=440) to work on /opt/airflow/dags/coleta_dados_abertos_cnpj/dag.py
[2025-03-24T02:06:07.073+0000] {processor.py:914} INFO - Processing file /opt/airflow/dags/coleta_dados_abertos_cnpj/dag.py for tasks to queue
[2025-03-24T02:06:07.075+0000] {logging_mixin.py:190} INFO - [2025-03-24T02:06:07.075+0000] {dagbag.py:588} INFO - Filling up the DagBag from /opt/airflow/dags/coleta_dados_abertos_cnpj/dag.py
[2025-03-24T02:06:07.275+0000] {processor.py:925} INFO - DAG(s) 'coleta_dados_abertos_cnpj' retrieved from /opt/airflow/dags/coleta_dados_abertos_cnpj/dag.py
[2025-03-24T02:06:07.291+0000] {logging_mixin.py:190} INFO - [2025-03-24T02:06:07.291+0000] {dag.py:3239} INFO - Sync 1 DAGs
[2025-03-24T02:06:07.304+0000] {logging_mixin.py:190} INFO - [2025-03-24T02:06:07.304+0000] {dag.py:4180} INFO - Setting next_dagrun for coleta_dados_abertos_cnpj to 2025-02-10 00:00:00+00:00, run_after=2025-03-10 00:00:00+00:00
[2025-03-24T02:06:07.314+0000] {processor.py:208} INFO - Processing /opt/airflow/dags/coleta_dados_abertos_cnpj/dag.py took 0.245 seconds
[2025-03-24T02:06:37.546+0000] {processor.py:186} INFO - Started process (PID=451) to work on /opt/airflow/dags/coleta_dados_abertos_cnpj/dag.py
[2025-03-24T02:06:37.547+0000] {processor.py:914} INFO - Processing file /opt/airflow/dags/coleta_dados_abertos_cnpj/dag.py for tasks to queue
[2025-03-24T02:06:37.548+0000] {logging_mixin.py:190} INFO - [2025-03-24T02:06:37.548+0000] {dagbag.py:588} INFO - Filling up the DagBag from /opt/airflow/dags/coleta_dados_abertos_cnpj/dag.py
[2025-03-24T02:06:37.741+0000] {processor.py:925} INFO - DAG(s) 'coleta_dados_abertos_cnpj' retrieved from /opt/airflow/dags/coleta_dados_abertos_cnpj/dag.py
[2025-03-24T02:06:37.756+0000] {logging_mixin.py:190} INFO - [2025-03-24T02:06:37.756+0000] {dag.py:3239} INFO - Sync 1 DAGs
[2025-03-24T02:06:37.767+0000] {logging_mixin.py:190} INFO - [2025-03-24T02:06:37.767+0000] {dag.py:4180} INFO - Setting next_dagrun for coleta_dados_abertos_cnpj to 2025-02-10 00:00:00+00:00, run_after=2025-03-10 00:00:00+00:00
[2025-03-24T02:06:37.775+0000] {processor.py:208} INFO - Processing /opt/airflow/dags/coleta_dados_abertos_cnpj/dag.py took 0.232 seconds
[2025-03-24T02:07:08.021+0000] {processor.py:186} INFO - Started process (PID=462) to work on /opt/airflow/dags/coleta_dados_abertos_cnpj/dag.py
[2025-03-24T02:07:08.023+0000] {processor.py:914} INFO - Processing file /opt/airflow/dags/coleta_dados_abertos_cnpj/dag.py for tasks to queue
[2025-03-24T02:07:08.025+0000] {logging_mixin.py:190} INFO - [2025-03-24T02:07:08.025+0000] {dagbag.py:588} INFO - Filling up the DagBag from /opt/airflow/dags/coleta_dados_abertos_cnpj/dag.py
[2025-03-24T02:07:08.224+0000] {processor.py:925} INFO - DAG(s) 'coleta_dados_abertos_cnpj' retrieved from /opt/airflow/dags/coleta_dados_abertos_cnpj/dag.py
[2025-03-24T02:07:08.239+0000] {logging_mixin.py:190} INFO - [2025-03-24T02:07:08.238+0000] {dag.py:3239} INFO - Sync 1 DAGs
[2025-03-24T02:07:08.249+0000] {logging_mixin.py:190} INFO - [2025-03-24T02:07:08.249+0000] {dag.py:4180} INFO - Setting next_dagrun for coleta_dados_abertos_cnpj to 2025-02-10 00:00:00+00:00, run_after=2025-03-10 00:00:00+00:00
[2025-03-24T02:07:08.259+0000] {processor.py:208} INFO - Processing /opt/airflow/dags/coleta_dados_abertos_cnpj/dag.py took 0.241 seconds
[2025-03-24T02:07:38.501+0000] {processor.py:186} INFO - Started process (PID=473) to work on /opt/airflow/dags/coleta_dados_abertos_cnpj/dag.py
[2025-03-24T02:07:38.502+0000] {processor.py:914} INFO - Processing file /opt/airflow/dags/coleta_dados_abertos_cnpj/dag.py for tasks to queue
[2025-03-24T02:07:38.503+0000] {logging_mixin.py:190} INFO - [2025-03-24T02:07:38.503+0000] {dagbag.py:588} INFO - Filling up the DagBag from /opt/airflow/dags/coleta_dados_abertos_cnpj/dag.py
[2025-03-24T02:07:38.709+0000] {processor.py:925} INFO - DAG(s) 'coleta_dados_abertos_cnpj' retrieved from /opt/airflow/dags/coleta_dados_abertos_cnpj/dag.py
[2025-03-24T02:07:38.723+0000] {logging_mixin.py:190} INFO - [2025-03-24T02:07:38.723+0000] {dag.py:3239} INFO - Sync 1 DAGs
[2025-03-24T02:07:38.735+0000] {logging_mixin.py:190} INFO - [2025-03-24T02:07:38.734+0000] {dag.py:4180} INFO - Setting next_dagrun for coleta_dados_abertos_cnpj to 2025-02-10 00:00:00+00:00, run_after=2025-03-10 00:00:00+00:00
[2025-03-24T02:07:38.743+0000] {processor.py:208} INFO - Processing /opt/airflow/dags/coleta_dados_abertos_cnpj/dag.py took 0.245 seconds
[2025-03-24T02:08:08.961+0000] {processor.py:186} INFO - Started process (PID=484) to work on /opt/airflow/dags/coleta_dados_abertos_cnpj/dag.py
[2025-03-24T02:08:08.962+0000] {processor.py:914} INFO - Processing file /opt/airflow/dags/coleta_dados_abertos_cnpj/dag.py for tasks to queue
[2025-03-24T02:08:08.963+0000] {logging_mixin.py:190} INFO - [2025-03-24T02:08:08.963+0000] {dagbag.py:588} INFO - Filling up the DagBag from /opt/airflow/dags/coleta_dados_abertos_cnpj/dag.py
[2025-03-24T02:08:09.155+0000] {processor.py:925} INFO - DAG(s) 'coleta_dados_abertos_cnpj' retrieved from /opt/airflow/dags/coleta_dados_abertos_cnpj/dag.py
[2025-03-24T02:08:09.169+0000] {logging_mixin.py:190} INFO - [2025-03-24T02:08:09.169+0000] {dag.py:3239} INFO - Sync 1 DAGs
[2025-03-24T02:08:09.180+0000] {logging_mixin.py:190} INFO - [2025-03-24T02:08:09.180+0000] {dag.py:4180} INFO - Setting next_dagrun for coleta_dados_abertos_cnpj to 2025-02-10 00:00:00+00:00, run_after=2025-03-10 00:00:00+00:00
[2025-03-24T02:08:09.188+0000] {processor.py:208} INFO - Processing /opt/airflow/dags/coleta_dados_abertos_cnpj/dag.py took 0.231 seconds
[2025-03-24T02:08:39.444+0000] {processor.py:186} INFO - Started process (PID=495) to work on /opt/airflow/dags/coleta_dados_abertos_cnpj/dag.py
[2025-03-24T02:08:39.445+0000] {processor.py:914} INFO - Processing file /opt/airflow/dags/coleta_dados_abertos_cnpj/dag.py for tasks to queue
[2025-03-24T02:08:39.448+0000] {logging_mixin.py:190} INFO - [2025-03-24T02:08:39.448+0000] {dagbag.py:588} INFO - Filling up the DagBag from /opt/airflow/dags/coleta_dados_abertos_cnpj/dag.py
[2025-03-24T02:08:39.666+0000] {processor.py:925} INFO - DAG(s) 'coleta_dados_abertos_cnpj' retrieved from /opt/airflow/dags/coleta_dados_abertos_cnpj/dag.py
[2025-03-24T02:08:39.682+0000] {logging_mixin.py:190} INFO - [2025-03-24T02:08:39.682+0000] {dag.py:3239} INFO - Sync 1 DAGs
[2025-03-24T02:08:39.693+0000] {logging_mixin.py:190} INFO - [2025-03-24T02:08:39.693+0000] {dag.py:4180} INFO - Setting next_dagrun for coleta_dados_abertos_cnpj to 2025-02-10 00:00:00+00:00, run_after=2025-03-10 00:00:00+00:00
[2025-03-24T02:08:39.702+0000] {processor.py:208} INFO - Processing /opt/airflow/dags/coleta_dados_abertos_cnpj/dag.py took 0.261 seconds
[2025-03-24T02:09:09.915+0000] {processor.py:186} INFO - Started process (PID=506) to work on /opt/airflow/dags/coleta_dados_abertos_cnpj/dag.py
[2025-03-24T02:09:09.916+0000] {processor.py:914} INFO - Processing file /opt/airflow/dags/coleta_dados_abertos_cnpj/dag.py for tasks to queue
[2025-03-24T02:09:09.917+0000] {logging_mixin.py:190} INFO - [2025-03-24T02:09:09.917+0000] {dagbag.py:588} INFO - Filling up the DagBag from /opt/airflow/dags/coleta_dados_abertos_cnpj/dag.py
[2025-03-24T02:09:10.111+0000] {processor.py:925} INFO - DAG(s) 'coleta_dados_abertos_cnpj' retrieved from /opt/airflow/dags/coleta_dados_abertos_cnpj/dag.py
[2025-03-24T02:09:10.126+0000] {logging_mixin.py:190} INFO - [2025-03-24T02:09:10.126+0000] {dag.py:3239} INFO - Sync 1 DAGs
[2025-03-24T02:09:10.136+0000] {logging_mixin.py:190} INFO - [2025-03-24T02:09:10.136+0000] {dag.py:4180} INFO - Setting next_dagrun for coleta_dados_abertos_cnpj to 2025-02-10 00:00:00+00:00, run_after=2025-03-10 00:00:00+00:00
[2025-03-24T02:09:10.145+0000] {processor.py:208} INFO - Processing /opt/airflow/dags/coleta_dados_abertos_cnpj/dag.py took 0.233 seconds
[2025-03-24T02:09:40.383+0000] {processor.py:186} INFO - Started process (PID=517) to work on /opt/airflow/dags/coleta_dados_abertos_cnpj/dag.py
[2025-03-24T02:09:40.384+0000] {processor.py:914} INFO - Processing file /opt/airflow/dags/coleta_dados_abertos_cnpj/dag.py for tasks to queue
[2025-03-24T02:09:40.385+0000] {logging_mixin.py:190} INFO - [2025-03-24T02:09:40.385+0000] {dagbag.py:588} INFO - Filling up the DagBag from /opt/airflow/dags/coleta_dados_abertos_cnpj/dag.py
[2025-03-24T02:09:40.606+0000] {processor.py:925} INFO - DAG(s) 'coleta_dados_abertos_cnpj' retrieved from /opt/airflow/dags/coleta_dados_abertos_cnpj/dag.py
[2025-03-24T02:09:40.620+0000] {logging_mixin.py:190} INFO - [2025-03-24T02:09:40.620+0000] {dag.py:3239} INFO - Sync 1 DAGs
[2025-03-24T02:09:40.631+0000] {logging_mixin.py:190} INFO - [2025-03-24T02:09:40.631+0000] {dag.py:4180} INFO - Setting next_dagrun for coleta_dados_abertos_cnpj to 2025-02-10 00:00:00+00:00, run_after=2025-03-10 00:00:00+00:00
[2025-03-24T02:09:40.640+0000] {processor.py:208} INFO - Processing /opt/airflow/dags/coleta_dados_abertos_cnpj/dag.py took 0.260 seconds
[2025-03-24T02:10:10.922+0000] {processor.py:186} INFO - Started process (PID=528) to work on /opt/airflow/dags/coleta_dados_abertos_cnpj/dag.py
[2025-03-24T02:10:10.923+0000] {processor.py:914} INFO - Processing file /opt/airflow/dags/coleta_dados_abertos_cnpj/dag.py for tasks to queue
[2025-03-24T02:10:10.925+0000] {logging_mixin.py:190} INFO - [2025-03-24T02:10:10.925+0000] {dagbag.py:588} INFO - Filling up the DagBag from /opt/airflow/dags/coleta_dados_abertos_cnpj/dag.py
[2025-03-24T02:10:11.123+0000] {processor.py:925} INFO - DAG(s) 'coleta_dados_abertos_cnpj' retrieved from /opt/airflow/dags/coleta_dados_abertos_cnpj/dag.py
[2025-03-24T02:10:11.140+0000] {logging_mixin.py:190} INFO - [2025-03-24T02:10:11.140+0000] {dag.py:3239} INFO - Sync 1 DAGs
[2025-03-24T02:10:11.152+0000] {logging_mixin.py:190} INFO - [2025-03-24T02:10:11.152+0000] {dag.py:4180} INFO - Setting next_dagrun for coleta_dados_abertos_cnpj to 2025-02-10 00:00:00+00:00, run_after=2025-03-10 00:00:00+00:00
[2025-03-24T02:10:11.162+0000] {processor.py:208} INFO - Processing /opt/airflow/dags/coleta_dados_abertos_cnpj/dag.py took 0.244 seconds
[2025-03-24T02:10:41.380+0000] {processor.py:186} INFO - Started process (PID=539) to work on /opt/airflow/dags/coleta_dados_abertos_cnpj/dag.py
[2025-03-24T02:10:41.380+0000] {processor.py:914} INFO - Processing file /opt/airflow/dags/coleta_dados_abertos_cnpj/dag.py for tasks to queue
[2025-03-24T02:10:41.383+0000] {logging_mixin.py:190} INFO - [2025-03-24T02:10:41.383+0000] {dagbag.py:588} INFO - Filling up the DagBag from /opt/airflow/dags/coleta_dados_abertos_cnpj/dag.py
[2025-03-24T02:10:41.601+0000] {processor.py:925} INFO - DAG(s) 'coleta_dados_abertos_cnpj' retrieved from /opt/airflow/dags/coleta_dados_abertos_cnpj/dag.py
[2025-03-24T02:10:41.619+0000] {logging_mixin.py:190} INFO - [2025-03-24T02:10:41.619+0000] {dag.py:3239} INFO - Sync 1 DAGs
[2025-03-24T02:10:41.631+0000] {logging_mixin.py:190} INFO - [2025-03-24T02:10:41.631+0000] {dag.py:4180} INFO - Setting next_dagrun for coleta_dados_abertos_cnpj to 2025-02-10 00:00:00+00:00, run_after=2025-03-10 00:00:00+00:00
[2025-03-24T02:10:41.643+0000] {processor.py:208} INFO - Processing /opt/airflow/dags/coleta_dados_abertos_cnpj/dag.py took 0.266 seconds
[2025-03-24T02:11:11.843+0000] {processor.py:186} INFO - Started process (PID=550) to work on /opt/airflow/dags/coleta_dados_abertos_cnpj/dag.py
[2025-03-24T02:11:11.844+0000] {processor.py:914} INFO - Processing file /opt/airflow/dags/coleta_dados_abertos_cnpj/dag.py for tasks to queue
[2025-03-24T02:11:11.846+0000] {logging_mixin.py:190} INFO - [2025-03-24T02:11:11.845+0000] {dagbag.py:588} INFO - Filling up the DagBag from /opt/airflow/dags/coleta_dados_abertos_cnpj/dag.py
[2025-03-24T02:11:12.050+0000] {processor.py:925} INFO - DAG(s) 'coleta_dados_abertos_cnpj' retrieved from /opt/airflow/dags/coleta_dados_abertos_cnpj/dag.py
[2025-03-24T02:11:12.065+0000] {logging_mixin.py:190} INFO - [2025-03-24T02:11:12.065+0000] {dag.py:3239} INFO - Sync 1 DAGs
[2025-03-24T02:11:12.077+0000] {logging_mixin.py:190} INFO - [2025-03-24T02:11:12.076+0000] {dag.py:4180} INFO - Setting next_dagrun for coleta_dados_abertos_cnpj to 2025-02-10 00:00:00+00:00, run_after=2025-03-10 00:00:00+00:00
[2025-03-24T02:11:12.087+0000] {processor.py:208} INFO - Processing /opt/airflow/dags/coleta_dados_abertos_cnpj/dag.py took 0.248 seconds
[2025-03-24T02:11:42.419+0000] {processor.py:186} INFO - Started process (PID=561) to work on /opt/airflow/dags/coleta_dados_abertos_cnpj/dag.py
[2025-03-24T02:11:42.420+0000] {processor.py:914} INFO - Processing file /opt/airflow/dags/coleta_dados_abertos_cnpj/dag.py for tasks to queue
[2025-03-24T02:11:42.422+0000] {logging_mixin.py:190} INFO - [2025-03-24T02:11:42.422+0000] {dagbag.py:588} INFO - Filling up the DagBag from /opt/airflow/dags/coleta_dados_abertos_cnpj/dag.py
[2025-03-24T02:11:42.627+0000] {processor.py:925} INFO - DAG(s) 'coleta_dados_abertos_cnpj' retrieved from /opt/airflow/dags/coleta_dados_abertos_cnpj/dag.py
[2025-03-24T02:11:42.642+0000] {logging_mixin.py:190} INFO - [2025-03-24T02:11:42.642+0000] {dag.py:3239} INFO - Sync 1 DAGs
[2025-03-24T02:11:42.653+0000] {logging_mixin.py:190} INFO - [2025-03-24T02:11:42.653+0000] {dag.py:4180} INFO - Setting next_dagrun for coleta_dados_abertos_cnpj to 2025-02-10 00:00:00+00:00, run_after=2025-03-10 00:00:00+00:00
[2025-03-24T02:11:42.665+0000] {processor.py:208} INFO - Processing /opt/airflow/dags/coleta_dados_abertos_cnpj/dag.py took 0.251 seconds
[2025-03-24T02:12:12.854+0000] {processor.py:186} INFO - Started process (PID=572) to work on /opt/airflow/dags/coleta_dados_abertos_cnpj/dag.py
[2025-03-24T02:12:12.855+0000] {processor.py:914} INFO - Processing file /opt/airflow/dags/coleta_dados_abertos_cnpj/dag.py for tasks to queue
[2025-03-24T02:12:12.857+0000] {logging_mixin.py:190} INFO - [2025-03-24T02:12:12.856+0000] {dagbag.py:588} INFO - Filling up the DagBag from /opt/airflow/dags/coleta_dados_abertos_cnpj/dag.py
[2025-03-24T02:12:13.049+0000] {processor.py:925} INFO - DAG(s) 'coleta_dados_abertos_cnpj' retrieved from /opt/airflow/dags/coleta_dados_abertos_cnpj/dag.py
[2025-03-24T02:12:13.065+0000] {logging_mixin.py:190} INFO - [2025-03-24T02:12:13.065+0000] {dag.py:3239} INFO - Sync 1 DAGs
[2025-03-24T02:12:13.076+0000] {logging_mixin.py:190} INFO - [2025-03-24T02:12:13.075+0000] {dag.py:4180} INFO - Setting next_dagrun for coleta_dados_abertos_cnpj to 2025-02-10 00:00:00+00:00, run_after=2025-03-10 00:00:00+00:00
[2025-03-24T02:12:13.085+0000] {processor.py:208} INFO - Processing /opt/airflow/dags/coleta_dados_abertos_cnpj/dag.py took 0.234 seconds
[2025-03-24T02:12:43.223+0000] {processor.py:186} INFO - Started process (PID=583) to work on /opt/airflow/dags/coleta_dados_abertos_cnpj/dag.py
[2025-03-24T02:12:43.223+0000] {processor.py:914} INFO - Processing file /opt/airflow/dags/coleta_dados_abertos_cnpj/dag.py for tasks to queue
[2025-03-24T02:12:43.225+0000] {logging_mixin.py:190} INFO - [2025-03-24T02:12:43.225+0000] {dagbag.py:588} INFO - Filling up the DagBag from /opt/airflow/dags/coleta_dados_abertos_cnpj/dag.py
[2025-03-24T02:12:43.345+0000] {processor.py:925} INFO - DAG(s) 'coleta_dados_abertos_cnpj' retrieved from /opt/airflow/dags/coleta_dados_abertos_cnpj/dag.py
[2025-03-24T02:12:43.360+0000] {logging_mixin.py:190} INFO - [2025-03-24T02:12:43.360+0000] {dag.py:3239} INFO - Sync 1 DAGs
[2025-03-24T02:12:43.373+0000] {logging_mixin.py:190} INFO - [2025-03-24T02:12:43.373+0000] {dag.py:4180} INFO - Setting next_dagrun for coleta_dados_abertos_cnpj to 2025-02-10 00:00:00+00:00, run_after=2025-03-10 00:00:00+00:00
[2025-03-24T02:12:43.384+0000] {processor.py:208} INFO - Processing /opt/airflow/dags/coleta_dados_abertos_cnpj/dag.py took 0.165 seconds
[2025-03-24T02:13:13.637+0000] {processor.py:186} INFO - Started process (PID=594) to work on /opt/airflow/dags/coleta_dados_abertos_cnpj/dag.py
[2025-03-24T02:13:13.639+0000] {processor.py:914} INFO - Processing file /opt/airflow/dags/coleta_dados_abertos_cnpj/dag.py for tasks to queue
[2025-03-24T02:13:13.641+0000] {logging_mixin.py:190} INFO - [2025-03-24T02:13:13.641+0000] {dagbag.py:588} INFO - Filling up the DagBag from /opt/airflow/dags/coleta_dados_abertos_cnpj/dag.py
[2025-03-24T02:13:13.770+0000] {processor.py:925} INFO - DAG(s) 'coleta_dados_abertos_cnpj' retrieved from /opt/airflow/dags/coleta_dados_abertos_cnpj/dag.py
[2025-03-24T02:13:13.789+0000] {logging_mixin.py:190} INFO - [2025-03-24T02:13:13.789+0000] {dag.py:3239} INFO - Sync 1 DAGs
[2025-03-24T02:13:13.802+0000] {logging_mixin.py:190} INFO - [2025-03-24T02:13:13.802+0000] {dag.py:4180} INFO - Setting next_dagrun for coleta_dados_abertos_cnpj to 2025-02-10 00:00:00+00:00, run_after=2025-03-10 00:00:00+00:00
[2025-03-24T02:13:13.814+0000] {processor.py:208} INFO - Processing /opt/airflow/dags/coleta_dados_abertos_cnpj/dag.py took 0.181 seconds
[2025-03-24T02:13:44.043+0000] {processor.py:186} INFO - Started process (PID=605) to work on /opt/airflow/dags/coleta_dados_abertos_cnpj/dag.py
[2025-03-24T02:13:44.044+0000] {processor.py:914} INFO - Processing file /opt/airflow/dags/coleta_dados_abertos_cnpj/dag.py for tasks to queue
[2025-03-24T02:13:44.046+0000] {logging_mixin.py:190} INFO - [2025-03-24T02:13:44.045+0000] {dagbag.py:588} INFO - Filling up the DagBag from /opt/airflow/dags/coleta_dados_abertos_cnpj/dag.py
[2025-03-24T02:13:44.164+0000] {processor.py:925} INFO - DAG(s) 'coleta_dados_abertos_cnpj' retrieved from /opt/airflow/dags/coleta_dados_abertos_cnpj/dag.py
[2025-03-24T02:13:44.181+0000] {logging_mixin.py:190} INFO - [2025-03-24T02:13:44.180+0000] {dag.py:3239} INFO - Sync 1 DAGs
[2025-03-24T02:13:44.193+0000] {logging_mixin.py:190} INFO - [2025-03-24T02:13:44.193+0000] {dag.py:4180} INFO - Setting next_dagrun for coleta_dados_abertos_cnpj to 2025-02-10 00:00:00+00:00, run_after=2025-03-10 00:00:00+00:00
[2025-03-24T02:13:44.202+0000] {processor.py:208} INFO - Processing /opt/airflow/dags/coleta_dados_abertos_cnpj/dag.py took 0.162 seconds
[2025-03-24T02:14:14.441+0000] {processor.py:186} INFO - Started process (PID=616) to work on /opt/airflow/dags/coleta_dados_abertos_cnpj/dag.py
[2025-03-24T02:14:14.441+0000] {processor.py:914} INFO - Processing file /opt/airflow/dags/coleta_dados_abertos_cnpj/dag.py for tasks to queue
[2025-03-24T02:14:14.443+0000] {logging_mixin.py:190} INFO - [2025-03-24T02:14:14.443+0000] {dagbag.py:588} INFO - Filling up the DagBag from /opt/airflow/dags/coleta_dados_abertos_cnpj/dag.py
[2025-03-24T02:14:14.560+0000] {processor.py:925} INFO - DAG(s) 'coleta_dados_abertos_cnpj' retrieved from /opt/airflow/dags/coleta_dados_abertos_cnpj/dag.py
[2025-03-24T02:14:14.576+0000] {logging_mixin.py:190} INFO - [2025-03-24T02:14:14.576+0000] {dag.py:3239} INFO - Sync 1 DAGs
[2025-03-24T02:14:14.588+0000] {logging_mixin.py:190} INFO - [2025-03-24T02:14:14.588+0000] {dag.py:4180} INFO - Setting next_dagrun for coleta_dados_abertos_cnpj to 2025-02-10 00:00:00+00:00, run_after=2025-03-10 00:00:00+00:00
[2025-03-24T02:14:14.598+0000] {processor.py:208} INFO - Processing /opt/airflow/dags/coleta_dados_abertos_cnpj/dag.py took 0.161 seconds
[2025-03-24T02:14:44.819+0000] {processor.py:186} INFO - Started process (PID=627) to work on /opt/airflow/dags/coleta_dados_abertos_cnpj/dag.py
[2025-03-24T02:14:44.820+0000] {processor.py:914} INFO - Processing file /opt/airflow/dags/coleta_dados_abertos_cnpj/dag.py for tasks to queue
[2025-03-24T02:14:44.823+0000] {logging_mixin.py:190} INFO - [2025-03-24T02:14:44.822+0000] {dagbag.py:588} INFO - Filling up the DagBag from /opt/airflow/dags/coleta_dados_abertos_cnpj/dag.py
[2025-03-24T02:14:44.954+0000] {processor.py:925} INFO - DAG(s) 'coleta_dados_abertos_cnpj' retrieved from /opt/airflow/dags/coleta_dados_abertos_cnpj/dag.py
[2025-03-24T02:14:44.972+0000] {logging_mixin.py:190} INFO - [2025-03-24T02:14:44.972+0000] {dag.py:3239} INFO - Sync 1 DAGs
[2025-03-24T02:14:44.985+0000] {logging_mixin.py:190} INFO - [2025-03-24T02:14:44.985+0000] {dag.py:4180} INFO - Setting next_dagrun for coleta_dados_abertos_cnpj to 2025-02-10 00:00:00+00:00, run_after=2025-03-10 00:00:00+00:00
[2025-03-24T02:14:44.995+0000] {processor.py:208} INFO - Processing /opt/airflow/dags/coleta_dados_abertos_cnpj/dag.py took 0.179 seconds
[2025-03-24T02:15:15.272+0000] {processor.py:186} INFO - Started process (PID=638) to work on /opt/airflow/dags/coleta_dados_abertos_cnpj/dag.py
[2025-03-24T02:15:15.273+0000] {processor.py:914} INFO - Processing file /opt/airflow/dags/coleta_dados_abertos_cnpj/dag.py for tasks to queue
[2025-03-24T02:15:15.275+0000] {logging_mixin.py:190} INFO - [2025-03-24T02:15:15.274+0000] {dagbag.py:588} INFO - Filling up the DagBag from /opt/airflow/dags/coleta_dados_abertos_cnpj/dag.py
[2025-03-24T02:15:15.395+0000] {processor.py:925} INFO - DAG(s) 'coleta_dados_abertos_cnpj' retrieved from /opt/airflow/dags/coleta_dados_abertos_cnpj/dag.py
[2025-03-24T02:15:15.413+0000] {logging_mixin.py:190} INFO - [2025-03-24T02:15:15.413+0000] {dag.py:3239} INFO - Sync 1 DAGs
[2025-03-24T02:15:15.426+0000] {logging_mixin.py:190} INFO - [2025-03-24T02:15:15.426+0000] {dag.py:4180} INFO - Setting next_dagrun for coleta_dados_abertos_cnpj to 2025-02-10 00:00:00+00:00, run_after=2025-03-10 00:00:00+00:00
[2025-03-24T02:15:15.436+0000] {processor.py:208} INFO - Processing /opt/airflow/dags/coleta_dados_abertos_cnpj/dag.py took 0.166 seconds
[2025-03-24T02:15:45.718+0000] {processor.py:186} INFO - Started process (PID=649) to work on /opt/airflow/dags/coleta_dados_abertos_cnpj/dag.py
[2025-03-24T02:15:45.719+0000] {processor.py:914} INFO - Processing file /opt/airflow/dags/coleta_dados_abertos_cnpj/dag.py for tasks to queue
[2025-03-24T02:15:45.722+0000] {logging_mixin.py:190} INFO - [2025-03-24T02:15:45.721+0000] {dagbag.py:588} INFO - Filling up the DagBag from /opt/airflow/dags/coleta_dados_abertos_cnpj/dag.py
[2025-03-24T02:15:45.861+0000] {processor.py:925} INFO - DAG(s) 'coleta_dados_abertos_cnpj' retrieved from /opt/airflow/dags/coleta_dados_abertos_cnpj/dag.py
[2025-03-24T02:15:45.883+0000] {logging_mixin.py:190} INFO - [2025-03-24T02:15:45.883+0000] {dag.py:3239} INFO - Sync 1 DAGs
[2025-03-24T02:15:45.900+0000] {logging_mixin.py:190} INFO - [2025-03-24T02:15:45.900+0000] {dag.py:4180} INFO - Setting next_dagrun for coleta_dados_abertos_cnpj to 2025-02-10 00:00:00+00:00, run_after=2025-03-10 00:00:00+00:00
[2025-03-24T02:15:45.916+0000] {processor.py:208} INFO - Processing /opt/airflow/dags/coleta_dados_abertos_cnpj/dag.py took 0.202 seconds
[2025-03-24T02:16:16.091+0000] {processor.py:186} INFO - Started process (PID=660) to work on /opt/airflow/dags/coleta_dados_abertos_cnpj/dag.py
[2025-03-24T02:16:16.092+0000] {processor.py:914} INFO - Processing file /opt/airflow/dags/coleta_dados_abertos_cnpj/dag.py for tasks to queue
[2025-03-24T02:16:16.094+0000] {logging_mixin.py:190} INFO - [2025-03-24T02:16:16.094+0000] {dagbag.py:588} INFO - Filling up the DagBag from /opt/airflow/dags/coleta_dados_abertos_cnpj/dag.py
[2025-03-24T02:16:16.229+0000] {processor.py:925} INFO - DAG(s) 'coleta_dados_abertos_cnpj' retrieved from /opt/airflow/dags/coleta_dados_abertos_cnpj/dag.py
[2025-03-24T02:16:16.248+0000] {logging_mixin.py:190} INFO - [2025-03-24T02:16:16.248+0000] {dag.py:3239} INFO - Sync 1 DAGs
[2025-03-24T02:16:16.261+0000] {logging_mixin.py:190} INFO - [2025-03-24T02:16:16.261+0000] {dag.py:4180} INFO - Setting next_dagrun for coleta_dados_abertos_cnpj to 2025-02-10 00:00:00+00:00, run_after=2025-03-10 00:00:00+00:00
[2025-03-24T02:16:16.274+0000] {processor.py:208} INFO - Processing /opt/airflow/dags/coleta_dados_abertos_cnpj/dag.py took 0.187 seconds
[2025-03-24T02:16:46.479+0000] {processor.py:186} INFO - Started process (PID=671) to work on /opt/airflow/dags/coleta_dados_abertos_cnpj/dag.py
[2025-03-24T02:16:46.480+0000] {processor.py:914} INFO - Processing file /opt/airflow/dags/coleta_dados_abertos_cnpj/dag.py for tasks to queue
[2025-03-24T02:16:46.482+0000] {logging_mixin.py:190} INFO - [2025-03-24T02:16:46.482+0000] {dagbag.py:588} INFO - Filling up the DagBag from /opt/airflow/dags/coleta_dados_abertos_cnpj/dag.py
[2025-03-24T02:16:46.610+0000] {processor.py:925} INFO - DAG(s) 'coleta_dados_abertos_cnpj' retrieved from /opt/airflow/dags/coleta_dados_abertos_cnpj/dag.py
[2025-03-24T02:16:46.625+0000] {logging_mixin.py:190} INFO - [2025-03-24T02:16:46.625+0000] {dag.py:3239} INFO - Sync 1 DAGs
[2025-03-24T02:16:46.637+0000] {logging_mixin.py:190} INFO - [2025-03-24T02:16:46.637+0000] {dag.py:4180} INFO - Setting next_dagrun for coleta_dados_abertos_cnpj to 2025-02-10 00:00:00+00:00, run_after=2025-03-10 00:00:00+00:00
[2025-03-24T02:16:46.647+0000] {processor.py:208} INFO - Processing /opt/airflow/dags/coleta_dados_abertos_cnpj/dag.py took 0.173 seconds
[2025-03-24T02:17:16.840+0000] {processor.py:186} INFO - Started process (PID=682) to work on /opt/airflow/dags/coleta_dados_abertos_cnpj/dag.py
[2025-03-24T02:17:16.841+0000] {processor.py:914} INFO - Processing file /opt/airflow/dags/coleta_dados_abertos_cnpj/dag.py for tasks to queue
[2025-03-24T02:17:16.843+0000] {logging_mixin.py:190} INFO - [2025-03-24T02:17:16.843+0000] {dagbag.py:588} INFO - Filling up the DagBag from /opt/airflow/dags/coleta_dados_abertos_cnpj/dag.py
[2025-03-24T02:17:16.965+0000] {processor.py:925} INFO - DAG(s) 'coleta_dados_abertos_cnpj' retrieved from /opt/airflow/dags/coleta_dados_abertos_cnpj/dag.py
[2025-03-24T02:17:16.982+0000] {logging_mixin.py:190} INFO - [2025-03-24T02:17:16.981+0000] {dag.py:3239} INFO - Sync 1 DAGs
[2025-03-24T02:17:16.995+0000] {logging_mixin.py:190} INFO - [2025-03-24T02:17:16.994+0000] {dag.py:4180} INFO - Setting next_dagrun for coleta_dados_abertos_cnpj to 2025-02-10 00:00:00+00:00, run_after=2025-03-10 00:00:00+00:00
[2025-03-24T02:17:17.004+0000] {processor.py:208} INFO - Processing /opt/airflow/dags/coleta_dados_abertos_cnpj/dag.py took 0.167 seconds
[2025-03-24T02:17:47.237+0000] {processor.py:186} INFO - Started process (PID=693) to work on /opt/airflow/dags/coleta_dados_abertos_cnpj/dag.py
[2025-03-24T02:17:47.240+0000] {processor.py:914} INFO - Processing file /opt/airflow/dags/coleta_dados_abertos_cnpj/dag.py for tasks to queue
[2025-03-24T02:17:47.242+0000] {logging_mixin.py:190} INFO - [2025-03-24T02:17:47.242+0000] {dagbag.py:588} INFO - Filling up the DagBag from /opt/airflow/dags/coleta_dados_abertos_cnpj/dag.py
[2025-03-24T02:17:47.407+0000] {processor.py:925} INFO - DAG(s) 'coleta_dados_abertos_cnpj' retrieved from /opt/airflow/dags/coleta_dados_abertos_cnpj/dag.py
[2025-03-24T02:17:47.426+0000] {logging_mixin.py:190} INFO - [2025-03-24T02:17:47.425+0000] {dag.py:3239} INFO - Sync 1 DAGs
[2025-03-24T02:17:47.441+0000] {logging_mixin.py:190} INFO - [2025-03-24T02:17:47.440+0000] {dag.py:4180} INFO - Setting next_dagrun for coleta_dados_abertos_cnpj to 2025-02-10 00:00:00+00:00, run_after=2025-03-10 00:00:00+00:00
[2025-03-24T02:17:47.453+0000] {processor.py:208} INFO - Processing /opt/airflow/dags/coleta_dados_abertos_cnpj/dag.py took 0.221 seconds
[2025-03-24T02:18:17.628+0000] {processor.py:186} INFO - Started process (PID=704) to work on /opt/airflow/dags/coleta_dados_abertos_cnpj/dag.py
[2025-03-24T02:18:17.629+0000] {processor.py:914} INFO - Processing file /opt/airflow/dags/coleta_dados_abertos_cnpj/dag.py for tasks to queue
[2025-03-24T02:18:17.631+0000] {logging_mixin.py:190} INFO - [2025-03-24T02:18:17.631+0000] {dagbag.py:588} INFO - Filling up the DagBag from /opt/airflow/dags/coleta_dados_abertos_cnpj/dag.py
[2025-03-24T02:18:17.753+0000] {processor.py:925} INFO - DAG(s) 'coleta_dados_abertos_cnpj' retrieved from /opt/airflow/dags/coleta_dados_abertos_cnpj/dag.py
[2025-03-24T02:18:17.771+0000] {logging_mixin.py:190} INFO - [2025-03-24T02:18:17.770+0000] {dag.py:3239} INFO - Sync 1 DAGs
[2025-03-24T02:18:17.786+0000] {logging_mixin.py:190} INFO - [2025-03-24T02:18:17.786+0000] {dag.py:4180} INFO - Setting next_dagrun for coleta_dados_abertos_cnpj to 2025-02-10 00:00:00+00:00, run_after=2025-03-10 00:00:00+00:00
[2025-03-24T02:18:17.796+0000] {processor.py:208} INFO - Processing /opt/airflow/dags/coleta_dados_abertos_cnpj/dag.py took 0.171 seconds
[2025-03-24T02:18:48.005+0000] {processor.py:186} INFO - Started process (PID=715) to work on /opt/airflow/dags/coleta_dados_abertos_cnpj/dag.py
[2025-03-24T02:18:48.006+0000] {processor.py:914} INFO - Processing file /opt/airflow/dags/coleta_dados_abertos_cnpj/dag.py for tasks to queue
[2025-03-24T02:18:48.009+0000] {logging_mixin.py:190} INFO - [2025-03-24T02:18:48.009+0000] {dagbag.py:588} INFO - Filling up the DagBag from /opt/airflow/dags/coleta_dados_abertos_cnpj/dag.py
[2025-03-24T02:18:48.135+0000] {processor.py:925} INFO - DAG(s) 'coleta_dados_abertos_cnpj' retrieved from /opt/airflow/dags/coleta_dados_abertos_cnpj/dag.py
[2025-03-24T02:18:48.152+0000] {logging_mixin.py:190} INFO - [2025-03-24T02:18:48.152+0000] {dag.py:3239} INFO - Sync 1 DAGs
[2025-03-24T02:18:48.165+0000] {logging_mixin.py:190} INFO - [2025-03-24T02:18:48.165+0000] {dag.py:4180} INFO - Setting next_dagrun for coleta_dados_abertos_cnpj to 2025-02-10 00:00:00+00:00, run_after=2025-03-10 00:00:00+00:00
[2025-03-24T02:18:48.175+0000] {processor.py:208} INFO - Processing /opt/airflow/dags/coleta_dados_abertos_cnpj/dag.py took 0.174 seconds
[2025-03-24T02:19:18.380+0000] {processor.py:186} INFO - Started process (PID=726) to work on /opt/airflow/dags/coleta_dados_abertos_cnpj/dag.py
[2025-03-24T02:19:18.381+0000] {processor.py:914} INFO - Processing file /opt/airflow/dags/coleta_dados_abertos_cnpj/dag.py for tasks to queue
[2025-03-24T02:19:18.384+0000] {logging_mixin.py:190} INFO - [2025-03-24T02:19:18.384+0000] {dagbag.py:588} INFO - Filling up the DagBag from /opt/airflow/dags/coleta_dados_abertos_cnpj/dag.py
[2025-03-24T02:19:18.504+0000] {processor.py:925} INFO - DAG(s) 'coleta_dados_abertos_cnpj' retrieved from /opt/airflow/dags/coleta_dados_abertos_cnpj/dag.py
[2025-03-24T02:19:18.520+0000] {logging_mixin.py:190} INFO - [2025-03-24T02:19:18.520+0000] {dag.py:3239} INFO - Sync 1 DAGs
[2025-03-24T02:19:18.533+0000] {logging_mixin.py:190} INFO - [2025-03-24T02:19:18.533+0000] {dag.py:4180} INFO - Setting next_dagrun for coleta_dados_abertos_cnpj to 2025-02-10 00:00:00+00:00, run_after=2025-03-10 00:00:00+00:00
[2025-03-24T02:19:18.542+0000] {processor.py:208} INFO - Processing /opt/airflow/dags/coleta_dados_abertos_cnpj/dag.py took 0.166 seconds
[2025-03-24T02:19:48.763+0000] {processor.py:186} INFO - Started process (PID=737) to work on /opt/airflow/dags/coleta_dados_abertos_cnpj/dag.py
[2025-03-24T02:19:48.763+0000] {processor.py:914} INFO - Processing file /opt/airflow/dags/coleta_dados_abertos_cnpj/dag.py for tasks to queue
[2025-03-24T02:19:48.765+0000] {logging_mixin.py:190} INFO - [2025-03-24T02:19:48.765+0000] {dagbag.py:588} INFO - Filling up the DagBag from /opt/airflow/dags/coleta_dados_abertos_cnpj/dag.py
[2025-03-24T02:19:48.884+0000] {processor.py:925} INFO - DAG(s) 'coleta_dados_abertos_cnpj' retrieved from /opt/airflow/dags/coleta_dados_abertos_cnpj/dag.py
[2025-03-24T02:19:48.900+0000] {logging_mixin.py:190} INFO - [2025-03-24T02:19:48.899+0000] {dag.py:3239} INFO - Sync 1 DAGs
[2025-03-24T02:19:48.912+0000] {logging_mixin.py:190} INFO - [2025-03-24T02:19:48.912+0000] {dag.py:4180} INFO - Setting next_dagrun for coleta_dados_abertos_cnpj to 2025-02-10 00:00:00+00:00, run_after=2025-03-10 00:00:00+00:00
[2025-03-24T02:19:48.922+0000] {processor.py:208} INFO - Processing /opt/airflow/dags/coleta_dados_abertos_cnpj/dag.py took 0.163 seconds
[2025-03-24T02:20:19.129+0000] {processor.py:186} INFO - Started process (PID=748) to work on /opt/airflow/dags/coleta_dados_abertos_cnpj/dag.py
[2025-03-24T02:20:19.130+0000] {processor.py:914} INFO - Processing file /opt/airflow/dags/coleta_dados_abertos_cnpj/dag.py for tasks to queue
[2025-03-24T02:20:19.132+0000] {logging_mixin.py:190} INFO - [2025-03-24T02:20:19.132+0000] {dagbag.py:588} INFO - Filling up the DagBag from /opt/airflow/dags/coleta_dados_abertos_cnpj/dag.py
[2025-03-24T02:20:19.257+0000] {processor.py:925} INFO - DAG(s) 'coleta_dados_abertos_cnpj' retrieved from /opt/airflow/dags/coleta_dados_abertos_cnpj/dag.py
[2025-03-24T02:20:19.273+0000] {logging_mixin.py:190} INFO - [2025-03-24T02:20:19.273+0000] {dag.py:3239} INFO - Sync 1 DAGs
[2025-03-24T02:20:19.284+0000] {logging_mixin.py:190} INFO - [2025-03-24T02:20:19.284+0000] {dag.py:4180} INFO - Setting next_dagrun for coleta_dados_abertos_cnpj to 2025-02-10 00:00:00+00:00, run_after=2025-03-10 00:00:00+00:00
[2025-03-24T02:20:19.295+0000] {processor.py:208} INFO - Processing /opt/airflow/dags/coleta_dados_abertos_cnpj/dag.py took 0.169 seconds
[2025-03-24T02:20:49.525+0000] {processor.py:186} INFO - Started process (PID=759) to work on /opt/airflow/dags/coleta_dados_abertos_cnpj/dag.py
[2025-03-24T02:20:49.526+0000] {processor.py:914} INFO - Processing file /opt/airflow/dags/coleta_dados_abertos_cnpj/dag.py for tasks to queue
[2025-03-24T02:20:49.528+0000] {logging_mixin.py:190} INFO - [2025-03-24T02:20:49.528+0000] {dagbag.py:588} INFO - Filling up the DagBag from /opt/airflow/dags/coleta_dados_abertos_cnpj/dag.py
[2025-03-24T02:20:49.651+0000] {processor.py:925} INFO - DAG(s) 'coleta_dados_abertos_cnpj' retrieved from /opt/airflow/dags/coleta_dados_abertos_cnpj/dag.py
[2025-03-24T02:20:49.668+0000] {logging_mixin.py:190} INFO - [2025-03-24T02:20:49.668+0000] {dag.py:3239} INFO - Sync 1 DAGs
[2025-03-24T02:20:49.681+0000] {logging_mixin.py:190} INFO - [2025-03-24T02:20:49.681+0000] {dag.py:4180} INFO - Setting next_dagrun for coleta_dados_abertos_cnpj to 2025-02-10 00:00:00+00:00, run_after=2025-03-10 00:00:00+00:00
[2025-03-24T02:20:49.692+0000] {processor.py:208} INFO - Processing /opt/airflow/dags/coleta_dados_abertos_cnpj/dag.py took 0.171 seconds
[2025-03-24T02:21:19.902+0000] {processor.py:186} INFO - Started process (PID=770) to work on /opt/airflow/dags/coleta_dados_abertos_cnpj/dag.py
[2025-03-24T02:21:19.903+0000] {processor.py:914} INFO - Processing file /opt/airflow/dags/coleta_dados_abertos_cnpj/dag.py for tasks to queue
[2025-03-24T02:21:19.905+0000] {logging_mixin.py:190} INFO - [2025-03-24T02:21:19.905+0000] {dagbag.py:588} INFO - Filling up the DagBag from /opt/airflow/dags/coleta_dados_abertos_cnpj/dag.py
[2025-03-24T02:21:20.031+0000] {processor.py:925} INFO - DAG(s) 'coleta_dados_abertos_cnpj' retrieved from /opt/airflow/dags/coleta_dados_abertos_cnpj/dag.py
[2025-03-24T02:21:20.047+0000] {logging_mixin.py:190} INFO - [2025-03-24T02:21:20.047+0000] {dag.py:3239} INFO - Sync 1 DAGs
[2025-03-24T02:21:20.062+0000] {logging_mixin.py:190} INFO - [2025-03-24T02:21:20.062+0000] {dag.py:4180} INFO - Setting next_dagrun for coleta_dados_abertos_cnpj to 2025-02-10 00:00:00+00:00, run_after=2025-03-10 00:00:00+00:00
[2025-03-24T02:21:20.073+0000] {processor.py:208} INFO - Processing /opt/airflow/dags/coleta_dados_abertos_cnpj/dag.py took 0.175 seconds
[2025-03-24T02:21:50.295+0000] {processor.py:186} INFO - Started process (PID=781) to work on /opt/airflow/dags/coleta_dados_abertos_cnpj/dag.py
[2025-03-24T02:21:50.296+0000] {processor.py:914} INFO - Processing file /opt/airflow/dags/coleta_dados_abertos_cnpj/dag.py for tasks to queue
[2025-03-24T02:21:50.298+0000] {logging_mixin.py:190} INFO - [2025-03-24T02:21:50.298+0000] {dagbag.py:588} INFO - Filling up the DagBag from /opt/airflow/dags/coleta_dados_abertos_cnpj/dag.py
[2025-03-24T02:21:50.421+0000] {processor.py:925} INFO - DAG(s) 'coleta_dados_abertos_cnpj' retrieved from /opt/airflow/dags/coleta_dados_abertos_cnpj/dag.py
[2025-03-24T02:21:50.438+0000] {logging_mixin.py:190} INFO - [2025-03-24T02:21:50.438+0000] {dag.py:3239} INFO - Sync 1 DAGs
[2025-03-24T02:21:50.451+0000] {logging_mixin.py:190} INFO - [2025-03-24T02:21:50.451+0000] {dag.py:4180} INFO - Setting next_dagrun for coleta_dados_abertos_cnpj to 2025-02-10 00:00:00+00:00, run_after=2025-03-10 00:00:00+00:00
[2025-03-24T02:21:50.461+0000] {processor.py:208} INFO - Processing /opt/airflow/dags/coleta_dados_abertos_cnpj/dag.py took 0.170 seconds
[2025-03-24T02:22:20.663+0000] {processor.py:186} INFO - Started process (PID=792) to work on /opt/airflow/dags/coleta_dados_abertos_cnpj/dag.py
[2025-03-24T02:22:20.664+0000] {processor.py:914} INFO - Processing file /opt/airflow/dags/coleta_dados_abertos_cnpj/dag.py for tasks to queue
[2025-03-24T02:22:20.666+0000] {logging_mixin.py:190} INFO - [2025-03-24T02:22:20.666+0000] {dagbag.py:588} INFO - Filling up the DagBag from /opt/airflow/dags/coleta_dados_abertos_cnpj/dag.py
[2025-03-24T02:22:20.787+0000] {processor.py:925} INFO - DAG(s) 'coleta_dados_abertos_cnpj' retrieved from /opt/airflow/dags/coleta_dados_abertos_cnpj/dag.py
[2025-03-24T02:22:20.804+0000] {logging_mixin.py:190} INFO - [2025-03-24T02:22:20.804+0000] {dag.py:3239} INFO - Sync 1 DAGs
[2025-03-24T02:22:20.817+0000] {logging_mixin.py:190} INFO - [2025-03-24T02:22:20.817+0000] {dag.py:4180} INFO - Setting next_dagrun for coleta_dados_abertos_cnpj to 2025-02-10 00:00:00+00:00, run_after=2025-03-10 00:00:00+00:00
[2025-03-24T02:22:20.828+0000] {processor.py:208} INFO - Processing /opt/airflow/dags/coleta_dados_abertos_cnpj/dag.py took 0.168 seconds
[2025-03-24T02:22:51.044+0000] {processor.py:186} INFO - Started process (PID=803) to work on /opt/airflow/dags/coleta_dados_abertos_cnpj/dag.py
[2025-03-24T02:22:51.045+0000] {processor.py:914} INFO - Processing file /opt/airflow/dags/coleta_dados_abertos_cnpj/dag.py for tasks to queue
[2025-03-24T02:22:51.047+0000] {logging_mixin.py:190} INFO - [2025-03-24T02:22:51.047+0000] {dagbag.py:588} INFO - Filling up the DagBag from /opt/airflow/dags/coleta_dados_abertos_cnpj/dag.py
[2025-03-24T02:22:51.169+0000] {processor.py:925} INFO - DAG(s) 'coleta_dados_abertos_cnpj' retrieved from /opt/airflow/dags/coleta_dados_abertos_cnpj/dag.py
[2025-03-24T02:22:51.185+0000] {logging_mixin.py:190} INFO - [2025-03-24T02:22:51.185+0000] {dag.py:3239} INFO - Sync 1 DAGs
[2025-03-24T02:22:51.198+0000] {logging_mixin.py:190} INFO - [2025-03-24T02:22:51.198+0000] {dag.py:4180} INFO - Setting next_dagrun for coleta_dados_abertos_cnpj to 2025-02-10 00:00:00+00:00, run_after=2025-03-10 00:00:00+00:00
[2025-03-24T02:22:51.209+0000] {processor.py:208} INFO - Processing /opt/airflow/dags/coleta_dados_abertos_cnpj/dag.py took 0.167 seconds
[2025-03-24T02:23:21.421+0000] {processor.py:186} INFO - Started process (PID=814) to work on /opt/airflow/dags/coleta_dados_abertos_cnpj/dag.py
[2025-03-24T02:23:21.422+0000] {processor.py:914} INFO - Processing file /opt/airflow/dags/coleta_dados_abertos_cnpj/dag.py for tasks to queue
[2025-03-24T02:23:21.424+0000] {logging_mixin.py:190} INFO - [2025-03-24T02:23:21.423+0000] {dagbag.py:588} INFO - Filling up the DagBag from /opt/airflow/dags/coleta_dados_abertos_cnpj/dag.py
[2025-03-24T02:23:21.551+0000] {processor.py:925} INFO - DAG(s) 'coleta_dados_abertos_cnpj' retrieved from /opt/airflow/dags/coleta_dados_abertos_cnpj/dag.py
[2025-03-24T02:23:21.566+0000] {logging_mixin.py:190} INFO - [2025-03-24T02:23:21.566+0000] {dag.py:3239} INFO - Sync 1 DAGs
[2025-03-24T02:23:21.578+0000] {logging_mixin.py:190} INFO - [2025-03-24T02:23:21.578+0000] {dag.py:4180} INFO - Setting next_dagrun for coleta_dados_abertos_cnpj to 2025-02-10 00:00:00+00:00, run_after=2025-03-10 00:00:00+00:00
[2025-03-24T02:23:21.588+0000] {processor.py:208} INFO - Processing /opt/airflow/dags/coleta_dados_abertos_cnpj/dag.py took 0.170 seconds
[2025-03-24T02:23:51.798+0000] {processor.py:186} INFO - Started process (PID=825) to work on /opt/airflow/dags/coleta_dados_abertos_cnpj/dag.py
[2025-03-24T02:23:51.799+0000] {processor.py:914} INFO - Processing file /opt/airflow/dags/coleta_dados_abertos_cnpj/dag.py for tasks to queue
[2025-03-24T02:23:51.801+0000] {logging_mixin.py:190} INFO - [2025-03-24T02:23:51.800+0000] {dagbag.py:588} INFO - Filling up the DagBag from /opt/airflow/dags/coleta_dados_abertos_cnpj/dag.py
[2025-03-24T02:23:51.922+0000] {processor.py:925} INFO - DAG(s) 'coleta_dados_abertos_cnpj' retrieved from /opt/airflow/dags/coleta_dados_abertos_cnpj/dag.py
[2025-03-24T02:23:51.939+0000] {logging_mixin.py:190} INFO - [2025-03-24T02:23:51.939+0000] {dag.py:3239} INFO - Sync 1 DAGs
[2025-03-24T02:23:51.952+0000] {logging_mixin.py:190} INFO - [2025-03-24T02:23:51.952+0000] {dag.py:4180} INFO - Setting next_dagrun for coleta_dados_abertos_cnpj to 2025-02-10 00:00:00+00:00, run_after=2025-03-10 00:00:00+00:00
[2025-03-24T02:23:51.963+0000] {processor.py:208} INFO - Processing /opt/airflow/dags/coleta_dados_abertos_cnpj/dag.py took 0.169 seconds
[2025-03-24T02:24:22.213+0000] {processor.py:186} INFO - Started process (PID=836) to work on /opt/airflow/dags/coleta_dados_abertos_cnpj/dag.py
[2025-03-24T02:24:22.214+0000] {processor.py:914} INFO - Processing file /opt/airflow/dags/coleta_dados_abertos_cnpj/dag.py for tasks to queue
[2025-03-24T02:24:22.216+0000] {logging_mixin.py:190} INFO - [2025-03-24T02:24:22.216+0000] {dagbag.py:588} INFO - Filling up the DagBag from /opt/airflow/dags/coleta_dados_abertos_cnpj/dag.py
[2025-03-24T02:24:22.349+0000] {processor.py:925} INFO - DAG(s) 'coleta_dados_abertos_cnpj' retrieved from /opt/airflow/dags/coleta_dados_abertos_cnpj/dag.py
[2025-03-24T02:24:22.367+0000] {logging_mixin.py:190} INFO - [2025-03-24T02:24:22.367+0000] {dag.py:3239} INFO - Sync 1 DAGs
[2025-03-24T02:24:22.381+0000] {logging_mixin.py:190} INFO - [2025-03-24T02:24:22.381+0000] {dag.py:4180} INFO - Setting next_dagrun for coleta_dados_abertos_cnpj to 2025-02-10 00:00:00+00:00, run_after=2025-03-10 00:00:00+00:00
[2025-03-24T02:24:22.392+0000] {processor.py:208} INFO - Processing /opt/airflow/dags/coleta_dados_abertos_cnpj/dag.py took 0.182 seconds
[2025-03-24T02:24:52.657+0000] {processor.py:186} INFO - Started process (PID=847) to work on /opt/airflow/dags/coleta_dados_abertos_cnpj/dag.py
[2025-03-24T02:24:52.658+0000] {processor.py:914} INFO - Processing file /opt/airflow/dags/coleta_dados_abertos_cnpj/dag.py for tasks to queue
[2025-03-24T02:24:52.659+0000] {logging_mixin.py:190} INFO - [2025-03-24T02:24:52.659+0000] {dagbag.py:588} INFO - Filling up the DagBag from /opt/airflow/dags/coleta_dados_abertos_cnpj/dag.py
[2025-03-24T02:24:52.779+0000] {processor.py:925} INFO - DAG(s) 'coleta_dados_abertos_cnpj' retrieved from /opt/airflow/dags/coleta_dados_abertos_cnpj/dag.py
[2025-03-24T02:24:52.795+0000] {logging_mixin.py:190} INFO - [2025-03-24T02:24:52.795+0000] {dag.py:3239} INFO - Sync 1 DAGs
[2025-03-24T02:24:52.808+0000] {logging_mixin.py:190} INFO - [2025-03-24T02:24:52.808+0000] {dag.py:4180} INFO - Setting next_dagrun for coleta_dados_abertos_cnpj to 2025-02-10 00:00:00+00:00, run_after=2025-03-10 00:00:00+00:00
[2025-03-24T02:24:52.818+0000] {processor.py:208} INFO - Processing /opt/airflow/dags/coleta_dados_abertos_cnpj/dag.py took 0.163 seconds
[2025-03-24T02:25:23.089+0000] {processor.py:186} INFO - Started process (PID=858) to work on /opt/airflow/dags/coleta_dados_abertos_cnpj/dag.py
[2025-03-24T02:25:23.090+0000] {processor.py:914} INFO - Processing file /opt/airflow/dags/coleta_dados_abertos_cnpj/dag.py for tasks to queue
[2025-03-24T02:25:23.092+0000] {logging_mixin.py:190} INFO - [2025-03-24T02:25:23.092+0000] {dagbag.py:588} INFO - Filling up the DagBag from /opt/airflow/dags/coleta_dados_abertos_cnpj/dag.py
[2025-03-24T02:25:23.213+0000] {processor.py:925} INFO - DAG(s) 'coleta_dados_abertos_cnpj' retrieved from /opt/airflow/dags/coleta_dados_abertos_cnpj/dag.py
[2025-03-24T02:25:23.229+0000] {logging_mixin.py:190} INFO - [2025-03-24T02:25:23.229+0000] {dag.py:3239} INFO - Sync 1 DAGs
[2025-03-24T02:25:23.241+0000] {logging_mixin.py:190} INFO - [2025-03-24T02:25:23.241+0000] {dag.py:4180} INFO - Setting next_dagrun for coleta_dados_abertos_cnpj to 2025-02-10 00:00:00+00:00, run_after=2025-03-10 00:00:00+00:00
[2025-03-24T02:25:23.251+0000] {processor.py:208} INFO - Processing /opt/airflow/dags/coleta_dados_abertos_cnpj/dag.py took 0.168 seconds
[2025-03-24T02:25:53.427+0000] {processor.py:186} INFO - Started process (PID=869) to work on /opt/airflow/dags/coleta_dados_abertos_cnpj/dag.py
[2025-03-24T02:25:53.429+0000] {processor.py:914} INFO - Processing file /opt/airflow/dags/coleta_dados_abertos_cnpj/dag.py for tasks to queue
[2025-03-24T02:25:53.431+0000] {logging_mixin.py:190} INFO - [2025-03-24T02:25:53.431+0000] {dagbag.py:588} INFO - Filling up the DagBag from /opt/airflow/dags/coleta_dados_abertos_cnpj/dag.py
[2025-03-24T02:25:53.548+0000] {processor.py:925} INFO - DAG(s) 'coleta_dados_abertos_cnpj' retrieved from /opt/airflow/dags/coleta_dados_abertos_cnpj/dag.py
[2025-03-24T02:25:53.566+0000] {logging_mixin.py:190} INFO - [2025-03-24T02:25:53.566+0000] {dag.py:3239} INFO - Sync 1 DAGs
[2025-03-24T02:25:53.580+0000] {logging_mixin.py:190} INFO - [2025-03-24T02:25:53.580+0000] {dag.py:4180} INFO - Setting next_dagrun for coleta_dados_abertos_cnpj to 2025-02-10 00:00:00+00:00, run_after=2025-03-10 00:00:00+00:00
[2025-03-24T02:25:53.591+0000] {processor.py:208} INFO - Processing /opt/airflow/dags/coleta_dados_abertos_cnpj/dag.py took 0.167 seconds
[2025-03-24T02:26:23.818+0000] {processor.py:186} INFO - Started process (PID=880) to work on /opt/airflow/dags/coleta_dados_abertos_cnpj/dag.py
[2025-03-24T02:26:23.819+0000] {processor.py:914} INFO - Processing file /opt/airflow/dags/coleta_dados_abertos_cnpj/dag.py for tasks to queue
[2025-03-24T02:26:23.822+0000] {logging_mixin.py:190} INFO - [2025-03-24T02:26:23.822+0000] {dagbag.py:588} INFO - Filling up the DagBag from /opt/airflow/dags/coleta_dados_abertos_cnpj/dag.py
[2025-03-24T02:26:23.953+0000] {processor.py:925} INFO - DAG(s) 'coleta_dados_abertos_cnpj' retrieved from /opt/airflow/dags/coleta_dados_abertos_cnpj/dag.py
[2025-03-24T02:26:23.974+0000] {logging_mixin.py:190} INFO - [2025-03-24T02:26:23.974+0000] {dag.py:3239} INFO - Sync 1 DAGs
[2025-03-24T02:26:23.991+0000] {logging_mixin.py:190} INFO - [2025-03-24T02:26:23.991+0000] {dag.py:4180} INFO - Setting next_dagrun for coleta_dados_abertos_cnpj to 2025-02-10 00:00:00+00:00, run_after=2025-03-10 00:00:00+00:00
[2025-03-24T02:26:24.010+0000] {processor.py:208} INFO - Processing /opt/airflow/dags/coleta_dados_abertos_cnpj/dag.py took 0.196 seconds
[2025-03-24T02:26:54.181+0000] {processor.py:186} INFO - Started process (PID=891) to work on /opt/airflow/dags/coleta_dados_abertos_cnpj/dag.py
[2025-03-24T02:26:54.182+0000] {processor.py:914} INFO - Processing file /opt/airflow/dags/coleta_dados_abertos_cnpj/dag.py for tasks to queue
[2025-03-24T02:26:54.184+0000] {logging_mixin.py:190} INFO - [2025-03-24T02:26:54.184+0000] {dagbag.py:588} INFO - Filling up the DagBag from /opt/airflow/dags/coleta_dados_abertos_cnpj/dag.py
[2025-03-24T02:26:54.309+0000] {processor.py:925} INFO - DAG(s) 'coleta_dados_abertos_cnpj' retrieved from /opt/airflow/dags/coleta_dados_abertos_cnpj/dag.py
[2025-03-24T02:26:54.325+0000] {logging_mixin.py:190} INFO - [2025-03-24T02:26:54.325+0000] {dag.py:3239} INFO - Sync 1 DAGs
[2025-03-24T02:26:54.337+0000] {logging_mixin.py:190} INFO - [2025-03-24T02:26:54.337+0000] {dag.py:4180} INFO - Setting next_dagrun for coleta_dados_abertos_cnpj to 2025-02-10 00:00:00+00:00, run_after=2025-03-10 00:00:00+00:00
[2025-03-24T02:26:54.347+0000] {processor.py:208} INFO - Processing /opt/airflow/dags/coleta_dados_abertos_cnpj/dag.py took 0.170 seconds
[2025-03-24T02:27:24.573+0000] {processor.py:186} INFO - Started process (PID=902) to work on /opt/airflow/dags/coleta_dados_abertos_cnpj/dag.py
[2025-03-24T02:27:24.574+0000] {processor.py:914} INFO - Processing file /opt/airflow/dags/coleta_dados_abertos_cnpj/dag.py for tasks to queue
[2025-03-24T02:27:24.576+0000] {logging_mixin.py:190} INFO - [2025-03-24T02:27:24.575+0000] {dagbag.py:588} INFO - Filling up the DagBag from /opt/airflow/dags/coleta_dados_abertos_cnpj/dag.py
[2025-03-24T02:27:24.700+0000] {processor.py:925} INFO - DAG(s) 'coleta_dados_abertos_cnpj' retrieved from /opt/airflow/dags/coleta_dados_abertos_cnpj/dag.py
[2025-03-24T02:27:24.717+0000] {logging_mixin.py:190} INFO - [2025-03-24T02:27:24.717+0000] {dag.py:3239} INFO - Sync 1 DAGs
[2025-03-24T02:27:24.730+0000] {logging_mixin.py:190} INFO - [2025-03-24T02:27:24.730+0000] {dag.py:4180} INFO - Setting next_dagrun for coleta_dados_abertos_cnpj to 2025-02-10 00:00:00+00:00, run_after=2025-03-10 00:00:00+00:00
[2025-03-24T02:27:24.740+0000] {processor.py:208} INFO - Processing /opt/airflow/dags/coleta_dados_abertos_cnpj/dag.py took 0.170 seconds
[2025-03-24T02:27:54.957+0000] {processor.py:186} INFO - Started process (PID=913) to work on /opt/airflow/dags/coleta_dados_abertos_cnpj/dag.py
[2025-03-24T02:27:54.958+0000] {processor.py:914} INFO - Processing file /opt/airflow/dags/coleta_dados_abertos_cnpj/dag.py for tasks to queue
[2025-03-24T02:27:54.960+0000] {logging_mixin.py:190} INFO - [2025-03-24T02:27:54.960+0000] {dagbag.py:588} INFO - Filling up the DagBag from /opt/airflow/dags/coleta_dados_abertos_cnpj/dag.py
[2025-03-24T02:27:55.086+0000] {processor.py:925} INFO - DAG(s) 'coleta_dados_abertos_cnpj' retrieved from /opt/airflow/dags/coleta_dados_abertos_cnpj/dag.py
[2025-03-24T02:27:55.103+0000] {logging_mixin.py:190} INFO - [2025-03-24T02:27:55.103+0000] {dag.py:3239} INFO - Sync 1 DAGs
[2025-03-24T02:27:55.117+0000] {logging_mixin.py:190} INFO - [2025-03-24T02:27:55.117+0000] {dag.py:4180} INFO - Setting next_dagrun for coleta_dados_abertos_cnpj to 2025-02-10 00:00:00+00:00, run_after=2025-03-10 00:00:00+00:00
[2025-03-24T02:27:55.127+0000] {processor.py:208} INFO - Processing /opt/airflow/dags/coleta_dados_abertos_cnpj/dag.py took 0.173 seconds
[2025-03-24T02:28:25.346+0000] {processor.py:186} INFO - Started process (PID=924) to work on /opt/airflow/dags/coleta_dados_abertos_cnpj/dag.py
[2025-03-24T02:28:25.347+0000] {processor.py:914} INFO - Processing file /opt/airflow/dags/coleta_dados_abertos_cnpj/dag.py for tasks to queue
[2025-03-24T02:28:25.349+0000] {logging_mixin.py:190} INFO - [2025-03-24T02:28:25.349+0000] {dagbag.py:588} INFO - Filling up the DagBag from /opt/airflow/dags/coleta_dados_abertos_cnpj/dag.py
[2025-03-24T02:28:25.481+0000] {processor.py:925} INFO - DAG(s) 'coleta_dados_abertos_cnpj' retrieved from /opt/airflow/dags/coleta_dados_abertos_cnpj/dag.py
[2025-03-24T02:28:25.499+0000] {logging_mixin.py:190} INFO - [2025-03-24T02:28:25.498+0000] {dag.py:3239} INFO - Sync 1 DAGs
[2025-03-24T02:28:25.512+0000] {logging_mixin.py:190} INFO - [2025-03-24T02:28:25.512+0000] {dag.py:4180} INFO - Setting next_dagrun for coleta_dados_abertos_cnpj to 2025-02-10 00:00:00+00:00, run_after=2025-03-10 00:00:00+00:00
[2025-03-24T02:28:25.523+0000] {processor.py:208} INFO - Processing /opt/airflow/dags/coleta_dados_abertos_cnpj/dag.py took 0.180 seconds
[2025-03-24T02:28:55.724+0000] {processor.py:186} INFO - Started process (PID=941) to work on /opt/airflow/dags/coleta_dados_abertos_cnpj/dag.py
[2025-03-24T02:28:55.725+0000] {processor.py:914} INFO - Processing file /opt/airflow/dags/coleta_dados_abertos_cnpj/dag.py for tasks to queue
[2025-03-24T02:28:55.727+0000] {logging_mixin.py:190} INFO - [2025-03-24T02:28:55.727+0000] {dagbag.py:588} INFO - Filling up the DagBag from /opt/airflow/dags/coleta_dados_abertos_cnpj/dag.py
[2025-03-24T02:28:55.852+0000] {processor.py:925} INFO - DAG(s) 'coleta_dados_abertos_cnpj' retrieved from /opt/airflow/dags/coleta_dados_abertos_cnpj/dag.py
[2025-03-24T02:28:55.868+0000] {logging_mixin.py:190} INFO - [2025-03-24T02:28:55.868+0000] {dag.py:3239} INFO - Sync 1 DAGs
[2025-03-24T02:28:55.881+0000] {logging_mixin.py:190} INFO - [2025-03-24T02:28:55.881+0000] {dag.py:4180} INFO - Setting next_dagrun for coleta_dados_abertos_cnpj to 2025-02-10 00:00:00+00:00, run_after=2025-03-10 00:00:00+00:00
[2025-03-24T02:28:55.891+0000] {processor.py:208} INFO - Processing /opt/airflow/dags/coleta_dados_abertos_cnpj/dag.py took 0.171 seconds
[2025-03-24T02:29:26.098+0000] {processor.py:186} INFO - Started process (PID=952) to work on /opt/airflow/dags/coleta_dados_abertos_cnpj/dag.py
[2025-03-24T02:29:26.099+0000] {processor.py:914} INFO - Processing file /opt/airflow/dags/coleta_dados_abertos_cnpj/dag.py for tasks to queue
[2025-03-24T02:29:26.100+0000] {logging_mixin.py:190} INFO - [2025-03-24T02:29:26.100+0000] {dagbag.py:588} INFO - Filling up the DagBag from /opt/airflow/dags/coleta_dados_abertos_cnpj/dag.py
[2025-03-24T02:29:26.222+0000] {processor.py:925} INFO - DAG(s) 'coleta_dados_abertos_cnpj' retrieved from /opt/airflow/dags/coleta_dados_abertos_cnpj/dag.py
[2025-03-24T02:29:26.240+0000] {logging_mixin.py:190} INFO - [2025-03-24T02:29:26.240+0000] {dag.py:3239} INFO - Sync 1 DAGs
[2025-03-24T02:29:26.253+0000] {logging_mixin.py:190} INFO - [2025-03-24T02:29:26.253+0000] {dag.py:4180} INFO - Setting next_dagrun for coleta_dados_abertos_cnpj to 2025-02-10 00:00:00+00:00, run_after=2025-03-10 00:00:00+00:00
[2025-03-24T02:29:26.263+0000] {processor.py:208} INFO - Processing /opt/airflow/dags/coleta_dados_abertos_cnpj/dag.py took 0.169 seconds
[2025-03-24T02:29:56.525+0000] {processor.py:186} INFO - Started process (PID=963) to work on /opt/airflow/dags/coleta_dados_abertos_cnpj/dag.py
[2025-03-24T02:29:56.527+0000] {processor.py:914} INFO - Processing file /opt/airflow/dags/coleta_dados_abertos_cnpj/dag.py for tasks to queue
[2025-03-24T02:29:56.529+0000] {logging_mixin.py:190} INFO - [2025-03-24T02:29:56.529+0000] {dagbag.py:588} INFO - Filling up the DagBag from /opt/airflow/dags/coleta_dados_abertos_cnpj/dag.py
[2025-03-24T02:29:56.652+0000] {processor.py:925} INFO - DAG(s) 'coleta_dados_abertos_cnpj' retrieved from /opt/airflow/dags/coleta_dados_abertos_cnpj/dag.py
[2025-03-24T02:29:56.669+0000] {logging_mixin.py:190} INFO - [2025-03-24T02:29:56.669+0000] {dag.py:3239} INFO - Sync 1 DAGs
[2025-03-24T02:29:56.681+0000] {logging_mixin.py:190} INFO - [2025-03-24T02:29:56.681+0000] {dag.py:4180} INFO - Setting next_dagrun for coleta_dados_abertos_cnpj to 2025-02-10 00:00:00+00:00, run_after=2025-03-10 00:00:00+00:00
[2025-03-24T02:29:56.692+0000] {processor.py:208} INFO - Processing /opt/airflow/dags/coleta_dados_abertos_cnpj/dag.py took 0.170 seconds
[2025-03-24T02:30:26.906+0000] {processor.py:186} INFO - Started process (PID=974) to work on /opt/airflow/dags/coleta_dados_abertos_cnpj/dag.py
[2025-03-24T02:30:26.907+0000] {processor.py:914} INFO - Processing file /opt/airflow/dags/coleta_dados_abertos_cnpj/dag.py for tasks to queue
[2025-03-24T02:30:26.909+0000] {logging_mixin.py:190} INFO - [2025-03-24T02:30:26.909+0000] {dagbag.py:588} INFO - Filling up the DagBag from /opt/airflow/dags/coleta_dados_abertos_cnpj/dag.py
[2025-03-24T02:30:27.031+0000] {processor.py:925} INFO - DAG(s) 'coleta_dados_abertos_cnpj' retrieved from /opt/airflow/dags/coleta_dados_abertos_cnpj/dag.py
[2025-03-24T02:30:27.048+0000] {logging_mixin.py:190} INFO - [2025-03-24T02:30:27.048+0000] {dag.py:3239} INFO - Sync 1 DAGs
[2025-03-24T02:30:27.063+0000] {logging_mixin.py:190} INFO - [2025-03-24T02:30:27.062+0000] {dag.py:4180} INFO - Setting next_dagrun for coleta_dados_abertos_cnpj to 2025-02-10 00:00:00+00:00, run_after=2025-03-10 00:00:00+00:00
[2025-03-24T02:30:27.075+0000] {processor.py:208} INFO - Processing /opt/airflow/dags/coleta_dados_abertos_cnpj/dag.py took 0.172 seconds
[2025-03-24T02:30:57.288+0000] {processor.py:186} INFO - Started process (PID=985) to work on /opt/airflow/dags/coleta_dados_abertos_cnpj/dag.py
[2025-03-24T02:30:57.289+0000] {processor.py:914} INFO - Processing file /opt/airflow/dags/coleta_dados_abertos_cnpj/dag.py for tasks to queue
[2025-03-24T02:30:57.292+0000] {logging_mixin.py:190} INFO - [2025-03-24T02:30:57.291+0000] {dagbag.py:588} INFO - Filling up the DagBag from /opt/airflow/dags/coleta_dados_abertos_cnpj/dag.py
[2025-03-24T02:30:57.425+0000] {processor.py:925} INFO - DAG(s) 'coleta_dados_abertos_cnpj' retrieved from /opt/airflow/dags/coleta_dados_abertos_cnpj/dag.py
[2025-03-24T02:30:57.441+0000] {logging_mixin.py:190} INFO - [2025-03-24T02:30:57.441+0000] {dag.py:3239} INFO - Sync 1 DAGs
[2025-03-24T02:30:57.455+0000] {logging_mixin.py:190} INFO - [2025-03-24T02:30:57.454+0000] {dag.py:4180} INFO - Setting next_dagrun for coleta_dados_abertos_cnpj to 2025-02-10 00:00:00+00:00, run_after=2025-03-10 00:00:00+00:00
[2025-03-24T02:30:57.465+0000] {processor.py:208} INFO - Processing /opt/airflow/dags/coleta_dados_abertos_cnpj/dag.py took 0.180 seconds
[2025-03-24T02:31:27.669+0000] {processor.py:186} INFO - Started process (PID=996) to work on /opt/airflow/dags/coleta_dados_abertos_cnpj/dag.py
[2025-03-24T02:31:27.670+0000] {processor.py:914} INFO - Processing file /opt/airflow/dags/coleta_dados_abertos_cnpj/dag.py for tasks to queue
[2025-03-24T02:31:27.672+0000] {logging_mixin.py:190} INFO - [2025-03-24T02:31:27.672+0000] {dagbag.py:588} INFO - Filling up the DagBag from /opt/airflow/dags/coleta_dados_abertos_cnpj/dag.py
[2025-03-24T02:31:27.790+0000] {processor.py:925} INFO - DAG(s) 'coleta_dados_abertos_cnpj' retrieved from /opt/airflow/dags/coleta_dados_abertos_cnpj/dag.py
[2025-03-24T02:31:27.806+0000] {logging_mixin.py:190} INFO - [2025-03-24T02:31:27.806+0000] {dag.py:3239} INFO - Sync 1 DAGs
[2025-03-24T02:31:27.819+0000] {logging_mixin.py:190} INFO - [2025-03-24T02:31:27.819+0000] {dag.py:4180} INFO - Setting next_dagrun for coleta_dados_abertos_cnpj to 2025-02-10 00:00:00+00:00, run_after=2025-03-10 00:00:00+00:00
[2025-03-24T02:31:27.830+0000] {processor.py:208} INFO - Processing /opt/airflow/dags/coleta_dados_abertos_cnpj/dag.py took 0.165 seconds
[2025-03-24T02:31:58.042+0000] {processor.py:186} INFO - Started process (PID=1007) to work on /opt/airflow/dags/coleta_dados_abertos_cnpj/dag.py
[2025-03-24T02:31:58.043+0000] {processor.py:914} INFO - Processing file /opt/airflow/dags/coleta_dados_abertos_cnpj/dag.py for tasks to queue
[2025-03-24T02:31:58.045+0000] {logging_mixin.py:190} INFO - [2025-03-24T02:31:58.045+0000] {dagbag.py:588} INFO - Filling up the DagBag from /opt/airflow/dags/coleta_dados_abertos_cnpj/dag.py
[2025-03-24T02:31:58.167+0000] {processor.py:925} INFO - DAG(s) 'coleta_dados_abertos_cnpj' retrieved from /opt/airflow/dags/coleta_dados_abertos_cnpj/dag.py
[2025-03-24T02:31:58.185+0000] {logging_mixin.py:190} INFO - [2025-03-24T02:31:58.185+0000] {dag.py:3239} INFO - Sync 1 DAGs
[2025-03-24T02:31:58.199+0000] {logging_mixin.py:190} INFO - [2025-03-24T02:31:58.199+0000] {dag.py:4180} INFO - Setting next_dagrun for coleta_dados_abertos_cnpj to 2025-02-10 00:00:00+00:00, run_after=2025-03-10 00:00:00+00:00
[2025-03-24T02:31:58.210+0000] {processor.py:208} INFO - Processing /opt/airflow/dags/coleta_dados_abertos_cnpj/dag.py took 0.171 seconds
[2025-03-24T02:32:28.418+0000] {processor.py:186} INFO - Started process (PID=1018) to work on /opt/airflow/dags/coleta_dados_abertos_cnpj/dag.py
[2025-03-24T02:32:28.419+0000] {processor.py:914} INFO - Processing file /opt/airflow/dags/coleta_dados_abertos_cnpj/dag.py for tasks to queue
[2025-03-24T02:32:28.421+0000] {logging_mixin.py:190} INFO - [2025-03-24T02:32:28.421+0000] {dagbag.py:588} INFO - Filling up the DagBag from /opt/airflow/dags/coleta_dados_abertos_cnpj/dag.py
[2025-03-24T02:32:28.540+0000] {processor.py:925} INFO - DAG(s) 'coleta_dados_abertos_cnpj' retrieved from /opt/airflow/dags/coleta_dados_abertos_cnpj/dag.py
[2025-03-24T02:32:28.557+0000] {logging_mixin.py:190} INFO - [2025-03-24T02:32:28.557+0000] {dag.py:3239} INFO - Sync 1 DAGs
[2025-03-24T02:32:28.571+0000] {logging_mixin.py:190} INFO - [2025-03-24T02:32:28.571+0000] {dag.py:4180} INFO - Setting next_dagrun for coleta_dados_abertos_cnpj to 2025-02-10 00:00:00+00:00, run_after=2025-03-10 00:00:00+00:00
[2025-03-24T02:32:28.582+0000] {processor.py:208} INFO - Processing /opt/airflow/dags/coleta_dados_abertos_cnpj/dag.py took 0.167 seconds
[2025-03-24T02:32:58.793+0000] {processor.py:186} INFO - Started process (PID=1029) to work on /opt/airflow/dags/coleta_dados_abertos_cnpj/dag.py
[2025-03-24T02:32:58.794+0000] {processor.py:914} INFO - Processing file /opt/airflow/dags/coleta_dados_abertos_cnpj/dag.py for tasks to queue
[2025-03-24T02:32:58.796+0000] {logging_mixin.py:190} INFO - [2025-03-24T02:32:58.796+0000] {dagbag.py:588} INFO - Filling up the DagBag from /opt/airflow/dags/coleta_dados_abertos_cnpj/dag.py
[2025-03-24T02:32:58.919+0000] {processor.py:925} INFO - DAG(s) 'coleta_dados_abertos_cnpj' retrieved from /opt/airflow/dags/coleta_dados_abertos_cnpj/dag.py
[2025-03-24T02:32:58.937+0000] {logging_mixin.py:190} INFO - [2025-03-24T02:32:58.937+0000] {dag.py:3239} INFO - Sync 1 DAGs
[2025-03-24T02:32:58.952+0000] {logging_mixin.py:190} INFO - [2025-03-24T02:32:58.952+0000] {dag.py:4180} INFO - Setting next_dagrun for coleta_dados_abertos_cnpj to 2025-02-10 00:00:00+00:00, run_after=2025-03-10 00:00:00+00:00
[2025-03-24T02:32:58.963+0000] {processor.py:208} INFO - Processing /opt/airflow/dags/coleta_dados_abertos_cnpj/dag.py took 0.173 seconds
[2025-03-24T02:33:29.167+0000] {processor.py:186} INFO - Started process (PID=1039) to work on /opt/airflow/dags/coleta_dados_abertos_cnpj/dag.py
[2025-03-24T02:33:29.168+0000] {processor.py:914} INFO - Processing file /opt/airflow/dags/coleta_dados_abertos_cnpj/dag.py for tasks to queue
[2025-03-24T02:33:29.170+0000] {logging_mixin.py:190} INFO - [2025-03-24T02:33:29.170+0000] {dagbag.py:588} INFO - Filling up the DagBag from /opt/airflow/dags/coleta_dados_abertos_cnpj/dag.py
[2025-03-24T02:33:29.298+0000] {processor.py:925} INFO - DAG(s) 'coleta_dados_abertos_cnpj' retrieved from /opt/airflow/dags/coleta_dados_abertos_cnpj/dag.py
[2025-03-24T02:33:29.315+0000] {logging_mixin.py:190} INFO - [2025-03-24T02:33:29.315+0000] {dag.py:3239} INFO - Sync 1 DAGs
[2025-03-24T02:33:29.328+0000] {logging_mixin.py:190} INFO - [2025-03-24T02:33:29.327+0000] {dag.py:4180} INFO - Setting next_dagrun for coleta_dados_abertos_cnpj to 2025-02-10 00:00:00+00:00, run_after=2025-03-10 00:00:00+00:00
[2025-03-24T02:33:29.337+0000] {processor.py:208} INFO - Processing /opt/airflow/dags/coleta_dados_abertos_cnpj/dag.py took 0.173 seconds
[2025-03-24T02:33:59.541+0000] {processor.py:186} INFO - Started process (PID=1050) to work on /opt/airflow/dags/coleta_dados_abertos_cnpj/dag.py
[2025-03-24T02:33:59.542+0000] {processor.py:914} INFO - Processing file /opt/airflow/dags/coleta_dados_abertos_cnpj/dag.py for tasks to queue
[2025-03-24T02:33:59.544+0000] {logging_mixin.py:190} INFO - [2025-03-24T02:33:59.544+0000] {dagbag.py:588} INFO - Filling up the DagBag from /opt/airflow/dags/coleta_dados_abertos_cnpj/dag.py
[2025-03-24T02:33:59.676+0000] {processor.py:925} INFO - DAG(s) 'coleta_dados_abertos_cnpj' retrieved from /opt/airflow/dags/coleta_dados_abertos_cnpj/dag.py
[2025-03-24T02:33:59.692+0000] {logging_mixin.py:190} INFO - [2025-03-24T02:33:59.692+0000] {dag.py:3239} INFO - Sync 1 DAGs
[2025-03-24T02:33:59.704+0000] {logging_mixin.py:190} INFO - [2025-03-24T02:33:59.704+0000] {dag.py:4180} INFO - Setting next_dagrun for coleta_dados_abertos_cnpj to 2025-02-10 00:00:00+00:00, run_after=2025-03-10 00:00:00+00:00
[2025-03-24T02:33:59.716+0000] {processor.py:208} INFO - Processing /opt/airflow/dags/coleta_dados_abertos_cnpj/dag.py took 0.178 seconds
[2025-03-24T02:34:29.907+0000] {processor.py:186} INFO - Started process (PID=1061) to work on /opt/airflow/dags/coleta_dados_abertos_cnpj/dag.py
[2025-03-24T02:34:29.909+0000] {processor.py:914} INFO - Processing file /opt/airflow/dags/coleta_dados_abertos_cnpj/dag.py for tasks to queue
[2025-03-24T02:34:29.911+0000] {logging_mixin.py:190} INFO - [2025-03-24T02:34:29.911+0000] {dagbag.py:588} INFO - Filling up the DagBag from /opt/airflow/dags/coleta_dados_abertos_cnpj/dag.py
[2025-03-24T02:34:30.041+0000] {processor.py:925} INFO - DAG(s) 'coleta_dados_abertos_cnpj' retrieved from /opt/airflow/dags/coleta_dados_abertos_cnpj/dag.py
[2025-03-24T02:34:30.058+0000] {logging_mixin.py:190} INFO - [2025-03-24T02:34:30.058+0000] {dag.py:3239} INFO - Sync 1 DAGs
[2025-03-24T02:34:30.072+0000] {logging_mixin.py:190} INFO - [2025-03-24T02:34:30.072+0000] {dag.py:4180} INFO - Setting next_dagrun for coleta_dados_abertos_cnpj to 2025-02-10 00:00:00+00:00, run_after=2025-03-10 00:00:00+00:00
[2025-03-24T02:34:30.082+0000] {processor.py:208} INFO - Processing /opt/airflow/dags/coleta_dados_abertos_cnpj/dag.py took 0.178 seconds
[2025-03-24T02:35:00.339+0000] {processor.py:186} INFO - Started process (PID=1072) to work on /opt/airflow/dags/coleta_dados_abertos_cnpj/dag.py
[2025-03-24T02:35:00.340+0000] {processor.py:914} INFO - Processing file /opt/airflow/dags/coleta_dados_abertos_cnpj/dag.py for tasks to queue
[2025-03-24T02:35:00.342+0000] {logging_mixin.py:190} INFO - [2025-03-24T02:35:00.342+0000] {dagbag.py:588} INFO - Filling up the DagBag from /opt/airflow/dags/coleta_dados_abertos_cnpj/dag.py
[2025-03-24T02:35:00.466+0000] {processor.py:925} INFO - DAG(s) 'coleta_dados_abertos_cnpj' retrieved from /opt/airflow/dags/coleta_dados_abertos_cnpj/dag.py
[2025-03-24T02:35:00.486+0000] {logging_mixin.py:190} INFO - [2025-03-24T02:35:00.486+0000] {dag.py:3239} INFO - Sync 1 DAGs
[2025-03-24T02:35:00.499+0000] {logging_mixin.py:190} INFO - [2025-03-24T02:35:00.499+0000] {dag.py:4180} INFO - Setting next_dagrun for coleta_dados_abertos_cnpj to 2025-02-10 00:00:00+00:00, run_after=2025-03-10 00:00:00+00:00
[2025-03-24T02:35:00.510+0000] {processor.py:208} INFO - Processing /opt/airflow/dags/coleta_dados_abertos_cnpj/dag.py took 0.174 seconds
[2025-03-24T02:35:30.722+0000] {processor.py:186} INFO - Started process (PID=1083) to work on /opt/airflow/dags/coleta_dados_abertos_cnpj/dag.py
[2025-03-24T02:35:30.723+0000] {processor.py:914} INFO - Processing file /opt/airflow/dags/coleta_dados_abertos_cnpj/dag.py for tasks to queue
[2025-03-24T02:35:30.725+0000] {logging_mixin.py:190} INFO - [2025-03-24T02:35:30.725+0000] {dagbag.py:588} INFO - Filling up the DagBag from /opt/airflow/dags/coleta_dados_abertos_cnpj/dag.py
[2025-03-24T02:35:30.844+0000] {processor.py:925} INFO - DAG(s) 'coleta_dados_abertos_cnpj' retrieved from /opt/airflow/dags/coleta_dados_abertos_cnpj/dag.py
[2025-03-24T02:35:30.860+0000] {logging_mixin.py:190} INFO - [2025-03-24T02:35:30.860+0000] {dag.py:3239} INFO - Sync 1 DAGs
[2025-03-24T02:35:30.872+0000] {logging_mixin.py:190} INFO - [2025-03-24T02:35:30.871+0000] {dag.py:4180} INFO - Setting next_dagrun for coleta_dados_abertos_cnpj to 2025-02-10 00:00:00+00:00, run_after=2025-03-10 00:00:00+00:00
[2025-03-24T02:35:30.882+0000] {processor.py:208} INFO - Processing /opt/airflow/dags/coleta_dados_abertos_cnpj/dag.py took 0.163 seconds
[2025-03-24T02:36:01.108+0000] {processor.py:186} INFO - Started process (PID=1094) to work on /opt/airflow/dags/coleta_dados_abertos_cnpj/dag.py
[2025-03-24T02:36:01.109+0000] {processor.py:914} INFO - Processing file /opt/airflow/dags/coleta_dados_abertos_cnpj/dag.py for tasks to queue
[2025-03-24T02:36:01.111+0000] {logging_mixin.py:190} INFO - [2025-03-24T02:36:01.111+0000] {dagbag.py:588} INFO - Filling up the DagBag from /opt/airflow/dags/coleta_dados_abertos_cnpj/dag.py
[2025-03-24T02:36:01.238+0000] {processor.py:925} INFO - DAG(s) 'coleta_dados_abertos_cnpj' retrieved from /opt/airflow/dags/coleta_dados_abertos_cnpj/dag.py
[2025-03-24T02:36:01.254+0000] {logging_mixin.py:190} INFO - [2025-03-24T02:36:01.254+0000] {dag.py:3239} INFO - Sync 1 DAGs
[2025-03-24T02:36:01.267+0000] {logging_mixin.py:190} INFO - [2025-03-24T02:36:01.267+0000] {dag.py:4180} INFO - Setting next_dagrun for coleta_dados_abertos_cnpj to 2025-02-10 00:00:00+00:00, run_after=2025-03-10 00:00:00+00:00
[2025-03-24T02:36:01.276+0000] {processor.py:208} INFO - Processing /opt/airflow/dags/coleta_dados_abertos_cnpj/dag.py took 0.172 seconds
[2025-03-24T02:36:31.500+0000] {processor.py:186} INFO - Started process (PID=1105) to work on /opt/airflow/dags/coleta_dados_abertos_cnpj/dag.py
[2025-03-24T02:36:31.501+0000] {processor.py:914} INFO - Processing file /opt/airflow/dags/coleta_dados_abertos_cnpj/dag.py for tasks to queue
[2025-03-24T02:36:31.503+0000] {logging_mixin.py:190} INFO - [2025-03-24T02:36:31.503+0000] {dagbag.py:588} INFO - Filling up the DagBag from /opt/airflow/dags/coleta_dados_abertos_cnpj/dag.py
[2025-03-24T02:36:31.624+0000] {processor.py:925} INFO - DAG(s) 'coleta_dados_abertos_cnpj' retrieved from /opt/airflow/dags/coleta_dados_abertos_cnpj/dag.py
[2025-03-24T02:36:31.640+0000] {logging_mixin.py:190} INFO - [2025-03-24T02:36:31.640+0000] {dag.py:3239} INFO - Sync 1 DAGs
[2025-03-24T02:36:31.652+0000] {logging_mixin.py:190} INFO - [2025-03-24T02:36:31.652+0000] {dag.py:4180} INFO - Setting next_dagrun for coleta_dados_abertos_cnpj to 2025-02-10 00:00:00+00:00, run_after=2025-03-10 00:00:00+00:00
[2025-03-24T02:36:31.663+0000] {processor.py:208} INFO - Processing /opt/airflow/dags/coleta_dados_abertos_cnpj/dag.py took 0.166 seconds
[2025-03-24T02:37:01.853+0000] {processor.py:186} INFO - Started process (PID=1116) to work on /opt/airflow/dags/coleta_dados_abertos_cnpj/dag.py
[2025-03-24T02:37:01.854+0000] {processor.py:914} INFO - Processing file /opt/airflow/dags/coleta_dados_abertos_cnpj/dag.py for tasks to queue
[2025-03-24T02:37:01.856+0000] {logging_mixin.py:190} INFO - [2025-03-24T02:37:01.856+0000] {dagbag.py:588} INFO - Filling up the DagBag from /opt/airflow/dags/coleta_dados_abertos_cnpj/dag.py
[2025-03-24T02:37:01.979+0000] {processor.py:925} INFO - DAG(s) 'coleta_dados_abertos_cnpj' retrieved from /opt/airflow/dags/coleta_dados_abertos_cnpj/dag.py
[2025-03-24T02:37:01.996+0000] {logging_mixin.py:190} INFO - [2025-03-24T02:37:01.996+0000] {dag.py:3239} INFO - Sync 1 DAGs
[2025-03-24T02:37:02.009+0000] {logging_mixin.py:190} INFO - [2025-03-24T02:37:02.009+0000] {dag.py:4180} INFO - Setting next_dagrun for coleta_dados_abertos_cnpj to 2025-02-10 00:00:00+00:00, run_after=2025-03-10 00:00:00+00:00
[2025-03-24T02:37:02.020+0000] {processor.py:208} INFO - Processing /opt/airflow/dags/coleta_dados_abertos_cnpj/dag.py took 0.170 seconds
[2025-03-24T02:37:32.237+0000] {processor.py:186} INFO - Started process (PID=1127) to work on /opt/airflow/dags/coleta_dados_abertos_cnpj/dag.py
[2025-03-24T02:37:32.238+0000] {processor.py:914} INFO - Processing file /opt/airflow/dags/coleta_dados_abertos_cnpj/dag.py for tasks to queue
[2025-03-24T02:37:32.240+0000] {logging_mixin.py:190} INFO - [2025-03-24T02:37:32.239+0000] {dagbag.py:588} INFO - Filling up the DagBag from /opt/airflow/dags/coleta_dados_abertos_cnpj/dag.py
[2025-03-24T02:37:32.361+0000] {processor.py:925} INFO - DAG(s) 'coleta_dados_abertos_cnpj' retrieved from /opt/airflow/dags/coleta_dados_abertos_cnpj/dag.py
[2025-03-24T02:37:32.377+0000] {logging_mixin.py:190} INFO - [2025-03-24T02:37:32.377+0000] {dag.py:3239} INFO - Sync 1 DAGs
[2025-03-24T02:37:32.390+0000] {logging_mixin.py:190} INFO - [2025-03-24T02:37:32.390+0000] {dag.py:4180} INFO - Setting next_dagrun for coleta_dados_abertos_cnpj to 2025-02-10 00:00:00+00:00, run_after=2025-03-10 00:00:00+00:00
[2025-03-24T02:37:32.400+0000] {processor.py:208} INFO - Processing /opt/airflow/dags/coleta_dados_abertos_cnpj/dag.py took 0.166 seconds
[2025-03-24T02:38:02.609+0000] {processor.py:186} INFO - Started process (PID=1138) to work on /opt/airflow/dags/coleta_dados_abertos_cnpj/dag.py
[2025-03-24T02:38:02.610+0000] {processor.py:914} INFO - Processing file /opt/airflow/dags/coleta_dados_abertos_cnpj/dag.py for tasks to queue
[2025-03-24T02:38:02.612+0000] {logging_mixin.py:190} INFO - [2025-03-24T02:38:02.611+0000] {dagbag.py:588} INFO - Filling up the DagBag from /opt/airflow/dags/coleta_dados_abertos_cnpj/dag.py
[2025-03-24T02:38:02.737+0000] {processor.py:925} INFO - DAG(s) 'coleta_dados_abertos_cnpj' retrieved from /opt/airflow/dags/coleta_dados_abertos_cnpj/dag.py
[2025-03-24T02:38:02.755+0000] {logging_mixin.py:190} INFO - [2025-03-24T02:38:02.755+0000] {dag.py:3239} INFO - Sync 1 DAGs
[2025-03-24T02:38:02.769+0000] {logging_mixin.py:190} INFO - [2025-03-24T02:38:02.769+0000] {dag.py:4180} INFO - Setting next_dagrun for coleta_dados_abertos_cnpj to 2025-02-10 00:00:00+00:00, run_after=2025-03-10 00:00:00+00:00
[2025-03-24T02:38:02.780+0000] {processor.py:208} INFO - Processing /opt/airflow/dags/coleta_dados_abertos_cnpj/dag.py took 0.174 seconds
[2025-03-24T02:38:32.970+0000] {processor.py:186} INFO - Started process (PID=1149) to work on /opt/airflow/dags/coleta_dados_abertos_cnpj/dag.py
[2025-03-24T02:38:32.971+0000] {processor.py:914} INFO - Processing file /opt/airflow/dags/coleta_dados_abertos_cnpj/dag.py for tasks to queue
[2025-03-24T02:38:32.973+0000] {logging_mixin.py:190} INFO - [2025-03-24T02:38:32.973+0000] {dagbag.py:588} INFO - Filling up the DagBag from /opt/airflow/dags/coleta_dados_abertos_cnpj/dag.py
[2025-03-24T02:38:33.094+0000] {processor.py:925} INFO - DAG(s) 'coleta_dados_abertos_cnpj' retrieved from /opt/airflow/dags/coleta_dados_abertos_cnpj/dag.py
[2025-03-24T02:38:33.111+0000] {logging_mixin.py:190} INFO - [2025-03-24T02:38:33.111+0000] {dag.py:3239} INFO - Sync 1 DAGs
[2025-03-24T02:38:33.122+0000] {logging_mixin.py:190} INFO - [2025-03-24T02:38:33.122+0000] {dag.py:4180} INFO - Setting next_dagrun for coleta_dados_abertos_cnpj to 2025-02-10 00:00:00+00:00, run_after=2025-03-10 00:00:00+00:00
[2025-03-24T02:38:33.132+0000] {processor.py:208} INFO - Processing /opt/airflow/dags/coleta_dados_abertos_cnpj/dag.py took 0.165 seconds
[2025-03-24T02:39:03.355+0000] {processor.py:186} INFO - Started process (PID=1160) to work on /opt/airflow/dags/coleta_dados_abertos_cnpj/dag.py
[2025-03-24T02:39:03.355+0000] {processor.py:914} INFO - Processing file /opt/airflow/dags/coleta_dados_abertos_cnpj/dag.py for tasks to queue
[2025-03-24T02:39:03.357+0000] {logging_mixin.py:190} INFO - [2025-03-24T02:39:03.357+0000] {dagbag.py:588} INFO - Filling up the DagBag from /opt/airflow/dags/coleta_dados_abertos_cnpj/dag.py
[2025-03-24T02:39:03.479+0000] {processor.py:925} INFO - DAG(s) 'coleta_dados_abertos_cnpj' retrieved from /opt/airflow/dags/coleta_dados_abertos_cnpj/dag.py
[2025-03-24T02:39:03.495+0000] {logging_mixin.py:190} INFO - [2025-03-24T02:39:03.495+0000] {dag.py:3239} INFO - Sync 1 DAGs
[2025-03-24T02:39:03.507+0000] {logging_mixin.py:190} INFO - [2025-03-24T02:39:03.507+0000] {dag.py:4180} INFO - Setting next_dagrun for coleta_dados_abertos_cnpj to 2025-02-10 00:00:00+00:00, run_after=2025-03-10 00:00:00+00:00
[2025-03-24T02:39:03.516+0000] {processor.py:208} INFO - Processing /opt/airflow/dags/coleta_dados_abertos_cnpj/dag.py took 0.165 seconds
[2025-03-24T02:39:33.752+0000] {processor.py:186} INFO - Started process (PID=1171) to work on /opt/airflow/dags/coleta_dados_abertos_cnpj/dag.py
[2025-03-24T02:39:33.753+0000] {processor.py:914} INFO - Processing file /opt/airflow/dags/coleta_dados_abertos_cnpj/dag.py for tasks to queue
[2025-03-24T02:39:33.755+0000] {logging_mixin.py:190} INFO - [2025-03-24T02:39:33.754+0000] {dagbag.py:588} INFO - Filling up the DagBag from /opt/airflow/dags/coleta_dados_abertos_cnpj/dag.py
[2025-03-24T02:39:33.886+0000] {processor.py:925} INFO - DAG(s) 'coleta_dados_abertos_cnpj' retrieved from /opt/airflow/dags/coleta_dados_abertos_cnpj/dag.py
[2025-03-24T02:39:33.903+0000] {logging_mixin.py:190} INFO - [2025-03-24T02:39:33.903+0000] {dag.py:3239} INFO - Sync 1 DAGs
[2025-03-24T02:39:33.916+0000] {logging_mixin.py:190} INFO - [2025-03-24T02:39:33.916+0000] {dag.py:4180} INFO - Setting next_dagrun for coleta_dados_abertos_cnpj to 2025-02-10 00:00:00+00:00, run_after=2025-03-10 00:00:00+00:00
[2025-03-24T02:39:33.927+0000] {processor.py:208} INFO - Processing /opt/airflow/dags/coleta_dados_abertos_cnpj/dag.py took 0.179 seconds
[2025-03-24T02:40:04.170+0000] {processor.py:186} INFO - Started process (PID=1182) to work on /opt/airflow/dags/coleta_dados_abertos_cnpj/dag.py
[2025-03-24T02:40:04.171+0000] {processor.py:914} INFO - Processing file /opt/airflow/dags/coleta_dados_abertos_cnpj/dag.py for tasks to queue
[2025-03-24T02:40:04.174+0000] {logging_mixin.py:190} INFO - [2025-03-24T02:40:04.173+0000] {dagbag.py:588} INFO - Filling up the DagBag from /opt/airflow/dags/coleta_dados_abertos_cnpj/dag.py
[2025-03-24T02:40:04.299+0000] {processor.py:925} INFO - DAG(s) 'coleta_dados_abertos_cnpj' retrieved from /opt/airflow/dags/coleta_dados_abertos_cnpj/dag.py
[2025-03-24T02:40:04.316+0000] {logging_mixin.py:190} INFO - [2025-03-24T02:40:04.316+0000] {dag.py:3239} INFO - Sync 1 DAGs
[2025-03-24T02:40:04.331+0000] {logging_mixin.py:190} INFO - [2025-03-24T02:40:04.331+0000] {dag.py:4180} INFO - Setting next_dagrun for coleta_dados_abertos_cnpj to 2025-02-10 00:00:00+00:00, run_after=2025-03-10 00:00:00+00:00
[2025-03-24T02:40:04.342+0000] {processor.py:208} INFO - Processing /opt/airflow/dags/coleta_dados_abertos_cnpj/dag.py took 0.175 seconds
[2025-03-24T02:40:34.553+0000] {processor.py:186} INFO - Started process (PID=1193) to work on /opt/airflow/dags/coleta_dados_abertos_cnpj/dag.py
[2025-03-24T02:40:34.554+0000] {processor.py:914} INFO - Processing file /opt/airflow/dags/coleta_dados_abertos_cnpj/dag.py for tasks to queue
[2025-03-24T02:40:34.556+0000] {logging_mixin.py:190} INFO - [2025-03-24T02:40:34.556+0000] {dagbag.py:588} INFO - Filling up the DagBag from /opt/airflow/dags/coleta_dados_abertos_cnpj/dag.py
[2025-03-24T02:40:34.678+0000] {processor.py:925} INFO - DAG(s) 'coleta_dados_abertos_cnpj' retrieved from /opt/airflow/dags/coleta_dados_abertos_cnpj/dag.py
[2025-03-24T02:40:34.696+0000] {logging_mixin.py:190} INFO - [2025-03-24T02:40:34.695+0000] {dag.py:3239} INFO - Sync 1 DAGs
[2025-03-24T02:40:34.709+0000] {logging_mixin.py:190} INFO - [2025-03-24T02:40:34.709+0000] {dag.py:4180} INFO - Setting next_dagrun for coleta_dados_abertos_cnpj to 2025-02-10 00:00:00+00:00, run_after=2025-03-10 00:00:00+00:00
[2025-03-24T02:40:34.721+0000] {processor.py:208} INFO - Processing /opt/airflow/dags/coleta_dados_abertos_cnpj/dag.py took 0.172 seconds
[2025-03-24T02:41:04.953+0000] {processor.py:186} INFO - Started process (PID=1204) to work on /opt/airflow/dags/coleta_dados_abertos_cnpj/dag.py
[2025-03-24T02:41:04.954+0000] {processor.py:914} INFO - Processing file /opt/airflow/dags/coleta_dados_abertos_cnpj/dag.py for tasks to queue
[2025-03-24T02:41:04.956+0000] {logging_mixin.py:190} INFO - [2025-03-24T02:41:04.955+0000] {dagbag.py:588} INFO - Filling up the DagBag from /opt/airflow/dags/coleta_dados_abertos_cnpj/dag.py
[2025-03-24T02:41:05.077+0000] {processor.py:925} INFO - DAG(s) 'coleta_dados_abertos_cnpj' retrieved from /opt/airflow/dags/coleta_dados_abertos_cnpj/dag.py
[2025-03-24T02:41:05.094+0000] {logging_mixin.py:190} INFO - [2025-03-24T02:41:05.094+0000] {dag.py:3239} INFO - Sync 1 DAGs
[2025-03-24T02:41:05.106+0000] {logging_mixin.py:190} INFO - [2025-03-24T02:41:05.106+0000] {dag.py:4180} INFO - Setting next_dagrun for coleta_dados_abertos_cnpj to 2025-02-10 00:00:00+00:00, run_after=2025-03-10 00:00:00+00:00
[2025-03-24T02:41:05.117+0000] {processor.py:208} INFO - Processing /opt/airflow/dags/coleta_dados_abertos_cnpj/dag.py took 0.168 seconds
[2025-03-24T02:41:35.333+0000] {processor.py:186} INFO - Started process (PID=1215) to work on /opt/airflow/dags/coleta_dados_abertos_cnpj/dag.py
[2025-03-24T02:41:35.334+0000] {processor.py:914} INFO - Processing file /opt/airflow/dags/coleta_dados_abertos_cnpj/dag.py for tasks to queue
[2025-03-24T02:41:35.336+0000] {logging_mixin.py:190} INFO - [2025-03-24T02:41:35.336+0000] {dagbag.py:588} INFO - Filling up the DagBag from /opt/airflow/dags/coleta_dados_abertos_cnpj/dag.py
[2025-03-24T02:41:35.461+0000] {processor.py:925} INFO - DAG(s) 'coleta_dados_abertos_cnpj' retrieved from /opt/airflow/dags/coleta_dados_abertos_cnpj/dag.py
[2025-03-24T02:41:35.477+0000] {logging_mixin.py:190} INFO - [2025-03-24T02:41:35.477+0000] {dag.py:3239} INFO - Sync 1 DAGs
[2025-03-24T02:41:35.490+0000] {logging_mixin.py:190} INFO - [2025-03-24T02:41:35.490+0000] {dag.py:4180} INFO - Setting next_dagrun for coleta_dados_abertos_cnpj to 2025-02-10 00:00:00+00:00, run_after=2025-03-10 00:00:00+00:00
[2025-03-24T02:41:35.499+0000] {processor.py:208} INFO - Processing /opt/airflow/dags/coleta_dados_abertos_cnpj/dag.py took 0.170 seconds
[2025-03-24T02:42:05.707+0000] {processor.py:186} INFO - Started process (PID=1226) to work on /opt/airflow/dags/coleta_dados_abertos_cnpj/dag.py
[2025-03-24T02:42:05.708+0000] {processor.py:914} INFO - Processing file /opt/airflow/dags/coleta_dados_abertos_cnpj/dag.py for tasks to queue
[2025-03-24T02:42:05.712+0000] {logging_mixin.py:190} INFO - [2025-03-24T02:42:05.712+0000] {dagbag.py:588} INFO - Filling up the DagBag from /opt/airflow/dags/coleta_dados_abertos_cnpj/dag.py
[2025-03-24T02:42:05.840+0000] {processor.py:925} INFO - DAG(s) 'coleta_dados_abertos_cnpj' retrieved from /opt/airflow/dags/coleta_dados_abertos_cnpj/dag.py
[2025-03-24T02:42:05.857+0000] {logging_mixin.py:190} INFO - [2025-03-24T02:42:05.857+0000] {dag.py:3239} INFO - Sync 1 DAGs
[2025-03-24T02:42:05.869+0000] {logging_mixin.py:190} INFO - [2025-03-24T02:42:05.869+0000] {dag.py:4180} INFO - Setting next_dagrun for coleta_dados_abertos_cnpj to 2025-02-10 00:00:00+00:00, run_after=2025-03-10 00:00:00+00:00
[2025-03-24T02:42:05.880+0000] {processor.py:208} INFO - Processing /opt/airflow/dags/coleta_dados_abertos_cnpj/dag.py took 0.176 seconds
[2025-03-24T02:42:36.086+0000] {processor.py:186} INFO - Started process (PID=1237) to work on /opt/airflow/dags/coleta_dados_abertos_cnpj/dag.py
[2025-03-24T02:42:36.087+0000] {processor.py:914} INFO - Processing file /opt/airflow/dags/coleta_dados_abertos_cnpj/dag.py for tasks to queue
[2025-03-24T02:42:36.089+0000] {logging_mixin.py:190} INFO - [2025-03-24T02:42:36.089+0000] {dagbag.py:588} INFO - Filling up the DagBag from /opt/airflow/dags/coleta_dados_abertos_cnpj/dag.py
[2025-03-24T02:42:36.213+0000] {processor.py:925} INFO - DAG(s) 'coleta_dados_abertos_cnpj' retrieved from /opt/airflow/dags/coleta_dados_abertos_cnpj/dag.py
[2025-03-24T02:42:36.231+0000] {logging_mixin.py:190} INFO - [2025-03-24T02:42:36.230+0000] {dag.py:3239} INFO - Sync 1 DAGs
[2025-03-24T02:42:36.244+0000] {logging_mixin.py:190} INFO - [2025-03-24T02:42:36.244+0000] {dag.py:4180} INFO - Setting next_dagrun for coleta_dados_abertos_cnpj to 2025-02-10 00:00:00+00:00, run_after=2025-03-10 00:00:00+00:00
[2025-03-24T02:42:36.255+0000] {processor.py:208} INFO - Processing /opt/airflow/dags/coleta_dados_abertos_cnpj/dag.py took 0.174 seconds
[2025-03-24T02:43:06.473+0000] {processor.py:186} INFO - Started process (PID=1248) to work on /opt/airflow/dags/coleta_dados_abertos_cnpj/dag.py
[2025-03-24T02:43:06.474+0000] {processor.py:914} INFO - Processing file /opt/airflow/dags/coleta_dados_abertos_cnpj/dag.py for tasks to queue
[2025-03-24T02:43:06.476+0000] {logging_mixin.py:190} INFO - [2025-03-24T02:43:06.475+0000] {dagbag.py:588} INFO - Filling up the DagBag from /opt/airflow/dags/coleta_dados_abertos_cnpj/dag.py
[2025-03-24T02:43:06.611+0000] {processor.py:925} INFO - DAG(s) 'coleta_dados_abertos_cnpj' retrieved from /opt/airflow/dags/coleta_dados_abertos_cnpj/dag.py
[2025-03-24T02:43:06.628+0000] {logging_mixin.py:190} INFO - [2025-03-24T02:43:06.627+0000] {dag.py:3239} INFO - Sync 1 DAGs
[2025-03-24T02:43:06.640+0000] {logging_mixin.py:190} INFO - [2025-03-24T02:43:06.639+0000] {dag.py:4180} INFO - Setting next_dagrun for coleta_dados_abertos_cnpj to 2025-02-10 00:00:00+00:00, run_after=2025-03-10 00:00:00+00:00
[2025-03-24T02:43:06.649+0000] {processor.py:208} INFO - Processing /opt/airflow/dags/coleta_dados_abertos_cnpj/dag.py took 0.179 seconds
[2025-03-24T02:43:36.864+0000] {processor.py:186} INFO - Started process (PID=1259) to work on /opt/airflow/dags/coleta_dados_abertos_cnpj/dag.py
[2025-03-24T02:43:36.865+0000] {processor.py:914} INFO - Processing file /opt/airflow/dags/coleta_dados_abertos_cnpj/dag.py for tasks to queue
[2025-03-24T02:43:36.867+0000] {logging_mixin.py:190} INFO - [2025-03-24T02:43:36.867+0000] {dagbag.py:588} INFO - Filling up the DagBag from /opt/airflow/dags/coleta_dados_abertos_cnpj/dag.py
[2025-03-24T02:43:36.985+0000] {processor.py:925} INFO - DAG(s) 'coleta_dados_abertos_cnpj' retrieved from /opt/airflow/dags/coleta_dados_abertos_cnpj/dag.py
[2025-03-24T02:43:37.002+0000] {logging_mixin.py:190} INFO - [2025-03-24T02:43:37.002+0000] {dag.py:3239} INFO - Sync 1 DAGs
[2025-03-24T02:43:37.015+0000] {logging_mixin.py:190} INFO - [2025-03-24T02:43:37.014+0000] {dag.py:4180} INFO - Setting next_dagrun for coleta_dados_abertos_cnpj to 2025-02-10 00:00:00+00:00, run_after=2025-03-10 00:00:00+00:00
[2025-03-24T02:43:37.025+0000] {processor.py:208} INFO - Processing /opt/airflow/dags/coleta_dados_abertos_cnpj/dag.py took 0.163 seconds
[2025-03-24T02:44:07.236+0000] {processor.py:186} INFO - Started process (PID=1270) to work on /opt/airflow/dags/coleta_dados_abertos_cnpj/dag.py
[2025-03-24T02:44:07.237+0000] {processor.py:914} INFO - Processing file /opt/airflow/dags/coleta_dados_abertos_cnpj/dag.py for tasks to queue
[2025-03-24T02:44:07.240+0000] {logging_mixin.py:190} INFO - [2025-03-24T02:44:07.239+0000] {dagbag.py:588} INFO - Filling up the DagBag from /opt/airflow/dags/coleta_dados_abertos_cnpj/dag.py
[2025-03-24T02:44:07.365+0000] {processor.py:925} INFO - DAG(s) 'coleta_dados_abertos_cnpj' retrieved from /opt/airflow/dags/coleta_dados_abertos_cnpj/dag.py
[2025-03-24T02:44:07.381+0000] {logging_mixin.py:190} INFO - [2025-03-24T02:44:07.381+0000] {dag.py:3239} INFO - Sync 1 DAGs
[2025-03-24T02:44:07.394+0000] {logging_mixin.py:190} INFO - [2025-03-24T02:44:07.394+0000] {dag.py:4180} INFO - Setting next_dagrun for coleta_dados_abertos_cnpj to 2025-02-10 00:00:00+00:00, run_after=2025-03-10 00:00:00+00:00
[2025-03-24T02:44:07.405+0000] {processor.py:208} INFO - Processing /opt/airflow/dags/coleta_dados_abertos_cnpj/dag.py took 0.172 seconds
[2025-03-24T02:44:37.611+0000] {processor.py:186} INFO - Started process (PID=1281) to work on /opt/airflow/dags/coleta_dados_abertos_cnpj/dag.py
[2025-03-24T02:44:37.612+0000] {processor.py:914} INFO - Processing file /opt/airflow/dags/coleta_dados_abertos_cnpj/dag.py for tasks to queue
[2025-03-24T02:44:37.613+0000] {logging_mixin.py:190} INFO - [2025-03-24T02:44:37.613+0000] {dagbag.py:588} INFO - Filling up the DagBag from /opt/airflow/dags/coleta_dados_abertos_cnpj/dag.py
[2025-03-24T02:44:37.733+0000] {processor.py:925} INFO - DAG(s) 'coleta_dados_abertos_cnpj' retrieved from /opt/airflow/dags/coleta_dados_abertos_cnpj/dag.py
[2025-03-24T02:44:37.749+0000] {logging_mixin.py:190} INFO - [2025-03-24T02:44:37.749+0000] {dag.py:3239} INFO - Sync 1 DAGs
[2025-03-24T02:44:37.761+0000] {logging_mixin.py:190} INFO - [2025-03-24T02:44:37.760+0000] {dag.py:4180} INFO - Setting next_dagrun for coleta_dados_abertos_cnpj to 2025-02-10 00:00:00+00:00, run_after=2025-03-10 00:00:00+00:00
[2025-03-24T02:44:37.770+0000] {processor.py:208} INFO - Processing /opt/airflow/dags/coleta_dados_abertos_cnpj/dag.py took 0.162 seconds
[2025-03-24T02:45:08.039+0000] {processor.py:186} INFO - Started process (PID=1292) to work on /opt/airflow/dags/coleta_dados_abertos_cnpj/dag.py
[2025-03-24T02:45:08.040+0000] {processor.py:914} INFO - Processing file /opt/airflow/dags/coleta_dados_abertos_cnpj/dag.py for tasks to queue
[2025-03-24T02:45:08.042+0000] {logging_mixin.py:190} INFO - [2025-03-24T02:45:08.042+0000] {dagbag.py:588} INFO - Filling up the DagBag from /opt/airflow/dags/coleta_dados_abertos_cnpj/dag.py
[2025-03-24T02:45:08.161+0000] {processor.py:925} INFO - DAG(s) 'coleta_dados_abertos_cnpj' retrieved from /opt/airflow/dags/coleta_dados_abertos_cnpj/dag.py
[2025-03-24T02:45:08.178+0000] {logging_mixin.py:190} INFO - [2025-03-24T02:45:08.178+0000] {dag.py:3239} INFO - Sync 1 DAGs
[2025-03-24T02:45:08.193+0000] {logging_mixin.py:190} INFO - [2025-03-24T02:45:08.192+0000] {dag.py:4180} INFO - Setting next_dagrun for coleta_dados_abertos_cnpj to 2025-02-10 00:00:00+00:00, run_after=2025-03-10 00:00:00+00:00
[2025-03-24T02:45:08.206+0000] {processor.py:208} INFO - Processing /opt/airflow/dags/coleta_dados_abertos_cnpj/dag.py took 0.169 seconds
[2025-03-24T02:45:38.417+0000] {processor.py:186} INFO - Started process (PID=1303) to work on /opt/airflow/dags/coleta_dados_abertos_cnpj/dag.py
[2025-03-24T02:45:38.418+0000] {processor.py:914} INFO - Processing file /opt/airflow/dags/coleta_dados_abertos_cnpj/dag.py for tasks to queue
[2025-03-24T02:45:38.420+0000] {logging_mixin.py:190} INFO - [2025-03-24T02:45:38.420+0000] {dagbag.py:588} INFO - Filling up the DagBag from /opt/airflow/dags/coleta_dados_abertos_cnpj/dag.py
[2025-03-24T02:45:38.540+0000] {processor.py:925} INFO - DAG(s) 'coleta_dados_abertos_cnpj' retrieved from /opt/airflow/dags/coleta_dados_abertos_cnpj/dag.py
[2025-03-24T02:45:38.558+0000] {logging_mixin.py:190} INFO - [2025-03-24T02:45:38.557+0000] {dag.py:3239} INFO - Sync 1 DAGs
[2025-03-24T02:45:38.571+0000] {logging_mixin.py:190} INFO - [2025-03-24T02:45:38.571+0000] {dag.py:4180} INFO - Setting next_dagrun for coleta_dados_abertos_cnpj to 2025-02-10 00:00:00+00:00, run_after=2025-03-10 00:00:00+00:00
[2025-03-24T02:45:38.585+0000] {processor.py:208} INFO - Processing /opt/airflow/dags/coleta_dados_abertos_cnpj/dag.py took 0.172 seconds
[2025-03-24T02:46:08.811+0000] {processor.py:186} INFO - Started process (PID=1314) to work on /opt/airflow/dags/coleta_dados_abertos_cnpj/dag.py
[2025-03-24T02:46:08.812+0000] {processor.py:914} INFO - Processing file /opt/airflow/dags/coleta_dados_abertos_cnpj/dag.py for tasks to queue
[2025-03-24T02:46:08.815+0000] {logging_mixin.py:190} INFO - [2025-03-24T02:46:08.814+0000] {dagbag.py:588} INFO - Filling up the DagBag from /opt/airflow/dags/coleta_dados_abertos_cnpj/dag.py
[2025-03-24T02:46:08.937+0000] {processor.py:925} INFO - DAG(s) 'coleta_dados_abertos_cnpj' retrieved from /opt/airflow/dags/coleta_dados_abertos_cnpj/dag.py
[2025-03-24T02:46:08.956+0000] {logging_mixin.py:190} INFO - [2025-03-24T02:46:08.956+0000] {dag.py:3239} INFO - Sync 1 DAGs
[2025-03-24T02:46:08.971+0000] {logging_mixin.py:190} INFO - [2025-03-24T02:46:08.971+0000] {dag.py:4180} INFO - Setting next_dagrun for coleta_dados_abertos_cnpj to 2025-02-10 00:00:00+00:00, run_after=2025-03-10 00:00:00+00:00
[2025-03-24T02:46:08.986+0000] {processor.py:208} INFO - Processing /opt/airflow/dags/coleta_dados_abertos_cnpj/dag.py took 0.178 seconds
[2025-03-24T02:46:39.186+0000] {processor.py:186} INFO - Started process (PID=1325) to work on /opt/airflow/dags/coleta_dados_abertos_cnpj/dag.py
[2025-03-24T02:46:39.187+0000] {processor.py:914} INFO - Processing file /opt/airflow/dags/coleta_dados_abertos_cnpj/dag.py for tasks to queue
[2025-03-24T02:46:39.189+0000] {logging_mixin.py:190} INFO - [2025-03-24T02:46:39.189+0000] {dagbag.py:588} INFO - Filling up the DagBag from /opt/airflow/dags/coleta_dados_abertos_cnpj/dag.py
[2025-03-24T02:46:39.322+0000] {processor.py:925} INFO - DAG(s) 'coleta_dados_abertos_cnpj' retrieved from /opt/airflow/dags/coleta_dados_abertos_cnpj/dag.py
[2025-03-24T02:46:39.340+0000] {logging_mixin.py:190} INFO - [2025-03-24T02:46:39.340+0000] {dag.py:3239} INFO - Sync 1 DAGs
[2025-03-24T02:46:39.353+0000] {logging_mixin.py:190} INFO - [2025-03-24T02:46:39.353+0000] {dag.py:4180} INFO - Setting next_dagrun for coleta_dados_abertos_cnpj to 2025-02-10 00:00:00+00:00, run_after=2025-03-10 00:00:00+00:00
[2025-03-24T02:46:39.363+0000] {processor.py:208} INFO - Processing /opt/airflow/dags/coleta_dados_abertos_cnpj/dag.py took 0.181 seconds
[2025-03-24T02:47:09.572+0000] {processor.py:186} INFO - Started process (PID=1336) to work on /opt/airflow/dags/coleta_dados_abertos_cnpj/dag.py
[2025-03-24T02:47:09.573+0000] {processor.py:914} INFO - Processing file /opt/airflow/dags/coleta_dados_abertos_cnpj/dag.py for tasks to queue
[2025-03-24T02:47:09.575+0000] {logging_mixin.py:190} INFO - [2025-03-24T02:47:09.575+0000] {dagbag.py:588} INFO - Filling up the DagBag from /opt/airflow/dags/coleta_dados_abertos_cnpj/dag.py
[2025-03-24T02:47:09.709+0000] {processor.py:925} INFO - DAG(s) 'coleta_dados_abertos_cnpj' retrieved from /opt/airflow/dags/coleta_dados_abertos_cnpj/dag.py
[2025-03-24T02:47:09.725+0000] {logging_mixin.py:190} INFO - [2025-03-24T02:47:09.725+0000] {dag.py:3239} INFO - Sync 1 DAGs
[2025-03-24T02:47:09.738+0000] {logging_mixin.py:190} INFO - [2025-03-24T02:47:09.737+0000] {dag.py:4180} INFO - Setting next_dagrun for coleta_dados_abertos_cnpj to 2025-02-10 00:00:00+00:00, run_after=2025-03-10 00:00:00+00:00
[2025-03-24T02:47:09.748+0000] {processor.py:208} INFO - Processing /opt/airflow/dags/coleta_dados_abertos_cnpj/dag.py took 0.178 seconds
[2025-03-24T02:47:39.950+0000] {processor.py:186} INFO - Started process (PID=1347) to work on /opt/airflow/dags/coleta_dados_abertos_cnpj/dag.py
[2025-03-24T02:47:39.951+0000] {processor.py:914} INFO - Processing file /opt/airflow/dags/coleta_dados_abertos_cnpj/dag.py for tasks to queue
[2025-03-24T02:47:39.954+0000] {logging_mixin.py:190} INFO - [2025-03-24T02:47:39.953+0000] {dagbag.py:588} INFO - Filling up the DagBag from /opt/airflow/dags/coleta_dados_abertos_cnpj/dag.py
[2025-03-24T02:47:40.080+0000] {processor.py:925} INFO - DAG(s) 'coleta_dados_abertos_cnpj' retrieved from /opt/airflow/dags/coleta_dados_abertos_cnpj/dag.py
[2025-03-24T02:47:40.097+0000] {logging_mixin.py:190} INFO - [2025-03-24T02:47:40.096+0000] {dag.py:3239} INFO - Sync 1 DAGs
[2025-03-24T02:47:40.115+0000] {logging_mixin.py:190} INFO - [2025-03-24T02:47:40.114+0000] {dag.py:4180} INFO - Setting next_dagrun for coleta_dados_abertos_cnpj to 2025-02-10 00:00:00+00:00, run_after=2025-03-10 00:00:00+00:00
[2025-03-24T02:47:40.127+0000] {processor.py:208} INFO - Processing /opt/airflow/dags/coleta_dados_abertos_cnpj/dag.py took 0.180 seconds
[2025-03-24T02:48:10.316+0000] {processor.py:186} INFO - Started process (PID=1358) to work on /opt/airflow/dags/coleta_dados_abertos_cnpj/dag.py
[2025-03-24T02:48:10.318+0000] {processor.py:914} INFO - Processing file /opt/airflow/dags/coleta_dados_abertos_cnpj/dag.py for tasks to queue
[2025-03-24T02:48:10.320+0000] {logging_mixin.py:190} INFO - [2025-03-24T02:48:10.319+0000] {dagbag.py:588} INFO - Filling up the DagBag from /opt/airflow/dags/coleta_dados_abertos_cnpj/dag.py
[2025-03-24T02:48:10.451+0000] {processor.py:925} INFO - DAG(s) 'coleta_dados_abertos_cnpj' retrieved from /opt/airflow/dags/coleta_dados_abertos_cnpj/dag.py
[2025-03-24T02:48:10.469+0000] {logging_mixin.py:190} INFO - [2025-03-24T02:48:10.468+0000] {dag.py:3239} INFO - Sync 1 DAGs
[2025-03-24T02:48:10.483+0000] {logging_mixin.py:190} INFO - [2025-03-24T02:48:10.482+0000] {dag.py:4180} INFO - Setting next_dagrun for coleta_dados_abertos_cnpj to 2025-02-10 00:00:00+00:00, run_after=2025-03-10 00:00:00+00:00
[2025-03-24T02:48:10.495+0000] {processor.py:208} INFO - Processing /opt/airflow/dags/coleta_dados_abertos_cnpj/dag.py took 0.182 seconds
[2025-03-24T02:48:40.698+0000] {processor.py:186} INFO - Started process (PID=1369) to work on /opt/airflow/dags/coleta_dados_abertos_cnpj/dag.py
[2025-03-24T02:48:40.699+0000] {processor.py:914} INFO - Processing file /opt/airflow/dags/coleta_dados_abertos_cnpj/dag.py for tasks to queue
[2025-03-24T02:48:40.700+0000] {logging_mixin.py:190} INFO - [2025-03-24T02:48:40.700+0000] {dagbag.py:588} INFO - Filling up the DagBag from /opt/airflow/dags/coleta_dados_abertos_cnpj/dag.py
[2025-03-24T02:48:40.822+0000] {processor.py:925} INFO - DAG(s) 'coleta_dados_abertos_cnpj' retrieved from /opt/airflow/dags/coleta_dados_abertos_cnpj/dag.py
[2025-03-24T02:48:40.839+0000] {logging_mixin.py:190} INFO - [2025-03-24T02:48:40.839+0000] {dag.py:3239} INFO - Sync 1 DAGs
[2025-03-24T02:48:40.852+0000] {logging_mixin.py:190} INFO - [2025-03-24T02:48:40.851+0000] {dag.py:4180} INFO - Setting next_dagrun for coleta_dados_abertos_cnpj to 2025-02-10 00:00:00+00:00, run_after=2025-03-10 00:00:00+00:00
[2025-03-24T02:48:40.864+0000] {processor.py:208} INFO - Processing /opt/airflow/dags/coleta_dados_abertos_cnpj/dag.py took 0.170 seconds
[2025-03-24T02:49:11.071+0000] {processor.py:186} INFO - Started process (PID=1380) to work on /opt/airflow/dags/coleta_dados_abertos_cnpj/dag.py
[2025-03-24T02:49:11.072+0000] {processor.py:914} INFO - Processing file /opt/airflow/dags/coleta_dados_abertos_cnpj/dag.py for tasks to queue
[2025-03-24T02:49:11.074+0000] {logging_mixin.py:190} INFO - [2025-03-24T02:49:11.074+0000] {dagbag.py:588} INFO - Filling up the DagBag from /opt/airflow/dags/coleta_dados_abertos_cnpj/dag.py
[2025-03-24T02:49:11.195+0000] {processor.py:925} INFO - DAG(s) 'coleta_dados_abertos_cnpj' retrieved from /opt/airflow/dags/coleta_dados_abertos_cnpj/dag.py
[2025-03-24T02:49:11.213+0000] {logging_mixin.py:190} INFO - [2025-03-24T02:49:11.213+0000] {dag.py:3239} INFO - Sync 1 DAGs
[2025-03-24T02:49:11.225+0000] {logging_mixin.py:190} INFO - [2025-03-24T02:49:11.225+0000] {dag.py:4180} INFO - Setting next_dagrun for coleta_dados_abertos_cnpj to 2025-02-10 00:00:00+00:00, run_after=2025-03-10 00:00:00+00:00
[2025-03-24T02:49:11.236+0000] {processor.py:208} INFO - Processing /opt/airflow/dags/coleta_dados_abertos_cnpj/dag.py took 0.168 seconds
[2025-03-24T02:49:41.449+0000] {processor.py:186} INFO - Started process (PID=1391) to work on /opt/airflow/dags/coleta_dados_abertos_cnpj/dag.py
[2025-03-24T02:49:41.451+0000] {processor.py:914} INFO - Processing file /opt/airflow/dags/coleta_dados_abertos_cnpj/dag.py for tasks to queue
[2025-03-24T02:49:41.454+0000] {logging_mixin.py:190} INFO - [2025-03-24T02:49:41.454+0000] {dagbag.py:588} INFO - Filling up the DagBag from /opt/airflow/dags/coleta_dados_abertos_cnpj/dag.py
[2025-03-24T02:49:41.584+0000] {processor.py:925} INFO - DAG(s) 'coleta_dados_abertos_cnpj' retrieved from /opt/airflow/dags/coleta_dados_abertos_cnpj/dag.py
[2025-03-24T02:49:41.600+0000] {logging_mixin.py:190} INFO - [2025-03-24T02:49:41.600+0000] {dag.py:3239} INFO - Sync 1 DAGs
[2025-03-24T02:49:41.612+0000] {logging_mixin.py:190} INFO - [2025-03-24T02:49:41.612+0000] {dag.py:4180} INFO - Setting next_dagrun for coleta_dados_abertos_cnpj to 2025-02-10 00:00:00+00:00, run_after=2025-03-10 00:00:00+00:00
[2025-03-24T02:49:41.623+0000] {processor.py:208} INFO - Processing /opt/airflow/dags/coleta_dados_abertos_cnpj/dag.py took 0.177 seconds
[2025-03-24T02:50:11.909+0000] {processor.py:186} INFO - Started process (PID=1402) to work on /opt/airflow/dags/coleta_dados_abertos_cnpj/dag.py
[2025-03-24T02:50:11.910+0000] {processor.py:914} INFO - Processing file /opt/airflow/dags/coleta_dados_abertos_cnpj/dag.py for tasks to queue
[2025-03-24T02:50:11.912+0000] {logging_mixin.py:190} INFO - [2025-03-24T02:50:11.912+0000] {dagbag.py:588} INFO - Filling up the DagBag from /opt/airflow/dags/coleta_dados_abertos_cnpj/dag.py
[2025-03-24T02:50:12.039+0000] {processor.py:925} INFO - DAG(s) 'coleta_dados_abertos_cnpj' retrieved from /opt/airflow/dags/coleta_dados_abertos_cnpj/dag.py
[2025-03-24T02:50:12.055+0000] {logging_mixin.py:190} INFO - [2025-03-24T02:50:12.055+0000] {dag.py:3239} INFO - Sync 1 DAGs
[2025-03-24T02:50:12.067+0000] {logging_mixin.py:190} INFO - [2025-03-24T02:50:12.067+0000] {dag.py:4180} INFO - Setting next_dagrun for coleta_dados_abertos_cnpj to 2025-02-10 00:00:00+00:00, run_after=2025-03-10 00:00:00+00:00
[2025-03-24T02:50:12.078+0000] {processor.py:208} INFO - Processing /opt/airflow/dags/coleta_dados_abertos_cnpj/dag.py took 0.173 seconds
[2025-03-24T02:50:42.285+0000] {processor.py:186} INFO - Started process (PID=1413) to work on /opt/airflow/dags/coleta_dados_abertos_cnpj/dag.py
[2025-03-24T02:50:42.286+0000] {processor.py:914} INFO - Processing file /opt/airflow/dags/coleta_dados_abertos_cnpj/dag.py for tasks to queue
[2025-03-24T02:50:42.287+0000] {logging_mixin.py:190} INFO - [2025-03-24T02:50:42.287+0000] {dagbag.py:588} INFO - Filling up the DagBag from /opt/airflow/dags/coleta_dados_abertos_cnpj/dag.py
[2025-03-24T02:50:42.413+0000] {processor.py:925} INFO - DAG(s) 'coleta_dados_abertos_cnpj' retrieved from /opt/airflow/dags/coleta_dados_abertos_cnpj/dag.py
[2025-03-24T02:50:42.431+0000] {logging_mixin.py:190} INFO - [2025-03-24T02:50:42.431+0000] {dag.py:3239} INFO - Sync 1 DAGs
[2025-03-24T02:50:42.445+0000] {logging_mixin.py:190} INFO - [2025-03-24T02:50:42.445+0000] {dag.py:4180} INFO - Setting next_dagrun for coleta_dados_abertos_cnpj to 2025-02-10 00:00:00+00:00, run_after=2025-03-10 00:00:00+00:00
[2025-03-24T02:50:42.455+0000] {processor.py:208} INFO - Processing /opt/airflow/dags/coleta_dados_abertos_cnpj/dag.py took 0.174 seconds
[2025-03-24T02:51:12.664+0000] {processor.py:186} INFO - Started process (PID=1424) to work on /opt/airflow/dags/coleta_dados_abertos_cnpj/dag.py
[2025-03-24T02:51:12.665+0000] {processor.py:914} INFO - Processing file /opt/airflow/dags/coleta_dados_abertos_cnpj/dag.py for tasks to queue
[2025-03-24T02:51:12.667+0000] {logging_mixin.py:190} INFO - [2025-03-24T02:51:12.667+0000] {dagbag.py:588} INFO - Filling up the DagBag from /opt/airflow/dags/coleta_dados_abertos_cnpj/dag.py
[2025-03-24T02:51:12.797+0000] {processor.py:925} INFO - DAG(s) 'coleta_dados_abertos_cnpj' retrieved from /opt/airflow/dags/coleta_dados_abertos_cnpj/dag.py
[2025-03-24T02:51:12.815+0000] {logging_mixin.py:190} INFO - [2025-03-24T02:51:12.815+0000] {dag.py:3239} INFO - Sync 1 DAGs
[2025-03-24T02:51:12.829+0000] {logging_mixin.py:190} INFO - [2025-03-24T02:51:12.828+0000] {dag.py:4180} INFO - Setting next_dagrun for coleta_dados_abertos_cnpj to 2025-02-10 00:00:00+00:00, run_after=2025-03-10 00:00:00+00:00
[2025-03-24T02:51:12.839+0000] {processor.py:208} INFO - Processing /opt/airflow/dags/coleta_dados_abertos_cnpj/dag.py took 0.178 seconds
[2025-03-24T02:51:43.031+0000] {processor.py:186} INFO - Started process (PID=1435) to work on /opt/airflow/dags/coleta_dados_abertos_cnpj/dag.py
[2025-03-24T02:51:43.032+0000] {processor.py:914} INFO - Processing file /opt/airflow/dags/coleta_dados_abertos_cnpj/dag.py for tasks to queue
[2025-03-24T02:51:43.036+0000] {logging_mixin.py:190} INFO - [2025-03-24T02:51:43.035+0000] {dagbag.py:588} INFO - Filling up the DagBag from /opt/airflow/dags/coleta_dados_abertos_cnpj/dag.py
[2025-03-24T02:51:43.157+0000] {processor.py:925} INFO - DAG(s) 'coleta_dados_abertos_cnpj' retrieved from /opt/airflow/dags/coleta_dados_abertos_cnpj/dag.py
[2025-03-24T02:51:43.174+0000] {logging_mixin.py:190} INFO - [2025-03-24T02:51:43.174+0000] {dag.py:3239} INFO - Sync 1 DAGs
[2025-03-24T02:51:43.187+0000] {logging_mixin.py:190} INFO - [2025-03-24T02:51:43.186+0000] {dag.py:4180} INFO - Setting next_dagrun for coleta_dados_abertos_cnpj to 2025-02-10 00:00:00+00:00, run_after=2025-03-10 00:00:00+00:00
[2025-03-24T02:51:43.198+0000] {processor.py:208} INFO - Processing /opt/airflow/dags/coleta_dados_abertos_cnpj/dag.py took 0.170 seconds
[2025-03-24T02:52:13.408+0000] {processor.py:186} INFO - Started process (PID=1446) to work on /opt/airflow/dags/coleta_dados_abertos_cnpj/dag.py
[2025-03-24T02:52:13.409+0000] {processor.py:914} INFO - Processing file /opt/airflow/dags/coleta_dados_abertos_cnpj/dag.py for tasks to queue
[2025-03-24T02:52:13.410+0000] {logging_mixin.py:190} INFO - [2025-03-24T02:52:13.410+0000] {dagbag.py:588} INFO - Filling up the DagBag from /opt/airflow/dags/coleta_dados_abertos_cnpj/dag.py
[2025-03-24T02:52:13.538+0000] {processor.py:925} INFO - DAG(s) 'coleta_dados_abertos_cnpj' retrieved from /opt/airflow/dags/coleta_dados_abertos_cnpj/dag.py
[2025-03-24T02:52:13.554+0000] {logging_mixin.py:190} INFO - [2025-03-24T02:52:13.554+0000] {dag.py:3239} INFO - Sync 1 DAGs
[2025-03-24T02:52:13.566+0000] {logging_mixin.py:190} INFO - [2025-03-24T02:52:13.566+0000] {dag.py:4180} INFO - Setting next_dagrun for coleta_dados_abertos_cnpj to 2025-02-10 00:00:00+00:00, run_after=2025-03-10 00:00:00+00:00
[2025-03-24T02:52:13.577+0000] {processor.py:208} INFO - Processing /opt/airflow/dags/coleta_dados_abertos_cnpj/dag.py took 0.173 seconds
[2025-03-24T02:52:43.789+0000] {processor.py:186} INFO - Started process (PID=1457) to work on /opt/airflow/dags/coleta_dados_abertos_cnpj/dag.py
[2025-03-24T02:52:43.790+0000] {processor.py:914} INFO - Processing file /opt/airflow/dags/coleta_dados_abertos_cnpj/dag.py for tasks to queue
[2025-03-24T02:52:43.792+0000] {logging_mixin.py:190} INFO - [2025-03-24T02:52:43.792+0000] {dagbag.py:588} INFO - Filling up the DagBag from /opt/airflow/dags/coleta_dados_abertos_cnpj/dag.py
[2025-03-24T02:52:43.915+0000] {processor.py:925} INFO - DAG(s) 'coleta_dados_abertos_cnpj' retrieved from /opt/airflow/dags/coleta_dados_abertos_cnpj/dag.py
[2025-03-24T02:52:43.931+0000] {logging_mixin.py:190} INFO - [2025-03-24T02:52:43.931+0000] {dag.py:3239} INFO - Sync 1 DAGs
[2025-03-24T02:52:43.944+0000] {logging_mixin.py:190} INFO - [2025-03-24T02:52:43.944+0000] {dag.py:4180} INFO - Setting next_dagrun for coleta_dados_abertos_cnpj to 2025-02-10 00:00:00+00:00, run_after=2025-03-10 00:00:00+00:00
[2025-03-24T02:52:43.957+0000] {processor.py:208} INFO - Processing /opt/airflow/dags/coleta_dados_abertos_cnpj/dag.py took 0.172 seconds
[2025-03-24T02:53:14.158+0000] {processor.py:186} INFO - Started process (PID=1468) to work on /opt/airflow/dags/coleta_dados_abertos_cnpj/dag.py
[2025-03-24T02:53:14.158+0000] {processor.py:914} INFO - Processing file /opt/airflow/dags/coleta_dados_abertos_cnpj/dag.py for tasks to queue
[2025-03-24T02:53:14.160+0000] {logging_mixin.py:190} INFO - [2025-03-24T02:53:14.160+0000] {dagbag.py:588} INFO - Filling up the DagBag from /opt/airflow/dags/coleta_dados_abertos_cnpj/dag.py
[2025-03-24T02:53:14.291+0000] {processor.py:925} INFO - DAG(s) 'coleta_dados_abertos_cnpj' retrieved from /opt/airflow/dags/coleta_dados_abertos_cnpj/dag.py
[2025-03-24T02:53:14.308+0000] {logging_mixin.py:190} INFO - [2025-03-24T02:53:14.308+0000] {dag.py:3239} INFO - Sync 1 DAGs
[2025-03-24T02:53:14.320+0000] {logging_mixin.py:190} INFO - [2025-03-24T02:53:14.320+0000] {dag.py:4180} INFO - Setting next_dagrun for coleta_dados_abertos_cnpj to 2025-02-10 00:00:00+00:00, run_after=2025-03-10 00:00:00+00:00
[2025-03-24T02:53:14.330+0000] {processor.py:208} INFO - Processing /opt/airflow/dags/coleta_dados_abertos_cnpj/dag.py took 0.175 seconds
[2025-03-24T02:53:44.544+0000] {processor.py:186} INFO - Started process (PID=1479) to work on /opt/airflow/dags/coleta_dados_abertos_cnpj/dag.py
[2025-03-24T02:53:44.544+0000] {processor.py:914} INFO - Processing file /opt/airflow/dags/coleta_dados_abertos_cnpj/dag.py for tasks to queue
[2025-03-24T02:53:44.547+0000] {logging_mixin.py:190} INFO - [2025-03-24T02:53:44.546+0000] {dagbag.py:588} INFO - Filling up the DagBag from /opt/airflow/dags/coleta_dados_abertos_cnpj/dag.py
[2025-03-24T02:53:44.667+0000] {processor.py:925} INFO - DAG(s) 'coleta_dados_abertos_cnpj' retrieved from /opt/airflow/dags/coleta_dados_abertos_cnpj/dag.py
[2025-03-24T02:53:44.685+0000] {logging_mixin.py:190} INFO - [2025-03-24T02:53:44.685+0000] {dag.py:3239} INFO - Sync 1 DAGs
[2025-03-24T02:53:44.699+0000] {logging_mixin.py:190} INFO - [2025-03-24T02:53:44.699+0000] {dag.py:4180} INFO - Setting next_dagrun for coleta_dados_abertos_cnpj to 2025-02-10 00:00:00+00:00, run_after=2025-03-10 00:00:00+00:00
[2025-03-24T02:53:44.708+0000] {processor.py:208} INFO - Processing /opt/airflow/dags/coleta_dados_abertos_cnpj/dag.py took 0.168 seconds
[2025-03-24T02:54:14.920+0000] {processor.py:186} INFO - Started process (PID=1490) to work on /opt/airflow/dags/coleta_dados_abertos_cnpj/dag.py
[2025-03-24T02:54:14.921+0000] {processor.py:914} INFO - Processing file /opt/airflow/dags/coleta_dados_abertos_cnpj/dag.py for tasks to queue
[2025-03-24T02:54:14.923+0000] {logging_mixin.py:190} INFO - [2025-03-24T02:54:14.922+0000] {dagbag.py:588} INFO - Filling up the DagBag from /opt/airflow/dags/coleta_dados_abertos_cnpj/dag.py
[2025-03-24T02:54:15.052+0000] {processor.py:925} INFO - DAG(s) 'coleta_dados_abertos_cnpj' retrieved from /opt/airflow/dags/coleta_dados_abertos_cnpj/dag.py
[2025-03-24T02:54:15.069+0000] {logging_mixin.py:190} INFO - [2025-03-24T02:54:15.068+0000] {dag.py:3239} INFO - Sync 1 DAGs
[2025-03-24T02:54:15.081+0000] {logging_mixin.py:190} INFO - [2025-03-24T02:54:15.081+0000] {dag.py:4180} INFO - Setting next_dagrun for coleta_dados_abertos_cnpj to 2025-02-10 00:00:00+00:00, run_after=2025-03-10 00:00:00+00:00
[2025-03-24T02:54:15.093+0000] {processor.py:208} INFO - Processing /opt/airflow/dags/coleta_dados_abertos_cnpj/dag.py took 0.176 seconds
[2025-03-24T02:54:45.279+0000] {processor.py:186} INFO - Started process (PID=1501) to work on /opt/airflow/dags/coleta_dados_abertos_cnpj/dag.py
[2025-03-24T02:54:45.280+0000] {processor.py:914} INFO - Processing file /opt/airflow/dags/coleta_dados_abertos_cnpj/dag.py for tasks to queue
[2025-03-24T02:54:45.282+0000] {logging_mixin.py:190} INFO - [2025-03-24T02:54:45.282+0000] {dagbag.py:588} INFO - Filling up the DagBag from /opt/airflow/dags/coleta_dados_abertos_cnpj/dag.py
[2025-03-24T02:54:45.401+0000] {processor.py:925} INFO - DAG(s) 'coleta_dados_abertos_cnpj' retrieved from /opt/airflow/dags/coleta_dados_abertos_cnpj/dag.py
[2025-03-24T02:54:45.418+0000] {logging_mixin.py:190} INFO - [2025-03-24T02:54:45.418+0000] {dag.py:3239} INFO - Sync 1 DAGs
[2025-03-24T02:54:45.431+0000] {logging_mixin.py:190} INFO - [2025-03-24T02:54:45.431+0000] {dag.py:4180} INFO - Setting next_dagrun for coleta_dados_abertos_cnpj to 2025-02-10 00:00:00+00:00, run_after=2025-03-10 00:00:00+00:00
[2025-03-24T02:54:45.441+0000] {processor.py:208} INFO - Processing /opt/airflow/dags/coleta_dados_abertos_cnpj/dag.py took 0.165 seconds
[2025-03-24T02:55:15.709+0000] {processor.py:186} INFO - Started process (PID=1512) to work on /opt/airflow/dags/coleta_dados_abertos_cnpj/dag.py
[2025-03-24T02:55:15.711+0000] {processor.py:914} INFO - Processing file /opt/airflow/dags/coleta_dados_abertos_cnpj/dag.py for tasks to queue
[2025-03-24T02:55:15.713+0000] {logging_mixin.py:190} INFO - [2025-03-24T02:55:15.713+0000] {dagbag.py:588} INFO - Filling up the DagBag from /opt/airflow/dags/coleta_dados_abertos_cnpj/dag.py
[2025-03-24T02:55:15.833+0000] {processor.py:925} INFO - DAG(s) 'coleta_dados_abertos_cnpj' retrieved from /opt/airflow/dags/coleta_dados_abertos_cnpj/dag.py
[2025-03-24T02:55:15.849+0000] {logging_mixin.py:190} INFO - [2025-03-24T02:55:15.848+0000] {dag.py:3239} INFO - Sync 1 DAGs
[2025-03-24T02:55:15.861+0000] {logging_mixin.py:190} INFO - [2025-03-24T02:55:15.861+0000] {dag.py:4180} INFO - Setting next_dagrun for coleta_dados_abertos_cnpj to 2025-02-10 00:00:00+00:00, run_after=2025-03-10 00:00:00+00:00
[2025-03-24T02:55:15.872+0000] {processor.py:208} INFO - Processing /opt/airflow/dags/coleta_dados_abertos_cnpj/dag.py took 0.166 seconds
[2025-03-24T02:55:46.079+0000] {processor.py:186} INFO - Started process (PID=1523) to work on /opt/airflow/dags/coleta_dados_abertos_cnpj/dag.py
[2025-03-24T02:55:46.080+0000] {processor.py:914} INFO - Processing file /opt/airflow/dags/coleta_dados_abertos_cnpj/dag.py for tasks to queue
[2025-03-24T02:55:46.082+0000] {logging_mixin.py:190} INFO - [2025-03-24T02:55:46.082+0000] {dagbag.py:588} INFO - Filling up the DagBag from /opt/airflow/dags/coleta_dados_abertos_cnpj/dag.py
[2025-03-24T02:55:46.204+0000] {processor.py:925} INFO - DAG(s) 'coleta_dados_abertos_cnpj' retrieved from /opt/airflow/dags/coleta_dados_abertos_cnpj/dag.py
[2025-03-24T02:55:46.221+0000] {logging_mixin.py:190} INFO - [2025-03-24T02:55:46.221+0000] {dag.py:3239} INFO - Sync 1 DAGs
[2025-03-24T02:55:46.234+0000] {logging_mixin.py:190} INFO - [2025-03-24T02:55:46.234+0000] {dag.py:4180} INFO - Setting next_dagrun for coleta_dados_abertos_cnpj to 2025-02-10 00:00:00+00:00, run_after=2025-03-10 00:00:00+00:00
[2025-03-24T02:55:46.244+0000] {processor.py:208} INFO - Processing /opt/airflow/dags/coleta_dados_abertos_cnpj/dag.py took 0.168 seconds
[2025-03-24T02:56:16.460+0000] {processor.py:186} INFO - Started process (PID=1534) to work on /opt/airflow/dags/coleta_dados_abertos_cnpj/dag.py
[2025-03-24T02:56:16.461+0000] {processor.py:914} INFO - Processing file /opt/airflow/dags/coleta_dados_abertos_cnpj/dag.py for tasks to queue
[2025-03-24T02:56:16.463+0000] {logging_mixin.py:190} INFO - [2025-03-24T02:56:16.463+0000] {dagbag.py:588} INFO - Filling up the DagBag from /opt/airflow/dags/coleta_dados_abertos_cnpj/dag.py
[2025-03-24T02:56:16.589+0000] {processor.py:925} INFO - DAG(s) 'coleta_dados_abertos_cnpj' retrieved from /opt/airflow/dags/coleta_dados_abertos_cnpj/dag.py
[2025-03-24T02:56:16.605+0000] {logging_mixin.py:190} INFO - [2025-03-24T02:56:16.605+0000] {dag.py:3239} INFO - Sync 1 DAGs
[2025-03-24T02:56:16.618+0000] {logging_mixin.py:190} INFO - [2025-03-24T02:56:16.618+0000] {dag.py:4180} INFO - Setting next_dagrun for coleta_dados_abertos_cnpj to 2025-02-10 00:00:00+00:00, run_after=2025-03-10 00:00:00+00:00
[2025-03-24T02:56:16.627+0000] {processor.py:208} INFO - Processing /opt/airflow/dags/coleta_dados_abertos_cnpj/dag.py took 0.170 seconds
[2025-03-24T02:56:46.833+0000] {processor.py:186} INFO - Started process (PID=1545) to work on /opt/airflow/dags/coleta_dados_abertos_cnpj/dag.py
[2025-03-24T02:56:46.834+0000] {processor.py:914} INFO - Processing file /opt/airflow/dags/coleta_dados_abertos_cnpj/dag.py for tasks to queue
[2025-03-24T02:56:46.836+0000] {logging_mixin.py:190} INFO - [2025-03-24T02:56:46.836+0000] {dagbag.py:588} INFO - Filling up the DagBag from /opt/airflow/dags/coleta_dados_abertos_cnpj/dag.py
[2025-03-24T02:56:46.965+0000] {processor.py:925} INFO - DAG(s) 'coleta_dados_abertos_cnpj' retrieved from /opt/airflow/dags/coleta_dados_abertos_cnpj/dag.py
[2025-03-24T02:56:46.982+0000] {logging_mixin.py:190} INFO - [2025-03-24T02:56:46.981+0000] {dag.py:3239} INFO - Sync 1 DAGs
[2025-03-24T02:56:46.995+0000] {logging_mixin.py:190} INFO - [2025-03-24T02:56:46.995+0000] {dag.py:4180} INFO - Setting next_dagrun for coleta_dados_abertos_cnpj to 2025-02-10 00:00:00+00:00, run_after=2025-03-10 00:00:00+00:00
[2025-03-24T02:56:47.005+0000] {processor.py:208} INFO - Processing /opt/airflow/dags/coleta_dados_abertos_cnpj/dag.py took 0.175 seconds
[2025-03-24T02:57:17.231+0000] {processor.py:186} INFO - Started process (PID=1556) to work on /opt/airflow/dags/coleta_dados_abertos_cnpj/dag.py
[2025-03-24T02:57:17.232+0000] {processor.py:914} INFO - Processing file /opt/airflow/dags/coleta_dados_abertos_cnpj/dag.py for tasks to queue
[2025-03-24T02:57:17.235+0000] {logging_mixin.py:190} INFO - [2025-03-24T02:57:17.234+0000] {dagbag.py:588} INFO - Filling up the DagBag from /opt/airflow/dags/coleta_dados_abertos_cnpj/dag.py
[2025-03-24T02:57:17.358+0000] {processor.py:925} INFO - DAG(s) 'coleta_dados_abertos_cnpj' retrieved from /opt/airflow/dags/coleta_dados_abertos_cnpj/dag.py
[2025-03-24T02:57:17.374+0000] {logging_mixin.py:190} INFO - [2025-03-24T02:57:17.374+0000] {dag.py:3239} INFO - Sync 1 DAGs
[2025-03-24T02:57:17.387+0000] {logging_mixin.py:190} INFO - [2025-03-24T02:57:17.386+0000] {dag.py:4180} INFO - Setting next_dagrun for coleta_dados_abertos_cnpj to 2025-02-10 00:00:00+00:00, run_after=2025-03-10 00:00:00+00:00
[2025-03-24T02:57:17.397+0000] {processor.py:208} INFO - Processing /opt/airflow/dags/coleta_dados_abertos_cnpj/dag.py took 0.169 seconds
[2025-03-24T02:57:47.588+0000] {processor.py:186} INFO - Started process (PID=1567) to work on /opt/airflow/dags/coleta_dados_abertos_cnpj/dag.py
[2025-03-24T02:57:47.589+0000] {processor.py:914} INFO - Processing file /opt/airflow/dags/coleta_dados_abertos_cnpj/dag.py for tasks to queue
[2025-03-24T02:57:47.592+0000] {logging_mixin.py:190} INFO - [2025-03-24T02:57:47.591+0000] {dagbag.py:588} INFO - Filling up the DagBag from /opt/airflow/dags/coleta_dados_abertos_cnpj/dag.py
[2025-03-24T02:57:47.714+0000] {processor.py:925} INFO - DAG(s) 'coleta_dados_abertos_cnpj' retrieved from /opt/airflow/dags/coleta_dados_abertos_cnpj/dag.py
[2025-03-24T02:57:47.730+0000] {logging_mixin.py:190} INFO - [2025-03-24T02:57:47.730+0000] {dag.py:3239} INFO - Sync 1 DAGs
[2025-03-24T02:57:47.744+0000] {logging_mixin.py:190} INFO - [2025-03-24T02:57:47.743+0000] {dag.py:4180} INFO - Setting next_dagrun for coleta_dados_abertos_cnpj to 2025-02-10 00:00:00+00:00, run_after=2025-03-10 00:00:00+00:00
[2025-03-24T02:57:47.762+0000] {processor.py:208} INFO - Processing /opt/airflow/dags/coleta_dados_abertos_cnpj/dag.py took 0.177 seconds
[2025-03-24T02:58:17.977+0000] {processor.py:186} INFO - Started process (PID=1578) to work on /opt/airflow/dags/coleta_dados_abertos_cnpj/dag.py
[2025-03-24T02:58:17.979+0000] {processor.py:914} INFO - Processing file /opt/airflow/dags/coleta_dados_abertos_cnpj/dag.py for tasks to queue
[2025-03-24T02:58:17.980+0000] {logging_mixin.py:190} INFO - [2025-03-24T02:58:17.980+0000] {dagbag.py:588} INFO - Filling up the DagBag from /opt/airflow/dags/coleta_dados_abertos_cnpj/dag.py
[2025-03-24T02:58:18.105+0000] {processor.py:925} INFO - DAG(s) 'coleta_dados_abertos_cnpj' retrieved from /opt/airflow/dags/coleta_dados_abertos_cnpj/dag.py
[2025-03-24T02:58:18.121+0000] {logging_mixin.py:190} INFO - [2025-03-24T02:58:18.121+0000] {dag.py:3239} INFO - Sync 1 DAGs
[2025-03-24T02:58:18.133+0000] {logging_mixin.py:190} INFO - [2025-03-24T02:58:18.133+0000] {dag.py:4180} INFO - Setting next_dagrun for coleta_dados_abertos_cnpj to 2025-02-10 00:00:00+00:00, run_after=2025-03-10 00:00:00+00:00
[2025-03-24T02:58:18.144+0000] {processor.py:208} INFO - Processing /opt/airflow/dags/coleta_dados_abertos_cnpj/dag.py took 0.170 seconds
[2025-03-24T02:58:48.361+0000] {processor.py:186} INFO - Started process (PID=1589) to work on /opt/airflow/dags/coleta_dados_abertos_cnpj/dag.py
[2025-03-24T02:58:48.363+0000] {processor.py:914} INFO - Processing file /opt/airflow/dags/coleta_dados_abertos_cnpj/dag.py for tasks to queue
[2025-03-24T02:58:48.364+0000] {logging_mixin.py:190} INFO - [2025-03-24T02:58:48.364+0000] {dagbag.py:588} INFO - Filling up the DagBag from /opt/airflow/dags/coleta_dados_abertos_cnpj/dag.py
[2025-03-24T02:58:48.487+0000] {processor.py:925} INFO - DAG(s) 'coleta_dados_abertos_cnpj' retrieved from /opt/airflow/dags/coleta_dados_abertos_cnpj/dag.py
[2025-03-24T02:58:48.506+0000] {logging_mixin.py:190} INFO - [2025-03-24T02:58:48.506+0000] {dag.py:3239} INFO - Sync 1 DAGs
[2025-03-24T02:58:48.519+0000] {logging_mixin.py:190} INFO - [2025-03-24T02:58:48.519+0000] {dag.py:4180} INFO - Setting next_dagrun for coleta_dados_abertos_cnpj to 2025-02-10 00:00:00+00:00, run_after=2025-03-10 00:00:00+00:00
[2025-03-24T02:58:48.531+0000] {processor.py:208} INFO - Processing /opt/airflow/dags/coleta_dados_abertos_cnpj/dag.py took 0.173 seconds
[2025-03-24T02:59:18.731+0000] {processor.py:186} INFO - Started process (PID=1600) to work on /opt/airflow/dags/coleta_dados_abertos_cnpj/dag.py
[2025-03-24T02:59:18.732+0000] {processor.py:914} INFO - Processing file /opt/airflow/dags/coleta_dados_abertos_cnpj/dag.py for tasks to queue
[2025-03-24T02:59:18.734+0000] {logging_mixin.py:190} INFO - [2025-03-24T02:59:18.733+0000] {dagbag.py:588} INFO - Filling up the DagBag from /opt/airflow/dags/coleta_dados_abertos_cnpj/dag.py
[2025-03-24T02:59:18.856+0000] {processor.py:925} INFO - DAG(s) 'coleta_dados_abertos_cnpj' retrieved from /opt/airflow/dags/coleta_dados_abertos_cnpj/dag.py
[2025-03-24T02:59:18.872+0000] {logging_mixin.py:190} INFO - [2025-03-24T02:59:18.872+0000] {dag.py:3239} INFO - Sync 1 DAGs
[2025-03-24T02:59:18.884+0000] {logging_mixin.py:190} INFO - [2025-03-24T02:59:18.884+0000] {dag.py:4180} INFO - Setting next_dagrun for coleta_dados_abertos_cnpj to 2025-02-10 00:00:00+00:00, run_after=2025-03-10 00:00:00+00:00
[2025-03-24T02:59:18.895+0000] {processor.py:208} INFO - Processing /opt/airflow/dags/coleta_dados_abertos_cnpj/dag.py took 0.167 seconds
[2025-03-24T02:59:49.092+0000] {processor.py:186} INFO - Started process (PID=1611) to work on /opt/airflow/dags/coleta_dados_abertos_cnpj/dag.py
[2025-03-24T02:59:49.093+0000] {processor.py:914} INFO - Processing file /opt/airflow/dags/coleta_dados_abertos_cnpj/dag.py for tasks to queue
[2025-03-24T02:59:49.095+0000] {logging_mixin.py:190} INFO - [2025-03-24T02:59:49.095+0000] {dagbag.py:588} INFO - Filling up the DagBag from /opt/airflow/dags/coleta_dados_abertos_cnpj/dag.py
[2025-03-24T02:59:49.228+0000] {processor.py:925} INFO - DAG(s) 'coleta_dados_abertos_cnpj' retrieved from /opt/airflow/dags/coleta_dados_abertos_cnpj/dag.py
[2025-03-24T02:59:49.244+0000] {logging_mixin.py:190} INFO - [2025-03-24T02:59:49.244+0000] {dag.py:3239} INFO - Sync 1 DAGs
[2025-03-24T02:59:49.256+0000] {logging_mixin.py:190} INFO - [2025-03-24T02:59:49.256+0000] {dag.py:4180} INFO - Setting next_dagrun for coleta_dados_abertos_cnpj to 2025-02-10 00:00:00+00:00, run_after=2025-03-10 00:00:00+00:00
[2025-03-24T02:59:49.266+0000] {processor.py:208} INFO - Processing /opt/airflow/dags/coleta_dados_abertos_cnpj/dag.py took 0.178 seconds
[2025-03-24T03:00:19.517+0000] {processor.py:186} INFO - Started process (PID=1622) to work on /opt/airflow/dags/coleta_dados_abertos_cnpj/dag.py
[2025-03-24T03:00:19.519+0000] {processor.py:914} INFO - Processing file /opt/airflow/dags/coleta_dados_abertos_cnpj/dag.py for tasks to queue
[2025-03-24T03:00:19.521+0000] {logging_mixin.py:190} INFO - [2025-03-24T03:00:19.521+0000] {dagbag.py:588} INFO - Filling up the DagBag from /opt/airflow/dags/coleta_dados_abertos_cnpj/dag.py
[2025-03-24T03:00:19.653+0000] {processor.py:925} INFO - DAG(s) 'coleta_dados_abertos_cnpj' retrieved from /opt/airflow/dags/coleta_dados_abertos_cnpj/dag.py
[2025-03-24T03:00:19.670+0000] {logging_mixin.py:190} INFO - [2025-03-24T03:00:19.670+0000] {dag.py:3239} INFO - Sync 1 DAGs
[2025-03-24T03:00:19.683+0000] {logging_mixin.py:190} INFO - [2025-03-24T03:00:19.683+0000] {dag.py:4180} INFO - Setting next_dagrun for coleta_dados_abertos_cnpj to 2025-02-10 00:00:00+00:00, run_after=2025-03-10 00:00:00+00:00
[2025-03-24T03:00:19.695+0000] {processor.py:208} INFO - Processing /opt/airflow/dags/coleta_dados_abertos_cnpj/dag.py took 0.181 seconds
[2025-03-24T03:00:49.893+0000] {processor.py:186} INFO - Started process (PID=1633) to work on /opt/airflow/dags/coleta_dados_abertos_cnpj/dag.py
[2025-03-24T03:00:49.894+0000] {processor.py:914} INFO - Processing file /opt/airflow/dags/coleta_dados_abertos_cnpj/dag.py for tasks to queue
[2025-03-24T03:00:49.896+0000] {logging_mixin.py:190} INFO - [2025-03-24T03:00:49.896+0000] {dagbag.py:588} INFO - Filling up the DagBag from /opt/airflow/dags/coleta_dados_abertos_cnpj/dag.py
[2025-03-24T03:00:50.015+0000] {processor.py:925} INFO - DAG(s) 'coleta_dados_abertos_cnpj' retrieved from /opt/airflow/dags/coleta_dados_abertos_cnpj/dag.py
[2025-03-24T03:00:50.031+0000] {logging_mixin.py:190} INFO - [2025-03-24T03:00:50.031+0000] {dag.py:3239} INFO - Sync 1 DAGs
[2025-03-24T03:00:50.044+0000] {logging_mixin.py:190} INFO - [2025-03-24T03:00:50.043+0000] {dag.py:4180} INFO - Setting next_dagrun for coleta_dados_abertos_cnpj to 2025-02-10 00:00:00+00:00, run_after=2025-03-10 00:00:00+00:00
[2025-03-24T03:00:50.055+0000] {processor.py:208} INFO - Processing /opt/airflow/dags/coleta_dados_abertos_cnpj/dag.py took 0.165 seconds
[2025-03-24T03:01:20.266+0000] {processor.py:186} INFO - Started process (PID=1644) to work on /opt/airflow/dags/coleta_dados_abertos_cnpj/dag.py
[2025-03-24T03:01:20.267+0000] {processor.py:914} INFO - Processing file /opt/airflow/dags/coleta_dados_abertos_cnpj/dag.py for tasks to queue
[2025-03-24T03:01:20.270+0000] {logging_mixin.py:190} INFO - [2025-03-24T03:01:20.269+0000] {dagbag.py:588} INFO - Filling up the DagBag from /opt/airflow/dags/coleta_dados_abertos_cnpj/dag.py
[2025-03-24T03:01:20.393+0000] {processor.py:925} INFO - DAG(s) 'coleta_dados_abertos_cnpj' retrieved from /opt/airflow/dags/coleta_dados_abertos_cnpj/dag.py
[2025-03-24T03:01:20.409+0000] {logging_mixin.py:190} INFO - [2025-03-24T03:01:20.409+0000] {dag.py:3239} INFO - Sync 1 DAGs
[2025-03-24T03:01:20.421+0000] {logging_mixin.py:190} INFO - [2025-03-24T03:01:20.421+0000] {dag.py:4180} INFO - Setting next_dagrun for coleta_dados_abertos_cnpj to 2025-02-10 00:00:00+00:00, run_after=2025-03-10 00:00:00+00:00
[2025-03-24T03:01:20.432+0000] {processor.py:208} INFO - Processing /opt/airflow/dags/coleta_dados_abertos_cnpj/dag.py took 0.169 seconds
[2025-03-24T03:01:50.641+0000] {processor.py:186} INFO - Started process (PID=1655) to work on /opt/airflow/dags/coleta_dados_abertos_cnpj/dag.py
[2025-03-24T03:01:50.641+0000] {processor.py:914} INFO - Processing file /opt/airflow/dags/coleta_dados_abertos_cnpj/dag.py for tasks to queue
[2025-03-24T03:01:50.644+0000] {logging_mixin.py:190} INFO - [2025-03-24T03:01:50.644+0000] {dagbag.py:588} INFO - Filling up the DagBag from /opt/airflow/dags/coleta_dados_abertos_cnpj/dag.py
[2025-03-24T03:01:50.767+0000] {processor.py:925} INFO - DAG(s) 'coleta_dados_abertos_cnpj' retrieved from /opt/airflow/dags/coleta_dados_abertos_cnpj/dag.py
[2025-03-24T03:01:50.786+0000] {logging_mixin.py:190} INFO - [2025-03-24T03:01:50.786+0000] {dag.py:3239} INFO - Sync 1 DAGs
[2025-03-24T03:01:50.800+0000] {logging_mixin.py:190} INFO - [2025-03-24T03:01:50.800+0000] {dag.py:4180} INFO - Setting next_dagrun for coleta_dados_abertos_cnpj to 2025-02-10 00:00:00+00:00, run_after=2025-03-10 00:00:00+00:00
[2025-03-24T03:01:50.812+0000] {processor.py:208} INFO - Processing /opt/airflow/dags/coleta_dados_abertos_cnpj/dag.py took 0.174 seconds
[2025-03-24T03:02:21.016+0000] {processor.py:186} INFO - Started process (PID=1666) to work on /opt/airflow/dags/coleta_dados_abertos_cnpj/dag.py
[2025-03-24T03:02:21.017+0000] {processor.py:914} INFO - Processing file /opt/airflow/dags/coleta_dados_abertos_cnpj/dag.py for tasks to queue
[2025-03-24T03:02:21.019+0000] {logging_mixin.py:190} INFO - [2025-03-24T03:02:21.019+0000] {dagbag.py:588} INFO - Filling up the DagBag from /opt/airflow/dags/coleta_dados_abertos_cnpj/dag.py
[2025-03-24T03:02:21.154+0000] {processor.py:925} INFO - DAG(s) 'coleta_dados_abertos_cnpj' retrieved from /opt/airflow/dags/coleta_dados_abertos_cnpj/dag.py
[2025-03-24T03:02:21.172+0000] {logging_mixin.py:190} INFO - [2025-03-24T03:02:21.172+0000] {dag.py:3239} INFO - Sync 1 DAGs
[2025-03-24T03:02:21.184+0000] {logging_mixin.py:190} INFO - [2025-03-24T03:02:21.184+0000] {dag.py:4180} INFO - Setting next_dagrun for coleta_dados_abertos_cnpj to 2025-02-10 00:00:00+00:00, run_after=2025-03-10 00:00:00+00:00
[2025-03-24T03:02:21.195+0000] {processor.py:208} INFO - Processing /opt/airflow/dags/coleta_dados_abertos_cnpj/dag.py took 0.182 seconds
[2025-03-24T03:02:51.411+0000] {processor.py:186} INFO - Started process (PID=1677) to work on /opt/airflow/dags/coleta_dados_abertos_cnpj/dag.py
[2025-03-24T03:02:51.412+0000] {processor.py:914} INFO - Processing file /opt/airflow/dags/coleta_dados_abertos_cnpj/dag.py for tasks to queue
[2025-03-24T03:02:51.414+0000] {logging_mixin.py:190} INFO - [2025-03-24T03:02:51.414+0000] {dagbag.py:588} INFO - Filling up the DagBag from /opt/airflow/dags/coleta_dados_abertos_cnpj/dag.py
[2025-03-24T03:02:51.535+0000] {processor.py:925} INFO - DAG(s) 'coleta_dados_abertos_cnpj' retrieved from /opt/airflow/dags/coleta_dados_abertos_cnpj/dag.py
[2025-03-24T03:02:51.552+0000] {logging_mixin.py:190} INFO - [2025-03-24T03:02:51.551+0000] {dag.py:3239} INFO - Sync 1 DAGs
[2025-03-24T03:02:51.564+0000] {logging_mixin.py:190} INFO - [2025-03-24T03:02:51.564+0000] {dag.py:4180} INFO - Setting next_dagrun for coleta_dados_abertos_cnpj to 2025-02-10 00:00:00+00:00, run_after=2025-03-10 00:00:00+00:00
[2025-03-24T03:02:51.574+0000] {processor.py:208} INFO - Processing /opt/airflow/dags/coleta_dados_abertos_cnpj/dag.py took 0.166 seconds
[2025-03-24T03:03:21.778+0000] {processor.py:186} INFO - Started process (PID=1688) to work on /opt/airflow/dags/coleta_dados_abertos_cnpj/dag.py
[2025-03-24T03:03:21.780+0000] {processor.py:914} INFO - Processing file /opt/airflow/dags/coleta_dados_abertos_cnpj/dag.py for tasks to queue
[2025-03-24T03:03:21.782+0000] {logging_mixin.py:190} INFO - [2025-03-24T03:03:21.782+0000] {dagbag.py:588} INFO - Filling up the DagBag from /opt/airflow/dags/coleta_dados_abertos_cnpj/dag.py
[2025-03-24T03:03:21.914+0000] {processor.py:925} INFO - DAG(s) 'coleta_dados_abertos_cnpj' retrieved from /opt/airflow/dags/coleta_dados_abertos_cnpj/dag.py
[2025-03-24T03:03:21.931+0000] {logging_mixin.py:190} INFO - [2025-03-24T03:03:21.931+0000] {dag.py:3239} INFO - Sync 1 DAGs
[2025-03-24T03:03:21.944+0000] {logging_mixin.py:190} INFO - [2025-03-24T03:03:21.944+0000] {dag.py:4180} INFO - Setting next_dagrun for coleta_dados_abertos_cnpj to 2025-02-10 00:00:00+00:00, run_after=2025-03-10 00:00:00+00:00
[2025-03-24T03:03:21.955+0000] {processor.py:208} INFO - Processing /opt/airflow/dags/coleta_dados_abertos_cnpj/dag.py took 0.180 seconds
[2025-03-24T03:03:52.173+0000] {processor.py:186} INFO - Started process (PID=1699) to work on /opt/airflow/dags/coleta_dados_abertos_cnpj/dag.py
[2025-03-24T03:03:52.175+0000] {processor.py:914} INFO - Processing file /opt/airflow/dags/coleta_dados_abertos_cnpj/dag.py for tasks to queue
[2025-03-24T03:03:52.177+0000] {logging_mixin.py:190} INFO - [2025-03-24T03:03:52.177+0000] {dagbag.py:588} INFO - Filling up the DagBag from /opt/airflow/dags/coleta_dados_abertos_cnpj/dag.py
[2025-03-24T03:03:52.307+0000] {processor.py:925} INFO - DAG(s) 'coleta_dados_abertos_cnpj' retrieved from /opt/airflow/dags/coleta_dados_abertos_cnpj/dag.py
[2025-03-24T03:03:52.323+0000] {logging_mixin.py:190} INFO - [2025-03-24T03:03:52.323+0000] {dag.py:3239} INFO - Sync 1 DAGs
[2025-03-24T03:03:52.339+0000] {logging_mixin.py:190} INFO - [2025-03-24T03:03:52.339+0000] {dag.py:4180} INFO - Setting next_dagrun for coleta_dados_abertos_cnpj to 2025-02-10 00:00:00+00:00, run_after=2025-03-10 00:00:00+00:00
[2025-03-24T03:03:52.354+0000] {processor.py:208} INFO - Processing /opt/airflow/dags/coleta_dados_abertos_cnpj/dag.py took 0.185 seconds
[2025-03-24T03:04:22.532+0000] {processor.py:186} INFO - Started process (PID=1710) to work on /opt/airflow/dags/coleta_dados_abertos_cnpj/dag.py
[2025-03-24T03:04:22.534+0000] {processor.py:914} INFO - Processing file /opt/airflow/dags/coleta_dados_abertos_cnpj/dag.py for tasks to queue
[2025-03-24T03:04:22.536+0000] {logging_mixin.py:190} INFO - [2025-03-24T03:04:22.536+0000] {dagbag.py:588} INFO - Filling up the DagBag from /opt/airflow/dags/coleta_dados_abertos_cnpj/dag.py
[2025-03-24T03:04:22.657+0000] {processor.py:925} INFO - DAG(s) 'coleta_dados_abertos_cnpj' retrieved from /opt/airflow/dags/coleta_dados_abertos_cnpj/dag.py
[2025-03-24T03:04:22.674+0000] {logging_mixin.py:190} INFO - [2025-03-24T03:04:22.673+0000] {dag.py:3239} INFO - Sync 1 DAGs
[2025-03-24T03:04:22.687+0000] {logging_mixin.py:190} INFO - [2025-03-24T03:04:22.687+0000] {dag.py:4180} INFO - Setting next_dagrun for coleta_dados_abertos_cnpj to 2025-02-10 00:00:00+00:00, run_after=2025-03-10 00:00:00+00:00
[2025-03-24T03:04:22.711+0000] {processor.py:208} INFO - Processing /opt/airflow/dags/coleta_dados_abertos_cnpj/dag.py took 0.182 seconds
[2025-03-24T03:04:52.901+0000] {processor.py:186} INFO - Started process (PID=1721) to work on /opt/airflow/dags/coleta_dados_abertos_cnpj/dag.py
[2025-03-24T03:04:52.902+0000] {processor.py:914} INFO - Processing file /opt/airflow/dags/coleta_dados_abertos_cnpj/dag.py for tasks to queue
[2025-03-24T03:04:52.904+0000] {logging_mixin.py:190} INFO - [2025-03-24T03:04:52.904+0000] {dagbag.py:588} INFO - Filling up the DagBag from /opt/airflow/dags/coleta_dados_abertos_cnpj/dag.py
[2025-03-24T03:04:53.026+0000] {processor.py:925} INFO - DAG(s) 'coleta_dados_abertos_cnpj' retrieved from /opt/airflow/dags/coleta_dados_abertos_cnpj/dag.py
[2025-03-24T03:04:53.043+0000] {logging_mixin.py:190} INFO - [2025-03-24T03:04:53.043+0000] {dag.py:3239} INFO - Sync 1 DAGs
[2025-03-24T03:04:53.056+0000] {logging_mixin.py:190} INFO - [2025-03-24T03:04:53.056+0000] {dag.py:4180} INFO - Setting next_dagrun for coleta_dados_abertos_cnpj to 2025-02-10 00:00:00+00:00, run_after=2025-03-10 00:00:00+00:00
[2025-03-24T03:04:53.067+0000] {processor.py:208} INFO - Processing /opt/airflow/dags/coleta_dados_abertos_cnpj/dag.py took 0.168 seconds
[2025-03-24T03:05:23.329+0000] {processor.py:186} INFO - Started process (PID=1732) to work on /opt/airflow/dags/coleta_dados_abertos_cnpj/dag.py
[2025-03-24T03:05:23.330+0000] {processor.py:914} INFO - Processing file /opt/airflow/dags/coleta_dados_abertos_cnpj/dag.py for tasks to queue
[2025-03-24T03:05:23.333+0000] {logging_mixin.py:190} INFO - [2025-03-24T03:05:23.332+0000] {dagbag.py:588} INFO - Filling up the DagBag from /opt/airflow/dags/coleta_dados_abertos_cnpj/dag.py
[2025-03-24T03:05:23.456+0000] {processor.py:925} INFO - DAG(s) 'coleta_dados_abertos_cnpj' retrieved from /opt/airflow/dags/coleta_dados_abertos_cnpj/dag.py
[2025-03-24T03:05:23.472+0000] {logging_mixin.py:190} INFO - [2025-03-24T03:05:23.472+0000] {dag.py:3239} INFO - Sync 1 DAGs
[2025-03-24T03:05:23.485+0000] {logging_mixin.py:190} INFO - [2025-03-24T03:05:23.485+0000] {dag.py:4180} INFO - Setting next_dagrun for coleta_dados_abertos_cnpj to 2025-02-10 00:00:00+00:00, run_after=2025-03-10 00:00:00+00:00
[2025-03-24T03:05:23.495+0000] {processor.py:208} INFO - Processing /opt/airflow/dags/coleta_dados_abertos_cnpj/dag.py took 0.169 seconds
[2025-03-24T03:05:53.706+0000] {processor.py:186} INFO - Started process (PID=1743) to work on /opt/airflow/dags/coleta_dados_abertos_cnpj/dag.py
[2025-03-24T03:05:53.707+0000] {processor.py:914} INFO - Processing file /opt/airflow/dags/coleta_dados_abertos_cnpj/dag.py for tasks to queue
[2025-03-24T03:05:53.709+0000] {logging_mixin.py:190} INFO - [2025-03-24T03:05:53.709+0000] {dagbag.py:588} INFO - Filling up the DagBag from /opt/airflow/dags/coleta_dados_abertos_cnpj/dag.py
[2025-03-24T03:05:53.828+0000] {processor.py:925} INFO - DAG(s) 'coleta_dados_abertos_cnpj' retrieved from /opt/airflow/dags/coleta_dados_abertos_cnpj/dag.py
[2025-03-24T03:05:53.845+0000] {logging_mixin.py:190} INFO - [2025-03-24T03:05:53.844+0000] {dag.py:3239} INFO - Sync 1 DAGs
[2025-03-24T03:05:53.857+0000] {logging_mixin.py:190} INFO - [2025-03-24T03:05:53.856+0000] {dag.py:4180} INFO - Setting next_dagrun for coleta_dados_abertos_cnpj to 2025-02-10 00:00:00+00:00, run_after=2025-03-10 00:00:00+00:00
[2025-03-24T03:05:53.868+0000] {processor.py:208} INFO - Processing /opt/airflow/dags/coleta_dados_abertos_cnpj/dag.py took 0.165 seconds
[2025-03-24T03:06:24.120+0000] {processor.py:186} INFO - Started process (PID=1754) to work on /opt/airflow/dags/coleta_dados_abertos_cnpj/dag.py
[2025-03-24T03:06:24.121+0000] {processor.py:914} INFO - Processing file /opt/airflow/dags/coleta_dados_abertos_cnpj/dag.py for tasks to queue
[2025-03-24T03:06:24.122+0000] {logging_mixin.py:190} INFO - [2025-03-24T03:06:24.122+0000] {dagbag.py:588} INFO - Filling up the DagBag from /opt/airflow/dags/coleta_dados_abertos_cnpj/dag.py
[2025-03-24T03:06:24.249+0000] {processor.py:925} INFO - DAG(s) 'coleta_dados_abertos_cnpj' retrieved from /opt/airflow/dags/coleta_dados_abertos_cnpj/dag.py
[2025-03-24T03:06:24.270+0000] {logging_mixin.py:190} INFO - [2025-03-24T03:06:24.270+0000] {dag.py:3239} INFO - Sync 1 DAGs
[2025-03-24T03:06:24.283+0000] {logging_mixin.py:190} INFO - [2025-03-24T03:06:24.283+0000] {dag.py:4180} INFO - Setting next_dagrun for coleta_dados_abertos_cnpj to 2025-02-10 00:00:00+00:00, run_after=2025-03-10 00:00:00+00:00
[2025-03-24T03:06:24.295+0000] {processor.py:208} INFO - Processing /opt/airflow/dags/coleta_dados_abertos_cnpj/dag.py took 0.179 seconds
[2025-03-24T03:06:54.490+0000] {processor.py:186} INFO - Started process (PID=1765) to work on /opt/airflow/dags/coleta_dados_abertos_cnpj/dag.py
[2025-03-24T03:06:54.491+0000] {processor.py:914} INFO - Processing file /opt/airflow/dags/coleta_dados_abertos_cnpj/dag.py for tasks to queue
[2025-03-24T03:06:54.493+0000] {logging_mixin.py:190} INFO - [2025-03-24T03:06:54.493+0000] {dagbag.py:588} INFO - Filling up the DagBag from /opt/airflow/dags/coleta_dados_abertos_cnpj/dag.py
[2025-03-24T03:06:54.621+0000] {processor.py:925} INFO - DAG(s) 'coleta_dados_abertos_cnpj' retrieved from /opt/airflow/dags/coleta_dados_abertos_cnpj/dag.py
[2025-03-24T03:06:54.637+0000] {logging_mixin.py:190} INFO - [2025-03-24T03:06:54.636+0000] {dag.py:3239} INFO - Sync 1 DAGs
[2025-03-24T03:06:54.650+0000] {logging_mixin.py:190} INFO - [2025-03-24T03:06:54.650+0000] {dag.py:4180} INFO - Setting next_dagrun for coleta_dados_abertos_cnpj to 2025-02-10 00:00:00+00:00, run_after=2025-03-10 00:00:00+00:00
[2025-03-24T03:06:54.660+0000] {processor.py:208} INFO - Processing /opt/airflow/dags/coleta_dados_abertos_cnpj/dag.py took 0.172 seconds
[2025-03-24T03:07:24.879+0000] {processor.py:186} INFO - Started process (PID=1776) to work on /opt/airflow/dags/coleta_dados_abertos_cnpj/dag.py
[2025-03-24T03:07:24.880+0000] {processor.py:914} INFO - Processing file /opt/airflow/dags/coleta_dados_abertos_cnpj/dag.py for tasks to queue
[2025-03-24T03:07:24.883+0000] {logging_mixin.py:190} INFO - [2025-03-24T03:07:24.883+0000] {dagbag.py:588} INFO - Filling up the DagBag from /opt/airflow/dags/coleta_dados_abertos_cnpj/dag.py
[2025-03-24T03:07:25.002+0000] {processor.py:925} INFO - DAG(s) 'coleta_dados_abertos_cnpj' retrieved from /opt/airflow/dags/coleta_dados_abertos_cnpj/dag.py
[2025-03-24T03:07:25.018+0000] {logging_mixin.py:190} INFO - [2025-03-24T03:07:25.018+0000] {dag.py:3239} INFO - Sync 1 DAGs
[2025-03-24T03:07:25.029+0000] {logging_mixin.py:190} INFO - [2025-03-24T03:07:25.029+0000] {dag.py:4180} INFO - Setting next_dagrun for coleta_dados_abertos_cnpj to 2025-02-10 00:00:00+00:00, run_after=2025-03-10 00:00:00+00:00
[2025-03-24T03:07:25.040+0000] {processor.py:208} INFO - Processing /opt/airflow/dags/coleta_dados_abertos_cnpj/dag.py took 0.165 seconds
[2025-03-24T03:07:55.255+0000] {processor.py:186} INFO - Started process (PID=1787) to work on /opt/airflow/dags/coleta_dados_abertos_cnpj/dag.py
[2025-03-24T03:07:55.256+0000] {processor.py:914} INFO - Processing file /opt/airflow/dags/coleta_dados_abertos_cnpj/dag.py for tasks to queue
[2025-03-24T03:07:55.257+0000] {logging_mixin.py:190} INFO - [2025-03-24T03:07:55.257+0000] {dagbag.py:588} INFO - Filling up the DagBag from /opt/airflow/dags/coleta_dados_abertos_cnpj/dag.py
[2025-03-24T03:07:55.376+0000] {processor.py:925} INFO - DAG(s) 'coleta_dados_abertos_cnpj' retrieved from /opt/airflow/dags/coleta_dados_abertos_cnpj/dag.py
[2025-03-24T03:07:55.392+0000] {logging_mixin.py:190} INFO - [2025-03-24T03:07:55.392+0000] {dag.py:3239} INFO - Sync 1 DAGs
[2025-03-24T03:07:55.405+0000] {logging_mixin.py:190} INFO - [2025-03-24T03:07:55.404+0000] {dag.py:4180} INFO - Setting next_dagrun for coleta_dados_abertos_cnpj to 2025-02-10 00:00:00+00:00, run_after=2025-03-10 00:00:00+00:00
[2025-03-24T03:07:55.414+0000] {processor.py:208} INFO - Processing /opt/airflow/dags/coleta_dados_abertos_cnpj/dag.py took 0.162 seconds
[2025-03-24T03:08:25.620+0000] {processor.py:186} INFO - Started process (PID=1798) to work on /opt/airflow/dags/coleta_dados_abertos_cnpj/dag.py
[2025-03-24T03:08:25.621+0000] {processor.py:914} INFO - Processing file /opt/airflow/dags/coleta_dados_abertos_cnpj/dag.py for tasks to queue
[2025-03-24T03:08:25.623+0000] {logging_mixin.py:190} INFO - [2025-03-24T03:08:25.623+0000] {dagbag.py:588} INFO - Filling up the DagBag from /opt/airflow/dags/coleta_dados_abertos_cnpj/dag.py
[2025-03-24T03:08:25.745+0000] {processor.py:925} INFO - DAG(s) 'coleta_dados_abertos_cnpj' retrieved from /opt/airflow/dags/coleta_dados_abertos_cnpj/dag.py
[2025-03-24T03:08:25.762+0000] {logging_mixin.py:190} INFO - [2025-03-24T03:08:25.761+0000] {dag.py:3239} INFO - Sync 1 DAGs
[2025-03-24T03:08:25.774+0000] {logging_mixin.py:190} INFO - [2025-03-24T03:08:25.774+0000] {dag.py:4180} INFO - Setting next_dagrun for coleta_dados_abertos_cnpj to 2025-02-10 00:00:00+00:00, run_after=2025-03-10 00:00:00+00:00
[2025-03-24T03:08:25.786+0000] {processor.py:208} INFO - Processing /opt/airflow/dags/coleta_dados_abertos_cnpj/dag.py took 0.169 seconds
[2025-03-24T03:08:55.993+0000] {processor.py:186} INFO - Started process (PID=1809) to work on /opt/airflow/dags/coleta_dados_abertos_cnpj/dag.py
[2025-03-24T03:08:55.994+0000] {processor.py:914} INFO - Processing file /opt/airflow/dags/coleta_dados_abertos_cnpj/dag.py for tasks to queue
[2025-03-24T03:08:55.995+0000] {logging_mixin.py:190} INFO - [2025-03-24T03:08:55.995+0000] {dagbag.py:588} INFO - Filling up the DagBag from /opt/airflow/dags/coleta_dados_abertos_cnpj/dag.py
[2025-03-24T03:08:56.117+0000] {processor.py:925} INFO - DAG(s) 'coleta_dados_abertos_cnpj' retrieved from /opt/airflow/dags/coleta_dados_abertos_cnpj/dag.py
[2025-03-24T03:08:56.135+0000] {logging_mixin.py:190} INFO - [2025-03-24T03:08:56.135+0000] {dag.py:3239} INFO - Sync 1 DAGs
[2025-03-24T03:08:56.148+0000] {logging_mixin.py:190} INFO - [2025-03-24T03:08:56.147+0000] {dag.py:4180} INFO - Setting next_dagrun for coleta_dados_abertos_cnpj to 2025-02-10 00:00:00+00:00, run_after=2025-03-10 00:00:00+00:00
[2025-03-24T03:08:56.158+0000] {processor.py:208} INFO - Processing /opt/airflow/dags/coleta_dados_abertos_cnpj/dag.py took 0.168 seconds
[2025-03-24T03:09:26.378+0000] {processor.py:186} INFO - Started process (PID=1820) to work on /opt/airflow/dags/coleta_dados_abertos_cnpj/dag.py
[2025-03-24T03:09:26.379+0000] {processor.py:914} INFO - Processing file /opt/airflow/dags/coleta_dados_abertos_cnpj/dag.py for tasks to queue
[2025-03-24T03:09:26.382+0000] {logging_mixin.py:190} INFO - [2025-03-24T03:09:26.381+0000] {dagbag.py:588} INFO - Filling up the DagBag from /opt/airflow/dags/coleta_dados_abertos_cnpj/dag.py
[2025-03-24T03:09:26.505+0000] {processor.py:925} INFO - DAG(s) 'coleta_dados_abertos_cnpj' retrieved from /opt/airflow/dags/coleta_dados_abertos_cnpj/dag.py
[2025-03-24T03:09:26.522+0000] {logging_mixin.py:190} INFO - [2025-03-24T03:09:26.522+0000] {dag.py:3239} INFO - Sync 1 DAGs
[2025-03-24T03:09:26.535+0000] {logging_mixin.py:190} INFO - [2025-03-24T03:09:26.535+0000] {dag.py:4180} INFO - Setting next_dagrun for coleta_dados_abertos_cnpj to 2025-02-10 00:00:00+00:00, run_after=2025-03-10 00:00:00+00:00
[2025-03-24T03:09:26.548+0000] {processor.py:208} INFO - Processing /opt/airflow/dags/coleta_dados_abertos_cnpj/dag.py took 0.173 seconds
[2025-03-24T03:09:56.774+0000] {processor.py:186} INFO - Started process (PID=1831) to work on /opt/airflow/dags/coleta_dados_abertos_cnpj/dag.py
[2025-03-24T03:09:56.775+0000] {processor.py:914} INFO - Processing file /opt/airflow/dags/coleta_dados_abertos_cnpj/dag.py for tasks to queue
[2025-03-24T03:09:56.777+0000] {logging_mixin.py:190} INFO - [2025-03-24T03:09:56.776+0000] {dagbag.py:588} INFO - Filling up the DagBag from /opt/airflow/dags/coleta_dados_abertos_cnpj/dag.py
[2025-03-24T03:09:56.900+0000] {processor.py:925} INFO - DAG(s) 'coleta_dados_abertos_cnpj' retrieved from /opt/airflow/dags/coleta_dados_abertos_cnpj/dag.py
[2025-03-24T03:09:56.918+0000] {logging_mixin.py:190} INFO - [2025-03-24T03:09:56.918+0000] {dag.py:3239} INFO - Sync 1 DAGs
[2025-03-24T03:09:56.930+0000] {logging_mixin.py:190} INFO - [2025-03-24T03:09:56.930+0000] {dag.py:4180} INFO - Setting next_dagrun for coleta_dados_abertos_cnpj to 2025-02-10 00:00:00+00:00, run_after=2025-03-10 00:00:00+00:00
[2025-03-24T03:09:56.940+0000] {processor.py:208} INFO - Processing /opt/airflow/dags/coleta_dados_abertos_cnpj/dag.py took 0.170 seconds
[2025-03-24T03:10:27.205+0000] {processor.py:186} INFO - Started process (PID=1842) to work on /opt/airflow/dags/coleta_dados_abertos_cnpj/dag.py
[2025-03-24T03:10:27.207+0000] {processor.py:914} INFO - Processing file /opt/airflow/dags/coleta_dados_abertos_cnpj/dag.py for tasks to queue
[2025-03-24T03:10:27.209+0000] {logging_mixin.py:190} INFO - [2025-03-24T03:10:27.209+0000] {dagbag.py:588} INFO - Filling up the DagBag from /opt/airflow/dags/coleta_dados_abertos_cnpj/dag.py
[2025-03-24T03:10:27.332+0000] {processor.py:925} INFO - DAG(s) 'coleta_dados_abertos_cnpj' retrieved from /opt/airflow/dags/coleta_dados_abertos_cnpj/dag.py
[2025-03-24T03:10:27.351+0000] {logging_mixin.py:190} INFO - [2025-03-24T03:10:27.350+0000] {dag.py:3239} INFO - Sync 1 DAGs
[2025-03-24T03:10:27.364+0000] {logging_mixin.py:190} INFO - [2025-03-24T03:10:27.364+0000] {dag.py:4180} INFO - Setting next_dagrun for coleta_dados_abertos_cnpj to 2025-02-10 00:00:00+00:00, run_after=2025-03-10 00:00:00+00:00
[2025-03-24T03:10:27.374+0000] {processor.py:208} INFO - Processing /opt/airflow/dags/coleta_dados_abertos_cnpj/dag.py took 0.172 seconds
[2025-03-24T03:10:57.589+0000] {processor.py:186} INFO - Started process (PID=1853) to work on /opt/airflow/dags/coleta_dados_abertos_cnpj/dag.py
[2025-03-24T03:10:57.590+0000] {processor.py:914} INFO - Processing file /opt/airflow/dags/coleta_dados_abertos_cnpj/dag.py for tasks to queue
[2025-03-24T03:10:57.592+0000] {logging_mixin.py:190} INFO - [2025-03-24T03:10:57.592+0000] {dagbag.py:588} INFO - Filling up the DagBag from /opt/airflow/dags/coleta_dados_abertos_cnpj/dag.py
[2025-03-24T03:10:57.714+0000] {processor.py:925} INFO - DAG(s) 'coleta_dados_abertos_cnpj' retrieved from /opt/airflow/dags/coleta_dados_abertos_cnpj/dag.py
[2025-03-24T03:10:57.730+0000] {logging_mixin.py:190} INFO - [2025-03-24T03:10:57.730+0000] {dag.py:3239} INFO - Sync 1 DAGs
[2025-03-24T03:10:57.742+0000] {logging_mixin.py:190} INFO - [2025-03-24T03:10:57.742+0000] {dag.py:4180} INFO - Setting next_dagrun for coleta_dados_abertos_cnpj to 2025-02-10 00:00:00+00:00, run_after=2025-03-10 00:00:00+00:00
[2025-03-24T03:10:57.751+0000] {processor.py:208} INFO - Processing /opt/airflow/dags/coleta_dados_abertos_cnpj/dag.py took 0.165 seconds
[2025-03-24T03:11:27.982+0000] {processor.py:186} INFO - Started process (PID=1864) to work on /opt/airflow/dags/coleta_dados_abertos_cnpj/dag.py
[2025-03-24T03:11:27.983+0000] {processor.py:914} INFO - Processing file /opt/airflow/dags/coleta_dados_abertos_cnpj/dag.py for tasks to queue
[2025-03-24T03:11:27.985+0000] {logging_mixin.py:190} INFO - [2025-03-24T03:11:27.985+0000] {dagbag.py:588} INFO - Filling up the DagBag from /opt/airflow/dags/coleta_dados_abertos_cnpj/dag.py
[2025-03-24T03:11:28.104+0000] {processor.py:925} INFO - DAG(s) 'coleta_dados_abertos_cnpj' retrieved from /opt/airflow/dags/coleta_dados_abertos_cnpj/dag.py
[2025-03-24T03:11:28.119+0000] {logging_mixin.py:190} INFO - [2025-03-24T03:11:28.119+0000] {dag.py:3239} INFO - Sync 1 DAGs
[2025-03-24T03:11:28.130+0000] {logging_mixin.py:190} INFO - [2025-03-24T03:11:28.130+0000] {dag.py:4180} INFO - Setting next_dagrun for coleta_dados_abertos_cnpj to 2025-02-10 00:00:00+00:00, run_after=2025-03-10 00:00:00+00:00
[2025-03-24T03:11:28.140+0000] {processor.py:208} INFO - Processing /opt/airflow/dags/coleta_dados_abertos_cnpj/dag.py took 0.161 seconds
[2025-03-24T03:11:58.362+0000] {processor.py:186} INFO - Started process (PID=1875) to work on /opt/airflow/dags/coleta_dados_abertos_cnpj/dag.py
[2025-03-24T03:11:58.364+0000] {processor.py:914} INFO - Processing file /opt/airflow/dags/coleta_dados_abertos_cnpj/dag.py for tasks to queue
[2025-03-24T03:11:58.366+0000] {logging_mixin.py:190} INFO - [2025-03-24T03:11:58.366+0000] {dagbag.py:588} INFO - Filling up the DagBag from /opt/airflow/dags/coleta_dados_abertos_cnpj/dag.py
[2025-03-24T03:11:58.499+0000] {processor.py:925} INFO - DAG(s) 'coleta_dados_abertos_cnpj' retrieved from /opt/airflow/dags/coleta_dados_abertos_cnpj/dag.py
[2025-03-24T03:11:58.514+0000] {logging_mixin.py:190} INFO - [2025-03-24T03:11:58.514+0000] {dag.py:3239} INFO - Sync 1 DAGs
[2025-03-24T03:11:58.526+0000] {logging_mixin.py:190} INFO - [2025-03-24T03:11:58.526+0000] {dag.py:4180} INFO - Setting next_dagrun for coleta_dados_abertos_cnpj to 2025-02-10 00:00:00+00:00, run_after=2025-03-10 00:00:00+00:00
[2025-03-24T03:11:58.538+0000] {processor.py:208} INFO - Processing /opt/airflow/dags/coleta_dados_abertos_cnpj/dag.py took 0.179 seconds
[2025-03-24T03:12:28.837+0000] {processor.py:186} INFO - Started process (PID=1886) to work on /opt/airflow/dags/coleta_dados_abertos_cnpj/dag.py
[2025-03-24T03:12:28.839+0000] {processor.py:914} INFO - Processing file /opt/airflow/dags/coleta_dados_abertos_cnpj/dag.py for tasks to queue
[2025-03-24T03:12:28.841+0000] {logging_mixin.py:190} INFO - [2025-03-24T03:12:28.841+0000] {dagbag.py:588} INFO - Filling up the DagBag from /opt/airflow/dags/coleta_dados_abertos_cnpj/dag.py
[2025-03-24T03:12:28.981+0000] {processor.py:925} INFO - DAG(s) 'coleta_dados_abertos_cnpj' retrieved from /opt/airflow/dags/coleta_dados_abertos_cnpj/dag.py
[2025-03-24T03:12:28.997+0000] {logging_mixin.py:190} INFO - [2025-03-24T03:12:28.997+0000] {dag.py:3239} INFO - Sync 1 DAGs
[2025-03-24T03:12:29.010+0000] {logging_mixin.py:190} INFO - [2025-03-24T03:12:29.010+0000] {dag.py:4180} INFO - Setting next_dagrun for coleta_dados_abertos_cnpj to 2025-02-10 00:00:00+00:00, run_after=2025-03-10 00:00:00+00:00
[2025-03-24T03:12:29.021+0000] {processor.py:208} INFO - Processing /opt/airflow/dags/coleta_dados_abertos_cnpj/dag.py took 0.188 seconds
[2025-03-24T03:12:59.212+0000] {processor.py:186} INFO - Started process (PID=1903) to work on /opt/airflow/dags/coleta_dados_abertos_cnpj/dag.py
[2025-03-24T03:12:59.214+0000] {processor.py:914} INFO - Processing file /opt/airflow/dags/coleta_dados_abertos_cnpj/dag.py for tasks to queue
[2025-03-24T03:12:59.216+0000] {logging_mixin.py:190} INFO - [2025-03-24T03:12:59.216+0000] {dagbag.py:588} INFO - Filling up the DagBag from /opt/airflow/dags/coleta_dados_abertos_cnpj/dag.py
[2025-03-24T03:12:59.338+0000] {processor.py:925} INFO - DAG(s) 'coleta_dados_abertos_cnpj' retrieved from /opt/airflow/dags/coleta_dados_abertos_cnpj/dag.py
[2025-03-24T03:12:59.353+0000] {logging_mixin.py:190} INFO - [2025-03-24T03:12:59.353+0000] {dag.py:3239} INFO - Sync 1 DAGs
[2025-03-24T03:12:59.365+0000] {logging_mixin.py:190} INFO - [2025-03-24T03:12:59.365+0000] {dag.py:4180} INFO - Setting next_dagrun for coleta_dados_abertos_cnpj to 2025-02-10 00:00:00+00:00, run_after=2025-03-10 00:00:00+00:00
[2025-03-24T03:12:59.375+0000] {processor.py:208} INFO - Processing /opt/airflow/dags/coleta_dados_abertos_cnpj/dag.py took 0.165 seconds
[2025-03-24T03:13:29.623+0000] {processor.py:186} INFO - Started process (PID=1914) to work on /opt/airflow/dags/coleta_dados_abertos_cnpj/dag.py
[2025-03-24T03:13:29.624+0000] {processor.py:914} INFO - Processing file /opt/airflow/dags/coleta_dados_abertos_cnpj/dag.py for tasks to queue
[2025-03-24T03:13:29.627+0000] {logging_mixin.py:190} INFO - [2025-03-24T03:13:29.627+0000] {dagbag.py:588} INFO - Filling up the DagBag from /opt/airflow/dags/coleta_dados_abertos_cnpj/dag.py
[2025-03-24T03:13:29.758+0000] {processor.py:925} INFO - DAG(s) 'coleta_dados_abertos_cnpj' retrieved from /opt/airflow/dags/coleta_dados_abertos_cnpj/dag.py
[2025-03-24T03:13:29.776+0000] {logging_mixin.py:190} INFO - [2025-03-24T03:13:29.776+0000] {dag.py:3239} INFO - Sync 1 DAGs
[2025-03-24T03:13:29.788+0000] {logging_mixin.py:190} INFO - [2025-03-24T03:13:29.788+0000] {dag.py:4180} INFO - Setting next_dagrun for coleta_dados_abertos_cnpj to 2025-02-10 00:00:00+00:00, run_after=2025-03-10 00:00:00+00:00
[2025-03-24T03:13:29.802+0000] {processor.py:208} INFO - Processing /opt/airflow/dags/coleta_dados_abertos_cnpj/dag.py took 0.182 seconds
[2025-03-24T03:14:00.051+0000] {processor.py:186} INFO - Started process (PID=1925) to work on /opt/airflow/dags/coleta_dados_abertos_cnpj/dag.py
[2025-03-24T03:14:00.051+0000] {processor.py:914} INFO - Processing file /opt/airflow/dags/coleta_dados_abertos_cnpj/dag.py for tasks to queue
[2025-03-24T03:14:00.053+0000] {logging_mixin.py:190} INFO - [2025-03-24T03:14:00.053+0000] {dagbag.py:588} INFO - Filling up the DagBag from /opt/airflow/dags/coleta_dados_abertos_cnpj/dag.py
[2025-03-24T03:14:00.171+0000] {processor.py:925} INFO - DAG(s) 'coleta_dados_abertos_cnpj' retrieved from /opt/airflow/dags/coleta_dados_abertos_cnpj/dag.py
[2025-03-24T03:14:00.187+0000] {logging_mixin.py:190} INFO - [2025-03-24T03:14:00.187+0000] {dag.py:3239} INFO - Sync 1 DAGs
[2025-03-24T03:14:00.200+0000] {logging_mixin.py:190} INFO - [2025-03-24T03:14:00.200+0000] {dag.py:4180} INFO - Setting next_dagrun for coleta_dados_abertos_cnpj to 2025-02-10 00:00:00+00:00, run_after=2025-03-10 00:00:00+00:00
[2025-03-24T03:14:00.209+0000] {processor.py:208} INFO - Processing /opt/airflow/dags/coleta_dados_abertos_cnpj/dag.py took 0.162 seconds
[2025-03-24T03:14:30.484+0000] {processor.py:186} INFO - Started process (PID=1936) to work on /opt/airflow/dags/coleta_dados_abertos_cnpj/dag.py
[2025-03-24T03:14:30.485+0000] {processor.py:914} INFO - Processing file /opt/airflow/dags/coleta_dados_abertos_cnpj/dag.py for tasks to queue
[2025-03-24T03:14:30.487+0000] {logging_mixin.py:190} INFO - [2025-03-24T03:14:30.487+0000] {dagbag.py:588} INFO - Filling up the DagBag from /opt/airflow/dags/coleta_dados_abertos_cnpj/dag.py
[2025-03-24T03:14:30.613+0000] {processor.py:925} INFO - DAG(s) 'coleta_dados_abertos_cnpj' retrieved from /opt/airflow/dags/coleta_dados_abertos_cnpj/dag.py
[2025-03-24T03:14:30.629+0000] {logging_mixin.py:190} INFO - [2025-03-24T03:14:30.629+0000] {dag.py:3239} INFO - Sync 1 DAGs
[2025-03-24T03:14:30.642+0000] {logging_mixin.py:190} INFO - [2025-03-24T03:14:30.642+0000] {dag.py:4180} INFO - Setting next_dagrun for coleta_dados_abertos_cnpj to 2025-02-10 00:00:00+00:00, run_after=2025-03-10 00:00:00+00:00
[2025-03-24T03:14:30.657+0000] {processor.py:208} INFO - Processing /opt/airflow/dags/coleta_dados_abertos_cnpj/dag.py took 0.180 seconds
[2025-03-24T03:15:00.954+0000] {processor.py:186} INFO - Started process (PID=1947) to work on /opt/airflow/dags/coleta_dados_abertos_cnpj/dag.py
[2025-03-24T03:15:00.954+0000] {processor.py:914} INFO - Processing file /opt/airflow/dags/coleta_dados_abertos_cnpj/dag.py for tasks to queue
[2025-03-24T03:15:00.957+0000] {logging_mixin.py:190} INFO - [2025-03-24T03:15:00.956+0000] {dagbag.py:588} INFO - Filling up the DagBag from /opt/airflow/dags/coleta_dados_abertos_cnpj/dag.py
[2025-03-24T03:15:01.090+0000] {processor.py:925} INFO - DAG(s) 'coleta_dados_abertos_cnpj' retrieved from /opt/airflow/dags/coleta_dados_abertos_cnpj/dag.py
[2025-03-24T03:15:01.108+0000] {logging_mixin.py:190} INFO - [2025-03-24T03:15:01.108+0000] {dag.py:3239} INFO - Sync 1 DAGs
[2025-03-24T03:15:01.122+0000] {logging_mixin.py:190} INFO - [2025-03-24T03:15:01.122+0000] {dag.py:4180} INFO - Setting next_dagrun for coleta_dados_abertos_cnpj to 2025-02-10 00:00:00+00:00, run_after=2025-03-10 00:00:00+00:00
[2025-03-24T03:15:01.133+0000] {processor.py:208} INFO - Processing /opt/airflow/dags/coleta_dados_abertos_cnpj/dag.py took 0.182 seconds
[2025-03-24T03:15:31.338+0000] {processor.py:186} INFO - Started process (PID=1958) to work on /opt/airflow/dags/coleta_dados_abertos_cnpj/dag.py
[2025-03-24T03:15:31.339+0000] {processor.py:914} INFO - Processing file /opt/airflow/dags/coleta_dados_abertos_cnpj/dag.py for tasks to queue
[2025-03-24T03:15:31.342+0000] {logging_mixin.py:190} INFO - [2025-03-24T03:15:31.341+0000] {dagbag.py:588} INFO - Filling up the DagBag from /opt/airflow/dags/coleta_dados_abertos_cnpj/dag.py
[2025-03-24T03:15:31.465+0000] {processor.py:925} INFO - DAG(s) 'coleta_dados_abertos_cnpj' retrieved from /opt/airflow/dags/coleta_dados_abertos_cnpj/dag.py
[2025-03-24T03:15:31.481+0000] {logging_mixin.py:190} INFO - [2025-03-24T03:15:31.481+0000] {dag.py:3239} INFO - Sync 1 DAGs
[2025-03-24T03:15:31.494+0000] {logging_mixin.py:190} INFO - [2025-03-24T03:15:31.494+0000] {dag.py:4180} INFO - Setting next_dagrun for coleta_dados_abertos_cnpj to 2025-02-10 00:00:00+00:00, run_after=2025-03-10 00:00:00+00:00
[2025-03-24T03:15:31.505+0000] {processor.py:208} INFO - Processing /opt/airflow/dags/coleta_dados_abertos_cnpj/dag.py took 0.170 seconds
[2025-03-24T03:16:01.724+0000] {processor.py:186} INFO - Started process (PID=1969) to work on /opt/airflow/dags/coleta_dados_abertos_cnpj/dag.py
[2025-03-24T03:16:01.724+0000] {processor.py:914} INFO - Processing file /opt/airflow/dags/coleta_dados_abertos_cnpj/dag.py for tasks to queue
[2025-03-24T03:16:01.727+0000] {logging_mixin.py:190} INFO - [2025-03-24T03:16:01.727+0000] {dagbag.py:588} INFO - Filling up the DagBag from /opt/airflow/dags/coleta_dados_abertos_cnpj/dag.py
[2025-03-24T03:16:01.848+0000] {processor.py:925} INFO - DAG(s) 'coleta_dados_abertos_cnpj' retrieved from /opt/airflow/dags/coleta_dados_abertos_cnpj/dag.py
[2025-03-24T03:16:01.865+0000] {logging_mixin.py:190} INFO - [2025-03-24T03:16:01.865+0000] {dag.py:3239} INFO - Sync 1 DAGs
[2025-03-24T03:16:01.878+0000] {logging_mixin.py:190} INFO - [2025-03-24T03:16:01.878+0000] {dag.py:4180} INFO - Setting next_dagrun for coleta_dados_abertos_cnpj to 2025-02-10 00:00:00+00:00, run_after=2025-03-10 00:00:00+00:00
[2025-03-24T03:16:01.889+0000] {processor.py:208} INFO - Processing /opt/airflow/dags/coleta_dados_abertos_cnpj/dag.py took 0.169 seconds
[2025-03-24T03:16:32.097+0000] {processor.py:186} INFO - Started process (PID=1980) to work on /opt/airflow/dags/coleta_dados_abertos_cnpj/dag.py
[2025-03-24T03:16:32.098+0000] {processor.py:914} INFO - Processing file /opt/airflow/dags/coleta_dados_abertos_cnpj/dag.py for tasks to queue
[2025-03-24T03:16:32.100+0000] {logging_mixin.py:190} INFO - [2025-03-24T03:16:32.100+0000] {dagbag.py:588} INFO - Filling up the DagBag from /opt/airflow/dags/coleta_dados_abertos_cnpj/dag.py
[2025-03-24T03:16:32.223+0000] {processor.py:925} INFO - DAG(s) 'coleta_dados_abertos_cnpj' retrieved from /opt/airflow/dags/coleta_dados_abertos_cnpj/dag.py
[2025-03-24T03:16:32.241+0000] {logging_mixin.py:190} INFO - [2025-03-24T03:16:32.240+0000] {dag.py:3239} INFO - Sync 1 DAGs
[2025-03-24T03:16:32.253+0000] {logging_mixin.py:190} INFO - [2025-03-24T03:16:32.253+0000] {dag.py:4180} INFO - Setting next_dagrun for coleta_dados_abertos_cnpj to 2025-02-10 00:00:00+00:00, run_after=2025-03-10 00:00:00+00:00
[2025-03-24T03:16:32.277+0000] {processor.py:208} INFO - Processing /opt/airflow/dags/coleta_dados_abertos_cnpj/dag.py took 0.183 seconds
[2025-03-24T03:17:02.458+0000] {processor.py:186} INFO - Started process (PID=1991) to work on /opt/airflow/dags/coleta_dados_abertos_cnpj/dag.py
[2025-03-24T03:17:02.459+0000] {processor.py:914} INFO - Processing file /opt/airflow/dags/coleta_dados_abertos_cnpj/dag.py for tasks to queue
[2025-03-24T03:17:02.462+0000] {logging_mixin.py:190} INFO - [2025-03-24T03:17:02.462+0000] {dagbag.py:588} INFO - Filling up the DagBag from /opt/airflow/dags/coleta_dados_abertos_cnpj/dag.py
[2025-03-24T03:17:02.581+0000] {processor.py:925} INFO - DAG(s) 'coleta_dados_abertos_cnpj' retrieved from /opt/airflow/dags/coleta_dados_abertos_cnpj/dag.py
[2025-03-24T03:17:02.599+0000] {logging_mixin.py:190} INFO - [2025-03-24T03:17:02.599+0000] {dag.py:3239} INFO - Sync 1 DAGs
[2025-03-24T03:17:02.612+0000] {logging_mixin.py:190} INFO - [2025-03-24T03:17:02.612+0000] {dag.py:4180} INFO - Setting next_dagrun for coleta_dados_abertos_cnpj to 2025-02-10 00:00:00+00:00, run_after=2025-03-10 00:00:00+00:00
[2025-03-24T03:17:02.624+0000] {processor.py:208} INFO - Processing /opt/airflow/dags/coleta_dados_abertos_cnpj/dag.py took 0.169 seconds
[2025-03-24T03:17:32.842+0000] {processor.py:186} INFO - Started process (PID=2002) to work on /opt/airflow/dags/coleta_dados_abertos_cnpj/dag.py
[2025-03-24T03:17:32.843+0000] {processor.py:914} INFO - Processing file /opt/airflow/dags/coleta_dados_abertos_cnpj/dag.py for tasks to queue
[2025-03-24T03:17:32.845+0000] {logging_mixin.py:190} INFO - [2025-03-24T03:17:32.845+0000] {dagbag.py:588} INFO - Filling up the DagBag from /opt/airflow/dags/coleta_dados_abertos_cnpj/dag.py
[2025-03-24T03:17:32.968+0000] {processor.py:925} INFO - DAG(s) 'coleta_dados_abertos_cnpj' retrieved from /opt/airflow/dags/coleta_dados_abertos_cnpj/dag.py
[2025-03-24T03:17:32.984+0000] {logging_mixin.py:190} INFO - [2025-03-24T03:17:32.984+0000] {dag.py:3239} INFO - Sync 1 DAGs
[2025-03-24T03:17:32.997+0000] {logging_mixin.py:190} INFO - [2025-03-24T03:17:32.997+0000] {dag.py:4180} INFO - Setting next_dagrun for coleta_dados_abertos_cnpj to 2025-02-10 00:00:00+00:00, run_after=2025-03-10 00:00:00+00:00
[2025-03-24T03:17:33.007+0000] {processor.py:208} INFO - Processing /opt/airflow/dags/coleta_dados_abertos_cnpj/dag.py took 0.168 seconds
[2025-03-24T03:18:03.217+0000] {processor.py:186} INFO - Started process (PID=2013) to work on /opt/airflow/dags/coleta_dados_abertos_cnpj/dag.py
[2025-03-24T03:18:03.218+0000] {processor.py:914} INFO - Processing file /opt/airflow/dags/coleta_dados_abertos_cnpj/dag.py for tasks to queue
[2025-03-24T03:18:03.220+0000] {logging_mixin.py:190} INFO - [2025-03-24T03:18:03.220+0000] {dagbag.py:588} INFO - Filling up the DagBag from /opt/airflow/dags/coleta_dados_abertos_cnpj/dag.py
[2025-03-24T03:18:03.351+0000] {processor.py:925} INFO - DAG(s) 'coleta_dados_abertos_cnpj' retrieved from /opt/airflow/dags/coleta_dados_abertos_cnpj/dag.py
[2025-03-24T03:18:03.368+0000] {logging_mixin.py:190} INFO - [2025-03-24T03:18:03.368+0000] {dag.py:3239} INFO - Sync 1 DAGs
[2025-03-24T03:18:03.380+0000] {logging_mixin.py:190} INFO - [2025-03-24T03:18:03.380+0000] {dag.py:4180} INFO - Setting next_dagrun for coleta_dados_abertos_cnpj to 2025-02-10 00:00:00+00:00, run_after=2025-03-10 00:00:00+00:00
[2025-03-24T03:18:03.391+0000] {processor.py:208} INFO - Processing /opt/airflow/dags/coleta_dados_abertos_cnpj/dag.py took 0.177 seconds
[2025-03-24T03:18:33.588+0000] {processor.py:186} INFO - Started process (PID=2024) to work on /opt/airflow/dags/coleta_dados_abertos_cnpj/dag.py
[2025-03-24T03:18:33.589+0000] {processor.py:914} INFO - Processing file /opt/airflow/dags/coleta_dados_abertos_cnpj/dag.py for tasks to queue
[2025-03-24T03:18:33.591+0000] {logging_mixin.py:190} INFO - [2025-03-24T03:18:33.591+0000] {dagbag.py:588} INFO - Filling up the DagBag from /opt/airflow/dags/coleta_dados_abertos_cnpj/dag.py
[2025-03-24T03:18:33.711+0000] {processor.py:925} INFO - DAG(s) 'coleta_dados_abertos_cnpj' retrieved from /opt/airflow/dags/coleta_dados_abertos_cnpj/dag.py
[2025-03-24T03:18:33.728+0000] {logging_mixin.py:190} INFO - [2025-03-24T03:18:33.728+0000] {dag.py:3239} INFO - Sync 1 DAGs
[2025-03-24T03:18:33.740+0000] {logging_mixin.py:190} INFO - [2025-03-24T03:18:33.740+0000] {dag.py:4180} INFO - Setting next_dagrun for coleta_dados_abertos_cnpj to 2025-02-10 00:00:00+00:00, run_after=2025-03-10 00:00:00+00:00
[2025-03-24T03:18:33.750+0000] {processor.py:208} INFO - Processing /opt/airflow/dags/coleta_dados_abertos_cnpj/dag.py took 0.165 seconds
[2025-03-24T03:19:03.965+0000] {processor.py:186} INFO - Started process (PID=2035) to work on /opt/airflow/dags/coleta_dados_abertos_cnpj/dag.py
[2025-03-24T03:19:03.966+0000] {processor.py:914} INFO - Processing file /opt/airflow/dags/coleta_dados_abertos_cnpj/dag.py for tasks to queue
[2025-03-24T03:19:03.968+0000] {logging_mixin.py:190} INFO - [2025-03-24T03:19:03.968+0000] {dagbag.py:588} INFO - Filling up the DagBag from /opt/airflow/dags/coleta_dados_abertos_cnpj/dag.py
[2025-03-24T03:19:04.093+0000] {processor.py:925} INFO - DAG(s) 'coleta_dados_abertos_cnpj' retrieved from /opt/airflow/dags/coleta_dados_abertos_cnpj/dag.py
[2025-03-24T03:19:04.110+0000] {logging_mixin.py:190} INFO - [2025-03-24T03:19:04.109+0000] {dag.py:3239} INFO - Sync 1 DAGs
[2025-03-24T03:19:04.122+0000] {logging_mixin.py:190} INFO - [2025-03-24T03:19:04.122+0000] {dag.py:4180} INFO - Setting next_dagrun for coleta_dados_abertos_cnpj to 2025-02-10 00:00:00+00:00, run_after=2025-03-10 00:00:00+00:00
[2025-03-24T03:19:04.132+0000] {processor.py:208} INFO - Processing /opt/airflow/dags/coleta_dados_abertos_cnpj/dag.py took 0.170 seconds
[2025-03-24T03:19:34.363+0000] {processor.py:186} INFO - Started process (PID=2046) to work on /opt/airflow/dags/coleta_dados_abertos_cnpj/dag.py
[2025-03-24T03:19:34.364+0000] {processor.py:914} INFO - Processing file /opt/airflow/dags/coleta_dados_abertos_cnpj/dag.py for tasks to queue
[2025-03-24T03:19:34.365+0000] {logging_mixin.py:190} INFO - [2025-03-24T03:19:34.365+0000] {dagbag.py:588} INFO - Filling up the DagBag from /opt/airflow/dags/coleta_dados_abertos_cnpj/dag.py
[2025-03-24T03:19:34.484+0000] {processor.py:925} INFO - DAG(s) 'coleta_dados_abertos_cnpj' retrieved from /opt/airflow/dags/coleta_dados_abertos_cnpj/dag.py
[2025-03-24T03:19:34.500+0000] {logging_mixin.py:190} INFO - [2025-03-24T03:19:34.500+0000] {dag.py:3239} INFO - Sync 1 DAGs
[2025-03-24T03:19:34.513+0000] {logging_mixin.py:190} INFO - [2025-03-24T03:19:34.513+0000] {dag.py:4180} INFO - Setting next_dagrun for coleta_dados_abertos_cnpj to 2025-02-10 00:00:00+00:00, run_after=2025-03-10 00:00:00+00:00
[2025-03-24T03:19:34.523+0000] {processor.py:208} INFO - Processing /opt/airflow/dags/coleta_dados_abertos_cnpj/dag.py took 0.164 seconds
[2025-03-24T03:20:04.795+0000] {processor.py:186} INFO - Started process (PID=2057) to work on /opt/airflow/dags/coleta_dados_abertos_cnpj/dag.py
[2025-03-24T03:20:04.796+0000] {processor.py:914} INFO - Processing file /opt/airflow/dags/coleta_dados_abertos_cnpj/dag.py for tasks to queue
[2025-03-24T03:20:04.798+0000] {logging_mixin.py:190} INFO - [2025-03-24T03:20:04.798+0000] {dagbag.py:588} INFO - Filling up the DagBag from /opt/airflow/dags/coleta_dados_abertos_cnpj/dag.py
[2025-03-24T03:20:04.917+0000] {processor.py:925} INFO - DAG(s) 'coleta_dados_abertos_cnpj' retrieved from /opt/airflow/dags/coleta_dados_abertos_cnpj/dag.py
[2025-03-24T03:20:04.933+0000] {logging_mixin.py:190} INFO - [2025-03-24T03:20:04.933+0000] {dag.py:3239} INFO - Sync 1 DAGs
[2025-03-24T03:20:04.946+0000] {logging_mixin.py:190} INFO - [2025-03-24T03:20:04.946+0000] {dag.py:4180} INFO - Setting next_dagrun for coleta_dados_abertos_cnpj to 2025-02-10 00:00:00+00:00, run_after=2025-03-10 00:00:00+00:00
[2025-03-24T03:20:04.971+0000] {processor.py:208} INFO - Processing /opt/airflow/dags/coleta_dados_abertos_cnpj/dag.py took 0.179 seconds
[2025-03-24T03:20:35.160+0000] {processor.py:186} INFO - Started process (PID=2068) to work on /opt/airflow/dags/coleta_dados_abertos_cnpj/dag.py
[2025-03-24T03:20:35.161+0000] {processor.py:914} INFO - Processing file /opt/airflow/dags/coleta_dados_abertos_cnpj/dag.py for tasks to queue
[2025-03-24T03:20:35.163+0000] {logging_mixin.py:190} INFO - [2025-03-24T03:20:35.163+0000] {dagbag.py:588} INFO - Filling up the DagBag from /opt/airflow/dags/coleta_dados_abertos_cnpj/dag.py
[2025-03-24T03:20:35.285+0000] {processor.py:925} INFO - DAG(s) 'coleta_dados_abertos_cnpj' retrieved from /opt/airflow/dags/coleta_dados_abertos_cnpj/dag.py
[2025-03-24T03:20:35.302+0000] {logging_mixin.py:190} INFO - [2025-03-24T03:20:35.302+0000] {dag.py:3239} INFO - Sync 1 DAGs
[2025-03-24T03:20:35.314+0000] {logging_mixin.py:190} INFO - [2025-03-24T03:20:35.313+0000] {dag.py:4180} INFO - Setting next_dagrun for coleta_dados_abertos_cnpj to 2025-02-10 00:00:00+00:00, run_after=2025-03-10 00:00:00+00:00
[2025-03-24T03:20:35.324+0000] {processor.py:208} INFO - Processing /opt/airflow/dags/coleta_dados_abertos_cnpj/dag.py took 0.168 seconds
[2025-03-24T03:21:05.562+0000] {processor.py:186} INFO - Started process (PID=2079) to work on /opt/airflow/dags/coleta_dados_abertos_cnpj/dag.py
[2025-03-24T03:21:05.563+0000] {processor.py:914} INFO - Processing file /opt/airflow/dags/coleta_dados_abertos_cnpj/dag.py for tasks to queue
[2025-03-24T03:21:05.565+0000] {logging_mixin.py:190} INFO - [2025-03-24T03:21:05.565+0000] {dagbag.py:588} INFO - Filling up the DagBag from /opt/airflow/dags/coleta_dados_abertos_cnpj/dag.py
[2025-03-24T03:21:05.693+0000] {processor.py:925} INFO - DAG(s) 'coleta_dados_abertos_cnpj' retrieved from /opt/airflow/dags/coleta_dados_abertos_cnpj/dag.py
[2025-03-24T03:21:05.711+0000] {logging_mixin.py:190} INFO - [2025-03-24T03:21:05.711+0000] {dag.py:3239} INFO - Sync 1 DAGs
[2025-03-24T03:21:05.724+0000] {logging_mixin.py:190} INFO - [2025-03-24T03:21:05.724+0000] {dag.py:4180} INFO - Setting next_dagrun for coleta_dados_abertos_cnpj to 2025-02-10 00:00:00+00:00, run_after=2025-03-10 00:00:00+00:00
[2025-03-24T03:21:05.749+0000] {processor.py:208} INFO - Processing /opt/airflow/dags/coleta_dados_abertos_cnpj/dag.py took 0.190 seconds
[2025-03-24T03:21:35.938+0000] {processor.py:186} INFO - Started process (PID=2090) to work on /opt/airflow/dags/coleta_dados_abertos_cnpj/dag.py
[2025-03-24T03:21:35.939+0000] {processor.py:914} INFO - Processing file /opt/airflow/dags/coleta_dados_abertos_cnpj/dag.py for tasks to queue
[2025-03-24T03:21:35.941+0000] {logging_mixin.py:190} INFO - [2025-03-24T03:21:35.941+0000] {dagbag.py:588} INFO - Filling up the DagBag from /opt/airflow/dags/coleta_dados_abertos_cnpj/dag.py
[2025-03-24T03:21:36.065+0000] {processor.py:925} INFO - DAG(s) 'coleta_dados_abertos_cnpj' retrieved from /opt/airflow/dags/coleta_dados_abertos_cnpj/dag.py
[2025-03-24T03:21:36.082+0000] {logging_mixin.py:190} INFO - [2025-03-24T03:21:36.082+0000] {dag.py:3239} INFO - Sync 1 DAGs
[2025-03-24T03:21:36.096+0000] {logging_mixin.py:190} INFO - [2025-03-24T03:21:36.096+0000] {dag.py:4180} INFO - Setting next_dagrun for coleta_dados_abertos_cnpj to 2025-02-10 00:00:00+00:00, run_after=2025-03-10 00:00:00+00:00
[2025-03-24T03:21:36.106+0000] {processor.py:208} INFO - Processing /opt/airflow/dags/coleta_dados_abertos_cnpj/dag.py took 0.170 seconds
[2025-03-24T03:22:06.312+0000] {processor.py:186} INFO - Started process (PID=2101) to work on /opt/airflow/dags/coleta_dados_abertos_cnpj/dag.py
[2025-03-24T03:22:06.314+0000] {processor.py:914} INFO - Processing file /opt/airflow/dags/coleta_dados_abertos_cnpj/dag.py for tasks to queue
[2025-03-24T03:22:06.317+0000] {logging_mixin.py:190} INFO - [2025-03-24T03:22:06.316+0000] {dagbag.py:588} INFO - Filling up the DagBag from /opt/airflow/dags/coleta_dados_abertos_cnpj/dag.py
[2025-03-24T03:22:06.439+0000] {processor.py:925} INFO - DAG(s) 'coleta_dados_abertos_cnpj' retrieved from /opt/airflow/dags/coleta_dados_abertos_cnpj/dag.py
[2025-03-24T03:22:06.457+0000] {logging_mixin.py:190} INFO - [2025-03-24T03:22:06.457+0000] {dag.py:3239} INFO - Sync 1 DAGs
[2025-03-24T03:22:06.470+0000] {logging_mixin.py:190} INFO - [2025-03-24T03:22:06.470+0000] {dag.py:4180} INFO - Setting next_dagrun for coleta_dados_abertos_cnpj to 2025-02-10 00:00:00+00:00, run_after=2025-03-10 00:00:00+00:00
[2025-03-24T03:22:06.482+0000] {processor.py:208} INFO - Processing /opt/airflow/dags/coleta_dados_abertos_cnpj/dag.py took 0.172 seconds
[2025-03-24T03:22:36.674+0000] {processor.py:186} INFO - Started process (PID=2112) to work on /opt/airflow/dags/coleta_dados_abertos_cnpj/dag.py
[2025-03-24T03:22:36.675+0000] {processor.py:914} INFO - Processing file /opt/airflow/dags/coleta_dados_abertos_cnpj/dag.py for tasks to queue
[2025-03-24T03:22:36.678+0000] {logging_mixin.py:190} INFO - [2025-03-24T03:22:36.677+0000] {dagbag.py:588} INFO - Filling up the DagBag from /opt/airflow/dags/coleta_dados_abertos_cnpj/dag.py
[2025-03-24T03:22:36.797+0000] {processor.py:925} INFO - DAG(s) 'coleta_dados_abertos_cnpj' retrieved from /opt/airflow/dags/coleta_dados_abertos_cnpj/dag.py
[2025-03-24T03:22:36.814+0000] {logging_mixin.py:190} INFO - [2025-03-24T03:22:36.813+0000] {dag.py:3239} INFO - Sync 1 DAGs
[2025-03-24T03:22:36.827+0000] {logging_mixin.py:190} INFO - [2025-03-24T03:22:36.826+0000] {dag.py:4180} INFO - Setting next_dagrun for coleta_dados_abertos_cnpj to 2025-02-10 00:00:00+00:00, run_after=2025-03-10 00:00:00+00:00
[2025-03-24T03:22:36.837+0000] {processor.py:208} INFO - Processing /opt/airflow/dags/coleta_dados_abertos_cnpj/dag.py took 0.166 seconds
[2025-03-24T03:23:07.075+0000] {processor.py:186} INFO - Started process (PID=2123) to work on /opt/airflow/dags/coleta_dados_abertos_cnpj/dag.py
[2025-03-24T03:23:07.076+0000] {processor.py:914} INFO - Processing file /opt/airflow/dags/coleta_dados_abertos_cnpj/dag.py for tasks to queue
[2025-03-24T03:23:07.078+0000] {logging_mixin.py:190} INFO - [2025-03-24T03:23:07.078+0000] {dagbag.py:588} INFO - Filling up the DagBag from /opt/airflow/dags/coleta_dados_abertos_cnpj/dag.py
[2025-03-24T03:23:07.208+0000] {processor.py:925} INFO - DAG(s) 'coleta_dados_abertos_cnpj' retrieved from /opt/airflow/dags/coleta_dados_abertos_cnpj/dag.py
[2025-03-24T03:23:07.226+0000] {logging_mixin.py:190} INFO - [2025-03-24T03:23:07.226+0000] {dag.py:3239} INFO - Sync 1 DAGs
[2025-03-24T03:23:07.240+0000] {logging_mixin.py:190} INFO - [2025-03-24T03:23:07.240+0000] {dag.py:4180} INFO - Setting next_dagrun for coleta_dados_abertos_cnpj to 2025-02-10 00:00:00+00:00, run_after=2025-03-10 00:00:00+00:00
[2025-03-24T03:23:07.251+0000] {processor.py:208} INFO - Processing /opt/airflow/dags/coleta_dados_abertos_cnpj/dag.py took 0.179 seconds
[2025-03-24T03:23:37.434+0000] {processor.py:186} INFO - Started process (PID=2134) to work on /opt/airflow/dags/coleta_dados_abertos_cnpj/dag.py
[2025-03-24T03:23:37.434+0000] {processor.py:914} INFO - Processing file /opt/airflow/dags/coleta_dados_abertos_cnpj/dag.py for tasks to queue
[2025-03-24T03:23:37.436+0000] {logging_mixin.py:190} INFO - [2025-03-24T03:23:37.436+0000] {dagbag.py:588} INFO - Filling up the DagBag from /opt/airflow/dags/coleta_dados_abertos_cnpj/dag.py
[2025-03-24T03:23:37.558+0000] {processor.py:925} INFO - DAG(s) 'coleta_dados_abertos_cnpj' retrieved from /opt/airflow/dags/coleta_dados_abertos_cnpj/dag.py
[2025-03-24T03:23:37.577+0000] {logging_mixin.py:190} INFO - [2025-03-24T03:23:37.576+0000] {dag.py:3239} INFO - Sync 1 DAGs
[2025-03-24T03:23:37.591+0000] {logging_mixin.py:190} INFO - [2025-03-24T03:23:37.591+0000] {dag.py:4180} INFO - Setting next_dagrun for coleta_dados_abertos_cnpj to 2025-02-10 00:00:00+00:00, run_after=2025-03-10 00:00:00+00:00
[2025-03-24T03:23:37.601+0000] {processor.py:208} INFO - Processing /opt/airflow/dags/coleta_dados_abertos_cnpj/dag.py took 0.170 seconds
[2025-03-24T03:24:07.814+0000] {processor.py:186} INFO - Started process (PID=2145) to work on /opt/airflow/dags/coleta_dados_abertos_cnpj/dag.py
[2025-03-24T03:24:07.815+0000] {processor.py:914} INFO - Processing file /opt/airflow/dags/coleta_dados_abertos_cnpj/dag.py for tasks to queue
[2025-03-24T03:24:07.817+0000] {logging_mixin.py:190} INFO - [2025-03-24T03:24:07.817+0000] {dagbag.py:588} INFO - Filling up the DagBag from /opt/airflow/dags/coleta_dados_abertos_cnpj/dag.py
[2025-03-24T03:24:07.940+0000] {processor.py:925} INFO - DAG(s) 'coleta_dados_abertos_cnpj' retrieved from /opt/airflow/dags/coleta_dados_abertos_cnpj/dag.py
[2025-03-24T03:24:07.958+0000] {logging_mixin.py:190} INFO - [2025-03-24T03:24:07.958+0000] {dag.py:3239} INFO - Sync 1 DAGs
[2025-03-24T03:24:07.971+0000] {logging_mixin.py:190} INFO - [2025-03-24T03:24:07.971+0000] {dag.py:4180} INFO - Setting next_dagrun for coleta_dados_abertos_cnpj to 2025-02-10 00:00:00+00:00, run_after=2025-03-10 00:00:00+00:00
[2025-03-24T03:24:07.981+0000] {processor.py:208} INFO - Processing /opt/airflow/dags/coleta_dados_abertos_cnpj/dag.py took 0.171 seconds
[2025-03-24T03:24:38.189+0000] {processor.py:186} INFO - Started process (PID=2156) to work on /opt/airflow/dags/coleta_dados_abertos_cnpj/dag.py
[2025-03-24T03:24:38.190+0000] {processor.py:914} INFO - Processing file /opt/airflow/dags/coleta_dados_abertos_cnpj/dag.py for tasks to queue
[2025-03-24T03:24:38.193+0000] {logging_mixin.py:190} INFO - [2025-03-24T03:24:38.192+0000] {dagbag.py:588} INFO - Filling up the DagBag from /opt/airflow/dags/coleta_dados_abertos_cnpj/dag.py
[2025-03-24T03:24:38.319+0000] {processor.py:925} INFO - DAG(s) 'coleta_dados_abertos_cnpj' retrieved from /opt/airflow/dags/coleta_dados_abertos_cnpj/dag.py
[2025-03-24T03:24:38.335+0000] {logging_mixin.py:190} INFO - [2025-03-24T03:24:38.335+0000] {dag.py:3239} INFO - Sync 1 DAGs
[2025-03-24T03:24:38.348+0000] {logging_mixin.py:190} INFO - [2025-03-24T03:24:38.348+0000] {dag.py:4180} INFO - Setting next_dagrun for coleta_dados_abertos_cnpj to 2025-02-10 00:00:00+00:00, run_after=2025-03-10 00:00:00+00:00
[2025-03-24T03:24:38.359+0000] {processor.py:208} INFO - Processing /opt/airflow/dags/coleta_dados_abertos_cnpj/dag.py took 0.173 seconds
[2025-03-24T03:25:08.609+0000] {processor.py:186} INFO - Started process (PID=2167) to work on /opt/airflow/dags/coleta_dados_abertos_cnpj/dag.py
[2025-03-24T03:25:08.610+0000] {processor.py:914} INFO - Processing file /opt/airflow/dags/coleta_dados_abertos_cnpj/dag.py for tasks to queue
[2025-03-24T03:25:08.611+0000] {logging_mixin.py:190} INFO - [2025-03-24T03:25:08.611+0000] {dagbag.py:588} INFO - Filling up the DagBag from /opt/airflow/dags/coleta_dados_abertos_cnpj/dag.py
[2025-03-24T03:25:08.733+0000] {processor.py:925} INFO - DAG(s) 'coleta_dados_abertos_cnpj' retrieved from /opt/airflow/dags/coleta_dados_abertos_cnpj/dag.py
[2025-03-24T03:25:08.750+0000] {logging_mixin.py:190} INFO - [2025-03-24T03:25:08.750+0000] {dag.py:3239} INFO - Sync 1 DAGs
[2025-03-24T03:25:08.763+0000] {logging_mixin.py:190} INFO - [2025-03-24T03:25:08.763+0000] {dag.py:4180} INFO - Setting next_dagrun for coleta_dados_abertos_cnpj to 2025-02-10 00:00:00+00:00, run_after=2025-03-10 00:00:00+00:00
[2025-03-24T03:25:08.788+0000] {processor.py:208} INFO - Processing /opt/airflow/dags/coleta_dados_abertos_cnpj/dag.py took 0.183 seconds
[2025-03-24T03:25:38.991+0000] {processor.py:186} INFO - Started process (PID=2178) to work on /opt/airflow/dags/coleta_dados_abertos_cnpj/dag.py
[2025-03-24T03:25:38.992+0000] {processor.py:914} INFO - Processing file /opt/airflow/dags/coleta_dados_abertos_cnpj/dag.py for tasks to queue
[2025-03-24T03:25:38.994+0000] {logging_mixin.py:190} INFO - [2025-03-24T03:25:38.994+0000] {dagbag.py:588} INFO - Filling up the DagBag from /opt/airflow/dags/coleta_dados_abertos_cnpj/dag.py
[2025-03-24T03:25:39.116+0000] {processor.py:925} INFO - DAG(s) 'coleta_dados_abertos_cnpj' retrieved from /opt/airflow/dags/coleta_dados_abertos_cnpj/dag.py
[2025-03-24T03:25:39.132+0000] {logging_mixin.py:190} INFO - [2025-03-24T03:25:39.132+0000] {dag.py:3239} INFO - Sync 1 DAGs
[2025-03-24T03:25:39.145+0000] {logging_mixin.py:190} INFO - [2025-03-24T03:25:39.145+0000] {dag.py:4180} INFO - Setting next_dagrun for coleta_dados_abertos_cnpj to 2025-02-10 00:00:00+00:00, run_after=2025-03-10 00:00:00+00:00
[2025-03-24T03:25:39.157+0000] {processor.py:208} INFO - Processing /opt/airflow/dags/coleta_dados_abertos_cnpj/dag.py took 0.169 seconds
[2025-03-24T03:26:09.371+0000] {processor.py:186} INFO - Started process (PID=2189) to work on /opt/airflow/dags/coleta_dados_abertos_cnpj/dag.py
[2025-03-24T03:26:09.372+0000] {processor.py:914} INFO - Processing file /opt/airflow/dags/coleta_dados_abertos_cnpj/dag.py for tasks to queue
[2025-03-24T03:26:09.375+0000] {logging_mixin.py:190} INFO - [2025-03-24T03:26:09.374+0000] {dagbag.py:588} INFO - Filling up the DagBag from /opt/airflow/dags/coleta_dados_abertos_cnpj/dag.py
[2025-03-24T03:26:09.505+0000] {processor.py:925} INFO - DAG(s) 'coleta_dados_abertos_cnpj' retrieved from /opt/airflow/dags/coleta_dados_abertos_cnpj/dag.py
[2025-03-24T03:26:09.523+0000] {logging_mixin.py:190} INFO - [2025-03-24T03:26:09.523+0000] {dag.py:3239} INFO - Sync 1 DAGs
[2025-03-24T03:26:09.536+0000] {logging_mixin.py:190} INFO - [2025-03-24T03:26:09.536+0000] {dag.py:4180} INFO - Setting next_dagrun for coleta_dados_abertos_cnpj to 2025-02-10 00:00:00+00:00, run_after=2025-03-10 00:00:00+00:00
[2025-03-24T03:26:09.546+0000] {processor.py:208} INFO - Processing /opt/airflow/dags/coleta_dados_abertos_cnpj/dag.py took 0.178 seconds
[2025-03-24T03:26:39.734+0000] {processor.py:186} INFO - Started process (PID=2200) to work on /opt/airflow/dags/coleta_dados_abertos_cnpj/dag.py
[2025-03-24T03:26:39.735+0000] {processor.py:914} INFO - Processing file /opt/airflow/dags/coleta_dados_abertos_cnpj/dag.py for tasks to queue
[2025-03-24T03:26:39.738+0000] {logging_mixin.py:190} INFO - [2025-03-24T03:26:39.738+0000] {dagbag.py:588} INFO - Filling up the DagBag from /opt/airflow/dags/coleta_dados_abertos_cnpj/dag.py
[2025-03-24T03:26:39.872+0000] {processor.py:925} INFO - DAG(s) 'coleta_dados_abertos_cnpj' retrieved from /opt/airflow/dags/coleta_dados_abertos_cnpj/dag.py
[2025-03-24T03:26:39.888+0000] {logging_mixin.py:190} INFO - [2025-03-24T03:26:39.888+0000] {dag.py:3239} INFO - Sync 1 DAGs
[2025-03-24T03:26:39.901+0000] {logging_mixin.py:190} INFO - [2025-03-24T03:26:39.901+0000] {dag.py:4180} INFO - Setting next_dagrun for coleta_dados_abertos_cnpj to 2025-02-10 00:00:00+00:00, run_after=2025-03-10 00:00:00+00:00
[2025-03-24T03:26:39.911+0000] {processor.py:208} INFO - Processing /opt/airflow/dags/coleta_dados_abertos_cnpj/dag.py took 0.179 seconds
[2025-03-24T03:27:10.102+0000] {processor.py:186} INFO - Started process (PID=2211) to work on /opt/airflow/dags/coleta_dados_abertos_cnpj/dag.py
[2025-03-24T03:27:10.103+0000] {processor.py:914} INFO - Processing file /opt/airflow/dags/coleta_dados_abertos_cnpj/dag.py for tasks to queue
[2025-03-24T03:27:10.106+0000] {logging_mixin.py:190} INFO - [2025-03-24T03:27:10.105+0000] {dagbag.py:588} INFO - Filling up the DagBag from /opt/airflow/dags/coleta_dados_abertos_cnpj/dag.py
[2025-03-24T03:27:10.231+0000] {processor.py:925} INFO - DAG(s) 'coleta_dados_abertos_cnpj' retrieved from /opt/airflow/dags/coleta_dados_abertos_cnpj/dag.py
[2025-03-24T03:27:10.247+0000] {logging_mixin.py:190} INFO - [2025-03-24T03:27:10.246+0000] {dag.py:3239} INFO - Sync 1 DAGs
[2025-03-24T03:27:10.259+0000] {logging_mixin.py:190} INFO - [2025-03-24T03:27:10.259+0000] {dag.py:4180} INFO - Setting next_dagrun for coleta_dados_abertos_cnpj to 2025-02-10 00:00:00+00:00, run_after=2025-03-10 00:00:00+00:00
[2025-03-24T03:27:10.269+0000] {processor.py:208} INFO - Processing /opt/airflow/dags/coleta_dados_abertos_cnpj/dag.py took 0.170 seconds
[2025-03-24T03:27:40.480+0000] {processor.py:186} INFO - Started process (PID=2222) to work on /opt/airflow/dags/coleta_dados_abertos_cnpj/dag.py
[2025-03-24T03:27:40.481+0000] {processor.py:914} INFO - Processing file /opt/airflow/dags/coleta_dados_abertos_cnpj/dag.py for tasks to queue
[2025-03-24T03:27:40.482+0000] {logging_mixin.py:190} INFO - [2025-03-24T03:27:40.482+0000] {dagbag.py:588} INFO - Filling up the DagBag from /opt/airflow/dags/coleta_dados_abertos_cnpj/dag.py
[2025-03-24T03:27:40.614+0000] {processor.py:925} INFO - DAG(s) 'coleta_dados_abertos_cnpj' retrieved from /opt/airflow/dags/coleta_dados_abertos_cnpj/dag.py
[2025-03-24T03:27:40.632+0000] {logging_mixin.py:190} INFO - [2025-03-24T03:27:40.632+0000] {dag.py:3239} INFO - Sync 1 DAGs
[2025-03-24T03:27:40.645+0000] {logging_mixin.py:190} INFO - [2025-03-24T03:27:40.645+0000] {dag.py:4180} INFO - Setting next_dagrun for coleta_dados_abertos_cnpj to 2025-02-10 00:00:00+00:00, run_after=2025-03-10 00:00:00+00:00
[2025-03-24T03:27:40.656+0000] {processor.py:208} INFO - Processing /opt/airflow/dags/coleta_dados_abertos_cnpj/dag.py took 0.180 seconds
[2025-03-24T03:28:10.854+0000] {processor.py:186} INFO - Started process (PID=2233) to work on /opt/airflow/dags/coleta_dados_abertos_cnpj/dag.py
[2025-03-24T03:28:10.855+0000] {processor.py:914} INFO - Processing file /opt/airflow/dags/coleta_dados_abertos_cnpj/dag.py for tasks to queue
[2025-03-24T03:28:10.856+0000] {logging_mixin.py:190} INFO - [2025-03-24T03:28:10.856+0000] {dagbag.py:588} INFO - Filling up the DagBag from /opt/airflow/dags/coleta_dados_abertos_cnpj/dag.py
[2025-03-24T03:28:10.976+0000] {processor.py:925} INFO - DAG(s) 'coleta_dados_abertos_cnpj' retrieved from /opt/airflow/dags/coleta_dados_abertos_cnpj/dag.py
[2025-03-24T03:28:10.992+0000] {logging_mixin.py:190} INFO - [2025-03-24T03:28:10.992+0000] {dag.py:3239} INFO - Sync 1 DAGs
[2025-03-24T03:28:11.005+0000] {logging_mixin.py:190} INFO - [2025-03-24T03:28:11.005+0000] {dag.py:4180} INFO - Setting next_dagrun for coleta_dados_abertos_cnpj to 2025-02-10 00:00:00+00:00, run_after=2025-03-10 00:00:00+00:00
[2025-03-24T03:28:11.018+0000] {processor.py:208} INFO - Processing /opt/airflow/dags/coleta_dados_abertos_cnpj/dag.py took 0.168 seconds
[2025-03-24T03:28:41.238+0000] {processor.py:186} INFO - Started process (PID=2244) to work on /opt/airflow/dags/coleta_dados_abertos_cnpj/dag.py
[2025-03-24T03:28:41.238+0000] {processor.py:914} INFO - Processing file /opt/airflow/dags/coleta_dados_abertos_cnpj/dag.py for tasks to queue
[2025-03-24T03:28:41.241+0000] {logging_mixin.py:190} INFO - [2025-03-24T03:28:41.241+0000] {dagbag.py:588} INFO - Filling up the DagBag from /opt/airflow/dags/coleta_dados_abertos_cnpj/dag.py
[2025-03-24T03:28:41.369+0000] {processor.py:925} INFO - DAG(s) 'coleta_dados_abertos_cnpj' retrieved from /opt/airflow/dags/coleta_dados_abertos_cnpj/dag.py
[2025-03-24T03:28:41.387+0000] {logging_mixin.py:190} INFO - [2025-03-24T03:28:41.387+0000] {dag.py:3239} INFO - Sync 1 DAGs
[2025-03-24T03:28:41.400+0000] {logging_mixin.py:190} INFO - [2025-03-24T03:28:41.400+0000] {dag.py:4180} INFO - Setting next_dagrun for coleta_dados_abertos_cnpj to 2025-02-10 00:00:00+00:00, run_after=2025-03-10 00:00:00+00:00
[2025-03-24T03:28:41.412+0000] {processor.py:208} INFO - Processing /opt/airflow/dags/coleta_dados_abertos_cnpj/dag.py took 0.177 seconds
[2025-03-24T03:29:11.611+0000] {processor.py:186} INFO - Started process (PID=2255) to work on /opt/airflow/dags/coleta_dados_abertos_cnpj/dag.py
[2025-03-24T03:29:11.612+0000] {processor.py:914} INFO - Processing file /opt/airflow/dags/coleta_dados_abertos_cnpj/dag.py for tasks to queue
[2025-03-24T03:29:11.614+0000] {logging_mixin.py:190} INFO - [2025-03-24T03:29:11.613+0000] {dagbag.py:588} INFO - Filling up the DagBag from /opt/airflow/dags/coleta_dados_abertos_cnpj/dag.py
[2025-03-24T03:29:11.734+0000] {processor.py:925} INFO - DAG(s) 'coleta_dados_abertos_cnpj' retrieved from /opt/airflow/dags/coleta_dados_abertos_cnpj/dag.py
[2025-03-24T03:29:11.751+0000] {logging_mixin.py:190} INFO - [2025-03-24T03:29:11.751+0000] {dag.py:3239} INFO - Sync 1 DAGs
[2025-03-24T03:29:11.763+0000] {logging_mixin.py:190} INFO - [2025-03-24T03:29:11.763+0000] {dag.py:4180} INFO - Setting next_dagrun for coleta_dados_abertos_cnpj to 2025-02-10 00:00:00+00:00, run_after=2025-03-10 00:00:00+00:00
[2025-03-24T03:29:11.776+0000] {processor.py:208} INFO - Processing /opt/airflow/dags/coleta_dados_abertos_cnpj/dag.py took 0.168 seconds
[2025-03-24T03:29:41.969+0000] {processor.py:186} INFO - Started process (PID=2266) to work on /opt/airflow/dags/coleta_dados_abertos_cnpj/dag.py
[2025-03-24T03:29:41.970+0000] {processor.py:914} INFO - Processing file /opt/airflow/dags/coleta_dados_abertos_cnpj/dag.py for tasks to queue
[2025-03-24T03:29:41.971+0000] {logging_mixin.py:190} INFO - [2025-03-24T03:29:41.971+0000] {dagbag.py:588} INFO - Filling up the DagBag from /opt/airflow/dags/coleta_dados_abertos_cnpj/dag.py
[2025-03-24T03:29:42.092+0000] {processor.py:925} INFO - DAG(s) 'coleta_dados_abertos_cnpj' retrieved from /opt/airflow/dags/coleta_dados_abertos_cnpj/dag.py
[2025-03-24T03:29:42.108+0000] {logging_mixin.py:190} INFO - [2025-03-24T03:29:42.108+0000] {dag.py:3239} INFO - Sync 1 DAGs
[2025-03-24T03:29:42.121+0000] {logging_mixin.py:190} INFO - [2025-03-24T03:29:42.121+0000] {dag.py:4180} INFO - Setting next_dagrun for coleta_dados_abertos_cnpj to 2025-02-10 00:00:00+00:00, run_after=2025-03-10 00:00:00+00:00
[2025-03-24T03:29:42.131+0000] {processor.py:208} INFO - Processing /opt/airflow/dags/coleta_dados_abertos_cnpj/dag.py took 0.166 seconds
[2025-03-24T03:30:12.407+0000] {processor.py:186} INFO - Started process (PID=2278) to work on /opt/airflow/dags/coleta_dados_abertos_cnpj/dag.py
[2025-03-24T03:30:12.408+0000] {processor.py:914} INFO - Processing file /opt/airflow/dags/coleta_dados_abertos_cnpj/dag.py for tasks to queue
[2025-03-24T03:30:12.411+0000] {logging_mixin.py:190} INFO - [2025-03-24T03:30:12.410+0000] {dagbag.py:588} INFO - Filling up the DagBag from /opt/airflow/dags/coleta_dados_abertos_cnpj/dag.py
[2025-03-24T03:30:12.532+0000] {processor.py:925} INFO - DAG(s) 'coleta_dados_abertos_cnpj' retrieved from /opt/airflow/dags/coleta_dados_abertos_cnpj/dag.py
[2025-03-24T03:30:12.549+0000] {logging_mixin.py:190} INFO - [2025-03-24T03:30:12.549+0000] {dag.py:3239} INFO - Sync 1 DAGs
[2025-03-24T03:30:12.561+0000] {logging_mixin.py:190} INFO - [2025-03-24T03:30:12.561+0000] {dag.py:4180} INFO - Setting next_dagrun for coleta_dados_abertos_cnpj to 2025-02-10 00:00:00+00:00, run_after=2025-03-10 00:00:00+00:00
[2025-03-24T03:30:12.574+0000] {processor.py:208} INFO - Processing /opt/airflow/dags/coleta_dados_abertos_cnpj/dag.py took 0.170 seconds
[2025-03-24T03:30:42.788+0000] {processor.py:186} INFO - Started process (PID=2289) to work on /opt/airflow/dags/coleta_dados_abertos_cnpj/dag.py
[2025-03-24T03:30:42.789+0000] {processor.py:914} INFO - Processing file /opt/airflow/dags/coleta_dados_abertos_cnpj/dag.py for tasks to queue
[2025-03-24T03:30:42.791+0000] {logging_mixin.py:190} INFO - [2025-03-24T03:30:42.791+0000] {dagbag.py:588} INFO - Filling up the DagBag from /opt/airflow/dags/coleta_dados_abertos_cnpj/dag.py
[2025-03-24T03:30:42.914+0000] {processor.py:925} INFO - DAG(s) 'coleta_dados_abertos_cnpj' retrieved from /opt/airflow/dags/coleta_dados_abertos_cnpj/dag.py
[2025-03-24T03:30:42.930+0000] {logging_mixin.py:190} INFO - [2025-03-24T03:30:42.930+0000] {dag.py:3239} INFO - Sync 1 DAGs
[2025-03-24T03:30:42.943+0000] {logging_mixin.py:190} INFO - [2025-03-24T03:30:42.943+0000] {dag.py:4180} INFO - Setting next_dagrun for coleta_dados_abertos_cnpj to 2025-02-10 00:00:00+00:00, run_after=2025-03-10 00:00:00+00:00
[2025-03-24T03:30:42.968+0000] {processor.py:208} INFO - Processing /opt/airflow/dags/coleta_dados_abertos_cnpj/dag.py took 0.183 seconds
[2025-03-24T03:31:13.148+0000] {processor.py:186} INFO - Started process (PID=2300) to work on /opt/airflow/dags/coleta_dados_abertos_cnpj/dag.py
[2025-03-24T03:31:13.149+0000] {processor.py:914} INFO - Processing file /opt/airflow/dags/coleta_dados_abertos_cnpj/dag.py for tasks to queue
[2025-03-24T03:31:13.151+0000] {logging_mixin.py:190} INFO - [2025-03-24T03:31:13.151+0000] {dagbag.py:588} INFO - Filling up the DagBag from /opt/airflow/dags/coleta_dados_abertos_cnpj/dag.py
[2025-03-24T03:31:13.274+0000] {processor.py:925} INFO - DAG(s) 'coleta_dados_abertos_cnpj' retrieved from /opt/airflow/dags/coleta_dados_abertos_cnpj/dag.py
[2025-03-24T03:31:13.290+0000] {logging_mixin.py:190} INFO - [2025-03-24T03:31:13.290+0000] {dag.py:3239} INFO - Sync 1 DAGs
[2025-03-24T03:31:13.303+0000] {logging_mixin.py:190} INFO - [2025-03-24T03:31:13.303+0000] {dag.py:4180} INFO - Setting next_dagrun for coleta_dados_abertos_cnpj to 2025-02-10 00:00:00+00:00, run_after=2025-03-10 00:00:00+00:00
[2025-03-24T03:31:13.312+0000] {processor.py:208} INFO - Processing /opt/airflow/dags/coleta_dados_abertos_cnpj/dag.py took 0.167 seconds
[2025-03-24T03:31:43.526+0000] {processor.py:186} INFO - Started process (PID=2311) to work on /opt/airflow/dags/coleta_dados_abertos_cnpj/dag.py
[2025-03-24T03:31:43.527+0000] {processor.py:914} INFO - Processing file /opt/airflow/dags/coleta_dados_abertos_cnpj/dag.py for tasks to queue
[2025-03-24T03:31:43.529+0000] {logging_mixin.py:190} INFO - [2025-03-24T03:31:43.529+0000] {dagbag.py:588} INFO - Filling up the DagBag from /opt/airflow/dags/coleta_dados_abertos_cnpj/dag.py
[2025-03-24T03:31:43.648+0000] {processor.py:925} INFO - DAG(s) 'coleta_dados_abertos_cnpj' retrieved from /opt/airflow/dags/coleta_dados_abertos_cnpj/dag.py
[2025-03-24T03:31:43.664+0000] {logging_mixin.py:190} INFO - [2025-03-24T03:31:43.664+0000] {dag.py:3239} INFO - Sync 1 DAGs
[2025-03-24T03:31:43.676+0000] {logging_mixin.py:190} INFO - [2025-03-24T03:31:43.676+0000] {dag.py:4180} INFO - Setting next_dagrun for coleta_dados_abertos_cnpj to 2025-02-10 00:00:00+00:00, run_after=2025-03-10 00:00:00+00:00
[2025-03-24T03:31:43.687+0000] {processor.py:208} INFO - Processing /opt/airflow/dags/coleta_dados_abertos_cnpj/dag.py took 0.165 seconds
[2025-03-24T03:32:13.907+0000] {processor.py:186} INFO - Started process (PID=2322) to work on /opt/airflow/dags/coleta_dados_abertos_cnpj/dag.py
[2025-03-24T03:32:13.908+0000] {processor.py:914} INFO - Processing file /opt/airflow/dags/coleta_dados_abertos_cnpj/dag.py for tasks to queue
[2025-03-24T03:32:13.910+0000] {logging_mixin.py:190} INFO - [2025-03-24T03:32:13.910+0000] {dagbag.py:588} INFO - Filling up the DagBag from /opt/airflow/dags/coleta_dados_abertos_cnpj/dag.py
[2025-03-24T03:32:14.040+0000] {processor.py:925} INFO - DAG(s) 'coleta_dados_abertos_cnpj' retrieved from /opt/airflow/dags/coleta_dados_abertos_cnpj/dag.py
[2025-03-24T03:32:14.058+0000] {logging_mixin.py:190} INFO - [2025-03-24T03:32:14.058+0000] {dag.py:3239} INFO - Sync 1 DAGs
[2025-03-24T03:32:14.070+0000] {logging_mixin.py:190} INFO - [2025-03-24T03:32:14.070+0000] {dag.py:4180} INFO - Setting next_dagrun for coleta_dados_abertos_cnpj to 2025-02-10 00:00:00+00:00, run_after=2025-03-10 00:00:00+00:00
[2025-03-24T03:32:14.082+0000] {processor.py:208} INFO - Processing /opt/airflow/dags/coleta_dados_abertos_cnpj/dag.py took 0.178 seconds
[2025-03-24T03:32:44.277+0000] {processor.py:186} INFO - Started process (PID=2333) to work on /opt/airflow/dags/coleta_dados_abertos_cnpj/dag.py
[2025-03-24T03:32:44.278+0000] {processor.py:914} INFO - Processing file /opt/airflow/dags/coleta_dados_abertos_cnpj/dag.py for tasks to queue
[2025-03-24T03:32:44.280+0000] {logging_mixin.py:190} INFO - [2025-03-24T03:32:44.280+0000] {dagbag.py:588} INFO - Filling up the DagBag from /opt/airflow/dags/coleta_dados_abertos_cnpj/dag.py
[2025-03-24T03:32:44.410+0000] {processor.py:925} INFO - DAG(s) 'coleta_dados_abertos_cnpj' retrieved from /opt/airflow/dags/coleta_dados_abertos_cnpj/dag.py
[2025-03-24T03:32:44.426+0000] {logging_mixin.py:190} INFO - [2025-03-24T03:32:44.426+0000] {dag.py:3239} INFO - Sync 1 DAGs
[2025-03-24T03:32:44.438+0000] {logging_mixin.py:190} INFO - [2025-03-24T03:32:44.438+0000] {dag.py:4180} INFO - Setting next_dagrun for coleta_dados_abertos_cnpj to 2025-02-10 00:00:00+00:00, run_after=2025-03-10 00:00:00+00:00
[2025-03-24T03:32:44.448+0000] {processor.py:208} INFO - Processing /opt/airflow/dags/coleta_dados_abertos_cnpj/dag.py took 0.175 seconds
[2025-03-24T03:33:14.672+0000] {processor.py:186} INFO - Started process (PID=2344) to work on /opt/airflow/dags/coleta_dados_abertos_cnpj/dag.py
[2025-03-24T03:33:14.673+0000] {processor.py:914} INFO - Processing file /opt/airflow/dags/coleta_dados_abertos_cnpj/dag.py for tasks to queue
[2025-03-24T03:33:14.675+0000] {logging_mixin.py:190} INFO - [2025-03-24T03:33:14.675+0000] {dagbag.py:588} INFO - Filling up the DagBag from /opt/airflow/dags/coleta_dados_abertos_cnpj/dag.py
[2025-03-24T03:33:14.806+0000] {processor.py:925} INFO - DAG(s) 'coleta_dados_abertos_cnpj' retrieved from /opt/airflow/dags/coleta_dados_abertos_cnpj/dag.py
[2025-03-24T03:33:14.822+0000] {logging_mixin.py:190} INFO - [2025-03-24T03:33:14.822+0000] {dag.py:3239} INFO - Sync 1 DAGs
[2025-03-24T03:33:14.835+0000] {logging_mixin.py:190} INFO - [2025-03-24T03:33:14.835+0000] {dag.py:4180} INFO - Setting next_dagrun for coleta_dados_abertos_cnpj to 2025-02-10 00:00:00+00:00, run_after=2025-03-10 00:00:00+00:00
[2025-03-24T03:33:14.847+0000] {processor.py:208} INFO - Processing /opt/airflow/dags/coleta_dados_abertos_cnpj/dag.py took 0.179 seconds
[2025-03-24T03:33:45.036+0000] {processor.py:186} INFO - Started process (PID=2355) to work on /opt/airflow/dags/coleta_dados_abertos_cnpj/dag.py
[2025-03-24T03:33:45.038+0000] {processor.py:914} INFO - Processing file /opt/airflow/dags/coleta_dados_abertos_cnpj/dag.py for tasks to queue
[2025-03-24T03:33:45.040+0000] {logging_mixin.py:190} INFO - [2025-03-24T03:33:45.039+0000] {dagbag.py:588} INFO - Filling up the DagBag from /opt/airflow/dags/coleta_dados_abertos_cnpj/dag.py
[2025-03-24T03:33:45.159+0000] {processor.py:925} INFO - DAG(s) 'coleta_dados_abertos_cnpj' retrieved from /opt/airflow/dags/coleta_dados_abertos_cnpj/dag.py
[2025-03-24T03:33:45.175+0000] {logging_mixin.py:190} INFO - [2025-03-24T03:33:45.175+0000] {dag.py:3239} INFO - Sync 1 DAGs
[2025-03-24T03:33:45.189+0000] {logging_mixin.py:190} INFO - [2025-03-24T03:33:45.188+0000] {dag.py:4180} INFO - Setting next_dagrun for coleta_dados_abertos_cnpj to 2025-02-10 00:00:00+00:00, run_after=2025-03-10 00:00:00+00:00
[2025-03-24T03:33:45.201+0000] {processor.py:208} INFO - Processing /opt/airflow/dags/coleta_dados_abertos_cnpj/dag.py took 0.167 seconds
[2025-03-24T03:34:15.418+0000] {processor.py:186} INFO - Started process (PID=2366) to work on /opt/airflow/dags/coleta_dados_abertos_cnpj/dag.py
[2025-03-24T03:34:15.419+0000] {processor.py:914} INFO - Processing file /opt/airflow/dags/coleta_dados_abertos_cnpj/dag.py for tasks to queue
[2025-03-24T03:34:15.421+0000] {logging_mixin.py:190} INFO - [2025-03-24T03:34:15.421+0000] {dagbag.py:588} INFO - Filling up the DagBag from /opt/airflow/dags/coleta_dados_abertos_cnpj/dag.py
[2025-03-24T03:34:15.552+0000] {processor.py:925} INFO - DAG(s) 'coleta_dados_abertos_cnpj' retrieved from /opt/airflow/dags/coleta_dados_abertos_cnpj/dag.py
[2025-03-24T03:34:15.568+0000] {logging_mixin.py:190} INFO - [2025-03-24T03:34:15.568+0000] {dag.py:3239} INFO - Sync 1 DAGs
[2025-03-24T03:34:15.582+0000] {logging_mixin.py:190} INFO - [2025-03-24T03:34:15.582+0000] {dag.py:4180} INFO - Setting next_dagrun for coleta_dados_abertos_cnpj to 2025-02-10 00:00:00+00:00, run_after=2025-03-10 00:00:00+00:00
[2025-03-24T03:34:15.591+0000] {processor.py:208} INFO - Processing /opt/airflow/dags/coleta_dados_abertos_cnpj/dag.py took 0.177 seconds
[2025-03-24T03:34:45.801+0000] {processor.py:186} INFO - Started process (PID=2377) to work on /opt/airflow/dags/coleta_dados_abertos_cnpj/dag.py
[2025-03-24T03:34:45.802+0000] {processor.py:914} INFO - Processing file /opt/airflow/dags/coleta_dados_abertos_cnpj/dag.py for tasks to queue
[2025-03-24T03:34:45.804+0000] {logging_mixin.py:190} INFO - [2025-03-24T03:34:45.804+0000] {dagbag.py:588} INFO - Filling up the DagBag from /opt/airflow/dags/coleta_dados_abertos_cnpj/dag.py
[2025-03-24T03:34:45.932+0000] {processor.py:925} INFO - DAG(s) 'coleta_dados_abertos_cnpj' retrieved from /opt/airflow/dags/coleta_dados_abertos_cnpj/dag.py
[2025-03-24T03:34:45.948+0000] {logging_mixin.py:190} INFO - [2025-03-24T03:34:45.948+0000] {dag.py:3239} INFO - Sync 1 DAGs
[2025-03-24T03:34:45.960+0000] {logging_mixin.py:190} INFO - [2025-03-24T03:34:45.960+0000] {dag.py:4180} INFO - Setting next_dagrun for coleta_dados_abertos_cnpj to 2025-02-10 00:00:00+00:00, run_after=2025-03-10 00:00:00+00:00
[2025-03-24T03:34:45.970+0000] {processor.py:208} INFO - Processing /opt/airflow/dags/coleta_dados_abertos_cnpj/dag.py took 0.173 seconds
[2025-03-24T03:35:16.224+0000] {processor.py:186} INFO - Started process (PID=2388) to work on /opt/airflow/dags/coleta_dados_abertos_cnpj/dag.py
[2025-03-24T03:35:16.225+0000] {processor.py:914} INFO - Processing file /opt/airflow/dags/coleta_dados_abertos_cnpj/dag.py for tasks to queue
[2025-03-24T03:35:16.228+0000] {logging_mixin.py:190} INFO - [2025-03-24T03:35:16.227+0000] {dagbag.py:588} INFO - Filling up the DagBag from /opt/airflow/dags/coleta_dados_abertos_cnpj/dag.py
[2025-03-24T03:35:16.355+0000] {processor.py:925} INFO - DAG(s) 'coleta_dados_abertos_cnpj' retrieved from /opt/airflow/dags/coleta_dados_abertos_cnpj/dag.py
[2025-03-24T03:35:16.372+0000] {logging_mixin.py:190} INFO - [2025-03-24T03:35:16.371+0000] {dag.py:3239} INFO - Sync 1 DAGs
[2025-03-24T03:35:16.384+0000] {logging_mixin.py:190} INFO - [2025-03-24T03:35:16.384+0000] {dag.py:4180} INFO - Setting next_dagrun for coleta_dados_abertos_cnpj to 2025-02-10 00:00:00+00:00, run_after=2025-03-10 00:00:00+00:00
[2025-03-24T03:35:16.395+0000] {processor.py:208} INFO - Processing /opt/airflow/dags/coleta_dados_abertos_cnpj/dag.py took 0.175 seconds
[2025-03-24T03:35:46.598+0000] {processor.py:186} INFO - Started process (PID=2399) to work on /opt/airflow/dags/coleta_dados_abertos_cnpj/dag.py
[2025-03-24T03:35:46.599+0000] {processor.py:914} INFO - Processing file /opt/airflow/dags/coleta_dados_abertos_cnpj/dag.py for tasks to queue
[2025-03-24T03:35:46.601+0000] {logging_mixin.py:190} INFO - [2025-03-24T03:35:46.601+0000] {dagbag.py:588} INFO - Filling up the DagBag from /opt/airflow/dags/coleta_dados_abertos_cnpj/dag.py
[2025-03-24T03:35:46.729+0000] {processor.py:925} INFO - DAG(s) 'coleta_dados_abertos_cnpj' retrieved from /opt/airflow/dags/coleta_dados_abertos_cnpj/dag.py
[2025-03-24T03:35:46.746+0000] {logging_mixin.py:190} INFO - [2025-03-24T03:35:46.746+0000] {dag.py:3239} INFO - Sync 1 DAGs
[2025-03-24T03:35:46.760+0000] {logging_mixin.py:190} INFO - [2025-03-24T03:35:46.760+0000] {dag.py:4180} INFO - Setting next_dagrun for coleta_dados_abertos_cnpj to 2025-02-10 00:00:00+00:00, run_after=2025-03-10 00:00:00+00:00
[2025-03-24T03:35:46.772+0000] {processor.py:208} INFO - Processing /opt/airflow/dags/coleta_dados_abertos_cnpj/dag.py took 0.177 seconds
[2025-03-24T03:36:16.982+0000] {processor.py:186} INFO - Started process (PID=2410) to work on /opt/airflow/dags/coleta_dados_abertos_cnpj/dag.py
[2025-03-24T03:36:16.983+0000] {processor.py:914} INFO - Processing file /opt/airflow/dags/coleta_dados_abertos_cnpj/dag.py for tasks to queue
[2025-03-24T03:36:16.984+0000] {logging_mixin.py:190} INFO - [2025-03-24T03:36:16.984+0000] {dagbag.py:588} INFO - Filling up the DagBag from /opt/airflow/dags/coleta_dados_abertos_cnpj/dag.py
[2025-03-24T03:36:17.105+0000] {processor.py:925} INFO - DAG(s) 'coleta_dados_abertos_cnpj' retrieved from /opt/airflow/dags/coleta_dados_abertos_cnpj/dag.py
[2025-03-24T03:36:17.121+0000] {logging_mixin.py:190} INFO - [2025-03-24T03:36:17.121+0000] {dag.py:3239} INFO - Sync 1 DAGs
[2025-03-24T03:36:17.135+0000] {logging_mixin.py:190} INFO - [2025-03-24T03:36:17.135+0000] {dag.py:4180} INFO - Setting next_dagrun for coleta_dados_abertos_cnpj to 2025-02-10 00:00:00+00:00, run_after=2025-03-10 00:00:00+00:00
[2025-03-24T03:36:17.145+0000] {processor.py:208} INFO - Processing /opt/airflow/dags/coleta_dados_abertos_cnpj/dag.py took 0.166 seconds
[2025-03-24T03:36:47.345+0000] {processor.py:186} INFO - Started process (PID=2421) to work on /opt/airflow/dags/coleta_dados_abertos_cnpj/dag.py
[2025-03-24T03:36:47.346+0000] {processor.py:914} INFO - Processing file /opt/airflow/dags/coleta_dados_abertos_cnpj/dag.py for tasks to queue
[2025-03-24T03:36:47.348+0000] {logging_mixin.py:190} INFO - [2025-03-24T03:36:47.347+0000] {dagbag.py:588} INFO - Filling up the DagBag from /opt/airflow/dags/coleta_dados_abertos_cnpj/dag.py
[2025-03-24T03:36:47.467+0000] {processor.py:925} INFO - DAG(s) 'coleta_dados_abertos_cnpj' retrieved from /opt/airflow/dags/coleta_dados_abertos_cnpj/dag.py
[2025-03-24T03:36:47.484+0000] {logging_mixin.py:190} INFO - [2025-03-24T03:36:47.484+0000] {dag.py:3239} INFO - Sync 1 DAGs
[2025-03-24T03:36:47.497+0000] {logging_mixin.py:190} INFO - [2025-03-24T03:36:47.496+0000] {dag.py:4180} INFO - Setting next_dagrun for coleta_dados_abertos_cnpj to 2025-02-10 00:00:00+00:00, run_after=2025-03-10 00:00:00+00:00
[2025-03-24T03:36:47.507+0000] {processor.py:208} INFO - Processing /opt/airflow/dags/coleta_dados_abertos_cnpj/dag.py took 0.166 seconds
[2025-03-24T03:37:17.734+0000] {processor.py:186} INFO - Started process (PID=2432) to work on /opt/airflow/dags/coleta_dados_abertos_cnpj/dag.py
[2025-03-24T03:37:17.735+0000] {processor.py:914} INFO - Processing file /opt/airflow/dags/coleta_dados_abertos_cnpj/dag.py for tasks to queue
[2025-03-24T03:37:17.737+0000] {logging_mixin.py:190} INFO - [2025-03-24T03:37:17.737+0000] {dagbag.py:588} INFO - Filling up the DagBag from /opt/airflow/dags/coleta_dados_abertos_cnpj/dag.py
[2025-03-24T03:37:17.857+0000] {processor.py:925} INFO - DAG(s) 'coleta_dados_abertos_cnpj' retrieved from /opt/airflow/dags/coleta_dados_abertos_cnpj/dag.py
[2025-03-24T03:37:17.874+0000] {logging_mixin.py:190} INFO - [2025-03-24T03:37:17.874+0000] {dag.py:3239} INFO - Sync 1 DAGs
[2025-03-24T03:37:17.886+0000] {logging_mixin.py:190} INFO - [2025-03-24T03:37:17.886+0000] {dag.py:4180} INFO - Setting next_dagrun for coleta_dados_abertos_cnpj to 2025-02-10 00:00:00+00:00, run_after=2025-03-10 00:00:00+00:00
[2025-03-24T03:37:17.896+0000] {processor.py:208} INFO - Processing /opt/airflow/dags/coleta_dados_abertos_cnpj/dag.py took 0.166 seconds
[2025-03-24T03:37:48.110+0000] {processor.py:186} INFO - Started process (PID=2443) to work on /opt/airflow/dags/coleta_dados_abertos_cnpj/dag.py
[2025-03-24T03:37:48.111+0000] {processor.py:914} INFO - Processing file /opt/airflow/dags/coleta_dados_abertos_cnpj/dag.py for tasks to queue
[2025-03-24T03:37:48.113+0000] {logging_mixin.py:190} INFO - [2025-03-24T03:37:48.113+0000] {dagbag.py:588} INFO - Filling up the DagBag from /opt/airflow/dags/coleta_dados_abertos_cnpj/dag.py
[2025-03-24T03:37:48.237+0000] {processor.py:925} INFO - DAG(s) 'coleta_dados_abertos_cnpj' retrieved from /opt/airflow/dags/coleta_dados_abertos_cnpj/dag.py
[2025-03-24T03:37:48.254+0000] {logging_mixin.py:190} INFO - [2025-03-24T03:37:48.254+0000] {dag.py:3239} INFO - Sync 1 DAGs
[2025-03-24T03:37:48.267+0000] {logging_mixin.py:190} INFO - [2025-03-24T03:37:48.267+0000] {dag.py:4180} INFO - Setting next_dagrun for coleta_dados_abertos_cnpj to 2025-02-10 00:00:00+00:00, run_after=2025-03-10 00:00:00+00:00
[2025-03-24T03:37:48.278+0000] {processor.py:208} INFO - Processing /opt/airflow/dags/coleta_dados_abertos_cnpj/dag.py took 0.172 seconds
[2025-03-24T03:38:18.496+0000] {processor.py:186} INFO - Started process (PID=2454) to work on /opt/airflow/dags/coleta_dados_abertos_cnpj/dag.py
[2025-03-24T03:38:18.498+0000] {processor.py:914} INFO - Processing file /opt/airflow/dags/coleta_dados_abertos_cnpj/dag.py for tasks to queue
[2025-03-24T03:38:18.499+0000] {logging_mixin.py:190} INFO - [2025-03-24T03:38:18.499+0000] {dagbag.py:588} INFO - Filling up the DagBag from /opt/airflow/dags/coleta_dados_abertos_cnpj/dag.py
[2025-03-24T03:38:18.621+0000] {processor.py:925} INFO - DAG(s) 'coleta_dados_abertos_cnpj' retrieved from /opt/airflow/dags/coleta_dados_abertos_cnpj/dag.py
[2025-03-24T03:38:18.639+0000] {logging_mixin.py:190} INFO - [2025-03-24T03:38:18.639+0000] {dag.py:3239} INFO - Sync 1 DAGs
[2025-03-24T03:38:18.652+0000] {logging_mixin.py:190} INFO - [2025-03-24T03:38:18.651+0000] {dag.py:4180} INFO - Setting next_dagrun for coleta_dados_abertos_cnpj to 2025-02-10 00:00:00+00:00, run_after=2025-03-10 00:00:00+00:00
[2025-03-24T03:38:18.661+0000] {processor.py:208} INFO - Processing /opt/airflow/dags/coleta_dados_abertos_cnpj/dag.py took 0.168 seconds
[2025-03-24T03:38:48.873+0000] {processor.py:186} INFO - Started process (PID=2465) to work on /opt/airflow/dags/coleta_dados_abertos_cnpj/dag.py
[2025-03-24T03:38:48.874+0000] {processor.py:914} INFO - Processing file /opt/airflow/dags/coleta_dados_abertos_cnpj/dag.py for tasks to queue
[2025-03-24T03:38:48.876+0000] {logging_mixin.py:190} INFO - [2025-03-24T03:38:48.876+0000] {dagbag.py:588} INFO - Filling up the DagBag from /opt/airflow/dags/coleta_dados_abertos_cnpj/dag.py
[2025-03-24T03:38:48.998+0000] {processor.py:925} INFO - DAG(s) 'coleta_dados_abertos_cnpj' retrieved from /opt/airflow/dags/coleta_dados_abertos_cnpj/dag.py
[2025-03-24T03:38:49.014+0000] {logging_mixin.py:190} INFO - [2025-03-24T03:38:49.014+0000] {dag.py:3239} INFO - Sync 1 DAGs
[2025-03-24T03:38:49.027+0000] {logging_mixin.py:190} INFO - [2025-03-24T03:38:49.027+0000] {dag.py:4180} INFO - Setting next_dagrun for coleta_dados_abertos_cnpj to 2025-02-10 00:00:00+00:00, run_after=2025-03-10 00:00:00+00:00
[2025-03-24T03:38:49.039+0000] {processor.py:208} INFO - Processing /opt/airflow/dags/coleta_dados_abertos_cnpj/dag.py took 0.169 seconds
[2025-03-24T03:39:19.254+0000] {processor.py:186} INFO - Started process (PID=2476) to work on /opt/airflow/dags/coleta_dados_abertos_cnpj/dag.py
[2025-03-24T03:39:19.255+0000] {processor.py:914} INFO - Processing file /opt/airflow/dags/coleta_dados_abertos_cnpj/dag.py for tasks to queue
[2025-03-24T03:39:19.257+0000] {logging_mixin.py:190} INFO - [2025-03-24T03:39:19.257+0000] {dagbag.py:588} INFO - Filling up the DagBag from /opt/airflow/dags/coleta_dados_abertos_cnpj/dag.py
[2025-03-24T03:39:19.381+0000] {processor.py:925} INFO - DAG(s) 'coleta_dados_abertos_cnpj' retrieved from /opt/airflow/dags/coleta_dados_abertos_cnpj/dag.py
[2025-03-24T03:39:19.398+0000] {logging_mixin.py:190} INFO - [2025-03-24T03:39:19.398+0000] {dag.py:3239} INFO - Sync 1 DAGs
[2025-03-24T03:39:19.411+0000] {logging_mixin.py:190} INFO - [2025-03-24T03:39:19.411+0000] {dag.py:4180} INFO - Setting next_dagrun for coleta_dados_abertos_cnpj to 2025-02-10 00:00:00+00:00, run_after=2025-03-10 00:00:00+00:00
[2025-03-24T03:39:19.423+0000] {processor.py:208} INFO - Processing /opt/airflow/dags/coleta_dados_abertos_cnpj/dag.py took 0.172 seconds
[2025-03-24T03:39:49.619+0000] {processor.py:186} INFO - Started process (PID=2487) to work on /opt/airflow/dags/coleta_dados_abertos_cnpj/dag.py
[2025-03-24T03:39:49.620+0000] {processor.py:914} INFO - Processing file /opt/airflow/dags/coleta_dados_abertos_cnpj/dag.py for tasks to queue
[2025-03-24T03:39:49.623+0000] {logging_mixin.py:190} INFO - [2025-03-24T03:39:49.622+0000] {dagbag.py:588} INFO - Filling up the DagBag from /opt/airflow/dags/coleta_dados_abertos_cnpj/dag.py
[2025-03-24T03:39:49.751+0000] {processor.py:925} INFO - DAG(s) 'coleta_dados_abertos_cnpj' retrieved from /opt/airflow/dags/coleta_dados_abertos_cnpj/dag.py
[2025-03-24T03:39:49.768+0000] {logging_mixin.py:190} INFO - [2025-03-24T03:39:49.768+0000] {dag.py:3239} INFO - Sync 1 DAGs
[2025-03-24T03:39:49.780+0000] {logging_mixin.py:190} INFO - [2025-03-24T03:39:49.780+0000] {dag.py:4180} INFO - Setting next_dagrun for coleta_dados_abertos_cnpj to 2025-02-10 00:00:00+00:00, run_after=2025-03-10 00:00:00+00:00
[2025-03-24T03:39:49.791+0000] {processor.py:208} INFO - Processing /opt/airflow/dags/coleta_dados_abertos_cnpj/dag.py took 0.175 seconds
[2025-03-24T03:40:20.063+0000] {processor.py:186} INFO - Started process (PID=2498) to work on /opt/airflow/dags/coleta_dados_abertos_cnpj/dag.py
[2025-03-24T03:40:20.065+0000] {processor.py:914} INFO - Processing file /opt/airflow/dags/coleta_dados_abertos_cnpj/dag.py for tasks to queue
[2025-03-24T03:40:20.067+0000] {logging_mixin.py:190} INFO - [2025-03-24T03:40:20.067+0000] {dagbag.py:588} INFO - Filling up the DagBag from /opt/airflow/dags/coleta_dados_abertos_cnpj/dag.py
[2025-03-24T03:40:20.187+0000] {processor.py:925} INFO - DAG(s) 'coleta_dados_abertos_cnpj' retrieved from /opt/airflow/dags/coleta_dados_abertos_cnpj/dag.py
[2025-03-24T03:40:20.203+0000] {logging_mixin.py:190} INFO - [2025-03-24T03:40:20.203+0000] {dag.py:3239} INFO - Sync 1 DAGs
[2025-03-24T03:40:20.217+0000] {logging_mixin.py:190} INFO - [2025-03-24T03:40:20.217+0000] {dag.py:4180} INFO - Setting next_dagrun for coleta_dados_abertos_cnpj to 2025-02-10 00:00:00+00:00, run_after=2025-03-10 00:00:00+00:00
[2025-03-24T03:40:20.228+0000] {processor.py:208} INFO - Processing /opt/airflow/dags/coleta_dados_abertos_cnpj/dag.py took 0.167 seconds
[2025-03-24T03:40:50.445+0000] {processor.py:186} INFO - Started process (PID=2509) to work on /opt/airflow/dags/coleta_dados_abertos_cnpj/dag.py
[2025-03-24T03:40:50.446+0000] {processor.py:914} INFO - Processing file /opt/airflow/dags/coleta_dados_abertos_cnpj/dag.py for tasks to queue
[2025-03-24T03:40:50.448+0000] {logging_mixin.py:190} INFO - [2025-03-24T03:40:50.448+0000] {dagbag.py:588} INFO - Filling up the DagBag from /opt/airflow/dags/coleta_dados_abertos_cnpj/dag.py
[2025-03-24T03:40:50.571+0000] {processor.py:925} INFO - DAG(s) 'coleta_dados_abertos_cnpj' retrieved from /opt/airflow/dags/coleta_dados_abertos_cnpj/dag.py
[2025-03-24T03:40:50.587+0000] {logging_mixin.py:190} INFO - [2025-03-24T03:40:50.587+0000] {dag.py:3239} INFO - Sync 1 DAGs
[2025-03-24T03:40:50.599+0000] {logging_mixin.py:190} INFO - [2025-03-24T03:40:50.599+0000] {dag.py:4180} INFO - Setting next_dagrun for coleta_dados_abertos_cnpj to 2025-02-10 00:00:00+00:00, run_after=2025-03-10 00:00:00+00:00
[2025-03-24T03:40:50.608+0000] {processor.py:208} INFO - Processing /opt/airflow/dags/coleta_dados_abertos_cnpj/dag.py took 0.166 seconds
[2025-03-24T03:41:20.812+0000] {processor.py:186} INFO - Started process (PID=2520) to work on /opt/airflow/dags/coleta_dados_abertos_cnpj/dag.py
[2025-03-24T03:41:20.813+0000] {processor.py:914} INFO - Processing file /opt/airflow/dags/coleta_dados_abertos_cnpj/dag.py for tasks to queue
[2025-03-24T03:41:20.815+0000] {logging_mixin.py:190} INFO - [2025-03-24T03:41:20.815+0000] {dagbag.py:588} INFO - Filling up the DagBag from /opt/airflow/dags/coleta_dados_abertos_cnpj/dag.py
[2025-03-24T03:41:20.934+0000] {processor.py:925} INFO - DAG(s) 'coleta_dados_abertos_cnpj' retrieved from /opt/airflow/dags/coleta_dados_abertos_cnpj/dag.py
[2025-03-24T03:41:20.951+0000] {logging_mixin.py:190} INFO - [2025-03-24T03:41:20.951+0000] {dag.py:3239} INFO - Sync 1 DAGs
[2025-03-24T03:41:20.964+0000] {logging_mixin.py:190} INFO - [2025-03-24T03:41:20.963+0000] {dag.py:4180} INFO - Setting next_dagrun for coleta_dados_abertos_cnpj to 2025-02-10 00:00:00+00:00, run_after=2025-03-10 00:00:00+00:00
[2025-03-24T03:41:20.975+0000] {processor.py:208} INFO - Processing /opt/airflow/dags/coleta_dados_abertos_cnpj/dag.py took 0.166 seconds
[2025-03-24T03:41:51.196+0000] {processor.py:186} INFO - Started process (PID=2531) to work on /opt/airflow/dags/coleta_dados_abertos_cnpj/dag.py
[2025-03-24T03:41:51.197+0000] {processor.py:914} INFO - Processing file /opt/airflow/dags/coleta_dados_abertos_cnpj/dag.py for tasks to queue
[2025-03-24T03:41:51.199+0000] {logging_mixin.py:190} INFO - [2025-03-24T03:41:51.199+0000] {dagbag.py:588} INFO - Filling up the DagBag from /opt/airflow/dags/coleta_dados_abertos_cnpj/dag.py
[2025-03-24T03:41:51.319+0000] {processor.py:925} INFO - DAG(s) 'coleta_dados_abertos_cnpj' retrieved from /opt/airflow/dags/coleta_dados_abertos_cnpj/dag.py
[2025-03-24T03:41:51.335+0000] {logging_mixin.py:190} INFO - [2025-03-24T03:41:51.335+0000] {dag.py:3239} INFO - Sync 1 DAGs
[2025-03-24T03:41:51.348+0000] {logging_mixin.py:190} INFO - [2025-03-24T03:41:51.348+0000] {dag.py:4180} INFO - Setting next_dagrun for coleta_dados_abertos_cnpj to 2025-02-10 00:00:00+00:00, run_after=2025-03-10 00:00:00+00:00
[2025-03-24T03:41:51.358+0000] {processor.py:208} INFO - Processing /opt/airflow/dags/coleta_dados_abertos_cnpj/dag.py took 0.166 seconds
[2025-03-24T03:42:21.572+0000] {processor.py:186} INFO - Started process (PID=2542) to work on /opt/airflow/dags/coleta_dados_abertos_cnpj/dag.py
[2025-03-24T03:42:21.573+0000] {processor.py:914} INFO - Processing file /opt/airflow/dags/coleta_dados_abertos_cnpj/dag.py for tasks to queue
[2025-03-24T03:42:21.575+0000] {logging_mixin.py:190} INFO - [2025-03-24T03:42:21.575+0000] {dagbag.py:588} INFO - Filling up the DagBag from /opt/airflow/dags/coleta_dados_abertos_cnpj/dag.py
[2025-03-24T03:42:21.694+0000] {processor.py:925} INFO - DAG(s) 'coleta_dados_abertos_cnpj' retrieved from /opt/airflow/dags/coleta_dados_abertos_cnpj/dag.py
[2025-03-24T03:42:21.712+0000] {logging_mixin.py:190} INFO - [2025-03-24T03:42:21.712+0000] {dag.py:3239} INFO - Sync 1 DAGs
[2025-03-24T03:42:21.724+0000] {logging_mixin.py:190} INFO - [2025-03-24T03:42:21.724+0000] {dag.py:4180} INFO - Setting next_dagrun for coleta_dados_abertos_cnpj to 2025-02-10 00:00:00+00:00, run_after=2025-03-10 00:00:00+00:00
[2025-03-24T03:42:21.733+0000] {processor.py:208} INFO - Processing /opt/airflow/dags/coleta_dados_abertos_cnpj/dag.py took 0.164 seconds
[2025-03-24T03:42:51.979+0000] {processor.py:186} INFO - Started process (PID=2553) to work on /opt/airflow/dags/coleta_dados_abertos_cnpj/dag.py
[2025-03-24T03:42:51.980+0000] {processor.py:914} INFO - Processing file /opt/airflow/dags/coleta_dados_abertos_cnpj/dag.py for tasks to queue
[2025-03-24T03:42:51.983+0000] {logging_mixin.py:190} INFO - [2025-03-24T03:42:51.982+0000] {dagbag.py:588} INFO - Filling up the DagBag from /opt/airflow/dags/coleta_dados_abertos_cnpj/dag.py
[2025-03-24T03:42:52.105+0000] {processor.py:925} INFO - DAG(s) 'coleta_dados_abertos_cnpj' retrieved from /opt/airflow/dags/coleta_dados_abertos_cnpj/dag.py
[2025-03-24T03:42:52.122+0000] {logging_mixin.py:190} INFO - [2025-03-24T03:42:52.122+0000] {dag.py:3239} INFO - Sync 1 DAGs
[2025-03-24T03:42:52.134+0000] {logging_mixin.py:190} INFO - [2025-03-24T03:42:52.134+0000] {dag.py:4180} INFO - Setting next_dagrun for coleta_dados_abertos_cnpj to 2025-02-10 00:00:00+00:00, run_after=2025-03-10 00:00:00+00:00
[2025-03-24T03:42:52.144+0000] {processor.py:208} INFO - Processing /opt/airflow/dags/coleta_dados_abertos_cnpj/dag.py took 0.169 seconds
[2025-03-24T03:43:22.330+0000] {processor.py:186} INFO - Started process (PID=2564) to work on /opt/airflow/dags/coleta_dados_abertos_cnpj/dag.py
[2025-03-24T03:43:22.331+0000] {processor.py:914} INFO - Processing file /opt/airflow/dags/coleta_dados_abertos_cnpj/dag.py for tasks to queue
[2025-03-24T03:43:22.333+0000] {logging_mixin.py:190} INFO - [2025-03-24T03:43:22.333+0000] {dagbag.py:588} INFO - Filling up the DagBag from /opt/airflow/dags/coleta_dados_abertos_cnpj/dag.py
[2025-03-24T03:43:22.457+0000] {processor.py:925} INFO - DAG(s) 'coleta_dados_abertos_cnpj' retrieved from /opt/airflow/dags/coleta_dados_abertos_cnpj/dag.py
[2025-03-24T03:43:22.473+0000] {logging_mixin.py:190} INFO - [2025-03-24T03:43:22.473+0000] {dag.py:3239} INFO - Sync 1 DAGs
[2025-03-24T03:43:22.486+0000] {logging_mixin.py:190} INFO - [2025-03-24T03:43:22.486+0000] {dag.py:4180} INFO - Setting next_dagrun for coleta_dados_abertos_cnpj to 2025-02-10 00:00:00+00:00, run_after=2025-03-10 00:00:00+00:00
[2025-03-24T03:43:22.499+0000] {processor.py:208} INFO - Processing /opt/airflow/dags/coleta_dados_abertos_cnpj/dag.py took 0.172 seconds
[2025-03-24T03:43:52.701+0000] {processor.py:186} INFO - Started process (PID=2575) to work on /opt/airflow/dags/coleta_dados_abertos_cnpj/dag.py
[2025-03-24T03:43:52.702+0000] {processor.py:914} INFO - Processing file /opt/airflow/dags/coleta_dados_abertos_cnpj/dag.py for tasks to queue
[2025-03-24T03:43:52.704+0000] {logging_mixin.py:190} INFO - [2025-03-24T03:43:52.704+0000] {dagbag.py:588} INFO - Filling up the DagBag from /opt/airflow/dags/coleta_dados_abertos_cnpj/dag.py
[2025-03-24T03:43:52.830+0000] {processor.py:925} INFO - DAG(s) 'coleta_dados_abertos_cnpj' retrieved from /opt/airflow/dags/coleta_dados_abertos_cnpj/dag.py
[2025-03-24T03:43:52.849+0000] {logging_mixin.py:190} INFO - [2025-03-24T03:43:52.848+0000] {dag.py:3239} INFO - Sync 1 DAGs
[2025-03-24T03:43:52.862+0000] {logging_mixin.py:190} INFO - [2025-03-24T03:43:52.862+0000] {dag.py:4180} INFO - Setting next_dagrun for coleta_dados_abertos_cnpj to 2025-02-10 00:00:00+00:00, run_after=2025-03-10 00:00:00+00:00
[2025-03-24T03:43:52.875+0000] {processor.py:208} INFO - Processing /opt/airflow/dags/coleta_dados_abertos_cnpj/dag.py took 0.177 seconds
[2025-03-24T03:44:23.081+0000] {processor.py:186} INFO - Started process (PID=2586) to work on /opt/airflow/dags/coleta_dados_abertos_cnpj/dag.py
[2025-03-24T03:44:23.082+0000] {processor.py:914} INFO - Processing file /opt/airflow/dags/coleta_dados_abertos_cnpj/dag.py for tasks to queue
[2025-03-24T03:44:23.084+0000] {logging_mixin.py:190} INFO - [2025-03-24T03:44:23.084+0000] {dagbag.py:588} INFO - Filling up the DagBag from /opt/airflow/dags/coleta_dados_abertos_cnpj/dag.py
[2025-03-24T03:44:23.205+0000] {processor.py:925} INFO - DAG(s) 'coleta_dados_abertos_cnpj' retrieved from /opt/airflow/dags/coleta_dados_abertos_cnpj/dag.py
[2025-03-24T03:44:23.223+0000] {logging_mixin.py:190} INFO - [2025-03-24T03:44:23.223+0000] {dag.py:3239} INFO - Sync 1 DAGs
[2025-03-24T03:44:23.236+0000] {logging_mixin.py:190} INFO - [2025-03-24T03:44:23.236+0000] {dag.py:4180} INFO - Setting next_dagrun for coleta_dados_abertos_cnpj to 2025-02-10 00:00:00+00:00, run_after=2025-03-10 00:00:00+00:00
[2025-03-24T03:44:23.247+0000] {processor.py:208} INFO - Processing /opt/airflow/dags/coleta_dados_abertos_cnpj/dag.py took 0.170 seconds
[2025-03-24T03:44:53.452+0000] {processor.py:186} INFO - Started process (PID=2597) to work on /opt/airflow/dags/coleta_dados_abertos_cnpj/dag.py
[2025-03-24T03:44:53.453+0000] {processor.py:914} INFO - Processing file /opt/airflow/dags/coleta_dados_abertos_cnpj/dag.py for tasks to queue
[2025-03-24T03:44:53.455+0000] {logging_mixin.py:190} INFO - [2025-03-24T03:44:53.455+0000] {dagbag.py:588} INFO - Filling up the DagBag from /opt/airflow/dags/coleta_dados_abertos_cnpj/dag.py
[2025-03-24T03:44:53.580+0000] {processor.py:925} INFO - DAG(s) 'coleta_dados_abertos_cnpj' retrieved from /opt/airflow/dags/coleta_dados_abertos_cnpj/dag.py
[2025-03-24T03:44:53.597+0000] {logging_mixin.py:190} INFO - [2025-03-24T03:44:53.597+0000] {dag.py:3239} INFO - Sync 1 DAGs
[2025-03-24T03:44:53.610+0000] {logging_mixin.py:190} INFO - [2025-03-24T03:44:53.610+0000] {dag.py:4180} INFO - Setting next_dagrun for coleta_dados_abertos_cnpj to 2025-02-10 00:00:00+00:00, run_after=2025-03-10 00:00:00+00:00
[2025-03-24T03:44:53.620+0000] {processor.py:208} INFO - Processing /opt/airflow/dags/coleta_dados_abertos_cnpj/dag.py took 0.171 seconds
[2025-03-24T03:45:23.889+0000] {processor.py:186} INFO - Started process (PID=2608) to work on /opt/airflow/dags/coleta_dados_abertos_cnpj/dag.py
[2025-03-24T03:45:23.890+0000] {processor.py:914} INFO - Processing file /opt/airflow/dags/coleta_dados_abertos_cnpj/dag.py for tasks to queue
[2025-03-24T03:45:23.893+0000] {logging_mixin.py:190} INFO - [2025-03-24T03:45:23.892+0000] {dagbag.py:588} INFO - Filling up the DagBag from /opt/airflow/dags/coleta_dados_abertos_cnpj/dag.py
[2025-03-24T03:45:24.016+0000] {processor.py:925} INFO - DAG(s) 'coleta_dados_abertos_cnpj' retrieved from /opt/airflow/dags/coleta_dados_abertos_cnpj/dag.py
[2025-03-24T03:45:24.033+0000] {logging_mixin.py:190} INFO - [2025-03-24T03:45:24.033+0000] {dag.py:3239} INFO - Sync 1 DAGs
[2025-03-24T03:45:24.046+0000] {logging_mixin.py:190} INFO - [2025-03-24T03:45:24.045+0000] {dag.py:4180} INFO - Setting next_dagrun for coleta_dados_abertos_cnpj to 2025-02-10 00:00:00+00:00, run_after=2025-03-10 00:00:00+00:00
[2025-03-24T03:45:24.055+0000] {processor.py:208} INFO - Processing /opt/airflow/dags/coleta_dados_abertos_cnpj/dag.py took 0.169 seconds
[2025-03-24T03:45:54.263+0000] {processor.py:186} INFO - Started process (PID=2619) to work on /opt/airflow/dags/coleta_dados_abertos_cnpj/dag.py
[2025-03-24T03:45:54.264+0000] {processor.py:914} INFO - Processing file /opt/airflow/dags/coleta_dados_abertos_cnpj/dag.py for tasks to queue
[2025-03-24T03:45:54.266+0000] {logging_mixin.py:190} INFO - [2025-03-24T03:45:54.266+0000] {dagbag.py:588} INFO - Filling up the DagBag from /opt/airflow/dags/coleta_dados_abertos_cnpj/dag.py
[2025-03-24T03:45:54.395+0000] {processor.py:925} INFO - DAG(s) 'coleta_dados_abertos_cnpj' retrieved from /opt/airflow/dags/coleta_dados_abertos_cnpj/dag.py
[2025-03-24T03:45:54.412+0000] {logging_mixin.py:190} INFO - [2025-03-24T03:45:54.412+0000] {dag.py:3239} INFO - Sync 1 DAGs
[2025-03-24T03:45:54.426+0000] {logging_mixin.py:190} INFO - [2025-03-24T03:45:54.426+0000] {dag.py:4180} INFO - Setting next_dagrun for coleta_dados_abertos_cnpj to 2025-02-10 00:00:00+00:00, run_after=2025-03-10 00:00:00+00:00
[2025-03-24T03:45:54.437+0000] {processor.py:208} INFO - Processing /opt/airflow/dags/coleta_dados_abertos_cnpj/dag.py took 0.178 seconds
[2025-03-24T03:46:24.636+0000] {processor.py:186} INFO - Started process (PID=2630) to work on /opt/airflow/dags/coleta_dados_abertos_cnpj/dag.py
[2025-03-24T03:46:24.637+0000] {processor.py:914} INFO - Processing file /opt/airflow/dags/coleta_dados_abertos_cnpj/dag.py for tasks to queue
[2025-03-24T03:46:24.639+0000] {logging_mixin.py:190} INFO - [2025-03-24T03:46:24.639+0000] {dagbag.py:588} INFO - Filling up the DagBag from /opt/airflow/dags/coleta_dados_abertos_cnpj/dag.py
[2025-03-24T03:46:24.759+0000] {processor.py:925} INFO - DAG(s) 'coleta_dados_abertos_cnpj' retrieved from /opt/airflow/dags/coleta_dados_abertos_cnpj/dag.py
[2025-03-24T03:46:24.776+0000] {logging_mixin.py:190} INFO - [2025-03-24T03:46:24.775+0000] {dag.py:3239} INFO - Sync 1 DAGs
[2025-03-24T03:46:24.790+0000] {logging_mixin.py:190} INFO - [2025-03-24T03:46:24.790+0000] {dag.py:4180} INFO - Setting next_dagrun for coleta_dados_abertos_cnpj to 2025-02-10 00:00:00+00:00, run_after=2025-03-10 00:00:00+00:00
[2025-03-24T03:46:24.803+0000] {processor.py:208} INFO - Processing /opt/airflow/dags/coleta_dados_abertos_cnpj/dag.py took 0.170 seconds
[2025-03-24T03:46:55.021+0000] {processor.py:186} INFO - Started process (PID=2641) to work on /opt/airflow/dags/coleta_dados_abertos_cnpj/dag.py
[2025-03-24T03:46:55.022+0000] {processor.py:914} INFO - Processing file /opt/airflow/dags/coleta_dados_abertos_cnpj/dag.py for tasks to queue
[2025-03-24T03:46:55.024+0000] {logging_mixin.py:190} INFO - [2025-03-24T03:46:55.024+0000] {dagbag.py:588} INFO - Filling up the DagBag from /opt/airflow/dags/coleta_dados_abertos_cnpj/dag.py
[2025-03-24T03:46:55.159+0000] {processor.py:925} INFO - DAG(s) 'coleta_dados_abertos_cnpj' retrieved from /opt/airflow/dags/coleta_dados_abertos_cnpj/dag.py
[2025-03-24T03:46:55.176+0000] {logging_mixin.py:190} INFO - [2025-03-24T03:46:55.176+0000] {dag.py:3239} INFO - Sync 1 DAGs
[2025-03-24T03:46:55.189+0000] {logging_mixin.py:190} INFO - [2025-03-24T03:46:55.189+0000] {dag.py:4180} INFO - Setting next_dagrun for coleta_dados_abertos_cnpj to 2025-02-10 00:00:00+00:00, run_after=2025-03-10 00:00:00+00:00
[2025-03-24T03:46:55.199+0000] {processor.py:208} INFO - Processing /opt/airflow/dags/coleta_dados_abertos_cnpj/dag.py took 0.181 seconds
[2025-03-24T03:47:25.397+0000] {processor.py:186} INFO - Started process (PID=2652) to work on /opt/airflow/dags/coleta_dados_abertos_cnpj/dag.py
[2025-03-24T03:47:25.398+0000] {processor.py:914} INFO - Processing file /opt/airflow/dags/coleta_dados_abertos_cnpj/dag.py for tasks to queue
[2025-03-24T03:47:25.401+0000] {logging_mixin.py:190} INFO - [2025-03-24T03:47:25.401+0000] {dagbag.py:588} INFO - Filling up the DagBag from /opt/airflow/dags/coleta_dados_abertos_cnpj/dag.py
[2025-03-24T03:47:25.522+0000] {processor.py:925} INFO - DAG(s) 'coleta_dados_abertos_cnpj' retrieved from /opt/airflow/dags/coleta_dados_abertos_cnpj/dag.py
[2025-03-24T03:47:25.538+0000] {logging_mixin.py:190} INFO - [2025-03-24T03:47:25.538+0000] {dag.py:3239} INFO - Sync 1 DAGs
[2025-03-24T03:47:25.551+0000] {logging_mixin.py:190} INFO - [2025-03-24T03:47:25.551+0000] {dag.py:4180} INFO - Setting next_dagrun for coleta_dados_abertos_cnpj to 2025-02-10 00:00:00+00:00, run_after=2025-03-10 00:00:00+00:00
[2025-03-24T03:47:25.561+0000] {processor.py:208} INFO - Processing /opt/airflow/dags/coleta_dados_abertos_cnpj/dag.py took 0.167 seconds
[2025-03-24T03:47:55.784+0000] {processor.py:186} INFO - Started process (PID=2662) to work on /opt/airflow/dags/coleta_dados_abertos_cnpj/dag.py
[2025-03-24T03:47:55.784+0000] {processor.py:914} INFO - Processing file /opt/airflow/dags/coleta_dados_abertos_cnpj/dag.py for tasks to queue
[2025-03-24T03:47:55.787+0000] {logging_mixin.py:190} INFO - [2025-03-24T03:47:55.787+0000] {dagbag.py:588} INFO - Filling up the DagBag from /opt/airflow/dags/coleta_dados_abertos_cnpj/dag.py
[2025-03-24T03:47:55.908+0000] {processor.py:925} INFO - DAG(s) 'coleta_dados_abertos_cnpj' retrieved from /opt/airflow/dags/coleta_dados_abertos_cnpj/dag.py
[2025-03-24T03:47:55.925+0000] {logging_mixin.py:190} INFO - [2025-03-24T03:47:55.925+0000] {dag.py:3239} INFO - Sync 1 DAGs
[2025-03-24T03:47:55.938+0000] {logging_mixin.py:190} INFO - [2025-03-24T03:47:55.937+0000] {dag.py:4180} INFO - Setting next_dagrun for coleta_dados_abertos_cnpj to 2025-02-10 00:00:00+00:00, run_after=2025-03-10 00:00:00+00:00
[2025-03-24T03:47:55.947+0000] {processor.py:208} INFO - Processing /opt/airflow/dags/coleta_dados_abertos_cnpj/dag.py took 0.167 seconds
[2025-03-24T03:48:26.163+0000] {processor.py:186} INFO - Started process (PID=2673) to work on /opt/airflow/dags/coleta_dados_abertos_cnpj/dag.py
[2025-03-24T03:48:26.164+0000] {processor.py:914} INFO - Processing file /opt/airflow/dags/coleta_dados_abertos_cnpj/dag.py for tasks to queue
[2025-03-24T03:48:26.166+0000] {logging_mixin.py:190} INFO - [2025-03-24T03:48:26.165+0000] {dagbag.py:588} INFO - Filling up the DagBag from /opt/airflow/dags/coleta_dados_abertos_cnpj/dag.py
[2025-03-24T03:48:26.288+0000] {processor.py:925} INFO - DAG(s) 'coleta_dados_abertos_cnpj' retrieved from /opt/airflow/dags/coleta_dados_abertos_cnpj/dag.py
[2025-03-24T03:48:26.304+0000] {logging_mixin.py:190} INFO - [2025-03-24T03:48:26.304+0000] {dag.py:3239} INFO - Sync 1 DAGs
[2025-03-24T03:48:26.317+0000] {logging_mixin.py:190} INFO - [2025-03-24T03:48:26.317+0000] {dag.py:4180} INFO - Setting next_dagrun for coleta_dados_abertos_cnpj to 2025-02-10 00:00:00+00:00, run_after=2025-03-10 00:00:00+00:00
[2025-03-24T03:48:26.327+0000] {processor.py:208} INFO - Processing /opt/airflow/dags/coleta_dados_abertos_cnpj/dag.py took 0.168 seconds
[2025-03-24T03:48:56.539+0000] {processor.py:186} INFO - Started process (PID=2684) to work on /opt/airflow/dags/coleta_dados_abertos_cnpj/dag.py
[2025-03-24T03:48:56.540+0000] {processor.py:914} INFO - Processing file /opt/airflow/dags/coleta_dados_abertos_cnpj/dag.py for tasks to queue
[2025-03-24T03:48:56.542+0000] {logging_mixin.py:190} INFO - [2025-03-24T03:48:56.541+0000] {dagbag.py:588} INFO - Filling up the DagBag from /opt/airflow/dags/coleta_dados_abertos_cnpj/dag.py
[2025-03-24T03:48:56.681+0000] {processor.py:925} INFO - DAG(s) 'coleta_dados_abertos_cnpj' retrieved from /opt/airflow/dags/coleta_dados_abertos_cnpj/dag.py
[2025-03-24T03:48:56.699+0000] {logging_mixin.py:190} INFO - [2025-03-24T03:48:56.699+0000] {dag.py:3239} INFO - Sync 1 DAGs
[2025-03-24T03:48:56.713+0000] {logging_mixin.py:190} INFO - [2025-03-24T03:48:56.713+0000] {dag.py:4180} INFO - Setting next_dagrun for coleta_dados_abertos_cnpj to 2025-02-10 00:00:00+00:00, run_after=2025-03-10 00:00:00+00:00
[2025-03-24T03:48:56.723+0000] {processor.py:208} INFO - Processing /opt/airflow/dags/coleta_dados_abertos_cnpj/dag.py took 0.188 seconds
[2025-03-24T03:49:26.931+0000] {processor.py:186} INFO - Started process (PID=2695) to work on /opt/airflow/dags/coleta_dados_abertos_cnpj/dag.py
[2025-03-24T03:49:26.932+0000] {processor.py:914} INFO - Processing file /opt/airflow/dags/coleta_dados_abertos_cnpj/dag.py for tasks to queue
[2025-03-24T03:49:26.934+0000] {logging_mixin.py:190} INFO - [2025-03-24T03:49:26.934+0000] {dagbag.py:588} INFO - Filling up the DagBag from /opt/airflow/dags/coleta_dados_abertos_cnpj/dag.py
[2025-03-24T03:49:27.058+0000] {processor.py:925} INFO - DAG(s) 'coleta_dados_abertos_cnpj' retrieved from /opt/airflow/dags/coleta_dados_abertos_cnpj/dag.py
[2025-03-24T03:49:27.076+0000] {logging_mixin.py:190} INFO - [2025-03-24T03:49:27.075+0000] {dag.py:3239} INFO - Sync 1 DAGs
[2025-03-24T03:49:27.090+0000] {logging_mixin.py:190} INFO - [2025-03-24T03:49:27.090+0000] {dag.py:4180} INFO - Setting next_dagrun for coleta_dados_abertos_cnpj to 2025-02-10 00:00:00+00:00, run_after=2025-03-10 00:00:00+00:00
[2025-03-24T03:49:27.105+0000] {processor.py:208} INFO - Processing /opt/airflow/dags/coleta_dados_abertos_cnpj/dag.py took 0.176 seconds
[2025-03-24T03:49:57.308+0000] {processor.py:186} INFO - Started process (PID=2706) to work on /opt/airflow/dags/coleta_dados_abertos_cnpj/dag.py
[2025-03-24T03:49:57.309+0000] {processor.py:914} INFO - Processing file /opt/airflow/dags/coleta_dados_abertos_cnpj/dag.py for tasks to queue
[2025-03-24T03:49:57.311+0000] {logging_mixin.py:190} INFO - [2025-03-24T03:49:57.311+0000] {dagbag.py:588} INFO - Filling up the DagBag from /opt/airflow/dags/coleta_dados_abertos_cnpj/dag.py
[2025-03-24T03:49:57.444+0000] {processor.py:925} INFO - DAG(s) 'coleta_dados_abertos_cnpj' retrieved from /opt/airflow/dags/coleta_dados_abertos_cnpj/dag.py
[2025-03-24T03:49:57.460+0000] {logging_mixin.py:190} INFO - [2025-03-24T03:49:57.460+0000] {dag.py:3239} INFO - Sync 1 DAGs
[2025-03-24T03:49:57.474+0000] {logging_mixin.py:190} INFO - [2025-03-24T03:49:57.474+0000] {dag.py:4180} INFO - Setting next_dagrun for coleta_dados_abertos_cnpj to 2025-02-10 00:00:00+00:00, run_after=2025-03-10 00:00:00+00:00
[2025-03-24T03:49:57.487+0000] {processor.py:208} INFO - Processing /opt/airflow/dags/coleta_dados_abertos_cnpj/dag.py took 0.182 seconds
[2025-03-24T03:50:27.754+0000] {processor.py:186} INFO - Started process (PID=2717) to work on /opt/airflow/dags/coleta_dados_abertos_cnpj/dag.py
[2025-03-24T03:50:27.756+0000] {processor.py:914} INFO - Processing file /opt/airflow/dags/coleta_dados_abertos_cnpj/dag.py for tasks to queue
[2025-03-24T03:50:27.758+0000] {logging_mixin.py:190} INFO - [2025-03-24T03:50:27.757+0000] {dagbag.py:588} INFO - Filling up the DagBag from /opt/airflow/dags/coleta_dados_abertos_cnpj/dag.py
[2025-03-24T03:50:27.886+0000] {processor.py:925} INFO - DAG(s) 'coleta_dados_abertos_cnpj' retrieved from /opt/airflow/dags/coleta_dados_abertos_cnpj/dag.py
[2025-03-24T03:50:27.903+0000] {logging_mixin.py:190} INFO - [2025-03-24T03:50:27.903+0000] {dag.py:3239} INFO - Sync 1 DAGs
[2025-03-24T03:50:27.916+0000] {logging_mixin.py:190} INFO - [2025-03-24T03:50:27.916+0000] {dag.py:4180} INFO - Setting next_dagrun for coleta_dados_abertos_cnpj to 2025-02-10 00:00:00+00:00, run_after=2025-03-10 00:00:00+00:00
[2025-03-24T03:50:27.926+0000] {processor.py:208} INFO - Processing /opt/airflow/dags/coleta_dados_abertos_cnpj/dag.py took 0.175 seconds
[2025-03-24T03:50:58.119+0000] {processor.py:186} INFO - Started process (PID=2728) to work on /opt/airflow/dags/coleta_dados_abertos_cnpj/dag.py
[2025-03-24T03:50:58.120+0000] {processor.py:914} INFO - Processing file /opt/airflow/dags/coleta_dados_abertos_cnpj/dag.py for tasks to queue
[2025-03-24T03:50:58.121+0000] {logging_mixin.py:190} INFO - [2025-03-24T03:50:58.121+0000] {dagbag.py:588} INFO - Filling up the DagBag from /opt/airflow/dags/coleta_dados_abertos_cnpj/dag.py
[2025-03-24T03:50:58.244+0000] {processor.py:925} INFO - DAG(s) 'coleta_dados_abertos_cnpj' retrieved from /opt/airflow/dags/coleta_dados_abertos_cnpj/dag.py
[2025-03-24T03:50:58.261+0000] {logging_mixin.py:190} INFO - [2025-03-24T03:50:58.261+0000] {dag.py:3239} INFO - Sync 1 DAGs
[2025-03-24T03:50:58.274+0000] {logging_mixin.py:190} INFO - [2025-03-24T03:50:58.274+0000] {dag.py:4180} INFO - Setting next_dagrun for coleta_dados_abertos_cnpj to 2025-02-10 00:00:00+00:00, run_after=2025-03-10 00:00:00+00:00
[2025-03-24T03:50:58.284+0000] {processor.py:208} INFO - Processing /opt/airflow/dags/coleta_dados_abertos_cnpj/dag.py took 0.169 seconds
[2025-03-24T03:51:28.503+0000] {processor.py:186} INFO - Started process (PID=2739) to work on /opt/airflow/dags/coleta_dados_abertos_cnpj/dag.py
[2025-03-24T03:51:28.503+0000] {processor.py:914} INFO - Processing file /opt/airflow/dags/coleta_dados_abertos_cnpj/dag.py for tasks to queue
[2025-03-24T03:51:28.506+0000] {logging_mixin.py:190} INFO - [2025-03-24T03:51:28.506+0000] {dagbag.py:588} INFO - Filling up the DagBag from /opt/airflow/dags/coleta_dados_abertos_cnpj/dag.py
[2025-03-24T03:51:28.629+0000] {processor.py:925} INFO - DAG(s) 'coleta_dados_abertos_cnpj' retrieved from /opt/airflow/dags/coleta_dados_abertos_cnpj/dag.py
[2025-03-24T03:51:28.645+0000] {logging_mixin.py:190} INFO - [2025-03-24T03:51:28.645+0000] {dag.py:3239} INFO - Sync 1 DAGs
[2025-03-24T03:51:28.657+0000] {logging_mixin.py:190} INFO - [2025-03-24T03:51:28.657+0000] {dag.py:4180} INFO - Setting next_dagrun for coleta_dados_abertos_cnpj to 2025-02-10 00:00:00+00:00, run_after=2025-03-10 00:00:00+00:00
[2025-03-24T03:51:28.681+0000] {processor.py:208} INFO - Processing /opt/airflow/dags/coleta_dados_abertos_cnpj/dag.py took 0.181 seconds
[2025-03-24T03:51:58.862+0000] {processor.py:186} INFO - Started process (PID=2750) to work on /opt/airflow/dags/coleta_dados_abertos_cnpj/dag.py
[2025-03-24T03:51:58.863+0000] {processor.py:914} INFO - Processing file /opt/airflow/dags/coleta_dados_abertos_cnpj/dag.py for tasks to queue
[2025-03-24T03:51:58.866+0000] {logging_mixin.py:190} INFO - [2025-03-24T03:51:58.866+0000] {dagbag.py:588} INFO - Filling up the DagBag from /opt/airflow/dags/coleta_dados_abertos_cnpj/dag.py
[2025-03-24T03:51:58.986+0000] {processor.py:925} INFO - DAG(s) 'coleta_dados_abertos_cnpj' retrieved from /opt/airflow/dags/coleta_dados_abertos_cnpj/dag.py
[2025-03-24T03:51:59.003+0000] {logging_mixin.py:190} INFO - [2025-03-24T03:51:59.003+0000] {dag.py:3239} INFO - Sync 1 DAGs
[2025-03-24T03:51:59.015+0000] {logging_mixin.py:190} INFO - [2025-03-24T03:51:59.015+0000] {dag.py:4180} INFO - Setting next_dagrun for coleta_dados_abertos_cnpj to 2025-02-10 00:00:00+00:00, run_after=2025-03-10 00:00:00+00:00
[2025-03-24T03:51:59.026+0000] {processor.py:208} INFO - Processing /opt/airflow/dags/coleta_dados_abertos_cnpj/dag.py took 0.167 seconds
[2025-03-24T03:52:29.261+0000] {processor.py:186} INFO - Started process (PID=2761) to work on /opt/airflow/dags/coleta_dados_abertos_cnpj/dag.py
[2025-03-24T03:52:29.262+0000] {processor.py:914} INFO - Processing file /opt/airflow/dags/coleta_dados_abertos_cnpj/dag.py for tasks to queue
[2025-03-24T03:52:29.263+0000] {logging_mixin.py:190} INFO - [2025-03-24T03:52:29.263+0000] {dagbag.py:588} INFO - Filling up the DagBag from /opt/airflow/dags/coleta_dados_abertos_cnpj/dag.py
[2025-03-24T03:52:29.384+0000] {processor.py:925} INFO - DAG(s) 'coleta_dados_abertos_cnpj' retrieved from /opt/airflow/dags/coleta_dados_abertos_cnpj/dag.py
[2025-03-24T03:52:29.400+0000] {logging_mixin.py:190} INFO - [2025-03-24T03:52:29.400+0000] {dag.py:3239} INFO - Sync 1 DAGs
[2025-03-24T03:52:29.414+0000] {logging_mixin.py:190} INFO - [2025-03-24T03:52:29.414+0000] {dag.py:4180} INFO - Setting next_dagrun for coleta_dados_abertos_cnpj to 2025-02-10 00:00:00+00:00, run_after=2025-03-10 00:00:00+00:00
[2025-03-24T03:52:29.423+0000] {processor.py:208} INFO - Processing /opt/airflow/dags/coleta_dados_abertos_cnpj/dag.py took 0.166 seconds
[2025-03-24T03:52:59.639+0000] {processor.py:186} INFO - Started process (PID=2772) to work on /opt/airflow/dags/coleta_dados_abertos_cnpj/dag.py
[2025-03-24T03:52:59.640+0000] {processor.py:914} INFO - Processing file /opt/airflow/dags/coleta_dados_abertos_cnpj/dag.py for tasks to queue
[2025-03-24T03:52:59.642+0000] {logging_mixin.py:190} INFO - [2025-03-24T03:52:59.642+0000] {dagbag.py:588} INFO - Filling up the DagBag from /opt/airflow/dags/coleta_dados_abertos_cnpj/dag.py
[2025-03-24T03:52:59.762+0000] {processor.py:925} INFO - DAG(s) 'coleta_dados_abertos_cnpj' retrieved from /opt/airflow/dags/coleta_dados_abertos_cnpj/dag.py
[2025-03-24T03:52:59.781+0000] {logging_mixin.py:190} INFO - [2025-03-24T03:52:59.781+0000] {dag.py:3239} INFO - Sync 1 DAGs
[2025-03-24T03:52:59.792+0000] {logging_mixin.py:190} INFO - [2025-03-24T03:52:59.792+0000] {dag.py:4180} INFO - Setting next_dagrun for coleta_dados_abertos_cnpj to 2025-02-10 00:00:00+00:00, run_after=2025-03-10 00:00:00+00:00
[2025-03-24T03:52:59.817+0000] {processor.py:208} INFO - Processing /opt/airflow/dags/coleta_dados_abertos_cnpj/dag.py took 0.181 seconds
[2025-03-24T03:53:30.008+0000] {processor.py:186} INFO - Started process (PID=2783) to work on /opt/airflow/dags/coleta_dados_abertos_cnpj/dag.py
[2025-03-24T03:53:30.009+0000] {processor.py:914} INFO - Processing file /opt/airflow/dags/coleta_dados_abertos_cnpj/dag.py for tasks to queue
[2025-03-24T03:53:30.011+0000] {logging_mixin.py:190} INFO - [2025-03-24T03:53:30.011+0000] {dagbag.py:588} INFO - Filling up the DagBag from /opt/airflow/dags/coleta_dados_abertos_cnpj/dag.py
[2025-03-24T03:53:30.131+0000] {processor.py:925} INFO - DAG(s) 'coleta_dados_abertos_cnpj' retrieved from /opt/airflow/dags/coleta_dados_abertos_cnpj/dag.py
[2025-03-24T03:53:30.148+0000] {logging_mixin.py:190} INFO - [2025-03-24T03:53:30.148+0000] {dag.py:3239} INFO - Sync 1 DAGs
[2025-03-24T03:53:30.161+0000] {logging_mixin.py:190} INFO - [2025-03-24T03:53:30.160+0000] {dag.py:4180} INFO - Setting next_dagrun for coleta_dados_abertos_cnpj to 2025-02-10 00:00:00+00:00, run_after=2025-03-10 00:00:00+00:00
[2025-03-24T03:53:30.172+0000] {processor.py:208} INFO - Processing /opt/airflow/dags/coleta_dados_abertos_cnpj/dag.py took 0.167 seconds
[2025-03-24T03:54:00.367+0000] {processor.py:186} INFO - Started process (PID=2794) to work on /opt/airflow/dags/coleta_dados_abertos_cnpj/dag.py
[2025-03-24T03:54:00.368+0000] {processor.py:914} INFO - Processing file /opt/airflow/dags/coleta_dados_abertos_cnpj/dag.py for tasks to queue
[2025-03-24T03:54:00.370+0000] {logging_mixin.py:190} INFO - [2025-03-24T03:54:00.370+0000] {dagbag.py:588} INFO - Filling up the DagBag from /opt/airflow/dags/coleta_dados_abertos_cnpj/dag.py
[2025-03-24T03:54:00.492+0000] {processor.py:925} INFO - DAG(s) 'coleta_dados_abertos_cnpj' retrieved from /opt/airflow/dags/coleta_dados_abertos_cnpj/dag.py
[2025-03-24T03:54:00.509+0000] {logging_mixin.py:190} INFO - [2025-03-24T03:54:00.508+0000] {dag.py:3239} INFO - Sync 1 DAGs
[2025-03-24T03:54:00.521+0000] {logging_mixin.py:190} INFO - [2025-03-24T03:54:00.521+0000] {dag.py:4180} INFO - Setting next_dagrun for coleta_dados_abertos_cnpj to 2025-02-10 00:00:00+00:00, run_after=2025-03-10 00:00:00+00:00
[2025-03-24T03:54:00.531+0000] {processor.py:208} INFO - Processing /opt/airflow/dags/coleta_dados_abertos_cnpj/dag.py took 0.167 seconds
[2025-03-24T03:54:30.747+0000] {processor.py:186} INFO - Started process (PID=2805) to work on /opt/airflow/dags/coleta_dados_abertos_cnpj/dag.py
[2025-03-24T03:54:30.748+0000] {processor.py:914} INFO - Processing file /opt/airflow/dags/coleta_dados_abertos_cnpj/dag.py for tasks to queue
[2025-03-24T03:54:30.750+0000] {logging_mixin.py:190} INFO - [2025-03-24T03:54:30.749+0000] {dagbag.py:588} INFO - Filling up the DagBag from /opt/airflow/dags/coleta_dados_abertos_cnpj/dag.py
[2025-03-24T03:54:30.871+0000] {processor.py:925} INFO - DAG(s) 'coleta_dados_abertos_cnpj' retrieved from /opt/airflow/dags/coleta_dados_abertos_cnpj/dag.py
[2025-03-24T03:54:30.888+0000] {logging_mixin.py:190} INFO - [2025-03-24T03:54:30.888+0000] {dag.py:3239} INFO - Sync 1 DAGs
[2025-03-24T03:54:30.901+0000] {logging_mixin.py:190} INFO - [2025-03-24T03:54:30.900+0000] {dag.py:4180} INFO - Setting next_dagrun for coleta_dados_abertos_cnpj to 2025-02-10 00:00:00+00:00, run_after=2025-03-10 00:00:00+00:00
[2025-03-24T03:54:30.910+0000] {processor.py:208} INFO - Processing /opt/airflow/dags/coleta_dados_abertos_cnpj/dag.py took 0.166 seconds
[2025-03-24T03:55:01.248+0000] {processor.py:186} INFO - Started process (PID=2816) to work on /opt/airflow/dags/coleta_dados_abertos_cnpj/dag.py
[2025-03-24T03:55:01.249+0000] {processor.py:914} INFO - Processing file /opt/airflow/dags/coleta_dados_abertos_cnpj/dag.py for tasks to queue
[2025-03-24T03:55:01.250+0000] {logging_mixin.py:190} INFO - [2025-03-24T03:55:01.250+0000] {dagbag.py:588} INFO - Filling up the DagBag from /opt/airflow/dags/coleta_dados_abertos_cnpj/dag.py
[2025-03-24T03:55:01.370+0000] {processor.py:925} INFO - DAG(s) 'coleta_dados_abertos_cnpj' retrieved from /opt/airflow/dags/coleta_dados_abertos_cnpj/dag.py
[2025-03-24T03:55:01.386+0000] {logging_mixin.py:190} INFO - [2025-03-24T03:55:01.385+0000] {dag.py:3239} INFO - Sync 1 DAGs
[2025-03-24T03:55:01.398+0000] {logging_mixin.py:190} INFO - [2025-03-24T03:55:01.398+0000] {dag.py:4180} INFO - Setting next_dagrun for coleta_dados_abertos_cnpj to 2025-02-10 00:00:00+00:00, run_after=2025-03-10 00:00:00+00:00
[2025-03-24T03:55:01.408+0000] {processor.py:208} INFO - Processing /opt/airflow/dags/coleta_dados_abertos_cnpj/dag.py took 0.163 seconds
[2025-03-24T03:55:31.719+0000] {processor.py:186} INFO - Started process (PID=2827) to work on /opt/airflow/dags/coleta_dados_abertos_cnpj/dag.py
[2025-03-24T03:55:31.721+0000] {processor.py:914} INFO - Processing file /opt/airflow/dags/coleta_dados_abertos_cnpj/dag.py for tasks to queue
[2025-03-24T03:55:31.724+0000] {logging_mixin.py:190} INFO - [2025-03-24T03:55:31.724+0000] {dagbag.py:588} INFO - Filling up the DagBag from /opt/airflow/dags/coleta_dados_abertos_cnpj/dag.py
[2025-03-24T03:55:31.848+0000] {processor.py:925} INFO - DAG(s) 'coleta_dados_abertos_cnpj' retrieved from /opt/airflow/dags/coleta_dados_abertos_cnpj/dag.py
[2025-03-24T03:55:31.865+0000] {logging_mixin.py:190} INFO - [2025-03-24T03:55:31.864+0000] {dag.py:3239} INFO - Sync 1 DAGs
[2025-03-24T03:55:31.877+0000] {logging_mixin.py:190} INFO - [2025-03-24T03:55:31.877+0000] {dag.py:4180} INFO - Setting next_dagrun for coleta_dados_abertos_cnpj to 2025-02-10 00:00:00+00:00, run_after=2025-03-10 00:00:00+00:00
[2025-03-24T03:55:31.886+0000] {processor.py:208} INFO - Processing /opt/airflow/dags/coleta_dados_abertos_cnpj/dag.py took 0.173 seconds
[2025-03-24T03:56:02.348+0000] {processor.py:186} INFO - Started process (PID=2838) to work on /opt/airflow/dags/coleta_dados_abertos_cnpj/dag.py
[2025-03-24T03:56:02.349+0000] {processor.py:914} INFO - Processing file /opt/airflow/dags/coleta_dados_abertos_cnpj/dag.py for tasks to queue
[2025-03-24T03:56:02.352+0000] {logging_mixin.py:190} INFO - [2025-03-24T03:56:02.352+0000] {dagbag.py:588} INFO - Filling up the DagBag from /opt/airflow/dags/coleta_dados_abertos_cnpj/dag.py
[2025-03-24T03:56:02.482+0000] {processor.py:925} INFO - DAG(s) 'coleta_dados_abertos_cnpj' retrieved from /opt/airflow/dags/coleta_dados_abertos_cnpj/dag.py
[2025-03-24T03:56:02.498+0000] {logging_mixin.py:190} INFO - [2025-03-24T03:56:02.497+0000] {dag.py:3239} INFO - Sync 1 DAGs
[2025-03-24T03:56:02.509+0000] {logging_mixin.py:190} INFO - [2025-03-24T03:56:02.509+0000] {dag.py:4180} INFO - Setting next_dagrun for coleta_dados_abertos_cnpj to 2025-02-10 00:00:00+00:00, run_after=2025-03-10 00:00:00+00:00
[2025-03-24T03:56:02.518+0000] {processor.py:208} INFO - Processing /opt/airflow/dags/coleta_dados_abertos_cnpj/dag.py took 0.175 seconds
[2025-03-24T03:56:32.687+0000] {processor.py:186} INFO - Started process (PID=2855) to work on /opt/airflow/dags/coleta_dados_abertos_cnpj/dag.py
[2025-03-24T03:56:32.688+0000] {processor.py:914} INFO - Processing file /opt/airflow/dags/coleta_dados_abertos_cnpj/dag.py for tasks to queue
[2025-03-24T03:56:32.689+0000] {logging_mixin.py:190} INFO - [2025-03-24T03:56:32.689+0000] {dagbag.py:588} INFO - Filling up the DagBag from /opt/airflow/dags/coleta_dados_abertos_cnpj/dag.py
[2025-03-24T03:56:32.818+0000] {processor.py:925} INFO - DAG(s) 'coleta_dados_abertos_cnpj' retrieved from /opt/airflow/dags/coleta_dados_abertos_cnpj/dag.py
[2025-03-24T03:56:32.834+0000] {logging_mixin.py:190} INFO - [2025-03-24T03:56:32.834+0000] {dag.py:3239} INFO - Sync 1 DAGs
[2025-03-24T03:56:32.847+0000] {logging_mixin.py:190} INFO - [2025-03-24T03:56:32.847+0000] {dag.py:4180} INFO - Setting next_dagrun for coleta_dados_abertos_cnpj to 2025-02-10 00:00:00+00:00, run_after=2025-03-10 00:00:00+00:00
[2025-03-24T03:56:32.858+0000] {processor.py:208} INFO - Processing /opt/airflow/dags/coleta_dados_abertos_cnpj/dag.py took 0.174 seconds
[2025-03-24T03:57:03.071+0000] {processor.py:186} INFO - Started process (PID=2866) to work on /opt/airflow/dags/coleta_dados_abertos_cnpj/dag.py
[2025-03-24T03:57:03.071+0000] {processor.py:914} INFO - Processing file /opt/airflow/dags/coleta_dados_abertos_cnpj/dag.py for tasks to queue
[2025-03-24T03:57:03.074+0000] {logging_mixin.py:190} INFO - [2025-03-24T03:57:03.073+0000] {dagbag.py:588} INFO - Filling up the DagBag from /opt/airflow/dags/coleta_dados_abertos_cnpj/dag.py
[2025-03-24T03:57:03.198+0000] {processor.py:925} INFO - DAG(s) 'coleta_dados_abertos_cnpj' retrieved from /opt/airflow/dags/coleta_dados_abertos_cnpj/dag.py
[2025-03-24T03:57:03.217+0000] {logging_mixin.py:190} INFO - [2025-03-24T03:57:03.217+0000] {dag.py:3239} INFO - Sync 1 DAGs
[2025-03-24T03:57:03.230+0000] {logging_mixin.py:190} INFO - [2025-03-24T03:57:03.230+0000] {dag.py:4180} INFO - Setting next_dagrun for coleta_dados_abertos_cnpj to 2025-02-10 00:00:00+00:00, run_after=2025-03-10 00:00:00+00:00
[2025-03-24T03:57:03.241+0000] {processor.py:208} INFO - Processing /opt/airflow/dags/coleta_dados_abertos_cnpj/dag.py took 0.174 seconds
[2025-03-24T03:57:33.468+0000] {processor.py:186} INFO - Started process (PID=2877) to work on /opt/airflow/dags/coleta_dados_abertos_cnpj/dag.py
[2025-03-24T03:57:33.470+0000] {processor.py:914} INFO - Processing file /opt/airflow/dags/coleta_dados_abertos_cnpj/dag.py for tasks to queue
[2025-03-24T03:57:33.472+0000] {logging_mixin.py:190} INFO - [2025-03-24T03:57:33.471+0000] {dagbag.py:588} INFO - Filling up the DagBag from /opt/airflow/dags/coleta_dados_abertos_cnpj/dag.py
[2025-03-24T03:57:33.596+0000] {processor.py:925} INFO - DAG(s) 'coleta_dados_abertos_cnpj' retrieved from /opt/airflow/dags/coleta_dados_abertos_cnpj/dag.py
[2025-03-24T03:57:33.612+0000] {logging_mixin.py:190} INFO - [2025-03-24T03:57:33.612+0000] {dag.py:3239} INFO - Sync 1 DAGs
[2025-03-24T03:57:33.626+0000] {logging_mixin.py:190} INFO - [2025-03-24T03:57:33.626+0000] {dag.py:4180} INFO - Setting next_dagrun for coleta_dados_abertos_cnpj to 2025-02-10 00:00:00+00:00, run_after=2025-03-10 00:00:00+00:00
[2025-03-24T03:57:33.637+0000] {processor.py:208} INFO - Processing /opt/airflow/dags/coleta_dados_abertos_cnpj/dag.py took 0.172 seconds
[2025-03-24T03:58:03.840+0000] {processor.py:186} INFO - Started process (PID=2888) to work on /opt/airflow/dags/coleta_dados_abertos_cnpj/dag.py
[2025-03-24T03:58:03.841+0000] {processor.py:914} INFO - Processing file /opt/airflow/dags/coleta_dados_abertos_cnpj/dag.py for tasks to queue
[2025-03-24T03:58:03.844+0000] {logging_mixin.py:190} INFO - [2025-03-24T03:58:03.843+0000] {dagbag.py:588} INFO - Filling up the DagBag from /opt/airflow/dags/coleta_dados_abertos_cnpj/dag.py
[2025-03-24T03:58:03.972+0000] {processor.py:925} INFO - DAG(s) 'coleta_dados_abertos_cnpj' retrieved from /opt/airflow/dags/coleta_dados_abertos_cnpj/dag.py
[2025-03-24T03:58:03.988+0000] {logging_mixin.py:190} INFO - [2025-03-24T03:58:03.988+0000] {dag.py:3239} INFO - Sync 1 DAGs
[2025-03-24T03:58:04.001+0000] {logging_mixin.py:190} INFO - [2025-03-24T03:58:04.001+0000] {dag.py:4180} INFO - Setting next_dagrun for coleta_dados_abertos_cnpj to 2025-02-10 00:00:00+00:00, run_after=2025-03-10 00:00:00+00:00
[2025-03-24T03:58:04.012+0000] {processor.py:208} INFO - Processing /opt/airflow/dags/coleta_dados_abertos_cnpj/dag.py took 0.175 seconds
[2025-03-24T03:58:34.228+0000] {processor.py:186} INFO - Started process (PID=2899) to work on /opt/airflow/dags/coleta_dados_abertos_cnpj/dag.py
[2025-03-24T03:58:34.229+0000] {processor.py:914} INFO - Processing file /opt/airflow/dags/coleta_dados_abertos_cnpj/dag.py for tasks to queue
[2025-03-24T03:58:34.231+0000] {logging_mixin.py:190} INFO - [2025-03-24T03:58:34.231+0000] {dagbag.py:588} INFO - Filling up the DagBag from /opt/airflow/dags/coleta_dados_abertos_cnpj/dag.py
[2025-03-24T03:58:34.352+0000] {processor.py:925} INFO - DAG(s) 'coleta_dados_abertos_cnpj' retrieved from /opt/airflow/dags/coleta_dados_abertos_cnpj/dag.py
[2025-03-24T03:58:34.369+0000] {logging_mixin.py:190} INFO - [2025-03-24T03:58:34.368+0000] {dag.py:3239} INFO - Sync 1 DAGs
[2025-03-24T03:58:34.381+0000] {logging_mixin.py:190} INFO - [2025-03-24T03:58:34.381+0000] {dag.py:4180} INFO - Setting next_dagrun for coleta_dados_abertos_cnpj to 2025-02-10 00:00:00+00:00, run_after=2025-03-10 00:00:00+00:00
[2025-03-24T03:58:34.393+0000] {processor.py:208} INFO - Processing /opt/airflow/dags/coleta_dados_abertos_cnpj/dag.py took 0.168 seconds
[2025-03-24T03:59:04.590+0000] {processor.py:186} INFO - Started process (PID=2910) to work on /opt/airflow/dags/coleta_dados_abertos_cnpj/dag.py
[2025-03-24T03:59:04.591+0000] {processor.py:914} INFO - Processing file /opt/airflow/dags/coleta_dados_abertos_cnpj/dag.py for tasks to queue
[2025-03-24T03:59:04.593+0000] {logging_mixin.py:190} INFO - [2025-03-24T03:59:04.592+0000] {dagbag.py:588} INFO - Filling up the DagBag from /opt/airflow/dags/coleta_dados_abertos_cnpj/dag.py
[2025-03-24T03:59:04.723+0000] {processor.py:925} INFO - DAG(s) 'coleta_dados_abertos_cnpj' retrieved from /opt/airflow/dags/coleta_dados_abertos_cnpj/dag.py
[2025-03-24T03:59:04.739+0000] {logging_mixin.py:190} INFO - [2025-03-24T03:59:04.739+0000] {dag.py:3239} INFO - Sync 1 DAGs
[2025-03-24T03:59:04.751+0000] {logging_mixin.py:190} INFO - [2025-03-24T03:59:04.751+0000] {dag.py:4180} INFO - Setting next_dagrun for coleta_dados_abertos_cnpj to 2025-02-10 00:00:00+00:00, run_after=2025-03-10 00:00:00+00:00
[2025-03-24T03:59:04.766+0000] {processor.py:208} INFO - Processing /opt/airflow/dags/coleta_dados_abertos_cnpj/dag.py took 0.179 seconds
[2025-03-24T03:59:34.969+0000] {processor.py:186} INFO - Started process (PID=2921) to work on /opt/airflow/dags/coleta_dados_abertos_cnpj/dag.py
[2025-03-24T03:59:34.971+0000] {processor.py:914} INFO - Processing file /opt/airflow/dags/coleta_dados_abertos_cnpj/dag.py for tasks to queue
[2025-03-24T03:59:34.973+0000] {logging_mixin.py:190} INFO - [2025-03-24T03:59:34.973+0000] {dagbag.py:588} INFO - Filling up the DagBag from /opt/airflow/dags/coleta_dados_abertos_cnpj/dag.py
[2025-03-24T03:59:35.095+0000] {processor.py:925} INFO - DAG(s) 'coleta_dados_abertos_cnpj' retrieved from /opt/airflow/dags/coleta_dados_abertos_cnpj/dag.py
[2025-03-24T03:59:35.113+0000] {logging_mixin.py:190} INFO - [2025-03-24T03:59:35.113+0000] {dag.py:3239} INFO - Sync 1 DAGs
[2025-03-24T03:59:35.129+0000] {logging_mixin.py:190} INFO - [2025-03-24T03:59:35.129+0000] {dag.py:4180} INFO - Setting next_dagrun for coleta_dados_abertos_cnpj to 2025-02-10 00:00:00+00:00, run_after=2025-03-10 00:00:00+00:00
[2025-03-24T03:59:35.141+0000] {processor.py:208} INFO - Processing /opt/airflow/dags/coleta_dados_abertos_cnpj/dag.py took 0.175 seconds
[2025-03-24T04:00:05.390+0000] {processor.py:186} INFO - Started process (PID=2932) to work on /opt/airflow/dags/coleta_dados_abertos_cnpj/dag.py
[2025-03-24T04:00:05.391+0000] {processor.py:914} INFO - Processing file /opt/airflow/dags/coleta_dados_abertos_cnpj/dag.py for tasks to queue
[2025-03-24T04:00:05.393+0000] {logging_mixin.py:190} INFO - [2025-03-24T04:00:05.392+0000] {dagbag.py:588} INFO - Filling up the DagBag from /opt/airflow/dags/coleta_dados_abertos_cnpj/dag.py
[2025-03-24T04:00:05.523+0000] {processor.py:925} INFO - DAG(s) 'coleta_dados_abertos_cnpj' retrieved from /opt/airflow/dags/coleta_dados_abertos_cnpj/dag.py
[2025-03-24T04:00:05.540+0000] {logging_mixin.py:190} INFO - [2025-03-24T04:00:05.540+0000] {dag.py:3239} INFO - Sync 1 DAGs
[2025-03-24T04:00:05.553+0000] {logging_mixin.py:190} INFO - [2025-03-24T04:00:05.553+0000] {dag.py:4180} INFO - Setting next_dagrun for coleta_dados_abertos_cnpj to 2025-02-10 00:00:00+00:00, run_after=2025-03-10 00:00:00+00:00
[2025-03-24T04:00:05.564+0000] {processor.py:208} INFO - Processing /opt/airflow/dags/coleta_dados_abertos_cnpj/dag.py took 0.177 seconds
[2025-03-24T04:00:35.735+0000] {processor.py:186} INFO - Started process (PID=2943) to work on /opt/airflow/dags/coleta_dados_abertos_cnpj/dag.py
[2025-03-24T04:00:35.736+0000] {processor.py:914} INFO - Processing file /opt/airflow/dags/coleta_dados_abertos_cnpj/dag.py for tasks to queue
[2025-03-24T04:00:35.738+0000] {logging_mixin.py:190} INFO - [2025-03-24T04:00:35.737+0000] {dagbag.py:588} INFO - Filling up the DagBag from /opt/airflow/dags/coleta_dados_abertos_cnpj/dag.py
[2025-03-24T04:00:35.859+0000] {processor.py:925} INFO - DAG(s) 'coleta_dados_abertos_cnpj' retrieved from /opt/airflow/dags/coleta_dados_abertos_cnpj/dag.py
[2025-03-24T04:00:35.875+0000] {logging_mixin.py:190} INFO - [2025-03-24T04:00:35.875+0000] {dag.py:3239} INFO - Sync 1 DAGs
[2025-03-24T04:00:35.889+0000] {logging_mixin.py:190} INFO - [2025-03-24T04:00:35.888+0000] {dag.py:4180} INFO - Setting next_dagrun for coleta_dados_abertos_cnpj to 2025-02-10 00:00:00+00:00, run_after=2025-03-10 00:00:00+00:00
[2025-03-24T04:00:35.899+0000] {processor.py:208} INFO - Processing /opt/airflow/dags/coleta_dados_abertos_cnpj/dag.py took 0.167 seconds
[2025-03-24T04:01:06.100+0000] {processor.py:186} INFO - Started process (PID=2954) to work on /opt/airflow/dags/coleta_dados_abertos_cnpj/dag.py
[2025-03-24T04:01:06.101+0000] {processor.py:914} INFO - Processing file /opt/airflow/dags/coleta_dados_abertos_cnpj/dag.py for tasks to queue
[2025-03-24T04:01:06.103+0000] {logging_mixin.py:190} INFO - [2025-03-24T04:01:06.103+0000] {dagbag.py:588} INFO - Filling up the DagBag from /opt/airflow/dags/coleta_dados_abertos_cnpj/dag.py
[2025-03-24T04:01:06.229+0000] {processor.py:925} INFO - DAG(s) 'coleta_dados_abertos_cnpj' retrieved from /opt/airflow/dags/coleta_dados_abertos_cnpj/dag.py
[2025-03-24T04:01:06.245+0000] {logging_mixin.py:190} INFO - [2025-03-24T04:01:06.245+0000] {dag.py:3239} INFO - Sync 1 DAGs
[2025-03-24T04:01:06.257+0000] {logging_mixin.py:190} INFO - [2025-03-24T04:01:06.257+0000] {dag.py:4180} INFO - Setting next_dagrun for coleta_dados_abertos_cnpj to 2025-02-10 00:00:00+00:00, run_after=2025-03-10 00:00:00+00:00
[2025-03-24T04:01:06.268+0000] {processor.py:208} INFO - Processing /opt/airflow/dags/coleta_dados_abertos_cnpj/dag.py took 0.171 seconds
[2025-03-24T04:01:36.484+0000] {processor.py:186} INFO - Started process (PID=2965) to work on /opt/airflow/dags/coleta_dados_abertos_cnpj/dag.py
[2025-03-24T04:01:36.485+0000] {processor.py:914} INFO - Processing file /opt/airflow/dags/coleta_dados_abertos_cnpj/dag.py for tasks to queue
[2025-03-24T04:01:36.487+0000] {logging_mixin.py:190} INFO - [2025-03-24T04:01:36.487+0000] {dagbag.py:588} INFO - Filling up the DagBag from /opt/airflow/dags/coleta_dados_abertos_cnpj/dag.py
[2025-03-24T04:01:36.608+0000] {processor.py:925} INFO - DAG(s) 'coleta_dados_abertos_cnpj' retrieved from /opt/airflow/dags/coleta_dados_abertos_cnpj/dag.py
[2025-03-24T04:01:36.625+0000] {logging_mixin.py:190} INFO - [2025-03-24T04:01:36.625+0000] {dag.py:3239} INFO - Sync 1 DAGs
[2025-03-24T04:01:36.638+0000] {logging_mixin.py:190} INFO - [2025-03-24T04:01:36.638+0000] {dag.py:4180} INFO - Setting next_dagrun for coleta_dados_abertos_cnpj to 2025-02-10 00:00:00+00:00, run_after=2025-03-10 00:00:00+00:00
[2025-03-24T04:01:36.648+0000] {processor.py:208} INFO - Processing /opt/airflow/dags/coleta_dados_abertos_cnpj/dag.py took 0.168 seconds
[2025-03-24T04:02:06.865+0000] {processor.py:186} INFO - Started process (PID=2976) to work on /opt/airflow/dags/coleta_dados_abertos_cnpj/dag.py
[2025-03-24T04:02:06.866+0000] {processor.py:914} INFO - Processing file /opt/airflow/dags/coleta_dados_abertos_cnpj/dag.py for tasks to queue
[2025-03-24T04:02:06.868+0000] {logging_mixin.py:190} INFO - [2025-03-24T04:02:06.868+0000] {dagbag.py:588} INFO - Filling up the DagBag from /opt/airflow/dags/coleta_dados_abertos_cnpj/dag.py
[2025-03-24T04:02:06.991+0000] {processor.py:925} INFO - DAG(s) 'coleta_dados_abertos_cnpj' retrieved from /opt/airflow/dags/coleta_dados_abertos_cnpj/dag.py
[2025-03-24T04:02:07.007+0000] {logging_mixin.py:190} INFO - [2025-03-24T04:02:07.007+0000] {dag.py:3239} INFO - Sync 1 DAGs
[2025-03-24T04:02:07.019+0000] {logging_mixin.py:190} INFO - [2025-03-24T04:02:07.019+0000] {dag.py:4180} INFO - Setting next_dagrun for coleta_dados_abertos_cnpj to 2025-02-10 00:00:00+00:00, run_after=2025-03-10 00:00:00+00:00
[2025-03-24T04:02:07.029+0000] {processor.py:208} INFO - Processing /opt/airflow/dags/coleta_dados_abertos_cnpj/dag.py took 0.167 seconds
[2025-03-24T04:02:37.245+0000] {processor.py:186} INFO - Started process (PID=2986) to work on /opt/airflow/dags/coleta_dados_abertos_cnpj/dag.py
[2025-03-24T04:02:37.246+0000] {processor.py:914} INFO - Processing file /opt/airflow/dags/coleta_dados_abertos_cnpj/dag.py for tasks to queue
[2025-03-24T04:02:37.248+0000] {logging_mixin.py:190} INFO - [2025-03-24T04:02:37.248+0000] {dagbag.py:588} INFO - Filling up the DagBag from /opt/airflow/dags/coleta_dados_abertos_cnpj/dag.py
[2025-03-24T04:02:37.372+0000] {processor.py:925} INFO - DAG(s) 'coleta_dados_abertos_cnpj' retrieved from /opt/airflow/dags/coleta_dados_abertos_cnpj/dag.py
[2025-03-24T04:02:37.391+0000] {logging_mixin.py:190} INFO - [2025-03-24T04:02:37.390+0000] {dag.py:3239} INFO - Sync 1 DAGs
[2025-03-24T04:02:37.403+0000] {logging_mixin.py:190} INFO - [2025-03-24T04:02:37.403+0000] {dag.py:4180} INFO - Setting next_dagrun for coleta_dados_abertos_cnpj to 2025-02-10 00:00:00+00:00, run_after=2025-03-10 00:00:00+00:00
[2025-03-24T04:02:37.415+0000] {processor.py:208} INFO - Processing /opt/airflow/dags/coleta_dados_abertos_cnpj/dag.py took 0.174 seconds
[2025-03-24T04:03:07.634+0000] {processor.py:186} INFO - Started process (PID=2997) to work on /opt/airflow/dags/coleta_dados_abertos_cnpj/dag.py
[2025-03-24T04:03:07.635+0000] {processor.py:914} INFO - Processing file /opt/airflow/dags/coleta_dados_abertos_cnpj/dag.py for tasks to queue
[2025-03-24T04:03:07.637+0000] {logging_mixin.py:190} INFO - [2025-03-24T04:03:07.637+0000] {dagbag.py:588} INFO - Filling up the DagBag from /opt/airflow/dags/coleta_dados_abertos_cnpj/dag.py
[2025-03-24T04:03:07.759+0000] {processor.py:925} INFO - DAG(s) 'coleta_dados_abertos_cnpj' retrieved from /opt/airflow/dags/coleta_dados_abertos_cnpj/dag.py
[2025-03-24T04:03:07.774+0000] {logging_mixin.py:190} INFO - [2025-03-24T04:03:07.774+0000] {dag.py:3239} INFO - Sync 1 DAGs
[2025-03-24T04:03:07.787+0000] {logging_mixin.py:190} INFO - [2025-03-24T04:03:07.787+0000] {dag.py:4180} INFO - Setting next_dagrun for coleta_dados_abertos_cnpj to 2025-02-10 00:00:00+00:00, run_after=2025-03-10 00:00:00+00:00
[2025-03-24T04:03:07.798+0000] {processor.py:208} INFO - Processing /opt/airflow/dags/coleta_dados_abertos_cnpj/dag.py took 0.167 seconds
[2025-03-24T04:03:38.023+0000] {processor.py:186} INFO - Started process (PID=3008) to work on /opt/airflow/dags/coleta_dados_abertos_cnpj/dag.py
[2025-03-24T04:03:38.024+0000] {processor.py:914} INFO - Processing file /opt/airflow/dags/coleta_dados_abertos_cnpj/dag.py for tasks to queue
[2025-03-24T04:03:38.026+0000] {logging_mixin.py:190} INFO - [2025-03-24T04:03:38.025+0000] {dagbag.py:588} INFO - Filling up the DagBag from /opt/airflow/dags/coleta_dados_abertos_cnpj/dag.py
[2025-03-24T04:03:38.145+0000] {processor.py:925} INFO - DAG(s) 'coleta_dados_abertos_cnpj' retrieved from /opt/airflow/dags/coleta_dados_abertos_cnpj/dag.py
[2025-03-24T04:03:38.162+0000] {logging_mixin.py:190} INFO - [2025-03-24T04:03:38.162+0000] {dag.py:3239} INFO - Sync 1 DAGs
[2025-03-24T04:03:38.175+0000] {logging_mixin.py:190} INFO - [2025-03-24T04:03:38.175+0000] {dag.py:4180} INFO - Setting next_dagrun for coleta_dados_abertos_cnpj to 2025-02-10 00:00:00+00:00, run_after=2025-03-10 00:00:00+00:00
[2025-03-24T04:03:38.198+0000] {processor.py:208} INFO - Processing /opt/airflow/dags/coleta_dados_abertos_cnpj/dag.py took 0.178 seconds
[2025-03-24T04:04:08.384+0000] {processor.py:186} INFO - Started process (PID=3018) to work on /opt/airflow/dags/coleta_dados_abertos_cnpj/dag.py
[2025-03-24T04:04:08.385+0000] {processor.py:914} INFO - Processing file /opt/airflow/dags/coleta_dados_abertos_cnpj/dag.py for tasks to queue
[2025-03-24T04:04:08.387+0000] {logging_mixin.py:190} INFO - [2025-03-24T04:04:08.387+0000] {dagbag.py:588} INFO - Filling up the DagBag from /opt/airflow/dags/coleta_dados_abertos_cnpj/dag.py
[2025-03-24T04:04:08.521+0000] {processor.py:925} INFO - DAG(s) 'coleta_dados_abertos_cnpj' retrieved from /opt/airflow/dags/coleta_dados_abertos_cnpj/dag.py
[2025-03-24T04:04:08.539+0000] {logging_mixin.py:190} INFO - [2025-03-24T04:04:08.539+0000] {dag.py:3239} INFO - Sync 1 DAGs
[2025-03-24T04:04:08.553+0000] {logging_mixin.py:190} INFO - [2025-03-24T04:04:08.552+0000] {dag.py:4180} INFO - Setting next_dagrun for coleta_dados_abertos_cnpj to 2025-02-10 00:00:00+00:00, run_after=2025-03-10 00:00:00+00:00
[2025-03-24T04:04:08.564+0000] {processor.py:208} INFO - Processing /opt/airflow/dags/coleta_dados_abertos_cnpj/dag.py took 0.183 seconds
[2025-03-24T04:04:38.752+0000] {processor.py:186} INFO - Started process (PID=3029) to work on /opt/airflow/dags/coleta_dados_abertos_cnpj/dag.py
[2025-03-24T04:04:38.753+0000] {processor.py:914} INFO - Processing file /opt/airflow/dags/coleta_dados_abertos_cnpj/dag.py for tasks to queue
[2025-03-24T04:04:38.755+0000] {logging_mixin.py:190} INFO - [2025-03-24T04:04:38.755+0000] {dagbag.py:588} INFO - Filling up the DagBag from /opt/airflow/dags/coleta_dados_abertos_cnpj/dag.py
[2025-03-24T04:04:38.877+0000] {processor.py:925} INFO - DAG(s) 'coleta_dados_abertos_cnpj' retrieved from /opt/airflow/dags/coleta_dados_abertos_cnpj/dag.py
[2025-03-24T04:04:38.895+0000] {logging_mixin.py:190} INFO - [2025-03-24T04:04:38.894+0000] {dag.py:3239} INFO - Sync 1 DAGs
[2025-03-24T04:04:38.909+0000] {logging_mixin.py:190} INFO - [2025-03-24T04:04:38.908+0000] {dag.py:4180} INFO - Setting next_dagrun for coleta_dados_abertos_cnpj to 2025-02-10 00:00:00+00:00, run_after=2025-03-10 00:00:00+00:00
[2025-03-24T04:04:38.919+0000] {processor.py:208} INFO - Processing /opt/airflow/dags/coleta_dados_abertos_cnpj/dag.py took 0.170 seconds
[2025-03-24T04:05:09.186+0000] {processor.py:186} INFO - Started process (PID=3040) to work on /opt/airflow/dags/coleta_dados_abertos_cnpj/dag.py
[2025-03-24T04:05:09.187+0000] {processor.py:914} INFO - Processing file /opt/airflow/dags/coleta_dados_abertos_cnpj/dag.py for tasks to queue
[2025-03-24T04:05:09.190+0000] {logging_mixin.py:190} INFO - [2025-03-24T04:05:09.189+0000] {dagbag.py:588} INFO - Filling up the DagBag from /opt/airflow/dags/coleta_dados_abertos_cnpj/dag.py
[2025-03-24T04:05:09.312+0000] {processor.py:925} INFO - DAG(s) 'coleta_dados_abertos_cnpj' retrieved from /opt/airflow/dags/coleta_dados_abertos_cnpj/dag.py
[2025-03-24T04:05:09.328+0000] {logging_mixin.py:190} INFO - [2025-03-24T04:05:09.328+0000] {dag.py:3239} INFO - Sync 1 DAGs
[2025-03-24T04:05:09.340+0000] {logging_mixin.py:190} INFO - [2025-03-24T04:05:09.340+0000] {dag.py:4180} INFO - Setting next_dagrun for coleta_dados_abertos_cnpj to 2025-02-10 00:00:00+00:00, run_after=2025-03-10 00:00:00+00:00
[2025-03-24T04:05:09.350+0000] {processor.py:208} INFO - Processing /opt/airflow/dags/coleta_dados_abertos_cnpj/dag.py took 0.166 seconds
[2025-03-24T04:05:39.576+0000] {processor.py:186} INFO - Started process (PID=3051) to work on /opt/airflow/dags/coleta_dados_abertos_cnpj/dag.py
[2025-03-24T04:05:39.577+0000] {processor.py:914} INFO - Processing file /opt/airflow/dags/coleta_dados_abertos_cnpj/dag.py for tasks to queue
[2025-03-24T04:05:39.579+0000] {logging_mixin.py:190} INFO - [2025-03-24T04:05:39.578+0000] {dagbag.py:588} INFO - Filling up the DagBag from /opt/airflow/dags/coleta_dados_abertos_cnpj/dag.py
[2025-03-24T04:05:39.702+0000] {processor.py:925} INFO - DAG(s) 'coleta_dados_abertos_cnpj' retrieved from /opt/airflow/dags/coleta_dados_abertos_cnpj/dag.py
[2025-03-24T04:05:39.718+0000] {logging_mixin.py:190} INFO - [2025-03-24T04:05:39.718+0000] {dag.py:3239} INFO - Sync 1 DAGs
[2025-03-24T04:05:39.731+0000] {logging_mixin.py:190} INFO - [2025-03-24T04:05:39.731+0000] {dag.py:4180} INFO - Setting next_dagrun for coleta_dados_abertos_cnpj to 2025-02-10 00:00:00+00:00, run_after=2025-03-10 00:00:00+00:00
[2025-03-24T04:05:39.741+0000] {processor.py:208} INFO - Processing /opt/airflow/dags/coleta_dados_abertos_cnpj/dag.py took 0.168 seconds
[2025-03-24T04:06:09.945+0000] {processor.py:186} INFO - Started process (PID=3062) to work on /opt/airflow/dags/coleta_dados_abertos_cnpj/dag.py
[2025-03-24T04:06:09.946+0000] {processor.py:914} INFO - Processing file /opt/airflow/dags/coleta_dados_abertos_cnpj/dag.py for tasks to queue
[2025-03-24T04:06:09.948+0000] {logging_mixin.py:190} INFO - [2025-03-24T04:06:09.948+0000] {dagbag.py:588} INFO - Filling up the DagBag from /opt/airflow/dags/coleta_dados_abertos_cnpj/dag.py
[2025-03-24T04:06:10.077+0000] {processor.py:925} INFO - DAG(s) 'coleta_dados_abertos_cnpj' retrieved from /opt/airflow/dags/coleta_dados_abertos_cnpj/dag.py
[2025-03-24T04:06:10.094+0000] {logging_mixin.py:190} INFO - [2025-03-24T04:06:10.093+0000] {dag.py:3239} INFO - Sync 1 DAGs
[2025-03-24T04:06:10.106+0000] {logging_mixin.py:190} INFO - [2025-03-24T04:06:10.106+0000] {dag.py:4180} INFO - Setting next_dagrun for coleta_dados_abertos_cnpj to 2025-02-10 00:00:00+00:00, run_after=2025-03-10 00:00:00+00:00
[2025-03-24T04:06:10.116+0000] {processor.py:208} INFO - Processing /opt/airflow/dags/coleta_dados_abertos_cnpj/dag.py took 0.175 seconds
[2025-03-24T04:06:40.320+0000] {processor.py:186} INFO - Started process (PID=3073) to work on /opt/airflow/dags/coleta_dados_abertos_cnpj/dag.py
[2025-03-24T04:06:40.321+0000] {processor.py:914} INFO - Processing file /opt/airflow/dags/coleta_dados_abertos_cnpj/dag.py for tasks to queue
[2025-03-24T04:06:40.323+0000] {logging_mixin.py:190} INFO - [2025-03-24T04:06:40.323+0000] {dagbag.py:588} INFO - Filling up the DagBag from /opt/airflow/dags/coleta_dados_abertos_cnpj/dag.py
[2025-03-24T04:06:40.442+0000] {processor.py:925} INFO - DAG(s) 'coleta_dados_abertos_cnpj' retrieved from /opt/airflow/dags/coleta_dados_abertos_cnpj/dag.py
[2025-03-24T04:06:40.460+0000] {logging_mixin.py:190} INFO - [2025-03-24T04:06:40.460+0000] {dag.py:3239} INFO - Sync 1 DAGs
[2025-03-24T04:06:40.473+0000] {logging_mixin.py:190} INFO - [2025-03-24T04:06:40.472+0000] {dag.py:4180} INFO - Setting next_dagrun for coleta_dados_abertos_cnpj to 2025-02-10 00:00:00+00:00, run_after=2025-03-10 00:00:00+00:00
[2025-03-24T04:06:40.484+0000] {processor.py:208} INFO - Processing /opt/airflow/dags/coleta_dados_abertos_cnpj/dag.py took 0.167 seconds
[2025-03-24T04:07:10.686+0000] {processor.py:186} INFO - Started process (PID=3084) to work on /opt/airflow/dags/coleta_dados_abertos_cnpj/dag.py
[2025-03-24T04:07:10.687+0000] {processor.py:914} INFO - Processing file /opt/airflow/dags/coleta_dados_abertos_cnpj/dag.py for tasks to queue
[2025-03-24T04:07:10.689+0000] {logging_mixin.py:190} INFO - [2025-03-24T04:07:10.689+0000] {dagbag.py:588} INFO - Filling up the DagBag from /opt/airflow/dags/coleta_dados_abertos_cnpj/dag.py
[2025-03-24T04:07:10.809+0000] {processor.py:925} INFO - DAG(s) 'coleta_dados_abertos_cnpj' retrieved from /opt/airflow/dags/coleta_dados_abertos_cnpj/dag.py
[2025-03-24T04:07:10.825+0000] {logging_mixin.py:190} INFO - [2025-03-24T04:07:10.825+0000] {dag.py:3239} INFO - Sync 1 DAGs
[2025-03-24T04:07:10.839+0000] {logging_mixin.py:190} INFO - [2025-03-24T04:07:10.839+0000] {dag.py:4180} INFO - Setting next_dagrun for coleta_dados_abertos_cnpj to 2025-02-10 00:00:00+00:00, run_after=2025-03-10 00:00:00+00:00
[2025-03-24T04:07:10.852+0000] {processor.py:208} INFO - Processing /opt/airflow/dags/coleta_dados_abertos_cnpj/dag.py took 0.168 seconds
[2025-03-24T04:07:41.053+0000] {processor.py:186} INFO - Started process (PID=3095) to work on /opt/airflow/dags/coleta_dados_abertos_cnpj/dag.py
[2025-03-24T04:07:41.053+0000] {processor.py:914} INFO - Processing file /opt/airflow/dags/coleta_dados_abertos_cnpj/dag.py for tasks to queue
[2025-03-24T04:07:41.055+0000] {logging_mixin.py:190} INFO - [2025-03-24T04:07:41.055+0000] {dagbag.py:588} INFO - Filling up the DagBag from /opt/airflow/dags/coleta_dados_abertos_cnpj/dag.py
[2025-03-24T04:07:41.177+0000] {processor.py:925} INFO - DAG(s) 'coleta_dados_abertos_cnpj' retrieved from /opt/airflow/dags/coleta_dados_abertos_cnpj/dag.py
[2025-03-24T04:07:41.194+0000] {logging_mixin.py:190} INFO - [2025-03-24T04:07:41.194+0000] {dag.py:3239} INFO - Sync 1 DAGs
[2025-03-24T04:07:41.208+0000] {logging_mixin.py:190} INFO - [2025-03-24T04:07:41.208+0000] {dag.py:4180} INFO - Setting next_dagrun for coleta_dados_abertos_cnpj to 2025-02-10 00:00:00+00:00, run_after=2025-03-10 00:00:00+00:00
[2025-03-24T04:07:41.218+0000] {processor.py:208} INFO - Processing /opt/airflow/dags/coleta_dados_abertos_cnpj/dag.py took 0.169 seconds
[2025-03-24T04:08:11.435+0000] {processor.py:186} INFO - Started process (PID=3106) to work on /opt/airflow/dags/coleta_dados_abertos_cnpj/dag.py
[2025-03-24T04:08:11.436+0000] {processor.py:914} INFO - Processing file /opt/airflow/dags/coleta_dados_abertos_cnpj/dag.py for tasks to queue
[2025-03-24T04:08:11.438+0000] {logging_mixin.py:190} INFO - [2025-03-24T04:08:11.438+0000] {dagbag.py:588} INFO - Filling up the DagBag from /opt/airflow/dags/coleta_dados_abertos_cnpj/dag.py
[2025-03-24T04:08:11.559+0000] {processor.py:925} INFO - DAG(s) 'coleta_dados_abertos_cnpj' retrieved from /opt/airflow/dags/coleta_dados_abertos_cnpj/dag.py
[2025-03-24T04:08:11.576+0000] {logging_mixin.py:190} INFO - [2025-03-24T04:08:11.576+0000] {dag.py:3239} INFO - Sync 1 DAGs
[2025-03-24T04:08:11.589+0000] {logging_mixin.py:190} INFO - [2025-03-24T04:08:11.589+0000] {dag.py:4180} INFO - Setting next_dagrun for coleta_dados_abertos_cnpj to 2025-02-10 00:00:00+00:00, run_after=2025-03-10 00:00:00+00:00
[2025-03-24T04:08:11.604+0000] {processor.py:208} INFO - Processing /opt/airflow/dags/coleta_dados_abertos_cnpj/dag.py took 0.172 seconds
[2025-03-24T04:08:41.809+0000] {processor.py:186} INFO - Started process (PID=3117) to work on /opt/airflow/dags/coleta_dados_abertos_cnpj/dag.py
[2025-03-24T04:08:41.810+0000] {processor.py:914} INFO - Processing file /opt/airflow/dags/coleta_dados_abertos_cnpj/dag.py for tasks to queue
[2025-03-24T04:08:41.811+0000] {logging_mixin.py:190} INFO - [2025-03-24T04:08:41.811+0000] {dagbag.py:588} INFO - Filling up the DagBag from /opt/airflow/dags/coleta_dados_abertos_cnpj/dag.py
[2025-03-24T04:08:41.932+0000] {processor.py:925} INFO - DAG(s) 'coleta_dados_abertos_cnpj' retrieved from /opt/airflow/dags/coleta_dados_abertos_cnpj/dag.py
[2025-03-24T04:08:41.948+0000] {logging_mixin.py:190} INFO - [2025-03-24T04:08:41.948+0000] {dag.py:3239} INFO - Sync 1 DAGs
[2025-03-24T04:08:41.961+0000] {logging_mixin.py:190} INFO - [2025-03-24T04:08:41.961+0000] {dag.py:4180} INFO - Setting next_dagrun for coleta_dados_abertos_cnpj to 2025-02-10 00:00:00+00:00, run_after=2025-03-10 00:00:00+00:00
[2025-03-24T04:08:41.970+0000] {processor.py:208} INFO - Processing /opt/airflow/dags/coleta_dados_abertos_cnpj/dag.py took 0.164 seconds
[2025-03-24T04:09:12.189+0000] {processor.py:186} INFO - Started process (PID=3128) to work on /opt/airflow/dags/coleta_dados_abertos_cnpj/dag.py
[2025-03-24T04:09:12.190+0000] {processor.py:914} INFO - Processing file /opt/airflow/dags/coleta_dados_abertos_cnpj/dag.py for tasks to queue
[2025-03-24T04:09:12.191+0000] {logging_mixin.py:190} INFO - [2025-03-24T04:09:12.191+0000] {dagbag.py:588} INFO - Filling up the DagBag from /opt/airflow/dags/coleta_dados_abertos_cnpj/dag.py
[2025-03-24T04:09:12.313+0000] {processor.py:925} INFO - DAG(s) 'coleta_dados_abertos_cnpj' retrieved from /opt/airflow/dags/coleta_dados_abertos_cnpj/dag.py
[2025-03-24T04:09:12.330+0000] {logging_mixin.py:190} INFO - [2025-03-24T04:09:12.330+0000] {dag.py:3239} INFO - Sync 1 DAGs
[2025-03-24T04:09:12.342+0000] {logging_mixin.py:190} INFO - [2025-03-24T04:09:12.342+0000] {dag.py:4180} INFO - Setting next_dagrun for coleta_dados_abertos_cnpj to 2025-02-10 00:00:00+00:00, run_after=2025-03-10 00:00:00+00:00
[2025-03-24T04:09:12.354+0000] {processor.py:208} INFO - Processing /opt/airflow/dags/coleta_dados_abertos_cnpj/dag.py took 0.168 seconds
[2025-03-24T04:09:42.561+0000] {processor.py:186} INFO - Started process (PID=3139) to work on /opt/airflow/dags/coleta_dados_abertos_cnpj/dag.py
[2025-03-24T04:09:42.562+0000] {processor.py:914} INFO - Processing file /opt/airflow/dags/coleta_dados_abertos_cnpj/dag.py for tasks to queue
[2025-03-24T04:09:42.563+0000] {logging_mixin.py:190} INFO - [2025-03-24T04:09:42.563+0000] {dagbag.py:588} INFO - Filling up the DagBag from /opt/airflow/dags/coleta_dados_abertos_cnpj/dag.py
[2025-03-24T04:09:42.683+0000] {processor.py:925} INFO - DAG(s) 'coleta_dados_abertos_cnpj' retrieved from /opt/airflow/dags/coleta_dados_abertos_cnpj/dag.py
[2025-03-24T04:09:42.700+0000] {logging_mixin.py:190} INFO - [2025-03-24T04:09:42.700+0000] {dag.py:3239} INFO - Sync 1 DAGs
[2025-03-24T04:09:42.712+0000] {logging_mixin.py:190} INFO - [2025-03-24T04:09:42.712+0000] {dag.py:4180} INFO - Setting next_dagrun for coleta_dados_abertos_cnpj to 2025-02-10 00:00:00+00:00, run_after=2025-03-10 00:00:00+00:00
[2025-03-24T04:09:42.724+0000] {processor.py:208} INFO - Processing /opt/airflow/dags/coleta_dados_abertos_cnpj/dag.py took 0.167 seconds
[2025-03-24T04:10:12.979+0000] {processor.py:186} INFO - Started process (PID=3150) to work on /opt/airflow/dags/coleta_dados_abertos_cnpj/dag.py
[2025-03-24T04:10:12.980+0000] {processor.py:914} INFO - Processing file /opt/airflow/dags/coleta_dados_abertos_cnpj/dag.py for tasks to queue
[2025-03-24T04:10:12.982+0000] {logging_mixin.py:190} INFO - [2025-03-24T04:10:12.982+0000] {dagbag.py:588} INFO - Filling up the DagBag from /opt/airflow/dags/coleta_dados_abertos_cnpj/dag.py
[2025-03-24T04:10:13.105+0000] {processor.py:925} INFO - DAG(s) 'coleta_dados_abertos_cnpj' retrieved from /opt/airflow/dags/coleta_dados_abertos_cnpj/dag.py
[2025-03-24T04:10:13.121+0000] {logging_mixin.py:190} INFO - [2025-03-24T04:10:13.121+0000] {dag.py:3239} INFO - Sync 1 DAGs
[2025-03-24T04:10:13.133+0000] {logging_mixin.py:190} INFO - [2025-03-24T04:10:13.133+0000] {dag.py:4180} INFO - Setting next_dagrun for coleta_dados_abertos_cnpj to 2025-02-10 00:00:00+00:00, run_after=2025-03-10 00:00:00+00:00
[2025-03-24T04:10:13.144+0000] {processor.py:208} INFO - Processing /opt/airflow/dags/coleta_dados_abertos_cnpj/dag.py took 0.168 seconds
[2025-03-24T04:10:43.359+0000] {processor.py:186} INFO - Started process (PID=3161) to work on /opt/airflow/dags/coleta_dados_abertos_cnpj/dag.py
[2025-03-24T04:10:43.360+0000] {processor.py:914} INFO - Processing file /opt/airflow/dags/coleta_dados_abertos_cnpj/dag.py for tasks to queue
[2025-03-24T04:10:43.362+0000] {logging_mixin.py:190} INFO - [2025-03-24T04:10:43.362+0000] {dagbag.py:588} INFO - Filling up the DagBag from /opt/airflow/dags/coleta_dados_abertos_cnpj/dag.py
[2025-03-24T04:10:43.487+0000] {processor.py:925} INFO - DAG(s) 'coleta_dados_abertos_cnpj' retrieved from /opt/airflow/dags/coleta_dados_abertos_cnpj/dag.py
[2025-03-24T04:10:43.503+0000] {logging_mixin.py:190} INFO - [2025-03-24T04:10:43.503+0000] {dag.py:3239} INFO - Sync 1 DAGs
[2025-03-24T04:10:43.516+0000] {logging_mixin.py:190} INFO - [2025-03-24T04:10:43.516+0000] {dag.py:4180} INFO - Setting next_dagrun for coleta_dados_abertos_cnpj to 2025-02-10 00:00:00+00:00, run_after=2025-03-10 00:00:00+00:00
[2025-03-24T04:10:43.529+0000] {processor.py:208} INFO - Processing /opt/airflow/dags/coleta_dados_abertos_cnpj/dag.py took 0.173 seconds
[2025-03-24T04:11:13.741+0000] {processor.py:186} INFO - Started process (PID=3172) to work on /opt/airflow/dags/coleta_dados_abertos_cnpj/dag.py
[2025-03-24T04:11:13.742+0000] {processor.py:914} INFO - Processing file /opt/airflow/dags/coleta_dados_abertos_cnpj/dag.py for tasks to queue
[2025-03-24T04:11:13.744+0000] {logging_mixin.py:190} INFO - [2025-03-24T04:11:13.743+0000] {dagbag.py:588} INFO - Filling up the DagBag from /opt/airflow/dags/coleta_dados_abertos_cnpj/dag.py
[2025-03-24T04:11:13.866+0000] {processor.py:925} INFO - DAG(s) 'coleta_dados_abertos_cnpj' retrieved from /opt/airflow/dags/coleta_dados_abertos_cnpj/dag.py
[2025-03-24T04:11:13.882+0000] {logging_mixin.py:190} INFO - [2025-03-24T04:11:13.882+0000] {dag.py:3239} INFO - Sync 1 DAGs
[2025-03-24T04:11:13.896+0000] {logging_mixin.py:190} INFO - [2025-03-24T04:11:13.896+0000] {dag.py:4180} INFO - Setting next_dagrun for coleta_dados_abertos_cnpj to 2025-02-10 00:00:00+00:00, run_after=2025-03-10 00:00:00+00:00
[2025-03-24T04:11:13.906+0000] {processor.py:208} INFO - Processing /opt/airflow/dags/coleta_dados_abertos_cnpj/dag.py took 0.168 seconds
[2025-03-24T04:11:44.113+0000] {processor.py:186} INFO - Started process (PID=3183) to work on /opt/airflow/dags/coleta_dados_abertos_cnpj/dag.py
[2025-03-24T04:11:44.114+0000] {processor.py:914} INFO - Processing file /opt/airflow/dags/coleta_dados_abertos_cnpj/dag.py for tasks to queue
[2025-03-24T04:11:44.116+0000] {logging_mixin.py:190} INFO - [2025-03-24T04:11:44.116+0000] {dagbag.py:588} INFO - Filling up the DagBag from /opt/airflow/dags/coleta_dados_abertos_cnpj/dag.py
[2025-03-24T04:11:44.243+0000] {processor.py:925} INFO - DAG(s) 'coleta_dados_abertos_cnpj' retrieved from /opt/airflow/dags/coleta_dados_abertos_cnpj/dag.py
[2025-03-24T04:11:44.260+0000] {logging_mixin.py:190} INFO - [2025-03-24T04:11:44.260+0000] {dag.py:3239} INFO - Sync 1 DAGs
[2025-03-24T04:11:44.273+0000] {logging_mixin.py:190} INFO - [2025-03-24T04:11:44.273+0000] {dag.py:4180} INFO - Setting next_dagrun for coleta_dados_abertos_cnpj to 2025-02-10 00:00:00+00:00, run_after=2025-03-10 00:00:00+00:00
[2025-03-24T04:11:44.284+0000] {processor.py:208} INFO - Processing /opt/airflow/dags/coleta_dados_abertos_cnpj/dag.py took 0.176 seconds
[2025-03-24T04:12:14.496+0000] {processor.py:186} INFO - Started process (PID=3194) to work on /opt/airflow/dags/coleta_dados_abertos_cnpj/dag.py
[2025-03-24T04:12:14.497+0000] {processor.py:914} INFO - Processing file /opt/airflow/dags/coleta_dados_abertos_cnpj/dag.py for tasks to queue
[2025-03-24T04:12:14.499+0000] {logging_mixin.py:190} INFO - [2025-03-24T04:12:14.499+0000] {dagbag.py:588} INFO - Filling up the DagBag from /opt/airflow/dags/coleta_dados_abertos_cnpj/dag.py
[2025-03-24T04:12:14.624+0000] {processor.py:925} INFO - DAG(s) 'coleta_dados_abertos_cnpj' retrieved from /opt/airflow/dags/coleta_dados_abertos_cnpj/dag.py
[2025-03-24T04:12:14.643+0000] {logging_mixin.py:190} INFO - [2025-03-24T04:12:14.643+0000] {dag.py:3239} INFO - Sync 1 DAGs
[2025-03-24T04:12:14.657+0000] {logging_mixin.py:190} INFO - [2025-03-24T04:12:14.657+0000] {dag.py:4180} INFO - Setting next_dagrun for coleta_dados_abertos_cnpj to 2025-02-10 00:00:00+00:00, run_after=2025-03-10 00:00:00+00:00
[2025-03-24T04:12:14.669+0000] {processor.py:208} INFO - Processing /opt/airflow/dags/coleta_dados_abertos_cnpj/dag.py took 0.176 seconds
[2025-03-24T04:12:44.876+0000] {processor.py:186} INFO - Started process (PID=3205) to work on /opt/airflow/dags/coleta_dados_abertos_cnpj/dag.py
[2025-03-24T04:12:44.877+0000] {processor.py:914} INFO - Processing file /opt/airflow/dags/coleta_dados_abertos_cnpj/dag.py for tasks to queue
[2025-03-24T04:12:44.879+0000] {logging_mixin.py:190} INFO - [2025-03-24T04:12:44.879+0000] {dagbag.py:588} INFO - Filling up the DagBag from /opt/airflow/dags/coleta_dados_abertos_cnpj/dag.py
[2025-03-24T04:12:45.000+0000] {processor.py:925} INFO - DAG(s) 'coleta_dados_abertos_cnpj' retrieved from /opt/airflow/dags/coleta_dados_abertos_cnpj/dag.py
[2025-03-24T04:12:45.017+0000] {logging_mixin.py:190} INFO - [2025-03-24T04:12:45.017+0000] {dag.py:3239} INFO - Sync 1 DAGs
[2025-03-24T04:12:45.030+0000] {logging_mixin.py:190} INFO - [2025-03-24T04:12:45.030+0000] {dag.py:4180} INFO - Setting next_dagrun for coleta_dados_abertos_cnpj to 2025-02-10 00:00:00+00:00, run_after=2025-03-10 00:00:00+00:00
[2025-03-24T04:12:45.042+0000] {processor.py:208} INFO - Processing /opt/airflow/dags/coleta_dados_abertos_cnpj/dag.py took 0.169 seconds
[2025-03-24T04:13:15.262+0000] {processor.py:186} INFO - Started process (PID=3216) to work on /opt/airflow/dags/coleta_dados_abertos_cnpj/dag.py
[2025-03-24T04:13:15.263+0000] {processor.py:914} INFO - Processing file /opt/airflow/dags/coleta_dados_abertos_cnpj/dag.py for tasks to queue
[2025-03-24T04:13:15.266+0000] {logging_mixin.py:190} INFO - [2025-03-24T04:13:15.265+0000] {dagbag.py:588} INFO - Filling up the DagBag from /opt/airflow/dags/coleta_dados_abertos_cnpj/dag.py
[2025-03-24T04:13:15.388+0000] {processor.py:925} INFO - DAG(s) 'coleta_dados_abertos_cnpj' retrieved from /opt/airflow/dags/coleta_dados_abertos_cnpj/dag.py
[2025-03-24T04:13:15.406+0000] {logging_mixin.py:190} INFO - [2025-03-24T04:13:15.406+0000] {dag.py:3239} INFO - Sync 1 DAGs
[2025-03-24T04:13:15.420+0000] {logging_mixin.py:190} INFO - [2025-03-24T04:13:15.420+0000] {dag.py:4180} INFO - Setting next_dagrun for coleta_dados_abertos_cnpj to 2025-02-10 00:00:00+00:00, run_after=2025-03-10 00:00:00+00:00
[2025-03-24T04:13:15.432+0000] {processor.py:208} INFO - Processing /opt/airflow/dags/coleta_dados_abertos_cnpj/dag.py took 0.173 seconds
[2025-03-24T04:13:45.630+0000] {processor.py:186} INFO - Started process (PID=3227) to work on /opt/airflow/dags/coleta_dados_abertos_cnpj/dag.py
[2025-03-24T04:13:45.631+0000] {processor.py:914} INFO - Processing file /opt/airflow/dags/coleta_dados_abertos_cnpj/dag.py for tasks to queue
[2025-03-24T04:13:45.633+0000] {logging_mixin.py:190} INFO - [2025-03-24T04:13:45.633+0000] {dagbag.py:588} INFO - Filling up the DagBag from /opt/airflow/dags/coleta_dados_abertos_cnpj/dag.py
[2025-03-24T04:13:45.752+0000] {processor.py:925} INFO - DAG(s) 'coleta_dados_abertos_cnpj' retrieved from /opt/airflow/dags/coleta_dados_abertos_cnpj/dag.py
[2025-03-24T04:13:45.769+0000] {logging_mixin.py:190} INFO - [2025-03-24T04:13:45.769+0000] {dag.py:3239} INFO - Sync 1 DAGs
[2025-03-24T04:13:45.783+0000] {logging_mixin.py:190} INFO - [2025-03-24T04:13:45.783+0000] {dag.py:4180} INFO - Setting next_dagrun for coleta_dados_abertos_cnpj to 2025-02-10 00:00:00+00:00, run_after=2025-03-10 00:00:00+00:00
[2025-03-24T04:13:45.794+0000] {processor.py:208} INFO - Processing /opt/airflow/dags/coleta_dados_abertos_cnpj/dag.py took 0.168 seconds
[2025-03-24T04:14:16.014+0000] {processor.py:186} INFO - Started process (PID=3238) to work on /opt/airflow/dags/coleta_dados_abertos_cnpj/dag.py
[2025-03-24T04:14:16.015+0000] {processor.py:914} INFO - Processing file /opt/airflow/dags/coleta_dados_abertos_cnpj/dag.py for tasks to queue
[2025-03-24T04:14:16.017+0000] {logging_mixin.py:190} INFO - [2025-03-24T04:14:16.016+0000] {dagbag.py:588} INFO - Filling up the DagBag from /opt/airflow/dags/coleta_dados_abertos_cnpj/dag.py
[2025-03-24T04:14:16.136+0000] {processor.py:925} INFO - DAG(s) 'coleta_dados_abertos_cnpj' retrieved from /opt/airflow/dags/coleta_dados_abertos_cnpj/dag.py
[2025-03-24T04:14:16.152+0000] {logging_mixin.py:190} INFO - [2025-03-24T04:14:16.152+0000] {dag.py:3239} INFO - Sync 1 DAGs
[2025-03-24T04:14:16.165+0000] {logging_mixin.py:190} INFO - [2025-03-24T04:14:16.165+0000] {dag.py:4180} INFO - Setting next_dagrun for coleta_dados_abertos_cnpj to 2025-02-10 00:00:00+00:00, run_after=2025-03-10 00:00:00+00:00
[2025-03-24T04:14:16.177+0000] {processor.py:208} INFO - Processing /opt/airflow/dags/coleta_dados_abertos_cnpj/dag.py took 0.166 seconds
[2025-03-24T04:14:46.395+0000] {processor.py:186} INFO - Started process (PID=3249) to work on /opt/airflow/dags/coleta_dados_abertos_cnpj/dag.py
[2025-03-24T04:14:46.396+0000] {processor.py:914} INFO - Processing file /opt/airflow/dags/coleta_dados_abertos_cnpj/dag.py for tasks to queue
[2025-03-24T04:14:46.399+0000] {logging_mixin.py:190} INFO - [2025-03-24T04:14:46.398+0000] {dagbag.py:588} INFO - Filling up the DagBag from /opt/airflow/dags/coleta_dados_abertos_cnpj/dag.py
[2025-03-24T04:14:46.522+0000] {processor.py:925} INFO - DAG(s) 'coleta_dados_abertos_cnpj' retrieved from /opt/airflow/dags/coleta_dados_abertos_cnpj/dag.py
[2025-03-24T04:14:46.538+0000] {logging_mixin.py:190} INFO - [2025-03-24T04:14:46.538+0000] {dag.py:3239} INFO - Sync 1 DAGs
[2025-03-24T04:14:46.551+0000] {logging_mixin.py:190} INFO - [2025-03-24T04:14:46.550+0000] {dag.py:4180} INFO - Setting next_dagrun for coleta_dados_abertos_cnpj to 2025-02-10 00:00:00+00:00, run_after=2025-03-10 00:00:00+00:00
[2025-03-24T04:14:46.560+0000] {processor.py:208} INFO - Processing /opt/airflow/dags/coleta_dados_abertos_cnpj/dag.py took 0.168 seconds
[2025-03-24T04:15:16.826+0000] {processor.py:186} INFO - Started process (PID=3260) to work on /opt/airflow/dags/coleta_dados_abertos_cnpj/dag.py
[2025-03-24T04:15:16.827+0000] {processor.py:914} INFO - Processing file /opt/airflow/dags/coleta_dados_abertos_cnpj/dag.py for tasks to queue
[2025-03-24T04:15:16.829+0000] {logging_mixin.py:190} INFO - [2025-03-24T04:15:16.829+0000] {dagbag.py:588} INFO - Filling up the DagBag from /opt/airflow/dags/coleta_dados_abertos_cnpj/dag.py
[2025-03-24T04:15:16.955+0000] {processor.py:925} INFO - DAG(s) 'coleta_dados_abertos_cnpj' retrieved from /opt/airflow/dags/coleta_dados_abertos_cnpj/dag.py
[2025-03-24T04:15:16.972+0000] {logging_mixin.py:190} INFO - [2025-03-24T04:15:16.972+0000] {dag.py:3239} INFO - Sync 1 DAGs
[2025-03-24T04:15:16.986+0000] {logging_mixin.py:190} INFO - [2025-03-24T04:15:16.986+0000] {dag.py:4180} INFO - Setting next_dagrun for coleta_dados_abertos_cnpj to 2025-02-10 00:00:00+00:00, run_after=2025-03-10 00:00:00+00:00
[2025-03-24T04:15:16.998+0000] {processor.py:208} INFO - Processing /opt/airflow/dags/coleta_dados_abertos_cnpj/dag.py took 0.176 seconds
[2025-03-24T04:15:47.205+0000] {processor.py:186} INFO - Started process (PID=3271) to work on /opt/airflow/dags/coleta_dados_abertos_cnpj/dag.py
[2025-03-24T04:15:47.207+0000] {processor.py:914} INFO - Processing file /opt/airflow/dags/coleta_dados_abertos_cnpj/dag.py for tasks to queue
[2025-03-24T04:15:47.209+0000] {logging_mixin.py:190} INFO - [2025-03-24T04:15:47.209+0000] {dagbag.py:588} INFO - Filling up the DagBag from /opt/airflow/dags/coleta_dados_abertos_cnpj/dag.py
[2025-03-24T04:15:47.329+0000] {processor.py:925} INFO - DAG(s) 'coleta_dados_abertos_cnpj' retrieved from /opt/airflow/dags/coleta_dados_abertos_cnpj/dag.py
[2025-03-24T04:15:47.351+0000] {logging_mixin.py:190} INFO - [2025-03-24T04:15:47.351+0000] {dag.py:3239} INFO - Sync 1 DAGs
[2025-03-24T04:15:47.363+0000] {logging_mixin.py:190} INFO - [2025-03-24T04:15:47.363+0000] {dag.py:4180} INFO - Setting next_dagrun for coleta_dados_abertos_cnpj to 2025-02-10 00:00:00+00:00, run_after=2025-03-10 00:00:00+00:00
[2025-03-24T04:15:47.372+0000] {processor.py:208} INFO - Processing /opt/airflow/dags/coleta_dados_abertos_cnpj/dag.py took 0.171 seconds
[2025-03-24T04:16:17.573+0000] {processor.py:186} INFO - Started process (PID=3282) to work on /opt/airflow/dags/coleta_dados_abertos_cnpj/dag.py
[2025-03-24T04:16:17.574+0000] {processor.py:914} INFO - Processing file /opt/airflow/dags/coleta_dados_abertos_cnpj/dag.py for tasks to queue
[2025-03-24T04:16:17.576+0000] {logging_mixin.py:190} INFO - [2025-03-24T04:16:17.576+0000] {dagbag.py:588} INFO - Filling up the DagBag from /opt/airflow/dags/coleta_dados_abertos_cnpj/dag.py
[2025-03-24T04:16:17.711+0000] {processor.py:925} INFO - DAG(s) 'coleta_dados_abertos_cnpj' retrieved from /opt/airflow/dags/coleta_dados_abertos_cnpj/dag.py
[2025-03-24T04:16:17.729+0000] {logging_mixin.py:190} INFO - [2025-03-24T04:16:17.729+0000] {dag.py:3239} INFO - Sync 1 DAGs
[2025-03-24T04:16:17.743+0000] {logging_mixin.py:190} INFO - [2025-03-24T04:16:17.743+0000] {dag.py:4180} INFO - Setting next_dagrun for coleta_dados_abertos_cnpj to 2025-02-10 00:00:00+00:00, run_after=2025-03-10 00:00:00+00:00
[2025-03-24T04:16:17.754+0000] {processor.py:208} INFO - Processing /opt/airflow/dags/coleta_dados_abertos_cnpj/dag.py took 0.184 seconds
[2025-03-24T04:16:47.945+0000] {processor.py:186} INFO - Started process (PID=3293) to work on /opt/airflow/dags/coleta_dados_abertos_cnpj/dag.py
[2025-03-24T04:16:47.946+0000] {processor.py:914} INFO - Processing file /opt/airflow/dags/coleta_dados_abertos_cnpj/dag.py for tasks to queue
[2025-03-24T04:16:47.948+0000] {logging_mixin.py:190} INFO - [2025-03-24T04:16:47.948+0000] {dagbag.py:588} INFO - Filling up the DagBag from /opt/airflow/dags/coleta_dados_abertos_cnpj/dag.py
[2025-03-24T04:16:48.075+0000] {processor.py:925} INFO - DAG(s) 'coleta_dados_abertos_cnpj' retrieved from /opt/airflow/dags/coleta_dados_abertos_cnpj/dag.py
[2025-03-24T04:16:48.093+0000] {logging_mixin.py:190} INFO - [2025-03-24T04:16:48.092+0000] {dag.py:3239} INFO - Sync 1 DAGs
[2025-03-24T04:16:48.106+0000] {logging_mixin.py:190} INFO - [2025-03-24T04:16:48.106+0000] {dag.py:4180} INFO - Setting next_dagrun for coleta_dados_abertos_cnpj to 2025-02-10 00:00:00+00:00, run_after=2025-03-10 00:00:00+00:00
[2025-03-24T04:16:48.118+0000] {processor.py:208} INFO - Processing /opt/airflow/dags/coleta_dados_abertos_cnpj/dag.py took 0.176 seconds
[2025-03-24T04:17:18.337+0000] {processor.py:186} INFO - Started process (PID=3304) to work on /opt/airflow/dags/coleta_dados_abertos_cnpj/dag.py
[2025-03-24T04:17:18.338+0000] {processor.py:914} INFO - Processing file /opt/airflow/dags/coleta_dados_abertos_cnpj/dag.py for tasks to queue
[2025-03-24T04:17:18.340+0000] {logging_mixin.py:190} INFO - [2025-03-24T04:17:18.340+0000] {dagbag.py:588} INFO - Filling up the DagBag from /opt/airflow/dags/coleta_dados_abertos_cnpj/dag.py
[2025-03-24T04:17:18.468+0000] {processor.py:925} INFO - DAG(s) 'coleta_dados_abertos_cnpj' retrieved from /opt/airflow/dags/coleta_dados_abertos_cnpj/dag.py
[2025-03-24T04:17:18.485+0000] {logging_mixin.py:190} INFO - [2025-03-24T04:17:18.484+0000] {dag.py:3239} INFO - Sync 1 DAGs
[2025-03-24T04:17:18.497+0000] {logging_mixin.py:190} INFO - [2025-03-24T04:17:18.497+0000] {dag.py:4180} INFO - Setting next_dagrun for coleta_dados_abertos_cnpj to 2025-02-10 00:00:00+00:00, run_after=2025-03-10 00:00:00+00:00
[2025-03-24T04:17:18.509+0000] {processor.py:208} INFO - Processing /opt/airflow/dags/coleta_dados_abertos_cnpj/dag.py took 0.176 seconds
[2025-03-24T04:17:48.710+0000] {processor.py:186} INFO - Started process (PID=3315) to work on /opt/airflow/dags/coleta_dados_abertos_cnpj/dag.py
[2025-03-24T04:17:48.712+0000] {processor.py:914} INFO - Processing file /opt/airflow/dags/coleta_dados_abertos_cnpj/dag.py for tasks to queue
[2025-03-24T04:17:48.714+0000] {logging_mixin.py:190} INFO - [2025-03-24T04:17:48.714+0000] {dagbag.py:588} INFO - Filling up the DagBag from /opt/airflow/dags/coleta_dados_abertos_cnpj/dag.py
[2025-03-24T04:17:48.844+0000] {processor.py:925} INFO - DAG(s) 'coleta_dados_abertos_cnpj' retrieved from /opt/airflow/dags/coleta_dados_abertos_cnpj/dag.py
[2025-03-24T04:17:48.861+0000] {logging_mixin.py:190} INFO - [2025-03-24T04:17:48.861+0000] {dag.py:3239} INFO - Sync 1 DAGs
[2025-03-24T04:17:48.873+0000] {logging_mixin.py:190} INFO - [2025-03-24T04:17:48.873+0000] {dag.py:4180} INFO - Setting next_dagrun for coleta_dados_abertos_cnpj to 2025-02-10 00:00:00+00:00, run_after=2025-03-10 00:00:00+00:00
[2025-03-24T04:17:48.882+0000] {processor.py:208} INFO - Processing /opt/airflow/dags/coleta_dados_abertos_cnpj/dag.py took 0.175 seconds
[2025-03-24T04:18:19.083+0000] {processor.py:186} INFO - Started process (PID=3326) to work on /opt/airflow/dags/coleta_dados_abertos_cnpj/dag.py
[2025-03-24T04:18:19.084+0000] {processor.py:914} INFO - Processing file /opt/airflow/dags/coleta_dados_abertos_cnpj/dag.py for tasks to queue
[2025-03-24T04:18:19.086+0000] {logging_mixin.py:190} INFO - [2025-03-24T04:18:19.086+0000] {dagbag.py:588} INFO - Filling up the DagBag from /opt/airflow/dags/coleta_dados_abertos_cnpj/dag.py
[2025-03-24T04:18:19.208+0000] {processor.py:925} INFO - DAG(s) 'coleta_dados_abertos_cnpj' retrieved from /opt/airflow/dags/coleta_dados_abertos_cnpj/dag.py
[2025-03-24T04:18:19.226+0000] {logging_mixin.py:190} INFO - [2025-03-24T04:18:19.226+0000] {dag.py:3239} INFO - Sync 1 DAGs
[2025-03-24T04:18:19.238+0000] {logging_mixin.py:190} INFO - [2025-03-24T04:18:19.238+0000] {dag.py:4180} INFO - Setting next_dagrun for coleta_dados_abertos_cnpj to 2025-02-10 00:00:00+00:00, run_after=2025-03-10 00:00:00+00:00
[2025-03-24T04:18:19.249+0000] {processor.py:208} INFO - Processing /opt/airflow/dags/coleta_dados_abertos_cnpj/dag.py took 0.170 seconds
[2025-03-24T04:18:49.437+0000] {processor.py:186} INFO - Started process (PID=3337) to work on /opt/airflow/dags/coleta_dados_abertos_cnpj/dag.py
[2025-03-24T04:18:49.438+0000] {processor.py:914} INFO - Processing file /opt/airflow/dags/coleta_dados_abertos_cnpj/dag.py for tasks to queue
[2025-03-24T04:18:49.440+0000] {logging_mixin.py:190} INFO - [2025-03-24T04:18:49.439+0000] {dagbag.py:588} INFO - Filling up the DagBag from /opt/airflow/dags/coleta_dados_abertos_cnpj/dag.py
[2025-03-24T04:18:49.559+0000] {processor.py:925} INFO - DAG(s) 'coleta_dados_abertos_cnpj' retrieved from /opt/airflow/dags/coleta_dados_abertos_cnpj/dag.py
[2025-03-24T04:18:49.576+0000] {logging_mixin.py:190} INFO - [2025-03-24T04:18:49.575+0000] {dag.py:3239} INFO - Sync 1 DAGs
[2025-03-24T04:18:49.588+0000] {logging_mixin.py:190} INFO - [2025-03-24T04:18:49.587+0000] {dag.py:4180} INFO - Setting next_dagrun for coleta_dados_abertos_cnpj to 2025-02-10 00:00:00+00:00, run_after=2025-03-10 00:00:00+00:00
[2025-03-24T04:18:49.599+0000] {processor.py:208} INFO - Processing /opt/airflow/dags/coleta_dados_abertos_cnpj/dag.py took 0.165 seconds
[2025-03-24T04:19:19.824+0000] {processor.py:186} INFO - Started process (PID=3348) to work on /opt/airflow/dags/coleta_dados_abertos_cnpj/dag.py
[2025-03-24T04:19:19.825+0000] {processor.py:914} INFO - Processing file /opt/airflow/dags/coleta_dados_abertos_cnpj/dag.py for tasks to queue
[2025-03-24T04:19:19.827+0000] {logging_mixin.py:190} INFO - [2025-03-24T04:19:19.827+0000] {dagbag.py:588} INFO - Filling up the DagBag from /opt/airflow/dags/coleta_dados_abertos_cnpj/dag.py
[2025-03-24T04:19:19.948+0000] {processor.py:925} INFO - DAG(s) 'coleta_dados_abertos_cnpj' retrieved from /opt/airflow/dags/coleta_dados_abertos_cnpj/dag.py
[2025-03-24T04:19:19.965+0000] {logging_mixin.py:190} INFO - [2025-03-24T04:19:19.965+0000] {dag.py:3239} INFO - Sync 1 DAGs
[2025-03-24T04:19:19.978+0000] {logging_mixin.py:190} INFO - [2025-03-24T04:19:19.978+0000] {dag.py:4180} INFO - Setting next_dagrun for coleta_dados_abertos_cnpj to 2025-02-10 00:00:00+00:00, run_after=2025-03-10 00:00:00+00:00
[2025-03-24T04:19:19.990+0000] {processor.py:208} INFO - Processing /opt/airflow/dags/coleta_dados_abertos_cnpj/dag.py took 0.169 seconds
[2025-03-24T04:19:50.200+0000] {processor.py:186} INFO - Started process (PID=3359) to work on /opt/airflow/dags/coleta_dados_abertos_cnpj/dag.py
[2025-03-24T04:19:50.202+0000] {processor.py:914} INFO - Processing file /opt/airflow/dags/coleta_dados_abertos_cnpj/dag.py for tasks to queue
[2025-03-24T04:19:50.204+0000] {logging_mixin.py:190} INFO - [2025-03-24T04:19:50.204+0000] {dagbag.py:588} INFO - Filling up the DagBag from /opt/airflow/dags/coleta_dados_abertos_cnpj/dag.py
[2025-03-24T04:19:50.325+0000] {processor.py:925} INFO - DAG(s) 'coleta_dados_abertos_cnpj' retrieved from /opt/airflow/dags/coleta_dados_abertos_cnpj/dag.py
[2025-03-24T04:19:50.341+0000] {logging_mixin.py:190} INFO - [2025-03-24T04:19:50.341+0000] {dag.py:3239} INFO - Sync 1 DAGs
[2025-03-24T04:19:50.353+0000] {logging_mixin.py:190} INFO - [2025-03-24T04:19:50.353+0000] {dag.py:4180} INFO - Setting next_dagrun for coleta_dados_abertos_cnpj to 2025-02-10 00:00:00+00:00, run_after=2025-03-10 00:00:00+00:00
[2025-03-24T04:19:50.362+0000] {processor.py:208} INFO - Processing /opt/airflow/dags/coleta_dados_abertos_cnpj/dag.py took 0.167 seconds
[2025-03-24T04:20:20.627+0000] {processor.py:186} INFO - Started process (PID=3370) to work on /opt/airflow/dags/coleta_dados_abertos_cnpj/dag.py
[2025-03-24T04:20:20.628+0000] {processor.py:914} INFO - Processing file /opt/airflow/dags/coleta_dados_abertos_cnpj/dag.py for tasks to queue
[2025-03-24T04:20:20.630+0000] {logging_mixin.py:190} INFO - [2025-03-24T04:20:20.630+0000] {dagbag.py:588} INFO - Filling up the DagBag from /opt/airflow/dags/coleta_dados_abertos_cnpj/dag.py
[2025-03-24T04:20:20.754+0000] {processor.py:925} INFO - DAG(s) 'coleta_dados_abertos_cnpj' retrieved from /opt/airflow/dags/coleta_dados_abertos_cnpj/dag.py
[2025-03-24T04:20:20.772+0000] {logging_mixin.py:190} INFO - [2025-03-24T04:20:20.772+0000] {dag.py:3239} INFO - Sync 1 DAGs
[2025-03-24T04:20:20.785+0000] {logging_mixin.py:190} INFO - [2025-03-24T04:20:20.785+0000] {dag.py:4180} INFO - Setting next_dagrun for coleta_dados_abertos_cnpj to 2025-02-10 00:00:00+00:00, run_after=2025-03-10 00:00:00+00:00
[2025-03-24T04:20:20.796+0000] {processor.py:208} INFO - Processing /opt/airflow/dags/coleta_dados_abertos_cnpj/dag.py took 0.172 seconds
[2025-03-24T04:20:51.018+0000] {processor.py:186} INFO - Started process (PID=3381) to work on /opt/airflow/dags/coleta_dados_abertos_cnpj/dag.py
[2025-03-24T04:20:51.019+0000] {processor.py:914} INFO - Processing file /opt/airflow/dags/coleta_dados_abertos_cnpj/dag.py for tasks to queue
[2025-03-24T04:20:51.021+0000] {logging_mixin.py:190} INFO - [2025-03-24T04:20:51.020+0000] {dagbag.py:588} INFO - Filling up the DagBag from /opt/airflow/dags/coleta_dados_abertos_cnpj/dag.py
[2025-03-24T04:20:51.161+0000] {processor.py:925} INFO - DAG(s) 'coleta_dados_abertos_cnpj' retrieved from /opt/airflow/dags/coleta_dados_abertos_cnpj/dag.py
[2025-03-24T04:20:51.177+0000] {logging_mixin.py:190} INFO - [2025-03-24T04:20:51.176+0000] {dag.py:3239} INFO - Sync 1 DAGs
[2025-03-24T04:20:51.189+0000] {logging_mixin.py:190} INFO - [2025-03-24T04:20:51.188+0000] {dag.py:4180} INFO - Setting next_dagrun for coleta_dados_abertos_cnpj to 2025-02-10 00:00:00+00:00, run_after=2025-03-10 00:00:00+00:00
[2025-03-24T04:20:51.200+0000] {processor.py:208} INFO - Processing /opt/airflow/dags/coleta_dados_abertos_cnpj/dag.py took 0.186 seconds
[2025-03-24T04:21:21.405+0000] {processor.py:186} INFO - Started process (PID=3392) to work on /opt/airflow/dags/coleta_dados_abertos_cnpj/dag.py
[2025-03-24T04:21:21.407+0000] {processor.py:914} INFO - Processing file /opt/airflow/dags/coleta_dados_abertos_cnpj/dag.py for tasks to queue
[2025-03-24T04:21:21.408+0000] {logging_mixin.py:190} INFO - [2025-03-24T04:21:21.408+0000] {dagbag.py:588} INFO - Filling up the DagBag from /opt/airflow/dags/coleta_dados_abertos_cnpj/dag.py
[2025-03-24T04:21:21.531+0000] {processor.py:925} INFO - DAG(s) 'coleta_dados_abertos_cnpj' retrieved from /opt/airflow/dags/coleta_dados_abertos_cnpj/dag.py
[2025-03-24T04:21:21.553+0000] {logging_mixin.py:190} INFO - [2025-03-24T04:21:21.552+0000] {dag.py:3239} INFO - Sync 1 DAGs
[2025-03-24T04:21:21.570+0000] {logging_mixin.py:190} INFO - [2025-03-24T04:21:21.570+0000] {dag.py:4180} INFO - Setting next_dagrun for coleta_dados_abertos_cnpj to 2025-02-10 00:00:00+00:00, run_after=2025-03-10 00:00:00+00:00
[2025-03-24T04:21:21.583+0000] {processor.py:208} INFO - Processing /opt/airflow/dags/coleta_dados_abertos_cnpj/dag.py took 0.180 seconds
[2025-03-24T04:21:51.794+0000] {processor.py:186} INFO - Started process (PID=3403) to work on /opt/airflow/dags/coleta_dados_abertos_cnpj/dag.py
[2025-03-24T04:21:51.795+0000] {processor.py:914} INFO - Processing file /opt/airflow/dags/coleta_dados_abertos_cnpj/dag.py for tasks to queue
[2025-03-24T04:21:51.797+0000] {logging_mixin.py:190} INFO - [2025-03-24T04:21:51.796+0000] {dagbag.py:588} INFO - Filling up the DagBag from /opt/airflow/dags/coleta_dados_abertos_cnpj/dag.py
[2025-03-24T04:21:51.919+0000] {processor.py:925} INFO - DAG(s) 'coleta_dados_abertos_cnpj' retrieved from /opt/airflow/dags/coleta_dados_abertos_cnpj/dag.py
[2025-03-24T04:21:51.936+0000] {logging_mixin.py:190} INFO - [2025-03-24T04:21:51.936+0000] {dag.py:3239} INFO - Sync 1 DAGs
[2025-03-24T04:21:51.949+0000] {logging_mixin.py:190} INFO - [2025-03-24T04:21:51.949+0000] {dag.py:4180} INFO - Setting next_dagrun for coleta_dados_abertos_cnpj to 2025-02-10 00:00:00+00:00, run_after=2025-03-10 00:00:00+00:00
[2025-03-24T04:21:51.960+0000] {processor.py:208} INFO - Processing /opt/airflow/dags/coleta_dados_abertos_cnpj/dag.py took 0.170 seconds
[2025-03-24T04:22:22.159+0000] {processor.py:186} INFO - Started process (PID=3414) to work on /opt/airflow/dags/coleta_dados_abertos_cnpj/dag.py
[2025-03-24T04:22:22.160+0000] {processor.py:914} INFO - Processing file /opt/airflow/dags/coleta_dados_abertos_cnpj/dag.py for tasks to queue
[2025-03-24T04:22:22.162+0000] {logging_mixin.py:190} INFO - [2025-03-24T04:22:22.162+0000] {dagbag.py:588} INFO - Filling up the DagBag from /opt/airflow/dags/coleta_dados_abertos_cnpj/dag.py
[2025-03-24T04:22:22.286+0000] {processor.py:925} INFO - DAG(s) 'coleta_dados_abertos_cnpj' retrieved from /opt/airflow/dags/coleta_dados_abertos_cnpj/dag.py
[2025-03-24T04:22:22.304+0000] {logging_mixin.py:190} INFO - [2025-03-24T04:22:22.304+0000] {dag.py:3239} INFO - Sync 1 DAGs
[2025-03-24T04:22:22.318+0000] {logging_mixin.py:190} INFO - [2025-03-24T04:22:22.318+0000] {dag.py:4180} INFO - Setting next_dagrun for coleta_dados_abertos_cnpj to 2025-02-10 00:00:00+00:00, run_after=2025-03-10 00:00:00+00:00
[2025-03-24T04:22:22.329+0000] {processor.py:208} INFO - Processing /opt/airflow/dags/coleta_dados_abertos_cnpj/dag.py took 0.174 seconds
[2025-03-24T04:22:52.546+0000] {processor.py:186} INFO - Started process (PID=3425) to work on /opt/airflow/dags/coleta_dados_abertos_cnpj/dag.py
[2025-03-24T04:22:52.547+0000] {processor.py:914} INFO - Processing file /opt/airflow/dags/coleta_dados_abertos_cnpj/dag.py for tasks to queue
[2025-03-24T04:22:52.549+0000] {logging_mixin.py:190} INFO - [2025-03-24T04:22:52.548+0000] {dagbag.py:588} INFO - Filling up the DagBag from /opt/airflow/dags/coleta_dados_abertos_cnpj/dag.py
[2025-03-24T04:22:52.671+0000] {processor.py:925} INFO - DAG(s) 'coleta_dados_abertos_cnpj' retrieved from /opt/airflow/dags/coleta_dados_abertos_cnpj/dag.py
[2025-03-24T04:22:52.688+0000] {logging_mixin.py:190} INFO - [2025-03-24T04:22:52.688+0000] {dag.py:3239} INFO - Sync 1 DAGs
[2025-03-24T04:22:52.701+0000] {logging_mixin.py:190} INFO - [2025-03-24T04:22:52.700+0000] {dag.py:4180} INFO - Setting next_dagrun for coleta_dados_abertos_cnpj to 2025-02-10 00:00:00+00:00, run_after=2025-03-10 00:00:00+00:00
[2025-03-24T04:22:52.713+0000] {processor.py:208} INFO - Processing /opt/airflow/dags/coleta_dados_abertos_cnpj/dag.py took 0.170 seconds
[2025-03-24T04:23:22.924+0000] {processor.py:186} INFO - Started process (PID=3436) to work on /opt/airflow/dags/coleta_dados_abertos_cnpj/dag.py
[2025-03-24T04:23:22.925+0000] {processor.py:914} INFO - Processing file /opt/airflow/dags/coleta_dados_abertos_cnpj/dag.py for tasks to queue
[2025-03-24T04:23:22.928+0000] {logging_mixin.py:190} INFO - [2025-03-24T04:23:22.927+0000] {dagbag.py:588} INFO - Filling up the DagBag from /opt/airflow/dags/coleta_dados_abertos_cnpj/dag.py
[2025-03-24T04:23:23.048+0000] {processor.py:925} INFO - DAG(s) 'coleta_dados_abertos_cnpj' retrieved from /opt/airflow/dags/coleta_dados_abertos_cnpj/dag.py
[2025-03-24T04:23:23.063+0000] {logging_mixin.py:190} INFO - [2025-03-24T04:23:23.063+0000] {dag.py:3239} INFO - Sync 1 DAGs
[2025-03-24T04:23:23.076+0000] {logging_mixin.py:190} INFO - [2025-03-24T04:23:23.075+0000] {dag.py:4180} INFO - Setting next_dagrun for coleta_dados_abertos_cnpj to 2025-02-10 00:00:00+00:00, run_after=2025-03-10 00:00:00+00:00
[2025-03-24T04:23:23.086+0000] {processor.py:208} INFO - Processing /opt/airflow/dags/coleta_dados_abertos_cnpj/dag.py took 0.165 seconds
[2025-03-24T04:23:53.315+0000] {processor.py:186} INFO - Started process (PID=3447) to work on /opt/airflow/dags/coleta_dados_abertos_cnpj/dag.py
[2025-03-24T04:23:53.316+0000] {processor.py:914} INFO - Processing file /opt/airflow/dags/coleta_dados_abertos_cnpj/dag.py for tasks to queue
[2025-03-24T04:23:53.318+0000] {logging_mixin.py:190} INFO - [2025-03-24T04:23:53.318+0000] {dagbag.py:588} INFO - Filling up the DagBag from /opt/airflow/dags/coleta_dados_abertos_cnpj/dag.py
[2025-03-24T04:23:53.444+0000] {processor.py:925} INFO - DAG(s) 'coleta_dados_abertos_cnpj' retrieved from /opt/airflow/dags/coleta_dados_abertos_cnpj/dag.py
[2025-03-24T04:23:53.460+0000] {logging_mixin.py:190} INFO - [2025-03-24T04:23:53.460+0000] {dag.py:3239} INFO - Sync 1 DAGs
[2025-03-24T04:23:53.472+0000] {logging_mixin.py:190} INFO - [2025-03-24T04:23:53.472+0000] {dag.py:4180} INFO - Setting next_dagrun for coleta_dados_abertos_cnpj to 2025-02-10 00:00:00+00:00, run_after=2025-03-10 00:00:00+00:00
[2025-03-24T04:23:53.481+0000] {processor.py:208} INFO - Processing /opt/airflow/dags/coleta_dados_abertos_cnpj/dag.py took 0.169 seconds
[2025-03-24T04:24:23.707+0000] {processor.py:186} INFO - Started process (PID=3458) to work on /opt/airflow/dags/coleta_dados_abertos_cnpj/dag.py
[2025-03-24T04:24:23.708+0000] {processor.py:914} INFO - Processing file /opt/airflow/dags/coleta_dados_abertos_cnpj/dag.py for tasks to queue
[2025-03-24T04:24:23.710+0000] {logging_mixin.py:190} INFO - [2025-03-24T04:24:23.710+0000] {dagbag.py:588} INFO - Filling up the DagBag from /opt/airflow/dags/coleta_dados_abertos_cnpj/dag.py
[2025-03-24T04:24:23.841+0000] {processor.py:925} INFO - DAG(s) 'coleta_dados_abertos_cnpj' retrieved from /opt/airflow/dags/coleta_dados_abertos_cnpj/dag.py
[2025-03-24T04:24:23.858+0000] {logging_mixin.py:190} INFO - [2025-03-24T04:24:23.858+0000] {dag.py:3239} INFO - Sync 1 DAGs
[2025-03-24T04:24:23.872+0000] {logging_mixin.py:190} INFO - [2025-03-24T04:24:23.872+0000] {dag.py:4180} INFO - Setting next_dagrun for coleta_dados_abertos_cnpj to 2025-02-10 00:00:00+00:00, run_after=2025-03-10 00:00:00+00:00
[2025-03-24T04:24:23.883+0000] {processor.py:208} INFO - Processing /opt/airflow/dags/coleta_dados_abertos_cnpj/dag.py took 0.179 seconds
[2025-03-24T04:24:54.084+0000] {processor.py:186} INFO - Started process (PID=3469) to work on /opt/airflow/dags/coleta_dados_abertos_cnpj/dag.py
[2025-03-24T04:24:54.085+0000] {processor.py:914} INFO - Processing file /opt/airflow/dags/coleta_dados_abertos_cnpj/dag.py for tasks to queue
[2025-03-24T04:24:54.087+0000] {logging_mixin.py:190} INFO - [2025-03-24T04:24:54.086+0000] {dagbag.py:588} INFO - Filling up the DagBag from /opt/airflow/dags/coleta_dados_abertos_cnpj/dag.py
[2025-03-24T04:24:54.209+0000] {processor.py:925} INFO - DAG(s) 'coleta_dados_abertos_cnpj' retrieved from /opt/airflow/dags/coleta_dados_abertos_cnpj/dag.py
[2025-03-24T04:24:54.228+0000] {logging_mixin.py:190} INFO - [2025-03-24T04:24:54.228+0000] {dag.py:3239} INFO - Sync 1 DAGs
[2025-03-24T04:24:54.243+0000] {logging_mixin.py:190} INFO - [2025-03-24T04:24:54.243+0000] {dag.py:4180} INFO - Setting next_dagrun for coleta_dados_abertos_cnpj to 2025-02-10 00:00:00+00:00, run_after=2025-03-10 00:00:00+00:00
[2025-03-24T04:24:54.256+0000] {processor.py:208} INFO - Processing /opt/airflow/dags/coleta_dados_abertos_cnpj/dag.py took 0.175 seconds
[2025-03-24T04:25:24.449+0000] {processor.py:186} INFO - Started process (PID=3480) to work on /opt/airflow/dags/coleta_dados_abertos_cnpj/dag.py
[2025-03-24T04:25:24.450+0000] {processor.py:914} INFO - Processing file /opt/airflow/dags/coleta_dados_abertos_cnpj/dag.py for tasks to queue
[2025-03-24T04:25:24.452+0000] {logging_mixin.py:190} INFO - [2025-03-24T04:25:24.452+0000] {dagbag.py:588} INFO - Filling up the DagBag from /opt/airflow/dags/coleta_dados_abertos_cnpj/dag.py
[2025-03-24T04:25:24.574+0000] {processor.py:925} INFO - DAG(s) 'coleta_dados_abertos_cnpj' retrieved from /opt/airflow/dags/coleta_dados_abertos_cnpj/dag.py
[2025-03-24T04:25:24.592+0000] {logging_mixin.py:190} INFO - [2025-03-24T04:25:24.591+0000] {dag.py:3239} INFO - Sync 1 DAGs
[2025-03-24T04:25:24.604+0000] {logging_mixin.py:190} INFO - [2025-03-24T04:25:24.604+0000] {dag.py:4180} INFO - Setting next_dagrun for coleta_dados_abertos_cnpj to 2025-02-10 00:00:00+00:00, run_after=2025-03-10 00:00:00+00:00
[2025-03-24T04:25:24.616+0000] {processor.py:208} INFO - Processing /opt/airflow/dags/coleta_dados_abertos_cnpj/dag.py took 0.170 seconds
[2025-03-24T04:25:54.836+0000] {processor.py:186} INFO - Started process (PID=3491) to work on /opt/airflow/dags/coleta_dados_abertos_cnpj/dag.py
[2025-03-24T04:25:54.837+0000] {processor.py:914} INFO - Processing file /opt/airflow/dags/coleta_dados_abertos_cnpj/dag.py for tasks to queue
[2025-03-24T04:25:54.840+0000] {logging_mixin.py:190} INFO - [2025-03-24T04:25:54.840+0000] {dagbag.py:588} INFO - Filling up the DagBag from /opt/airflow/dags/coleta_dados_abertos_cnpj/dag.py
[2025-03-24T04:25:54.965+0000] {processor.py:925} INFO - DAG(s) 'coleta_dados_abertos_cnpj' retrieved from /opt/airflow/dags/coleta_dados_abertos_cnpj/dag.py
[2025-03-24T04:25:54.982+0000] {logging_mixin.py:190} INFO - [2025-03-24T04:25:54.982+0000] {dag.py:3239} INFO - Sync 1 DAGs
[2025-03-24T04:25:54.994+0000] {logging_mixin.py:190} INFO - [2025-03-24T04:25:54.994+0000] {dag.py:4180} INFO - Setting next_dagrun for coleta_dados_abertos_cnpj to 2025-02-10 00:00:00+00:00, run_after=2025-03-10 00:00:00+00:00
[2025-03-24T04:25:55.004+0000] {processor.py:208} INFO - Processing /opt/airflow/dags/coleta_dados_abertos_cnpj/dag.py took 0.173 seconds
[2025-03-24T04:26:25.203+0000] {processor.py:186} INFO - Started process (PID=3502) to work on /opt/airflow/dags/coleta_dados_abertos_cnpj/dag.py
[2025-03-24T04:26:25.204+0000] {processor.py:914} INFO - Processing file /opt/airflow/dags/coleta_dados_abertos_cnpj/dag.py for tasks to queue
[2025-03-24T04:26:25.205+0000] {logging_mixin.py:190} INFO - [2025-03-24T04:26:25.205+0000] {dagbag.py:588} INFO - Filling up the DagBag from /opt/airflow/dags/coleta_dados_abertos_cnpj/dag.py
[2025-03-24T04:26:25.327+0000] {processor.py:925} INFO - DAG(s) 'coleta_dados_abertos_cnpj' retrieved from /opt/airflow/dags/coleta_dados_abertos_cnpj/dag.py
[2025-03-24T04:26:25.343+0000] {logging_mixin.py:190} INFO - [2025-03-24T04:26:25.343+0000] {dag.py:3239} INFO - Sync 1 DAGs
[2025-03-24T04:26:25.355+0000] {logging_mixin.py:190} INFO - [2025-03-24T04:26:25.355+0000] {dag.py:4180} INFO - Setting next_dagrun for coleta_dados_abertos_cnpj to 2025-02-10 00:00:00+00:00, run_after=2025-03-10 00:00:00+00:00
[2025-03-24T04:26:25.366+0000] {processor.py:208} INFO - Processing /opt/airflow/dags/coleta_dados_abertos_cnpj/dag.py took 0.166 seconds
[2025-03-24T04:26:55.585+0000] {processor.py:186} INFO - Started process (PID=3513) to work on /opt/airflow/dags/coleta_dados_abertos_cnpj/dag.py
[2025-03-24T04:26:55.586+0000] {processor.py:914} INFO - Processing file /opt/airflow/dags/coleta_dados_abertos_cnpj/dag.py for tasks to queue
[2025-03-24T04:26:55.588+0000] {logging_mixin.py:190} INFO - [2025-03-24T04:26:55.588+0000] {dagbag.py:588} INFO - Filling up the DagBag from /opt/airflow/dags/coleta_dados_abertos_cnpj/dag.py
[2025-03-24T04:26:55.708+0000] {processor.py:925} INFO - DAG(s) 'coleta_dados_abertos_cnpj' retrieved from /opt/airflow/dags/coleta_dados_abertos_cnpj/dag.py
[2025-03-24T04:26:55.724+0000] {logging_mixin.py:190} INFO - [2025-03-24T04:26:55.724+0000] {dag.py:3239} INFO - Sync 1 DAGs
[2025-03-24T04:26:55.736+0000] {logging_mixin.py:190} INFO - [2025-03-24T04:26:55.736+0000] {dag.py:4180} INFO - Setting next_dagrun for coleta_dados_abertos_cnpj to 2025-02-10 00:00:00+00:00, run_after=2025-03-10 00:00:00+00:00
[2025-03-24T04:26:55.746+0000] {processor.py:208} INFO - Processing /opt/airflow/dags/coleta_dados_abertos_cnpj/dag.py took 0.164 seconds
[2025-03-24T04:27:25.950+0000] {processor.py:186} INFO - Started process (PID=3524) to work on /opt/airflow/dags/coleta_dados_abertos_cnpj/dag.py
[2025-03-24T04:27:25.951+0000] {processor.py:914} INFO - Processing file /opt/airflow/dags/coleta_dados_abertos_cnpj/dag.py for tasks to queue
[2025-03-24T04:27:25.954+0000] {logging_mixin.py:190} INFO - [2025-03-24T04:27:25.954+0000] {dagbag.py:588} INFO - Filling up the DagBag from /opt/airflow/dags/coleta_dados_abertos_cnpj/dag.py
[2025-03-24T04:27:26.086+0000] {processor.py:925} INFO - DAG(s) 'coleta_dados_abertos_cnpj' retrieved from /opt/airflow/dags/coleta_dados_abertos_cnpj/dag.py
[2025-03-24T04:27:26.104+0000] {logging_mixin.py:190} INFO - [2025-03-24T04:27:26.104+0000] {dag.py:3239} INFO - Sync 1 DAGs
[2025-03-24T04:27:26.117+0000] {logging_mixin.py:190} INFO - [2025-03-24T04:27:26.117+0000] {dag.py:4180} INFO - Setting next_dagrun for coleta_dados_abertos_cnpj to 2025-02-10 00:00:00+00:00, run_after=2025-03-10 00:00:00+00:00
[2025-03-24T04:27:26.128+0000] {processor.py:208} INFO - Processing /opt/airflow/dags/coleta_dados_abertos_cnpj/dag.py took 0.181 seconds
[2025-03-24T04:27:56.313+0000] {processor.py:186} INFO - Started process (PID=3535) to work on /opt/airflow/dags/coleta_dados_abertos_cnpj/dag.py
[2025-03-24T04:27:56.314+0000] {processor.py:914} INFO - Processing file /opt/airflow/dags/coleta_dados_abertos_cnpj/dag.py for tasks to queue
[2025-03-24T04:27:56.316+0000] {logging_mixin.py:190} INFO - [2025-03-24T04:27:56.316+0000] {dagbag.py:588} INFO - Filling up the DagBag from /opt/airflow/dags/coleta_dados_abertos_cnpj/dag.py
[2025-03-24T04:27:56.440+0000] {processor.py:925} INFO - DAG(s) 'coleta_dados_abertos_cnpj' retrieved from /opt/airflow/dags/coleta_dados_abertos_cnpj/dag.py
[2025-03-24T04:27:56.457+0000] {logging_mixin.py:190} INFO - [2025-03-24T04:27:56.456+0000] {dag.py:3239} INFO - Sync 1 DAGs
[2025-03-24T04:27:56.469+0000] {logging_mixin.py:190} INFO - [2025-03-24T04:27:56.469+0000] {dag.py:4180} INFO - Setting next_dagrun for coleta_dados_abertos_cnpj to 2025-02-10 00:00:00+00:00, run_after=2025-03-10 00:00:00+00:00
[2025-03-24T04:27:56.480+0000] {processor.py:208} INFO - Processing /opt/airflow/dags/coleta_dados_abertos_cnpj/dag.py took 0.170 seconds
[2025-03-24T04:28:26.679+0000] {processor.py:186} INFO - Started process (PID=3546) to work on /opt/airflow/dags/coleta_dados_abertos_cnpj/dag.py
[2025-03-24T04:28:26.680+0000] {processor.py:914} INFO - Processing file /opt/airflow/dags/coleta_dados_abertos_cnpj/dag.py for tasks to queue
[2025-03-24T04:28:26.681+0000] {logging_mixin.py:190} INFO - [2025-03-24T04:28:26.681+0000] {dagbag.py:588} INFO - Filling up the DagBag from /opt/airflow/dags/coleta_dados_abertos_cnpj/dag.py
[2025-03-24T04:28:26.805+0000] {processor.py:925} INFO - DAG(s) 'coleta_dados_abertos_cnpj' retrieved from /opt/airflow/dags/coleta_dados_abertos_cnpj/dag.py
[2025-03-24T04:28:26.822+0000] {logging_mixin.py:190} INFO - [2025-03-24T04:28:26.822+0000] {dag.py:3239} INFO - Sync 1 DAGs
[2025-03-24T04:28:26.835+0000] {logging_mixin.py:190} INFO - [2025-03-24T04:28:26.835+0000] {dag.py:4180} INFO - Setting next_dagrun for coleta_dados_abertos_cnpj to 2025-02-10 00:00:00+00:00, run_after=2025-03-10 00:00:00+00:00
[2025-03-24T04:28:26.845+0000] {processor.py:208} INFO - Processing /opt/airflow/dags/coleta_dados_abertos_cnpj/dag.py took 0.170 seconds
[2025-03-24T04:28:57.068+0000] {processor.py:186} INFO - Started process (PID=3557) to work on /opt/airflow/dags/coleta_dados_abertos_cnpj/dag.py
[2025-03-24T04:28:57.069+0000] {processor.py:914} INFO - Processing file /opt/airflow/dags/coleta_dados_abertos_cnpj/dag.py for tasks to queue
[2025-03-24T04:28:57.072+0000] {logging_mixin.py:190} INFO - [2025-03-24T04:28:57.071+0000] {dagbag.py:588} INFO - Filling up the DagBag from /opt/airflow/dags/coleta_dados_abertos_cnpj/dag.py
[2025-03-24T04:28:57.192+0000] {processor.py:925} INFO - DAG(s) 'coleta_dados_abertos_cnpj' retrieved from /opt/airflow/dags/coleta_dados_abertos_cnpj/dag.py
[2025-03-24T04:28:57.209+0000] {logging_mixin.py:190} INFO - [2025-03-24T04:28:57.209+0000] {dag.py:3239} INFO - Sync 1 DAGs
[2025-03-24T04:28:57.222+0000] {logging_mixin.py:190} INFO - [2025-03-24T04:28:57.221+0000] {dag.py:4180} INFO - Setting next_dagrun for coleta_dados_abertos_cnpj to 2025-02-10 00:00:00+00:00, run_after=2025-03-10 00:00:00+00:00
[2025-03-24T04:28:57.233+0000] {processor.py:208} INFO - Processing /opt/airflow/dags/coleta_dados_abertos_cnpj/dag.py took 0.168 seconds
[2025-03-24T04:29:27.452+0000] {processor.py:186} INFO - Started process (PID=3568) to work on /opt/airflow/dags/coleta_dados_abertos_cnpj/dag.py
[2025-03-24T04:29:27.453+0000] {processor.py:914} INFO - Processing file /opt/airflow/dags/coleta_dados_abertos_cnpj/dag.py for tasks to queue
[2025-03-24T04:29:27.455+0000] {logging_mixin.py:190} INFO - [2025-03-24T04:29:27.455+0000] {dagbag.py:588} INFO - Filling up the DagBag from /opt/airflow/dags/coleta_dados_abertos_cnpj/dag.py
[2025-03-24T04:29:27.576+0000] {processor.py:925} INFO - DAG(s) 'coleta_dados_abertos_cnpj' retrieved from /opt/airflow/dags/coleta_dados_abertos_cnpj/dag.py
[2025-03-24T04:29:27.592+0000] {logging_mixin.py:190} INFO - [2025-03-24T04:29:27.592+0000] {dag.py:3239} INFO - Sync 1 DAGs
[2025-03-24T04:29:27.606+0000] {logging_mixin.py:190} INFO - [2025-03-24T04:29:27.605+0000] {dag.py:4180} INFO - Setting next_dagrun for coleta_dados_abertos_cnpj to 2025-02-10 00:00:00+00:00, run_after=2025-03-10 00:00:00+00:00
[2025-03-24T04:29:27.617+0000] {processor.py:208} INFO - Processing /opt/airflow/dags/coleta_dados_abertos_cnpj/dag.py took 0.168 seconds
[2025-03-24T04:29:57.828+0000] {processor.py:186} INFO - Started process (PID=3579) to work on /opt/airflow/dags/coleta_dados_abertos_cnpj/dag.py
[2025-03-24T04:29:57.829+0000] {processor.py:914} INFO - Processing file /opt/airflow/dags/coleta_dados_abertos_cnpj/dag.py for tasks to queue
[2025-03-24T04:29:57.831+0000] {logging_mixin.py:190} INFO - [2025-03-24T04:29:57.831+0000] {dagbag.py:588} INFO - Filling up the DagBag from /opt/airflow/dags/coleta_dados_abertos_cnpj/dag.py
[2025-03-24T04:29:57.957+0000] {processor.py:925} INFO - DAG(s) 'coleta_dados_abertos_cnpj' retrieved from /opt/airflow/dags/coleta_dados_abertos_cnpj/dag.py
[2025-03-24T04:29:57.973+0000] {logging_mixin.py:190} INFO - [2025-03-24T04:29:57.973+0000] {dag.py:3239} INFO - Sync 1 DAGs
[2025-03-24T04:29:57.987+0000] {logging_mixin.py:190} INFO - [2025-03-24T04:29:57.986+0000] {dag.py:4180} INFO - Setting next_dagrun for coleta_dados_abertos_cnpj to 2025-02-10 00:00:00+00:00, run_after=2025-03-10 00:00:00+00:00
[2025-03-24T04:29:57.996+0000] {processor.py:208} INFO - Processing /opt/airflow/dags/coleta_dados_abertos_cnpj/dag.py took 0.171 seconds
[2025-03-24T04:30:28.260+0000] {processor.py:186} INFO - Started process (PID=3590) to work on /opt/airflow/dags/coleta_dados_abertos_cnpj/dag.py
[2025-03-24T04:30:28.261+0000] {processor.py:914} INFO - Processing file /opt/airflow/dags/coleta_dados_abertos_cnpj/dag.py for tasks to queue
[2025-03-24T04:30:28.263+0000] {logging_mixin.py:190} INFO - [2025-03-24T04:30:28.262+0000] {dagbag.py:588} INFO - Filling up the DagBag from /opt/airflow/dags/coleta_dados_abertos_cnpj/dag.py
[2025-03-24T04:30:28.384+0000] {processor.py:925} INFO - DAG(s) 'coleta_dados_abertos_cnpj' retrieved from /opt/airflow/dags/coleta_dados_abertos_cnpj/dag.py
[2025-03-24T04:30:28.400+0000] {logging_mixin.py:190} INFO - [2025-03-24T04:30:28.400+0000] {dag.py:3239} INFO - Sync 1 DAGs
[2025-03-24T04:30:28.413+0000] {logging_mixin.py:190} INFO - [2025-03-24T04:30:28.413+0000] {dag.py:4180} INFO - Setting next_dagrun for coleta_dados_abertos_cnpj to 2025-02-10 00:00:00+00:00, run_after=2025-03-10 00:00:00+00:00
[2025-03-24T04:30:28.422+0000] {processor.py:208} INFO - Processing /opt/airflow/dags/coleta_dados_abertos_cnpj/dag.py took 0.166 seconds
[2025-03-24T04:30:58.638+0000] {processor.py:186} INFO - Started process (PID=3601) to work on /opt/airflow/dags/coleta_dados_abertos_cnpj/dag.py
[2025-03-24T04:30:58.639+0000] {processor.py:914} INFO - Processing file /opt/airflow/dags/coleta_dados_abertos_cnpj/dag.py for tasks to queue
[2025-03-24T04:30:58.641+0000] {logging_mixin.py:190} INFO - [2025-03-24T04:30:58.641+0000] {dagbag.py:588} INFO - Filling up the DagBag from /opt/airflow/dags/coleta_dados_abertos_cnpj/dag.py
[2025-03-24T04:30:58.767+0000] {processor.py:925} INFO - DAG(s) 'coleta_dados_abertos_cnpj' retrieved from /opt/airflow/dags/coleta_dados_abertos_cnpj/dag.py
[2025-03-24T04:30:58.783+0000] {logging_mixin.py:190} INFO - [2025-03-24T04:30:58.783+0000] {dag.py:3239} INFO - Sync 1 DAGs
[2025-03-24T04:30:58.796+0000] {logging_mixin.py:190} INFO - [2025-03-24T04:30:58.795+0000] {dag.py:4180} INFO - Setting next_dagrun for coleta_dados_abertos_cnpj to 2025-02-10 00:00:00+00:00, run_after=2025-03-10 00:00:00+00:00
[2025-03-24T04:30:58.807+0000] {processor.py:208} INFO - Processing /opt/airflow/dags/coleta_dados_abertos_cnpj/dag.py took 0.172 seconds
[2025-03-24T04:31:29.003+0000] {processor.py:186} INFO - Started process (PID=3612) to work on /opt/airflow/dags/coleta_dados_abertos_cnpj/dag.py
[2025-03-24T04:31:29.004+0000] {processor.py:914} INFO - Processing file /opt/airflow/dags/coleta_dados_abertos_cnpj/dag.py for tasks to queue
[2025-03-24T04:31:29.006+0000] {logging_mixin.py:190} INFO - [2025-03-24T04:31:29.006+0000] {dagbag.py:588} INFO - Filling up the DagBag from /opt/airflow/dags/coleta_dados_abertos_cnpj/dag.py
[2025-03-24T04:31:29.126+0000] {processor.py:925} INFO - DAG(s) 'coleta_dados_abertos_cnpj' retrieved from /opt/airflow/dags/coleta_dados_abertos_cnpj/dag.py
[2025-03-24T04:31:29.143+0000] {logging_mixin.py:190} INFO - [2025-03-24T04:31:29.143+0000] {dag.py:3239} INFO - Sync 1 DAGs
[2025-03-24T04:31:29.155+0000] {logging_mixin.py:190} INFO - [2025-03-24T04:31:29.155+0000] {dag.py:4180} INFO - Setting next_dagrun for coleta_dados_abertos_cnpj to 2025-02-10 00:00:00+00:00, run_after=2025-03-10 00:00:00+00:00
[2025-03-24T04:31:29.168+0000] {processor.py:208} INFO - Processing /opt/airflow/dags/coleta_dados_abertos_cnpj/dag.py took 0.168 seconds
[2025-03-24T04:31:59.382+0000] {processor.py:186} INFO - Started process (PID=3623) to work on /opt/airflow/dags/coleta_dados_abertos_cnpj/dag.py
[2025-03-24T04:31:59.383+0000] {processor.py:914} INFO - Processing file /opt/airflow/dags/coleta_dados_abertos_cnpj/dag.py for tasks to queue
[2025-03-24T04:31:59.385+0000] {logging_mixin.py:190} INFO - [2025-03-24T04:31:59.385+0000] {dagbag.py:588} INFO - Filling up the DagBag from /opt/airflow/dags/coleta_dados_abertos_cnpj/dag.py
[2025-03-24T04:31:59.507+0000] {processor.py:925} INFO - DAG(s) 'coleta_dados_abertos_cnpj' retrieved from /opt/airflow/dags/coleta_dados_abertos_cnpj/dag.py
[2025-03-24T04:31:59.522+0000] {logging_mixin.py:190} INFO - [2025-03-24T04:31:59.522+0000] {dag.py:3239} INFO - Sync 1 DAGs
[2025-03-24T04:31:59.535+0000] {logging_mixin.py:190} INFO - [2025-03-24T04:31:59.535+0000] {dag.py:4180} INFO - Setting next_dagrun for coleta_dados_abertos_cnpj to 2025-02-10 00:00:00+00:00, run_after=2025-03-10 00:00:00+00:00
[2025-03-24T04:31:59.545+0000] {processor.py:208} INFO - Processing /opt/airflow/dags/coleta_dados_abertos_cnpj/dag.py took 0.166 seconds
[2025-03-24T04:32:29.763+0000] {processor.py:186} INFO - Started process (PID=3634) to work on /opt/airflow/dags/coleta_dados_abertos_cnpj/dag.py
[2025-03-24T04:32:29.764+0000] {processor.py:914} INFO - Processing file /opt/airflow/dags/coleta_dados_abertos_cnpj/dag.py for tasks to queue
[2025-03-24T04:32:29.766+0000] {logging_mixin.py:190} INFO - [2025-03-24T04:32:29.766+0000] {dagbag.py:588} INFO - Filling up the DagBag from /opt/airflow/dags/coleta_dados_abertos_cnpj/dag.py
[2025-03-24T04:32:29.888+0000] {processor.py:925} INFO - DAG(s) 'coleta_dados_abertos_cnpj' retrieved from /opt/airflow/dags/coleta_dados_abertos_cnpj/dag.py
[2025-03-24T04:32:29.904+0000] {logging_mixin.py:190} INFO - [2025-03-24T04:32:29.904+0000] {dag.py:3239} INFO - Sync 1 DAGs
[2025-03-24T04:32:29.917+0000] {logging_mixin.py:190} INFO - [2025-03-24T04:32:29.917+0000] {dag.py:4180} INFO - Setting next_dagrun for coleta_dados_abertos_cnpj to 2025-02-10 00:00:00+00:00, run_after=2025-03-10 00:00:00+00:00
[2025-03-24T04:32:29.929+0000] {processor.py:208} INFO - Processing /opt/airflow/dags/coleta_dados_abertos_cnpj/dag.py took 0.169 seconds
[2025-03-24T04:33:00.123+0000] {processor.py:186} INFO - Started process (PID=3645) to work on /opt/airflow/dags/coleta_dados_abertos_cnpj/dag.py
[2025-03-24T04:33:00.124+0000] {processor.py:914} INFO - Processing file /opt/airflow/dags/coleta_dados_abertos_cnpj/dag.py for tasks to queue
[2025-03-24T04:33:00.126+0000] {logging_mixin.py:190} INFO - [2025-03-24T04:33:00.126+0000] {dagbag.py:588} INFO - Filling up the DagBag from /opt/airflow/dags/coleta_dados_abertos_cnpj/dag.py
[2025-03-24T04:33:00.254+0000] {processor.py:925} INFO - DAG(s) 'coleta_dados_abertos_cnpj' retrieved from /opt/airflow/dags/coleta_dados_abertos_cnpj/dag.py
[2025-03-24T04:33:00.270+0000] {logging_mixin.py:190} INFO - [2025-03-24T04:33:00.270+0000] {dag.py:3239} INFO - Sync 1 DAGs
[2025-03-24T04:33:00.283+0000] {logging_mixin.py:190} INFO - [2025-03-24T04:33:00.282+0000] {dag.py:4180} INFO - Setting next_dagrun for coleta_dados_abertos_cnpj to 2025-02-10 00:00:00+00:00, run_after=2025-03-10 00:00:00+00:00
[2025-03-24T04:33:00.294+0000] {processor.py:208} INFO - Processing /opt/airflow/dags/coleta_dados_abertos_cnpj/dag.py took 0.174 seconds
[2025-03-24T04:33:30.500+0000] {processor.py:186} INFO - Started process (PID=3656) to work on /opt/airflow/dags/coleta_dados_abertos_cnpj/dag.py
[2025-03-24T04:33:30.501+0000] {processor.py:914} INFO - Processing file /opt/airflow/dags/coleta_dados_abertos_cnpj/dag.py for tasks to queue
[2025-03-24T04:33:30.503+0000] {logging_mixin.py:190} INFO - [2025-03-24T04:33:30.503+0000] {dagbag.py:588} INFO - Filling up the DagBag from /opt/airflow/dags/coleta_dados_abertos_cnpj/dag.py
[2025-03-24T04:33:30.631+0000] {processor.py:925} INFO - DAG(s) 'coleta_dados_abertos_cnpj' retrieved from /opt/airflow/dags/coleta_dados_abertos_cnpj/dag.py
[2025-03-24T04:33:30.648+0000] {logging_mixin.py:190} INFO - [2025-03-24T04:33:30.648+0000] {dag.py:3239} INFO - Sync 1 DAGs
[2025-03-24T04:33:30.660+0000] {logging_mixin.py:190} INFO - [2025-03-24T04:33:30.660+0000] {dag.py:4180} INFO - Setting next_dagrun for coleta_dados_abertos_cnpj to 2025-02-10 00:00:00+00:00, run_after=2025-03-10 00:00:00+00:00
[2025-03-24T04:33:30.673+0000] {processor.py:208} INFO - Processing /opt/airflow/dags/coleta_dados_abertos_cnpj/dag.py took 0.176 seconds
[2025-03-24T04:34:00.878+0000] {processor.py:186} INFO - Started process (PID=3667) to work on /opt/airflow/dags/coleta_dados_abertos_cnpj/dag.py
[2025-03-24T04:34:00.879+0000] {processor.py:914} INFO - Processing file /opt/airflow/dags/coleta_dados_abertos_cnpj/dag.py for tasks to queue
[2025-03-24T04:34:00.881+0000] {logging_mixin.py:190} INFO - [2025-03-24T04:34:00.881+0000] {dagbag.py:588} INFO - Filling up the DagBag from /opt/airflow/dags/coleta_dados_abertos_cnpj/dag.py
[2025-03-24T04:34:01.004+0000] {processor.py:925} INFO - DAG(s) 'coleta_dados_abertos_cnpj' retrieved from /opt/airflow/dags/coleta_dados_abertos_cnpj/dag.py
[2025-03-24T04:34:01.020+0000] {logging_mixin.py:190} INFO - [2025-03-24T04:34:01.020+0000] {dag.py:3239} INFO - Sync 1 DAGs
[2025-03-24T04:34:01.033+0000] {logging_mixin.py:190} INFO - [2025-03-24T04:34:01.032+0000] {dag.py:4180} INFO - Setting next_dagrun for coleta_dados_abertos_cnpj to 2025-02-10 00:00:00+00:00, run_after=2025-03-10 00:00:00+00:00
[2025-03-24T04:34:01.042+0000] {processor.py:208} INFO - Processing /opt/airflow/dags/coleta_dados_abertos_cnpj/dag.py took 0.168 seconds
[2025-03-24T04:34:31.256+0000] {processor.py:186} INFO - Started process (PID=3678) to work on /opt/airflow/dags/coleta_dados_abertos_cnpj/dag.py
[2025-03-24T04:34:31.257+0000] {processor.py:914} INFO - Processing file /opt/airflow/dags/coleta_dados_abertos_cnpj/dag.py for tasks to queue
[2025-03-24T04:34:31.259+0000] {logging_mixin.py:190} INFO - [2025-03-24T04:34:31.259+0000] {dagbag.py:588} INFO - Filling up the DagBag from /opt/airflow/dags/coleta_dados_abertos_cnpj/dag.py
[2025-03-24T04:34:31.390+0000] {processor.py:925} INFO - DAG(s) 'coleta_dados_abertos_cnpj' retrieved from /opt/airflow/dags/coleta_dados_abertos_cnpj/dag.py
[2025-03-24T04:34:31.406+0000] {logging_mixin.py:190} INFO - [2025-03-24T04:34:31.406+0000] {dag.py:3239} INFO - Sync 1 DAGs
[2025-03-24T04:34:31.418+0000] {logging_mixin.py:190} INFO - [2025-03-24T04:34:31.418+0000] {dag.py:4180} INFO - Setting next_dagrun for coleta_dados_abertos_cnpj to 2025-02-10 00:00:00+00:00, run_after=2025-03-10 00:00:00+00:00
[2025-03-24T04:34:31.428+0000] {processor.py:208} INFO - Processing /opt/airflow/dags/coleta_dados_abertos_cnpj/dag.py took 0.175 seconds
[2025-03-24T04:35:01.645+0000] {processor.py:186} INFO - Started process (PID=3689) to work on /opt/airflow/dags/coleta_dados_abertos_cnpj/dag.py
[2025-03-24T04:35:01.646+0000] {processor.py:914} INFO - Processing file /opt/airflow/dags/coleta_dados_abertos_cnpj/dag.py for tasks to queue
[2025-03-24T04:35:01.648+0000] {logging_mixin.py:190} INFO - [2025-03-24T04:35:01.648+0000] {dagbag.py:588} INFO - Filling up the DagBag from /opt/airflow/dags/coleta_dados_abertos_cnpj/dag.py
[2025-03-24T04:35:01.769+0000] {processor.py:925} INFO - DAG(s) 'coleta_dados_abertos_cnpj' retrieved from /opt/airflow/dags/coleta_dados_abertos_cnpj/dag.py
[2025-03-24T04:35:01.785+0000] {logging_mixin.py:190} INFO - [2025-03-24T04:35:01.785+0000] {dag.py:3239} INFO - Sync 1 DAGs
[2025-03-24T04:35:01.799+0000] {logging_mixin.py:190} INFO - [2025-03-24T04:35:01.798+0000] {dag.py:4180} INFO - Setting next_dagrun for coleta_dados_abertos_cnpj to 2025-02-10 00:00:00+00:00, run_after=2025-03-10 00:00:00+00:00
[2025-03-24T04:35:01.811+0000] {processor.py:208} INFO - Processing /opt/airflow/dags/coleta_dados_abertos_cnpj/dag.py took 0.169 seconds
[2025-03-24T04:35:32.076+0000] {processor.py:186} INFO - Started process (PID=3700) to work on /opt/airflow/dags/coleta_dados_abertos_cnpj/dag.py
[2025-03-24T04:35:32.077+0000] {processor.py:914} INFO - Processing file /opt/airflow/dags/coleta_dados_abertos_cnpj/dag.py for tasks to queue
[2025-03-24T04:35:32.079+0000] {logging_mixin.py:190} INFO - [2025-03-24T04:35:32.079+0000] {dagbag.py:588} INFO - Filling up the DagBag from /opt/airflow/dags/coleta_dados_abertos_cnpj/dag.py
[2025-03-24T04:35:32.202+0000] {processor.py:925} INFO - DAG(s) 'coleta_dados_abertos_cnpj' retrieved from /opt/airflow/dags/coleta_dados_abertos_cnpj/dag.py
[2025-03-24T04:35:32.221+0000] {logging_mixin.py:190} INFO - [2025-03-24T04:35:32.221+0000] {dag.py:3239} INFO - Sync 1 DAGs
[2025-03-24T04:35:32.234+0000] {logging_mixin.py:190} INFO - [2025-03-24T04:35:32.234+0000] {dag.py:4180} INFO - Setting next_dagrun for coleta_dados_abertos_cnpj to 2025-02-10 00:00:00+00:00, run_after=2025-03-10 00:00:00+00:00
[2025-03-24T04:35:32.245+0000] {processor.py:208} INFO - Processing /opt/airflow/dags/coleta_dados_abertos_cnpj/dag.py took 0.173 seconds
[2025-03-24T04:36:02.465+0000] {processor.py:186} INFO - Started process (PID=3711) to work on /opt/airflow/dags/coleta_dados_abertos_cnpj/dag.py
[2025-03-24T04:36:02.466+0000] {processor.py:914} INFO - Processing file /opt/airflow/dags/coleta_dados_abertos_cnpj/dag.py for tasks to queue
[2025-03-24T04:36:02.468+0000] {logging_mixin.py:190} INFO - [2025-03-24T04:36:02.468+0000] {dagbag.py:588} INFO - Filling up the DagBag from /opt/airflow/dags/coleta_dados_abertos_cnpj/dag.py
[2025-03-24T04:36:02.591+0000] {processor.py:925} INFO - DAG(s) 'coleta_dados_abertos_cnpj' retrieved from /opt/airflow/dags/coleta_dados_abertos_cnpj/dag.py
[2025-03-24T04:36:02.609+0000] {logging_mixin.py:190} INFO - [2025-03-24T04:36:02.609+0000] {dag.py:3239} INFO - Sync 1 DAGs
[2025-03-24T04:36:02.622+0000] {logging_mixin.py:190} INFO - [2025-03-24T04:36:02.622+0000] {dag.py:4180} INFO - Setting next_dagrun for coleta_dados_abertos_cnpj to 2025-02-10 00:00:00+00:00, run_after=2025-03-10 00:00:00+00:00
[2025-03-24T04:36:02.632+0000] {processor.py:208} INFO - Processing /opt/airflow/dags/coleta_dados_abertos_cnpj/dag.py took 0.171 seconds
[2025-03-24T04:36:33.004+0000] {processor.py:186} INFO - Started process (PID=3722) to work on /opt/airflow/dags/coleta_dados_abertos_cnpj/dag.py
[2025-03-24T04:36:33.005+0000] {processor.py:914} INFO - Processing file /opt/airflow/dags/coleta_dados_abertos_cnpj/dag.py for tasks to queue
[2025-03-24T04:36:33.008+0000] {logging_mixin.py:190} INFO - [2025-03-24T04:36:33.007+0000] {dagbag.py:588} INFO - Filling up the DagBag from /opt/airflow/dags/coleta_dados_abertos_cnpj/dag.py
[2025-03-24T04:36:33.128+0000] {processor.py:925} INFO - DAG(s) 'coleta_dados_abertos_cnpj' retrieved from /opt/airflow/dags/coleta_dados_abertos_cnpj/dag.py
[2025-03-24T04:36:33.144+0000] {logging_mixin.py:190} INFO - [2025-03-24T04:36:33.144+0000] {dag.py:3239} INFO - Sync 1 DAGs
[2025-03-24T04:36:33.156+0000] {logging_mixin.py:190} INFO - [2025-03-24T04:36:33.156+0000] {dag.py:4180} INFO - Setting next_dagrun for coleta_dados_abertos_cnpj to 2025-02-10 00:00:00+00:00, run_after=2025-03-10 00:00:00+00:00
[2025-03-24T04:36:33.166+0000] {processor.py:208} INFO - Processing /opt/airflow/dags/coleta_dados_abertos_cnpj/dag.py took 0.166 seconds
[2025-03-24T04:37:03.588+0000] {processor.py:186} INFO - Started process (PID=3733) to work on /opt/airflow/dags/coleta_dados_abertos_cnpj/dag.py
[2025-03-24T04:37:03.589+0000] {processor.py:914} INFO - Processing file /opt/airflow/dags/coleta_dados_abertos_cnpj/dag.py for tasks to queue
[2025-03-24T04:37:03.591+0000] {logging_mixin.py:190} INFO - [2025-03-24T04:37:03.591+0000] {dagbag.py:588} INFO - Filling up the DagBag from /opt/airflow/dags/coleta_dados_abertos_cnpj/dag.py
[2025-03-24T04:37:03.708+0000] {processor.py:925} INFO - DAG(s) 'coleta_dados_abertos_cnpj' retrieved from /opt/airflow/dags/coleta_dados_abertos_cnpj/dag.py
[2025-03-24T04:37:03.723+0000] {logging_mixin.py:190} INFO - [2025-03-24T04:37:03.723+0000] {dag.py:3239} INFO - Sync 1 DAGs
[2025-03-24T04:37:03.734+0000] {logging_mixin.py:190} INFO - [2025-03-24T04:37:03.734+0000] {dag.py:4180} INFO - Setting next_dagrun for coleta_dados_abertos_cnpj to 2025-02-10 00:00:00+00:00, run_after=2025-03-10 00:00:00+00:00
[2025-03-24T04:37:03.743+0000] {processor.py:208} INFO - Processing /opt/airflow/dags/coleta_dados_abertos_cnpj/dag.py took 0.158 seconds
[2025-03-24T04:37:34.143+0000] {processor.py:186} INFO - Started process (PID=3744) to work on /opt/airflow/dags/coleta_dados_abertos_cnpj/dag.py
[2025-03-24T04:37:34.144+0000] {processor.py:914} INFO - Processing file /opt/airflow/dags/coleta_dados_abertos_cnpj/dag.py for tasks to queue
[2025-03-24T04:37:34.146+0000] {logging_mixin.py:190} INFO - [2025-03-24T04:37:34.146+0000] {dagbag.py:588} INFO - Filling up the DagBag from /opt/airflow/dags/coleta_dados_abertos_cnpj/dag.py
[2025-03-24T04:37:34.287+0000] {processor.py:925} INFO - DAG(s) 'coleta_dados_abertos_cnpj' retrieved from /opt/airflow/dags/coleta_dados_abertos_cnpj/dag.py
[2025-03-24T04:37:34.304+0000] {logging_mixin.py:190} INFO - [2025-03-24T04:37:34.304+0000] {dag.py:3239} INFO - Sync 1 DAGs
[2025-03-24T04:37:34.317+0000] {logging_mixin.py:190} INFO - [2025-03-24T04:37:34.317+0000] {dag.py:4180} INFO - Setting next_dagrun for coleta_dados_abertos_cnpj to 2025-02-10 00:00:00+00:00, run_after=2025-03-10 00:00:00+00:00
[2025-03-24T04:37:34.328+0000] {processor.py:208} INFO - Processing /opt/airflow/dags/coleta_dados_abertos_cnpj/dag.py took 0.189 seconds
[2025-03-24T04:38:04.520+0000] {processor.py:186} INFO - Started process (PID=3755) to work on /opt/airflow/dags/coleta_dados_abertos_cnpj/dag.py
[2025-03-24T04:38:04.521+0000] {processor.py:914} INFO - Processing file /opt/airflow/dags/coleta_dados_abertos_cnpj/dag.py for tasks to queue
[2025-03-24T04:38:04.523+0000] {logging_mixin.py:190} INFO - [2025-03-24T04:38:04.523+0000] {dagbag.py:588} INFO - Filling up the DagBag from /opt/airflow/dags/coleta_dados_abertos_cnpj/dag.py
[2025-03-24T04:38:04.651+0000] {processor.py:925} INFO - DAG(s) 'coleta_dados_abertos_cnpj' retrieved from /opt/airflow/dags/coleta_dados_abertos_cnpj/dag.py
[2025-03-24T04:38:04.668+0000] {logging_mixin.py:190} INFO - [2025-03-24T04:38:04.667+0000] {dag.py:3239} INFO - Sync 1 DAGs
[2025-03-24T04:38:04.681+0000] {logging_mixin.py:190} INFO - [2025-03-24T04:38:04.681+0000] {dag.py:4180} INFO - Setting next_dagrun for coleta_dados_abertos_cnpj to 2025-02-10 00:00:00+00:00, run_after=2025-03-10 00:00:00+00:00
[2025-03-24T04:38:04.693+0000] {processor.py:208} INFO - Processing /opt/airflow/dags/coleta_dados_abertos_cnpj/dag.py took 0.176 seconds
[2025-03-24T04:38:34.894+0000] {processor.py:186} INFO - Started process (PID=3766) to work on /opt/airflow/dags/coleta_dados_abertos_cnpj/dag.py
[2025-03-24T04:38:34.895+0000] {processor.py:914} INFO - Processing file /opt/airflow/dags/coleta_dados_abertos_cnpj/dag.py for tasks to queue
[2025-03-24T04:38:34.897+0000] {logging_mixin.py:190} INFO - [2025-03-24T04:38:34.897+0000] {dagbag.py:588} INFO - Filling up the DagBag from /opt/airflow/dags/coleta_dados_abertos_cnpj/dag.py
[2025-03-24T04:38:35.019+0000] {processor.py:925} INFO - DAG(s) 'coleta_dados_abertos_cnpj' retrieved from /opt/airflow/dags/coleta_dados_abertos_cnpj/dag.py
[2025-03-24T04:38:35.036+0000] {logging_mixin.py:190} INFO - [2025-03-24T04:38:35.036+0000] {dag.py:3239} INFO - Sync 1 DAGs
[2025-03-24T04:38:35.049+0000] {logging_mixin.py:190} INFO - [2025-03-24T04:38:35.049+0000] {dag.py:4180} INFO - Setting next_dagrun for coleta_dados_abertos_cnpj to 2025-02-10 00:00:00+00:00, run_after=2025-03-10 00:00:00+00:00
[2025-03-24T04:38:35.059+0000] {processor.py:208} INFO - Processing /opt/airflow/dags/coleta_dados_abertos_cnpj/dag.py took 0.168 seconds
[2025-03-24T04:39:05.274+0000] {processor.py:186} INFO - Started process (PID=3777) to work on /opt/airflow/dags/coleta_dados_abertos_cnpj/dag.py
[2025-03-24T04:39:05.275+0000] {processor.py:914} INFO - Processing file /opt/airflow/dags/coleta_dados_abertos_cnpj/dag.py for tasks to queue
[2025-03-24T04:39:05.278+0000] {logging_mixin.py:190} INFO - [2025-03-24T04:39:05.277+0000] {dagbag.py:588} INFO - Filling up the DagBag from /opt/airflow/dags/coleta_dados_abertos_cnpj/dag.py
[2025-03-24T04:39:05.401+0000] {processor.py:925} INFO - DAG(s) 'coleta_dados_abertos_cnpj' retrieved from /opt/airflow/dags/coleta_dados_abertos_cnpj/dag.py
[2025-03-24T04:39:05.418+0000] {logging_mixin.py:190} INFO - [2025-03-24T04:39:05.418+0000] {dag.py:3239} INFO - Sync 1 DAGs
[2025-03-24T04:39:05.431+0000] {logging_mixin.py:190} INFO - [2025-03-24T04:39:05.430+0000] {dag.py:4180} INFO - Setting next_dagrun for coleta_dados_abertos_cnpj to 2025-02-10 00:00:00+00:00, run_after=2025-03-10 00:00:00+00:00
[2025-03-24T04:39:05.440+0000] {processor.py:208} INFO - Processing /opt/airflow/dags/coleta_dados_abertos_cnpj/dag.py took 0.169 seconds
[2025-03-24T04:39:35.649+0000] {processor.py:186} INFO - Started process (PID=3788) to work on /opt/airflow/dags/coleta_dados_abertos_cnpj/dag.py
[2025-03-24T04:39:35.651+0000] {processor.py:914} INFO - Processing file /opt/airflow/dags/coleta_dados_abertos_cnpj/dag.py for tasks to queue
[2025-03-24T04:39:35.653+0000] {logging_mixin.py:190} INFO - [2025-03-24T04:39:35.653+0000] {dagbag.py:588} INFO - Filling up the DagBag from /opt/airflow/dags/coleta_dados_abertos_cnpj/dag.py
[2025-03-24T04:39:35.779+0000] {processor.py:925} INFO - DAG(s) 'coleta_dados_abertos_cnpj' retrieved from /opt/airflow/dags/coleta_dados_abertos_cnpj/dag.py
[2025-03-24T04:39:35.796+0000] {logging_mixin.py:190} INFO - [2025-03-24T04:39:35.795+0000] {dag.py:3239} INFO - Sync 1 DAGs
[2025-03-24T04:39:35.807+0000] {logging_mixin.py:190} INFO - [2025-03-24T04:39:35.807+0000] {dag.py:4180} INFO - Setting next_dagrun for coleta_dados_abertos_cnpj to 2025-02-10 00:00:00+00:00, run_after=2025-03-10 00:00:00+00:00
[2025-03-24T04:39:35.818+0000] {processor.py:208} INFO - Processing /opt/airflow/dags/coleta_dados_abertos_cnpj/dag.py took 0.172 seconds
[2025-03-24T04:40:06.018+0000] {processor.py:186} INFO - Started process (PID=3804) to work on /opt/airflow/dags/coleta_dados_abertos_cnpj/dag.py
[2025-03-24T04:40:06.018+0000] {processor.py:914} INFO - Processing file /opt/airflow/dags/coleta_dados_abertos_cnpj/dag.py for tasks to queue
[2025-03-24T04:40:06.020+0000] {logging_mixin.py:190} INFO - [2025-03-24T04:40:06.020+0000] {dagbag.py:588} INFO - Filling up the DagBag from /opt/airflow/dags/coleta_dados_abertos_cnpj/dag.py
[2025-03-24T04:40:06.153+0000] {processor.py:925} INFO - DAG(s) 'coleta_dados_abertos_cnpj' retrieved from /opt/airflow/dags/coleta_dados_abertos_cnpj/dag.py
[2025-03-24T04:40:06.170+0000] {logging_mixin.py:190} INFO - [2025-03-24T04:40:06.170+0000] {dag.py:3239} INFO - Sync 1 DAGs
[2025-03-24T04:40:06.183+0000] {logging_mixin.py:190} INFO - [2025-03-24T04:40:06.183+0000] {dag.py:4180} INFO - Setting next_dagrun for coleta_dados_abertos_cnpj to 2025-02-10 00:00:00+00:00, run_after=2025-03-10 00:00:00+00:00
[2025-03-24T04:40:06.194+0000] {processor.py:208} INFO - Processing /opt/airflow/dags/coleta_dados_abertos_cnpj/dag.py took 0.180 seconds
[2025-03-24T04:40:36.444+0000] {processor.py:186} INFO - Started process (PID=3815) to work on /opt/airflow/dags/coleta_dados_abertos_cnpj/dag.py
[2025-03-24T04:40:36.445+0000] {processor.py:914} INFO - Processing file /opt/airflow/dags/coleta_dados_abertos_cnpj/dag.py for tasks to queue
[2025-03-24T04:40:36.447+0000] {logging_mixin.py:190} INFO - [2025-03-24T04:40:36.447+0000] {dagbag.py:588} INFO - Filling up the DagBag from /opt/airflow/dags/coleta_dados_abertos_cnpj/dag.py
[2025-03-24T04:40:36.580+0000] {processor.py:925} INFO - DAG(s) 'coleta_dados_abertos_cnpj' retrieved from /opt/airflow/dags/coleta_dados_abertos_cnpj/dag.py
[2025-03-24T04:40:36.596+0000] {logging_mixin.py:190} INFO - [2025-03-24T04:40:36.596+0000] {dag.py:3239} INFO - Sync 1 DAGs
[2025-03-24T04:40:36.609+0000] {logging_mixin.py:190} INFO - [2025-03-24T04:40:36.609+0000] {dag.py:4180} INFO - Setting next_dagrun for coleta_dados_abertos_cnpj to 2025-02-10 00:00:00+00:00, run_after=2025-03-10 00:00:00+00:00
[2025-03-24T04:40:36.620+0000] {processor.py:208} INFO - Processing /opt/airflow/dags/coleta_dados_abertos_cnpj/dag.py took 0.178 seconds
[2025-03-24T04:41:06.816+0000] {processor.py:186} INFO - Started process (PID=3826) to work on /opt/airflow/dags/coleta_dados_abertos_cnpj/dag.py
[2025-03-24T04:41:06.817+0000] {processor.py:914} INFO - Processing file /opt/airflow/dags/coleta_dados_abertos_cnpj/dag.py for tasks to queue
[2025-03-24T04:41:06.819+0000] {logging_mixin.py:190} INFO - [2025-03-24T04:41:06.819+0000] {dagbag.py:588} INFO - Filling up the DagBag from /opt/airflow/dags/coleta_dados_abertos_cnpj/dag.py
[2025-03-24T04:41:06.941+0000] {processor.py:925} INFO - DAG(s) 'coleta_dados_abertos_cnpj' retrieved from /opt/airflow/dags/coleta_dados_abertos_cnpj/dag.py
[2025-03-24T04:41:06.961+0000] {logging_mixin.py:190} INFO - [2025-03-24T04:41:06.961+0000] {dag.py:3239} INFO - Sync 1 DAGs
[2025-03-24T04:41:06.977+0000] {logging_mixin.py:190} INFO - [2025-03-24T04:41:06.977+0000] {dag.py:4180} INFO - Setting next_dagrun for coleta_dados_abertos_cnpj to 2025-02-10 00:00:00+00:00, run_after=2025-03-10 00:00:00+00:00
[2025-03-24T04:41:06.988+0000] {processor.py:208} INFO - Processing /opt/airflow/dags/coleta_dados_abertos_cnpj/dag.py took 0.175 seconds
[2025-03-24T04:41:37.189+0000] {processor.py:186} INFO - Started process (PID=3837) to work on /opt/airflow/dags/coleta_dados_abertos_cnpj/dag.py
[2025-03-24T04:41:37.190+0000] {processor.py:914} INFO - Processing file /opt/airflow/dags/coleta_dados_abertos_cnpj/dag.py for tasks to queue
[2025-03-24T04:41:37.192+0000] {logging_mixin.py:190} INFO - [2025-03-24T04:41:37.192+0000] {dagbag.py:588} INFO - Filling up the DagBag from /opt/airflow/dags/coleta_dados_abertos_cnpj/dag.py
[2025-03-24T04:41:37.313+0000] {processor.py:925} INFO - DAG(s) 'coleta_dados_abertos_cnpj' retrieved from /opt/airflow/dags/coleta_dados_abertos_cnpj/dag.py
[2025-03-24T04:41:37.331+0000] {logging_mixin.py:190} INFO - [2025-03-24T04:41:37.330+0000] {dag.py:3239} INFO - Sync 1 DAGs
[2025-03-24T04:41:37.343+0000] {logging_mixin.py:190} INFO - [2025-03-24T04:41:37.343+0000] {dag.py:4180} INFO - Setting next_dagrun for coleta_dados_abertos_cnpj to 2025-02-10 00:00:00+00:00, run_after=2025-03-10 00:00:00+00:00
[2025-03-24T04:41:37.353+0000] {processor.py:208} INFO - Processing /opt/airflow/dags/coleta_dados_abertos_cnpj/dag.py took 0.168 seconds
[2025-03-24T04:42:07.565+0000] {processor.py:186} INFO - Started process (PID=3848) to work on /opt/airflow/dags/coleta_dados_abertos_cnpj/dag.py
[2025-03-24T04:42:07.566+0000] {processor.py:914} INFO - Processing file /opt/airflow/dags/coleta_dados_abertos_cnpj/dag.py for tasks to queue
[2025-03-24T04:42:07.568+0000] {logging_mixin.py:190} INFO - [2025-03-24T04:42:07.568+0000] {dagbag.py:588} INFO - Filling up the DagBag from /opt/airflow/dags/coleta_dados_abertos_cnpj/dag.py
[2025-03-24T04:42:07.689+0000] {processor.py:925} INFO - DAG(s) 'coleta_dados_abertos_cnpj' retrieved from /opt/airflow/dags/coleta_dados_abertos_cnpj/dag.py
[2025-03-24T04:42:07.706+0000] {logging_mixin.py:190} INFO - [2025-03-24T04:42:07.705+0000] {dag.py:3239} INFO - Sync 1 DAGs
[2025-03-24T04:42:07.718+0000] {logging_mixin.py:190} INFO - [2025-03-24T04:42:07.718+0000] {dag.py:4180} INFO - Setting next_dagrun for coleta_dados_abertos_cnpj to 2025-02-10 00:00:00+00:00, run_after=2025-03-10 00:00:00+00:00
[2025-03-24T04:42:07.728+0000] {processor.py:208} INFO - Processing /opt/airflow/dags/coleta_dados_abertos_cnpj/dag.py took 0.166 seconds
[2025-03-24T04:42:37.960+0000] {processor.py:186} INFO - Started process (PID=3859) to work on /opt/airflow/dags/coleta_dados_abertos_cnpj/dag.py
[2025-03-24T04:42:37.961+0000] {processor.py:914} INFO - Processing file /opt/airflow/dags/coleta_dados_abertos_cnpj/dag.py for tasks to queue
[2025-03-24T04:42:37.963+0000] {logging_mixin.py:190} INFO - [2025-03-24T04:42:37.963+0000] {dagbag.py:588} INFO - Filling up the DagBag from /opt/airflow/dags/coleta_dados_abertos_cnpj/dag.py
[2025-03-24T04:42:38.088+0000] {processor.py:925} INFO - DAG(s) 'coleta_dados_abertos_cnpj' retrieved from /opt/airflow/dags/coleta_dados_abertos_cnpj/dag.py
[2025-03-24T04:42:38.104+0000] {logging_mixin.py:190} INFO - [2025-03-24T04:42:38.104+0000] {dag.py:3239} INFO - Sync 1 DAGs
[2025-03-24T04:42:38.116+0000] {logging_mixin.py:190} INFO - [2025-03-24T04:42:38.116+0000] {dag.py:4180} INFO - Setting next_dagrun for coleta_dados_abertos_cnpj to 2025-02-10 00:00:00+00:00, run_after=2025-03-10 00:00:00+00:00
[2025-03-24T04:42:38.127+0000] {processor.py:208} INFO - Processing /opt/airflow/dags/coleta_dados_abertos_cnpj/dag.py took 0.171 seconds
[2025-03-24T04:43:08.337+0000] {processor.py:186} INFO - Started process (PID=3871) to work on /opt/airflow/dags/coleta_dados_abertos_cnpj/dag.py
[2025-03-24T04:43:08.338+0000] {processor.py:914} INFO - Processing file /opt/airflow/dags/coleta_dados_abertos_cnpj/dag.py for tasks to queue
[2025-03-24T04:43:08.340+0000] {logging_mixin.py:190} INFO - [2025-03-24T04:43:08.340+0000] {dagbag.py:588} INFO - Filling up the DagBag from /opt/airflow/dags/coleta_dados_abertos_cnpj/dag.py
[2025-03-24T04:43:08.471+0000] {processor.py:925} INFO - DAG(s) 'coleta_dados_abertos_cnpj' retrieved from /opt/airflow/dags/coleta_dados_abertos_cnpj/dag.py
[2025-03-24T04:43:08.489+0000] {logging_mixin.py:190} INFO - [2025-03-24T04:43:08.488+0000] {dag.py:3239} INFO - Sync 1 DAGs
[2025-03-24T04:43:08.501+0000] {logging_mixin.py:190} INFO - [2025-03-24T04:43:08.501+0000] {dag.py:4180} INFO - Setting next_dagrun for coleta_dados_abertos_cnpj to 2025-02-10 00:00:00+00:00, run_after=2025-03-10 00:00:00+00:00
[2025-03-24T04:43:08.511+0000] {processor.py:208} INFO - Processing /opt/airflow/dags/coleta_dados_abertos_cnpj/dag.py took 0.177 seconds
[2025-03-24T04:43:38.701+0000] {processor.py:186} INFO - Started process (PID=3882) to work on /opt/airflow/dags/coleta_dados_abertos_cnpj/dag.py
[2025-03-24T04:43:38.702+0000] {processor.py:914} INFO - Processing file /opt/airflow/dags/coleta_dados_abertos_cnpj/dag.py for tasks to queue
[2025-03-24T04:43:38.704+0000] {logging_mixin.py:190} INFO - [2025-03-24T04:43:38.704+0000] {dagbag.py:588} INFO - Filling up the DagBag from /opt/airflow/dags/coleta_dados_abertos_cnpj/dag.py
[2025-03-24T04:43:38.826+0000] {processor.py:925} INFO - DAG(s) 'coleta_dados_abertos_cnpj' retrieved from /opt/airflow/dags/coleta_dados_abertos_cnpj/dag.py
[2025-03-24T04:43:38.844+0000] {logging_mixin.py:190} INFO - [2025-03-24T04:43:38.843+0000] {dag.py:3239} INFO - Sync 1 DAGs
[2025-03-24T04:43:38.858+0000] {logging_mixin.py:190} INFO - [2025-03-24T04:43:38.857+0000] {dag.py:4180} INFO - Setting next_dagrun for coleta_dados_abertos_cnpj to 2025-02-10 00:00:00+00:00, run_after=2025-03-10 00:00:00+00:00
[2025-03-24T04:43:38.870+0000] {processor.py:208} INFO - Processing /opt/airflow/dags/coleta_dados_abertos_cnpj/dag.py took 0.172 seconds
[2025-03-24T04:44:09.073+0000] {processor.py:186} INFO - Started process (PID=3893) to work on /opt/airflow/dags/coleta_dados_abertos_cnpj/dag.py
[2025-03-24T04:44:09.074+0000] {processor.py:914} INFO - Processing file /opt/airflow/dags/coleta_dados_abertos_cnpj/dag.py for tasks to queue
[2025-03-24T04:44:09.076+0000] {logging_mixin.py:190} INFO - [2025-03-24T04:44:09.076+0000] {dagbag.py:588} INFO - Filling up the DagBag from /opt/airflow/dags/coleta_dados_abertos_cnpj/dag.py
[2025-03-24T04:44:09.195+0000] {processor.py:925} INFO - DAG(s) 'coleta_dados_abertos_cnpj' retrieved from /opt/airflow/dags/coleta_dados_abertos_cnpj/dag.py
[2025-03-24T04:44:09.213+0000] {logging_mixin.py:190} INFO - [2025-03-24T04:44:09.213+0000] {dag.py:3239} INFO - Sync 1 DAGs
[2025-03-24T04:44:09.226+0000] {logging_mixin.py:190} INFO - [2025-03-24T04:44:09.226+0000] {dag.py:4180} INFO - Setting next_dagrun for coleta_dados_abertos_cnpj to 2025-02-10 00:00:00+00:00, run_after=2025-03-10 00:00:00+00:00
[2025-03-24T04:44:09.237+0000] {processor.py:208} INFO - Processing /opt/airflow/dags/coleta_dados_abertos_cnpj/dag.py took 0.167 seconds
[2025-03-24T04:44:39.446+0000] {processor.py:186} INFO - Started process (PID=3904) to work on /opt/airflow/dags/coleta_dados_abertos_cnpj/dag.py
[2025-03-24T04:44:39.447+0000] {processor.py:914} INFO - Processing file /opt/airflow/dags/coleta_dados_abertos_cnpj/dag.py for tasks to queue
[2025-03-24T04:44:39.449+0000] {logging_mixin.py:190} INFO - [2025-03-24T04:44:39.449+0000] {dagbag.py:588} INFO - Filling up the DagBag from /opt/airflow/dags/coleta_dados_abertos_cnpj/dag.py
[2025-03-24T04:44:39.571+0000] {processor.py:925} INFO - DAG(s) 'coleta_dados_abertos_cnpj' retrieved from /opt/airflow/dags/coleta_dados_abertos_cnpj/dag.py
[2025-03-24T04:44:39.589+0000] {logging_mixin.py:190} INFO - [2025-03-24T04:44:39.589+0000] {dag.py:3239} INFO - Sync 1 DAGs
[2025-03-24T04:44:39.602+0000] {logging_mixin.py:190} INFO - [2025-03-24T04:44:39.602+0000] {dag.py:4180} INFO - Setting next_dagrun for coleta_dados_abertos_cnpj to 2025-02-10 00:00:00+00:00, run_after=2025-03-10 00:00:00+00:00
[2025-03-24T04:44:39.618+0000] {processor.py:208} INFO - Processing /opt/airflow/dags/coleta_dados_abertos_cnpj/dag.py took 0.175 seconds
[2025-03-24T04:45:09.823+0000] {processor.py:186} INFO - Started process (PID=3915) to work on /opt/airflow/dags/coleta_dados_abertos_cnpj/dag.py
[2025-03-24T04:45:09.824+0000] {processor.py:914} INFO - Processing file /opt/airflow/dags/coleta_dados_abertos_cnpj/dag.py for tasks to queue
[2025-03-24T04:45:09.827+0000] {logging_mixin.py:190} INFO - [2025-03-24T04:45:09.827+0000] {dagbag.py:588} INFO - Filling up the DagBag from /opt/airflow/dags/coleta_dados_abertos_cnpj/dag.py
[2025-03-24T04:45:09.950+0000] {processor.py:925} INFO - DAG(s) 'coleta_dados_abertos_cnpj' retrieved from /opt/airflow/dags/coleta_dados_abertos_cnpj/dag.py
[2025-03-24T04:45:09.967+0000] {logging_mixin.py:190} INFO - [2025-03-24T04:45:09.967+0000] {dag.py:3239} INFO - Sync 1 DAGs
[2025-03-24T04:45:09.980+0000] {logging_mixin.py:190} INFO - [2025-03-24T04:45:09.980+0000] {dag.py:4180} INFO - Setting next_dagrun for coleta_dados_abertos_cnpj to 2025-02-10 00:00:00+00:00, run_after=2025-03-10 00:00:00+00:00
[2025-03-24T04:45:09.990+0000] {processor.py:208} INFO - Processing /opt/airflow/dags/coleta_dados_abertos_cnpj/dag.py took 0.170 seconds
[2025-03-24T04:45:40.275+0000] {processor.py:186} INFO - Started process (PID=3926) to work on /opt/airflow/dags/coleta_dados_abertos_cnpj/dag.py
[2025-03-24T04:45:40.275+0000] {processor.py:914} INFO - Processing file /opt/airflow/dags/coleta_dados_abertos_cnpj/dag.py for tasks to queue
[2025-03-24T04:45:40.278+0000] {logging_mixin.py:190} INFO - [2025-03-24T04:45:40.277+0000] {dagbag.py:588} INFO - Filling up the DagBag from /opt/airflow/dags/coleta_dados_abertos_cnpj/dag.py
[2025-03-24T04:45:40.400+0000] {processor.py:925} INFO - DAG(s) 'coleta_dados_abertos_cnpj' retrieved from /opt/airflow/dags/coleta_dados_abertos_cnpj/dag.py
[2025-03-24T04:45:40.418+0000] {logging_mixin.py:190} INFO - [2025-03-24T04:45:40.418+0000] {dag.py:3239} INFO - Sync 1 DAGs
[2025-03-24T04:45:40.432+0000] {logging_mixin.py:190} INFO - [2025-03-24T04:45:40.432+0000] {dag.py:4180} INFO - Setting next_dagrun for coleta_dados_abertos_cnpj to 2025-02-10 00:00:00+00:00, run_after=2025-03-10 00:00:00+00:00
[2025-03-24T04:45:40.444+0000] {processor.py:208} INFO - Processing /opt/airflow/dags/coleta_dados_abertos_cnpj/dag.py took 0.173 seconds
[2025-03-24T04:46:10.649+0000] {processor.py:186} INFO - Started process (PID=3938) to work on /opt/airflow/dags/coleta_dados_abertos_cnpj/dag.py
[2025-03-24T04:46:10.650+0000] {processor.py:914} INFO - Processing file /opt/airflow/dags/coleta_dados_abertos_cnpj/dag.py for tasks to queue
[2025-03-24T04:46:10.652+0000] {logging_mixin.py:190} INFO - [2025-03-24T04:46:10.652+0000] {dagbag.py:588} INFO - Filling up the DagBag from /opt/airflow/dags/coleta_dados_abertos_cnpj/dag.py
[2025-03-24T04:46:10.773+0000] {processor.py:925} INFO - DAG(s) 'coleta_dados_abertos_cnpj' retrieved from /opt/airflow/dags/coleta_dados_abertos_cnpj/dag.py
[2025-03-24T04:46:10.791+0000] {logging_mixin.py:190} INFO - [2025-03-24T04:46:10.791+0000] {dag.py:3239} INFO - Sync 1 DAGs
[2025-03-24T04:46:10.804+0000] {logging_mixin.py:190} INFO - [2025-03-24T04:46:10.804+0000] {dag.py:4180} INFO - Setting next_dagrun for coleta_dados_abertos_cnpj to 2025-02-10 00:00:00+00:00, run_after=2025-03-10 00:00:00+00:00
[2025-03-24T04:46:10.815+0000] {processor.py:208} INFO - Processing /opt/airflow/dags/coleta_dados_abertos_cnpj/dag.py took 0.169 seconds
[2025-03-24T04:46:41.032+0000] {processor.py:186} INFO - Started process (PID=3949) to work on /opt/airflow/dags/coleta_dados_abertos_cnpj/dag.py
[2025-03-24T04:46:41.033+0000] {processor.py:914} INFO - Processing file /opt/airflow/dags/coleta_dados_abertos_cnpj/dag.py for tasks to queue
[2025-03-24T04:46:41.035+0000] {logging_mixin.py:190} INFO - [2025-03-24T04:46:41.035+0000] {dagbag.py:588} INFO - Filling up the DagBag from /opt/airflow/dags/coleta_dados_abertos_cnpj/dag.py
[2025-03-24T04:46:41.158+0000] {processor.py:925} INFO - DAG(s) 'coleta_dados_abertos_cnpj' retrieved from /opt/airflow/dags/coleta_dados_abertos_cnpj/dag.py
[2025-03-24T04:46:41.174+0000] {logging_mixin.py:190} INFO - [2025-03-24T04:46:41.174+0000] {dag.py:3239} INFO - Sync 1 DAGs
[2025-03-24T04:46:41.186+0000] {logging_mixin.py:190} INFO - [2025-03-24T04:46:41.186+0000] {dag.py:4180} INFO - Setting next_dagrun for coleta_dados_abertos_cnpj to 2025-02-10 00:00:00+00:00, run_after=2025-03-10 00:00:00+00:00
[2025-03-24T04:46:41.196+0000] {processor.py:208} INFO - Processing /opt/airflow/dags/coleta_dados_abertos_cnpj/dag.py took 0.167 seconds
[2025-03-24T04:47:11.408+0000] {processor.py:186} INFO - Started process (PID=3960) to work on /opt/airflow/dags/coleta_dados_abertos_cnpj/dag.py
[2025-03-24T04:47:11.409+0000] {processor.py:914} INFO - Processing file /opt/airflow/dags/coleta_dados_abertos_cnpj/dag.py for tasks to queue
[2025-03-24T04:47:11.411+0000] {logging_mixin.py:190} INFO - [2025-03-24T04:47:11.411+0000] {dagbag.py:588} INFO - Filling up the DagBag from /opt/airflow/dags/coleta_dados_abertos_cnpj/dag.py
[2025-03-24T04:47:11.530+0000] {processor.py:925} INFO - DAG(s) 'coleta_dados_abertos_cnpj' retrieved from /opt/airflow/dags/coleta_dados_abertos_cnpj/dag.py
[2025-03-24T04:47:11.548+0000] {logging_mixin.py:190} INFO - [2025-03-24T04:47:11.547+0000] {dag.py:3239} INFO - Sync 1 DAGs
[2025-03-24T04:47:11.560+0000] {logging_mixin.py:190} INFO - [2025-03-24T04:47:11.560+0000] {dag.py:4180} INFO - Setting next_dagrun for coleta_dados_abertos_cnpj to 2025-02-10 00:00:00+00:00, run_after=2025-03-10 00:00:00+00:00
[2025-03-24T04:47:11.571+0000] {processor.py:208} INFO - Processing /opt/airflow/dags/coleta_dados_abertos_cnpj/dag.py took 0.166 seconds
[2025-03-24T04:47:41.783+0000] {processor.py:186} INFO - Started process (PID=3971) to work on /opt/airflow/dags/coleta_dados_abertos_cnpj/dag.py
[2025-03-24T04:47:41.783+0000] {processor.py:914} INFO - Processing file /opt/airflow/dags/coleta_dados_abertos_cnpj/dag.py for tasks to queue
[2025-03-24T04:47:41.785+0000] {logging_mixin.py:190} INFO - [2025-03-24T04:47:41.785+0000] {dagbag.py:588} INFO - Filling up the DagBag from /opt/airflow/dags/coleta_dados_abertos_cnpj/dag.py
[2025-03-24T04:47:41.906+0000] {processor.py:925} INFO - DAG(s) 'coleta_dados_abertos_cnpj' retrieved from /opt/airflow/dags/coleta_dados_abertos_cnpj/dag.py
[2025-03-24T04:47:41.922+0000] {logging_mixin.py:190} INFO - [2025-03-24T04:47:41.922+0000] {dag.py:3239} INFO - Sync 1 DAGs
[2025-03-24T04:47:41.935+0000] {logging_mixin.py:190} INFO - [2025-03-24T04:47:41.935+0000] {dag.py:4180} INFO - Setting next_dagrun for coleta_dados_abertos_cnpj to 2025-02-10 00:00:00+00:00, run_after=2025-03-10 00:00:00+00:00
[2025-03-24T04:47:41.945+0000] {processor.py:208} INFO - Processing /opt/airflow/dags/coleta_dados_abertos_cnpj/dag.py took 0.165 seconds
[2025-03-24T04:48:12.155+0000] {processor.py:186} INFO - Started process (PID=3982) to work on /opt/airflow/dags/coleta_dados_abertos_cnpj/dag.py
[2025-03-24T04:48:12.156+0000] {processor.py:914} INFO - Processing file /opt/airflow/dags/coleta_dados_abertos_cnpj/dag.py for tasks to queue
[2025-03-24T04:48:12.158+0000] {logging_mixin.py:190} INFO - [2025-03-24T04:48:12.158+0000] {dagbag.py:588} INFO - Filling up the DagBag from /opt/airflow/dags/coleta_dados_abertos_cnpj/dag.py
[2025-03-24T04:48:12.283+0000] {processor.py:925} INFO - DAG(s) 'coleta_dados_abertos_cnpj' retrieved from /opt/airflow/dags/coleta_dados_abertos_cnpj/dag.py
[2025-03-24T04:48:12.300+0000] {logging_mixin.py:190} INFO - [2025-03-24T04:48:12.300+0000] {dag.py:3239} INFO - Sync 1 DAGs
[2025-03-24T04:48:12.313+0000] {logging_mixin.py:190} INFO - [2025-03-24T04:48:12.313+0000] {dag.py:4180} INFO - Setting next_dagrun for coleta_dados_abertos_cnpj to 2025-02-10 00:00:00+00:00, run_after=2025-03-10 00:00:00+00:00
[2025-03-24T04:48:12.324+0000] {processor.py:208} INFO - Processing /opt/airflow/dags/coleta_dados_abertos_cnpj/dag.py took 0.172 seconds
[2025-03-24T04:48:42.536+0000] {processor.py:186} INFO - Started process (PID=3993) to work on /opt/airflow/dags/coleta_dados_abertos_cnpj/dag.py
[2025-03-24T04:48:42.537+0000] {processor.py:914} INFO - Processing file /opt/airflow/dags/coleta_dados_abertos_cnpj/dag.py for tasks to queue
[2025-03-24T04:48:42.539+0000] {logging_mixin.py:190} INFO - [2025-03-24T04:48:42.539+0000] {dagbag.py:588} INFO - Filling up the DagBag from /opt/airflow/dags/coleta_dados_abertos_cnpj/dag.py
[2025-03-24T04:48:42.665+0000] {processor.py:925} INFO - DAG(s) 'coleta_dados_abertos_cnpj' retrieved from /opt/airflow/dags/coleta_dados_abertos_cnpj/dag.py
[2025-03-24T04:48:42.682+0000] {logging_mixin.py:190} INFO - [2025-03-24T04:48:42.682+0000] {dag.py:3239} INFO - Sync 1 DAGs
[2025-03-24T04:48:42.696+0000] {logging_mixin.py:190} INFO - [2025-03-24T04:48:42.696+0000] {dag.py:4180} INFO - Setting next_dagrun for coleta_dados_abertos_cnpj to 2025-02-10 00:00:00+00:00, run_after=2025-03-10 00:00:00+00:00
[2025-03-24T04:48:42.707+0000] {processor.py:208} INFO - Processing /opt/airflow/dags/coleta_dados_abertos_cnpj/dag.py took 0.174 seconds
[2025-03-24T04:49:12.919+0000] {processor.py:186} INFO - Started process (PID=4004) to work on /opt/airflow/dags/coleta_dados_abertos_cnpj/dag.py
[2025-03-24T04:49:12.920+0000] {processor.py:914} INFO - Processing file /opt/airflow/dags/coleta_dados_abertos_cnpj/dag.py for tasks to queue
[2025-03-24T04:49:12.922+0000] {logging_mixin.py:190} INFO - [2025-03-24T04:49:12.921+0000] {dagbag.py:588} INFO - Filling up the DagBag from /opt/airflow/dags/coleta_dados_abertos_cnpj/dag.py
[2025-03-24T04:49:13.042+0000] {processor.py:925} INFO - DAG(s) 'coleta_dados_abertos_cnpj' retrieved from /opt/airflow/dags/coleta_dados_abertos_cnpj/dag.py
[2025-03-24T04:49:13.059+0000] {logging_mixin.py:190} INFO - [2025-03-24T04:49:13.059+0000] {dag.py:3239} INFO - Sync 1 DAGs
[2025-03-24T04:49:13.073+0000] {logging_mixin.py:190} INFO - [2025-03-24T04:49:13.073+0000] {dag.py:4180} INFO - Setting next_dagrun for coleta_dados_abertos_cnpj to 2025-02-10 00:00:00+00:00, run_after=2025-03-10 00:00:00+00:00
[2025-03-24T04:49:13.083+0000] {processor.py:208} INFO - Processing /opt/airflow/dags/coleta_dados_abertos_cnpj/dag.py took 0.167 seconds
[2025-03-24T04:49:43.292+0000] {processor.py:186} INFO - Started process (PID=4015) to work on /opt/airflow/dags/coleta_dados_abertos_cnpj/dag.py
[2025-03-24T04:49:43.293+0000] {processor.py:914} INFO - Processing file /opt/airflow/dags/coleta_dados_abertos_cnpj/dag.py for tasks to queue
[2025-03-24T04:49:43.295+0000] {logging_mixin.py:190} INFO - [2025-03-24T04:49:43.295+0000] {dagbag.py:588} INFO - Filling up the DagBag from /opt/airflow/dags/coleta_dados_abertos_cnpj/dag.py
[2025-03-24T04:49:43.424+0000] {processor.py:925} INFO - DAG(s) 'coleta_dados_abertos_cnpj' retrieved from /opt/airflow/dags/coleta_dados_abertos_cnpj/dag.py
[2025-03-24T04:49:43.444+0000] {logging_mixin.py:190} INFO - [2025-03-24T04:49:43.443+0000] {dag.py:3239} INFO - Sync 1 DAGs
[2025-03-24T04:49:43.457+0000] {logging_mixin.py:190} INFO - [2025-03-24T04:49:43.457+0000] {dag.py:4180} INFO - Setting next_dagrun for coleta_dados_abertos_cnpj to 2025-02-10 00:00:00+00:00, run_after=2025-03-10 00:00:00+00:00
[2025-03-24T04:49:43.469+0000] {processor.py:208} INFO - Processing /opt/airflow/dags/coleta_dados_abertos_cnpj/dag.py took 0.180 seconds
[2025-03-24T04:50:13.749+0000] {processor.py:186} INFO - Started process (PID=4026) to work on /opt/airflow/dags/coleta_dados_abertos_cnpj/dag.py
[2025-03-24T04:50:13.750+0000] {processor.py:914} INFO - Processing file /opt/airflow/dags/coleta_dados_abertos_cnpj/dag.py for tasks to queue
[2025-03-24T04:50:13.752+0000] {logging_mixin.py:190} INFO - [2025-03-24T04:50:13.752+0000] {dagbag.py:588} INFO - Filling up the DagBag from /opt/airflow/dags/coleta_dados_abertos_cnpj/dag.py
[2025-03-24T04:50:13.877+0000] {processor.py:925} INFO - DAG(s) 'coleta_dados_abertos_cnpj' retrieved from /opt/airflow/dags/coleta_dados_abertos_cnpj/dag.py
[2025-03-24T04:50:13.893+0000] {logging_mixin.py:190} INFO - [2025-03-24T04:50:13.893+0000] {dag.py:3239} INFO - Sync 1 DAGs
[2025-03-24T04:50:13.905+0000] {logging_mixin.py:190} INFO - [2025-03-24T04:50:13.905+0000] {dag.py:4180} INFO - Setting next_dagrun for coleta_dados_abertos_cnpj to 2025-02-10 00:00:00+00:00, run_after=2025-03-10 00:00:00+00:00
[2025-03-24T04:50:13.916+0000] {processor.py:208} INFO - Processing /opt/airflow/dags/coleta_dados_abertos_cnpj/dag.py took 0.170 seconds
[2025-03-24T04:50:44.125+0000] {processor.py:186} INFO - Started process (PID=4037) to work on /opt/airflow/dags/coleta_dados_abertos_cnpj/dag.py
[2025-03-24T04:50:44.126+0000] {processor.py:914} INFO - Processing file /opt/airflow/dags/coleta_dados_abertos_cnpj/dag.py for tasks to queue
[2025-03-24T04:50:44.128+0000] {logging_mixin.py:190} INFO - [2025-03-24T04:50:44.128+0000] {dagbag.py:588} INFO - Filling up the DagBag from /opt/airflow/dags/coleta_dados_abertos_cnpj/dag.py
[2025-03-24T04:50:44.252+0000] {processor.py:925} INFO - DAG(s) 'coleta_dados_abertos_cnpj' retrieved from /opt/airflow/dags/coleta_dados_abertos_cnpj/dag.py
[2025-03-24T04:50:44.269+0000] {logging_mixin.py:190} INFO - [2025-03-24T04:50:44.269+0000] {dag.py:3239} INFO - Sync 1 DAGs
[2025-03-24T04:50:44.282+0000] {logging_mixin.py:190} INFO - [2025-03-24T04:50:44.281+0000] {dag.py:4180} INFO - Setting next_dagrun for coleta_dados_abertos_cnpj to 2025-02-10 00:00:00+00:00, run_after=2025-03-10 00:00:00+00:00
[2025-03-24T04:50:44.293+0000] {processor.py:208} INFO - Processing /opt/airflow/dags/coleta_dados_abertos_cnpj/dag.py took 0.171 seconds
[2025-03-24T04:51:14.492+0000] {processor.py:186} INFO - Started process (PID=4048) to work on /opt/airflow/dags/coleta_dados_abertos_cnpj/dag.py
[2025-03-24T04:51:14.493+0000] {processor.py:914} INFO - Processing file /opt/airflow/dags/coleta_dados_abertos_cnpj/dag.py for tasks to queue
[2025-03-24T04:51:14.495+0000] {logging_mixin.py:190} INFO - [2025-03-24T04:51:14.495+0000] {dagbag.py:588} INFO - Filling up the DagBag from /opt/airflow/dags/coleta_dados_abertos_cnpj/dag.py
[2025-03-24T04:51:14.621+0000] {processor.py:925} INFO - DAG(s) 'coleta_dados_abertos_cnpj' retrieved from /opt/airflow/dags/coleta_dados_abertos_cnpj/dag.py
[2025-03-24T04:51:14.637+0000] {logging_mixin.py:190} INFO - [2025-03-24T04:51:14.637+0000] {dag.py:3239} INFO - Sync 1 DAGs
[2025-03-24T04:51:14.651+0000] {logging_mixin.py:190} INFO - [2025-03-24T04:51:14.650+0000] {dag.py:4180} INFO - Setting next_dagrun for coleta_dados_abertos_cnpj to 2025-02-10 00:00:00+00:00, run_after=2025-03-10 00:00:00+00:00
[2025-03-24T04:51:14.662+0000] {processor.py:208} INFO - Processing /opt/airflow/dags/coleta_dados_abertos_cnpj/dag.py took 0.173 seconds
[2025-03-24T04:51:44.870+0000] {processor.py:186} INFO - Started process (PID=4059) to work on /opt/airflow/dags/coleta_dados_abertos_cnpj/dag.py
[2025-03-24T04:51:44.871+0000] {processor.py:914} INFO - Processing file /opt/airflow/dags/coleta_dados_abertos_cnpj/dag.py for tasks to queue
[2025-03-24T04:51:44.873+0000] {logging_mixin.py:190} INFO - [2025-03-24T04:51:44.873+0000] {dagbag.py:588} INFO - Filling up the DagBag from /opt/airflow/dags/coleta_dados_abertos_cnpj/dag.py
[2025-03-24T04:51:44.993+0000] {processor.py:925} INFO - DAG(s) 'coleta_dados_abertos_cnpj' retrieved from /opt/airflow/dags/coleta_dados_abertos_cnpj/dag.py
[2025-03-24T04:51:45.012+0000] {logging_mixin.py:190} INFO - [2025-03-24T04:51:45.012+0000] {dag.py:3239} INFO - Sync 1 DAGs
[2025-03-24T04:51:45.027+0000] {logging_mixin.py:190} INFO - [2025-03-24T04:51:45.027+0000] {dag.py:4180} INFO - Setting next_dagrun for coleta_dados_abertos_cnpj to 2025-02-10 00:00:00+00:00, run_after=2025-03-10 00:00:00+00:00
[2025-03-24T04:51:45.040+0000] {processor.py:208} INFO - Processing /opt/airflow/dags/coleta_dados_abertos_cnpj/dag.py took 0.174 seconds
[2025-03-24T04:52:15.244+0000] {processor.py:186} INFO - Started process (PID=4070) to work on /opt/airflow/dags/coleta_dados_abertos_cnpj/dag.py
[2025-03-24T04:52:15.244+0000] {processor.py:914} INFO - Processing file /opt/airflow/dags/coleta_dados_abertos_cnpj/dag.py for tasks to queue
[2025-03-24T04:52:15.246+0000] {logging_mixin.py:190} INFO - [2025-03-24T04:52:15.246+0000] {dagbag.py:588} INFO - Filling up the DagBag from /opt/airflow/dags/coleta_dados_abertos_cnpj/dag.py
[2025-03-24T04:52:15.368+0000] {processor.py:925} INFO - DAG(s) 'coleta_dados_abertos_cnpj' retrieved from /opt/airflow/dags/coleta_dados_abertos_cnpj/dag.py
[2025-03-24T04:52:15.386+0000] {logging_mixin.py:190} INFO - [2025-03-24T04:52:15.385+0000] {dag.py:3239} INFO - Sync 1 DAGs
[2025-03-24T04:52:15.398+0000] {logging_mixin.py:190} INFO - [2025-03-24T04:52:15.398+0000] {dag.py:4180} INFO - Setting next_dagrun for coleta_dados_abertos_cnpj to 2025-02-10 00:00:00+00:00, run_after=2025-03-10 00:00:00+00:00
[2025-03-24T04:52:15.410+0000] {processor.py:208} INFO - Processing /opt/airflow/dags/coleta_dados_abertos_cnpj/dag.py took 0.169 seconds
[2025-03-24T04:52:45.613+0000] {processor.py:186} INFO - Started process (PID=4081) to work on /opt/airflow/dags/coleta_dados_abertos_cnpj/dag.py
[2025-03-24T04:52:45.614+0000] {processor.py:914} INFO - Processing file /opt/airflow/dags/coleta_dados_abertos_cnpj/dag.py for tasks to queue
[2025-03-24T04:52:45.616+0000] {logging_mixin.py:190} INFO - [2025-03-24T04:52:45.616+0000] {dagbag.py:588} INFO - Filling up the DagBag from /opt/airflow/dags/coleta_dados_abertos_cnpj/dag.py
[2025-03-24T04:52:45.737+0000] {processor.py:925} INFO - DAG(s) 'coleta_dados_abertos_cnpj' retrieved from /opt/airflow/dags/coleta_dados_abertos_cnpj/dag.py
[2025-03-24T04:52:45.755+0000] {logging_mixin.py:190} INFO - [2025-03-24T04:52:45.755+0000] {dag.py:3239} INFO - Sync 1 DAGs
[2025-03-24T04:52:45.768+0000] {logging_mixin.py:190} INFO - [2025-03-24T04:52:45.768+0000] {dag.py:4180} INFO - Setting next_dagrun for coleta_dados_abertos_cnpj to 2025-02-10 00:00:00+00:00, run_after=2025-03-10 00:00:00+00:00
[2025-03-24T04:52:45.778+0000] {processor.py:208} INFO - Processing /opt/airflow/dags/coleta_dados_abertos_cnpj/dag.py took 0.168 seconds
[2025-03-24T04:53:15.976+0000] {processor.py:186} INFO - Started process (PID=4092) to work on /opt/airflow/dags/coleta_dados_abertos_cnpj/dag.py
[2025-03-24T04:53:15.977+0000] {processor.py:914} INFO - Processing file /opt/airflow/dags/coleta_dados_abertos_cnpj/dag.py for tasks to queue
[2025-03-24T04:53:15.980+0000] {logging_mixin.py:190} INFO - [2025-03-24T04:53:15.979+0000] {dagbag.py:588} INFO - Filling up the DagBag from /opt/airflow/dags/coleta_dados_abertos_cnpj/dag.py
[2025-03-24T04:53:16.101+0000] {processor.py:925} INFO - DAG(s) 'coleta_dados_abertos_cnpj' retrieved from /opt/airflow/dags/coleta_dados_abertos_cnpj/dag.py
[2025-03-24T04:53:16.118+0000] {logging_mixin.py:190} INFO - [2025-03-24T04:53:16.118+0000] {dag.py:3239} INFO - Sync 1 DAGs
[2025-03-24T04:53:16.131+0000] {logging_mixin.py:190} INFO - [2025-03-24T04:53:16.131+0000] {dag.py:4180} INFO - Setting next_dagrun for coleta_dados_abertos_cnpj to 2025-02-10 00:00:00+00:00, run_after=2025-03-10 00:00:00+00:00
[2025-03-24T04:53:16.140+0000] {processor.py:208} INFO - Processing /opt/airflow/dags/coleta_dados_abertos_cnpj/dag.py took 0.167 seconds
[2025-03-24T04:53:46.357+0000] {processor.py:186} INFO - Started process (PID=4103) to work on /opt/airflow/dags/coleta_dados_abertos_cnpj/dag.py
[2025-03-24T04:53:46.358+0000] {processor.py:914} INFO - Processing file /opt/airflow/dags/coleta_dados_abertos_cnpj/dag.py for tasks to queue
[2025-03-24T04:53:46.359+0000] {logging_mixin.py:190} INFO - [2025-03-24T04:53:46.359+0000] {dagbag.py:588} INFO - Filling up the DagBag from /opt/airflow/dags/coleta_dados_abertos_cnpj/dag.py
[2025-03-24T04:53:46.480+0000] {processor.py:925} INFO - DAG(s) 'coleta_dados_abertos_cnpj' retrieved from /opt/airflow/dags/coleta_dados_abertos_cnpj/dag.py
[2025-03-24T04:53:46.496+0000] {logging_mixin.py:190} INFO - [2025-03-24T04:53:46.496+0000] {dag.py:3239} INFO - Sync 1 DAGs
[2025-03-24T04:53:46.508+0000] {logging_mixin.py:190} INFO - [2025-03-24T04:53:46.507+0000] {dag.py:4180} INFO - Setting next_dagrun for coleta_dados_abertos_cnpj to 2025-02-10 00:00:00+00:00, run_after=2025-03-10 00:00:00+00:00
[2025-03-24T04:53:46.518+0000] {processor.py:208} INFO - Processing /opt/airflow/dags/coleta_dados_abertos_cnpj/dag.py took 0.165 seconds
[2025-03-24T04:54:16.732+0000] {processor.py:186} INFO - Started process (PID=4114) to work on /opt/airflow/dags/coleta_dados_abertos_cnpj/dag.py
[2025-03-24T04:54:16.733+0000] {processor.py:914} INFO - Processing file /opt/airflow/dags/coleta_dados_abertos_cnpj/dag.py for tasks to queue
[2025-03-24T04:54:16.735+0000] {logging_mixin.py:190} INFO - [2025-03-24T04:54:16.734+0000] {dagbag.py:588} INFO - Filling up the DagBag from /opt/airflow/dags/coleta_dados_abertos_cnpj/dag.py
[2025-03-24T04:54:16.861+0000] {processor.py:925} INFO - DAG(s) 'coleta_dados_abertos_cnpj' retrieved from /opt/airflow/dags/coleta_dados_abertos_cnpj/dag.py
[2025-03-24T04:54:16.877+0000] {logging_mixin.py:190} INFO - [2025-03-24T04:54:16.876+0000] {dag.py:3239} INFO - Sync 1 DAGs
[2025-03-24T04:54:16.889+0000] {logging_mixin.py:190} INFO - [2025-03-24T04:54:16.889+0000] {dag.py:4180} INFO - Setting next_dagrun for coleta_dados_abertos_cnpj to 2025-02-10 00:00:00+00:00, run_after=2025-03-10 00:00:00+00:00
[2025-03-24T04:54:16.900+0000] {processor.py:208} INFO - Processing /opt/airflow/dags/coleta_dados_abertos_cnpj/dag.py took 0.172 seconds
[2025-03-24T04:54:47.115+0000] {processor.py:186} INFO - Started process (PID=4125) to work on /opt/airflow/dags/coleta_dados_abertos_cnpj/dag.py
[2025-03-24T04:54:47.116+0000] {processor.py:914} INFO - Processing file /opt/airflow/dags/coleta_dados_abertos_cnpj/dag.py for tasks to queue
[2025-03-24T04:54:47.118+0000] {logging_mixin.py:190} INFO - [2025-03-24T04:54:47.117+0000] {dagbag.py:588} INFO - Filling up the DagBag from /opt/airflow/dags/coleta_dados_abertos_cnpj/dag.py
[2025-03-24T04:54:47.241+0000] {processor.py:925} INFO - DAG(s) 'coleta_dados_abertos_cnpj' retrieved from /opt/airflow/dags/coleta_dados_abertos_cnpj/dag.py
[2025-03-24T04:54:47.258+0000] {logging_mixin.py:190} INFO - [2025-03-24T04:54:47.258+0000] {dag.py:3239} INFO - Sync 1 DAGs
[2025-03-24T04:54:47.271+0000] {logging_mixin.py:190} INFO - [2025-03-24T04:54:47.271+0000] {dag.py:4180} INFO - Setting next_dagrun for coleta_dados_abertos_cnpj to 2025-02-10 00:00:00+00:00, run_after=2025-03-10 00:00:00+00:00
[2025-03-24T04:54:47.281+0000] {processor.py:208} INFO - Processing /opt/airflow/dags/coleta_dados_abertos_cnpj/dag.py took 0.170 seconds
[2025-03-24T04:55:17.542+0000] {processor.py:186} INFO - Started process (PID=4136) to work on /opt/airflow/dags/coleta_dados_abertos_cnpj/dag.py
[2025-03-24T04:55:17.544+0000] {processor.py:914} INFO - Processing file /opt/airflow/dags/coleta_dados_abertos_cnpj/dag.py for tasks to queue
[2025-03-24T04:55:17.545+0000] {logging_mixin.py:190} INFO - [2025-03-24T04:55:17.545+0000] {dagbag.py:588} INFO - Filling up the DagBag from /opt/airflow/dags/coleta_dados_abertos_cnpj/dag.py
[2025-03-24T04:55:17.683+0000] {processor.py:925} INFO - DAG(s) 'coleta_dados_abertos_cnpj' retrieved from /opt/airflow/dags/coleta_dados_abertos_cnpj/dag.py
[2025-03-24T04:55:17.700+0000] {logging_mixin.py:190} INFO - [2025-03-24T04:55:17.699+0000] {dag.py:3239} INFO - Sync 1 DAGs
[2025-03-24T04:55:17.712+0000] {logging_mixin.py:190} INFO - [2025-03-24T04:55:17.712+0000] {dag.py:4180} INFO - Setting next_dagrun for coleta_dados_abertos_cnpj to 2025-02-10 00:00:00+00:00, run_after=2025-03-10 00:00:00+00:00
[2025-03-24T04:55:17.722+0000] {processor.py:208} INFO - Processing /opt/airflow/dags/coleta_dados_abertos_cnpj/dag.py took 0.183 seconds
[2025-03-24T04:55:47.924+0000] {processor.py:186} INFO - Started process (PID=4147) to work on /opt/airflow/dags/coleta_dados_abertos_cnpj/dag.py
[2025-03-24T04:55:47.925+0000] {processor.py:914} INFO - Processing file /opt/airflow/dags/coleta_dados_abertos_cnpj/dag.py for tasks to queue
[2025-03-24T04:55:47.927+0000] {logging_mixin.py:190} INFO - [2025-03-24T04:55:47.926+0000] {dagbag.py:588} INFO - Filling up the DagBag from /opt/airflow/dags/coleta_dados_abertos_cnpj/dag.py
[2025-03-24T04:55:48.049+0000] {processor.py:925} INFO - DAG(s) 'coleta_dados_abertos_cnpj' retrieved from /opt/airflow/dags/coleta_dados_abertos_cnpj/dag.py
[2025-03-24T04:55:48.066+0000] {logging_mixin.py:190} INFO - [2025-03-24T04:55:48.065+0000] {dag.py:3239} INFO - Sync 1 DAGs
[2025-03-24T04:55:48.078+0000] {logging_mixin.py:190} INFO - [2025-03-24T04:55:48.078+0000] {dag.py:4180} INFO - Setting next_dagrun for coleta_dados_abertos_cnpj to 2025-02-10 00:00:00+00:00, run_after=2025-03-10 00:00:00+00:00
[2025-03-24T04:55:48.089+0000] {processor.py:208} INFO - Processing /opt/airflow/dags/coleta_dados_abertos_cnpj/dag.py took 0.168 seconds
[2025-03-24T04:56:18.307+0000] {processor.py:186} INFO - Started process (PID=4158) to work on /opt/airflow/dags/coleta_dados_abertos_cnpj/dag.py
[2025-03-24T04:56:18.309+0000] {processor.py:914} INFO - Processing file /opt/airflow/dags/coleta_dados_abertos_cnpj/dag.py for tasks to queue
[2025-03-24T04:56:18.311+0000] {logging_mixin.py:190} INFO - [2025-03-24T04:56:18.311+0000] {dagbag.py:588} INFO - Filling up the DagBag from /opt/airflow/dags/coleta_dados_abertos_cnpj/dag.py
[2025-03-24T04:56:18.434+0000] {processor.py:925} INFO - DAG(s) 'coleta_dados_abertos_cnpj' retrieved from /opt/airflow/dags/coleta_dados_abertos_cnpj/dag.py
[2025-03-24T04:56:18.450+0000] {logging_mixin.py:190} INFO - [2025-03-24T04:56:18.449+0000] {dag.py:3239} INFO - Sync 1 DAGs
[2025-03-24T04:56:18.462+0000] {logging_mixin.py:190} INFO - [2025-03-24T04:56:18.461+0000] {dag.py:4180} INFO - Setting next_dagrun for coleta_dados_abertos_cnpj to 2025-02-10 00:00:00+00:00, run_after=2025-03-10 00:00:00+00:00
[2025-03-24T04:56:18.472+0000] {processor.py:208} INFO - Processing /opt/airflow/dags/coleta_dados_abertos_cnpj/dag.py took 0.168 seconds
[2025-03-24T04:56:48.691+0000] {processor.py:186} INFO - Started process (PID=4169) to work on /opt/airflow/dags/coleta_dados_abertos_cnpj/dag.py
[2025-03-24T04:56:48.692+0000] {processor.py:914} INFO - Processing file /opt/airflow/dags/coleta_dados_abertos_cnpj/dag.py for tasks to queue
[2025-03-24T04:56:48.694+0000] {logging_mixin.py:190} INFO - [2025-03-24T04:56:48.694+0000] {dagbag.py:588} INFO - Filling up the DagBag from /opt/airflow/dags/coleta_dados_abertos_cnpj/dag.py
[2025-03-24T04:56:48.817+0000] {processor.py:925} INFO - DAG(s) 'coleta_dados_abertos_cnpj' retrieved from /opt/airflow/dags/coleta_dados_abertos_cnpj/dag.py
[2025-03-24T04:56:48.834+0000] {logging_mixin.py:190} INFO - [2025-03-24T04:56:48.833+0000] {dag.py:3239} INFO - Sync 1 DAGs
[2025-03-24T04:56:48.847+0000] {logging_mixin.py:190} INFO - [2025-03-24T04:56:48.847+0000] {dag.py:4180} INFO - Setting next_dagrun for coleta_dados_abertos_cnpj to 2025-02-10 00:00:00+00:00, run_after=2025-03-10 00:00:00+00:00
[2025-03-24T04:56:48.858+0000] {processor.py:208} INFO - Processing /opt/airflow/dags/coleta_dados_abertos_cnpj/dag.py took 0.170 seconds
[2025-03-24T04:57:19.050+0000] {processor.py:186} INFO - Started process (PID=4180) to work on /opt/airflow/dags/coleta_dados_abertos_cnpj/dag.py
[2025-03-24T04:57:19.051+0000] {processor.py:914} INFO - Processing file /opt/airflow/dags/coleta_dados_abertos_cnpj/dag.py for tasks to queue
[2025-03-24T04:57:19.053+0000] {logging_mixin.py:190} INFO - [2025-03-24T04:57:19.053+0000] {dagbag.py:588} INFO - Filling up the DagBag from /opt/airflow/dags/coleta_dados_abertos_cnpj/dag.py
[2025-03-24T04:57:19.179+0000] {processor.py:925} INFO - DAG(s) 'coleta_dados_abertos_cnpj' retrieved from /opt/airflow/dags/coleta_dados_abertos_cnpj/dag.py
[2025-03-24T04:57:19.196+0000] {logging_mixin.py:190} INFO - [2025-03-24T04:57:19.196+0000] {dag.py:3239} INFO - Sync 1 DAGs
[2025-03-24T04:57:19.209+0000] {logging_mixin.py:190} INFO - [2025-03-24T04:57:19.208+0000] {dag.py:4180} INFO - Setting next_dagrun for coleta_dados_abertos_cnpj to 2025-02-10 00:00:00+00:00, run_after=2025-03-10 00:00:00+00:00
[2025-03-24T04:57:19.221+0000] {processor.py:208} INFO - Processing /opt/airflow/dags/coleta_dados_abertos_cnpj/dag.py took 0.175 seconds
[2025-03-24T04:57:49.435+0000] {processor.py:186} INFO - Started process (PID=4191) to work on /opt/airflow/dags/coleta_dados_abertos_cnpj/dag.py
[2025-03-24T04:57:49.436+0000] {processor.py:914} INFO - Processing file /opt/airflow/dags/coleta_dados_abertos_cnpj/dag.py for tasks to queue
[2025-03-24T04:57:49.438+0000] {logging_mixin.py:190} INFO - [2025-03-24T04:57:49.437+0000] {dagbag.py:588} INFO - Filling up the DagBag from /opt/airflow/dags/coleta_dados_abertos_cnpj/dag.py
[2025-03-24T04:57:49.561+0000] {processor.py:925} INFO - DAG(s) 'coleta_dados_abertos_cnpj' retrieved from /opt/airflow/dags/coleta_dados_abertos_cnpj/dag.py
[2025-03-24T04:57:49.580+0000] {logging_mixin.py:190} INFO - [2025-03-24T04:57:49.579+0000] {dag.py:3239} INFO - Sync 1 DAGs
[2025-03-24T04:57:49.594+0000] {logging_mixin.py:190} INFO - [2025-03-24T04:57:49.593+0000] {dag.py:4180} INFO - Setting next_dagrun for coleta_dados_abertos_cnpj to 2025-02-10 00:00:00+00:00, run_after=2025-03-10 00:00:00+00:00
[2025-03-24T04:57:49.605+0000] {processor.py:208} INFO - Processing /opt/airflow/dags/coleta_dados_abertos_cnpj/dag.py took 0.173 seconds
[2025-03-24T04:58:19.799+0000] {processor.py:186} INFO - Started process (PID=4202) to work on /opt/airflow/dags/coleta_dados_abertos_cnpj/dag.py
[2025-03-24T04:58:19.800+0000] {processor.py:914} INFO - Processing file /opt/airflow/dags/coleta_dados_abertos_cnpj/dag.py for tasks to queue
[2025-03-24T04:58:19.802+0000] {logging_mixin.py:190} INFO - [2025-03-24T04:58:19.802+0000] {dagbag.py:588} INFO - Filling up the DagBag from /opt/airflow/dags/coleta_dados_abertos_cnpj/dag.py
[2025-03-24T04:58:19.922+0000] {processor.py:925} INFO - DAG(s) 'coleta_dados_abertos_cnpj' retrieved from /opt/airflow/dags/coleta_dados_abertos_cnpj/dag.py
[2025-03-24T04:58:19.938+0000] {logging_mixin.py:190} INFO - [2025-03-24T04:58:19.938+0000] {dag.py:3239} INFO - Sync 1 DAGs
[2025-03-24T04:58:19.951+0000] {logging_mixin.py:190} INFO - [2025-03-24T04:58:19.951+0000] {dag.py:4180} INFO - Setting next_dagrun for coleta_dados_abertos_cnpj to 2025-02-10 00:00:00+00:00, run_after=2025-03-10 00:00:00+00:00
[2025-03-24T04:58:19.964+0000] {processor.py:208} INFO - Processing /opt/airflow/dags/coleta_dados_abertos_cnpj/dag.py took 0.168 seconds
[2025-03-24T04:58:50.158+0000] {processor.py:186} INFO - Started process (PID=4213) to work on /opt/airflow/dags/coleta_dados_abertos_cnpj/dag.py
[2025-03-24T04:58:50.159+0000] {processor.py:914} INFO - Processing file /opt/airflow/dags/coleta_dados_abertos_cnpj/dag.py for tasks to queue
[2025-03-24T04:58:50.162+0000] {logging_mixin.py:190} INFO - [2025-03-24T04:58:50.162+0000] {dagbag.py:588} INFO - Filling up the DagBag from /opt/airflow/dags/coleta_dados_abertos_cnpj/dag.py
[2025-03-24T04:58:50.286+0000] {processor.py:925} INFO - DAG(s) 'coleta_dados_abertos_cnpj' retrieved from /opt/airflow/dags/coleta_dados_abertos_cnpj/dag.py
[2025-03-24T04:58:50.304+0000] {logging_mixin.py:190} INFO - [2025-03-24T04:58:50.304+0000] {dag.py:3239} INFO - Sync 1 DAGs
[2025-03-24T04:58:50.318+0000] {logging_mixin.py:190} INFO - [2025-03-24T04:58:50.317+0000] {dag.py:4180} INFO - Setting next_dagrun for coleta_dados_abertos_cnpj to 2025-02-10 00:00:00+00:00, run_after=2025-03-10 00:00:00+00:00
[2025-03-24T04:58:50.332+0000] {processor.py:208} INFO - Processing /opt/airflow/dags/coleta_dados_abertos_cnpj/dag.py took 0.178 seconds
[2025-03-24T04:59:20.548+0000] {processor.py:186} INFO - Started process (PID=4223) to work on /opt/airflow/dags/coleta_dados_abertos_cnpj/dag.py
[2025-03-24T04:59:20.549+0000] {processor.py:914} INFO - Processing file /opt/airflow/dags/coleta_dados_abertos_cnpj/dag.py for tasks to queue
[2025-03-24T04:59:20.552+0000] {logging_mixin.py:190} INFO - [2025-03-24T04:59:20.552+0000] {dagbag.py:588} INFO - Filling up the DagBag from /opt/airflow/dags/coleta_dados_abertos_cnpj/dag.py
[2025-03-24T04:59:20.683+0000] {processor.py:925} INFO - DAG(s) 'coleta_dados_abertos_cnpj' retrieved from /opt/airflow/dags/coleta_dados_abertos_cnpj/dag.py
[2025-03-24T04:59:20.702+0000] {logging_mixin.py:190} INFO - [2025-03-24T04:59:20.702+0000] {dag.py:3239} INFO - Sync 1 DAGs
[2025-03-24T04:59:20.716+0000] {logging_mixin.py:190} INFO - [2025-03-24T04:59:20.716+0000] {dag.py:4180} INFO - Setting next_dagrun for coleta_dados_abertos_cnpj to 2025-02-10 00:00:00+00:00, run_after=2025-03-10 00:00:00+00:00
[2025-03-24T04:59:20.729+0000] {processor.py:208} INFO - Processing /opt/airflow/dags/coleta_dados_abertos_cnpj/dag.py took 0.184 seconds
[2025-03-24T04:59:50.927+0000] {processor.py:186} INFO - Started process (PID=4234) to work on /opt/airflow/dags/coleta_dados_abertos_cnpj/dag.py
[2025-03-24T04:59:50.929+0000] {processor.py:914} INFO - Processing file /opt/airflow/dags/coleta_dados_abertos_cnpj/dag.py for tasks to queue
[2025-03-24T04:59:50.931+0000] {logging_mixin.py:190} INFO - [2025-03-24T04:59:50.930+0000] {dagbag.py:588} INFO - Filling up the DagBag from /opt/airflow/dags/coleta_dados_abertos_cnpj/dag.py
[2025-03-24T04:59:51.063+0000] {processor.py:925} INFO - DAG(s) 'coleta_dados_abertos_cnpj' retrieved from /opt/airflow/dags/coleta_dados_abertos_cnpj/dag.py
[2025-03-24T04:59:51.081+0000] {logging_mixin.py:190} INFO - [2025-03-24T04:59:51.081+0000] {dag.py:3239} INFO - Sync 1 DAGs
[2025-03-24T04:59:51.096+0000] {logging_mixin.py:190} INFO - [2025-03-24T04:59:51.096+0000] {dag.py:4180} INFO - Setting next_dagrun for coleta_dados_abertos_cnpj to 2025-02-10 00:00:00+00:00, run_after=2025-03-10 00:00:00+00:00
[2025-03-24T04:59:51.106+0000] {processor.py:208} INFO - Processing /opt/airflow/dags/coleta_dados_abertos_cnpj/dag.py took 0.182 seconds
[2025-03-24T05:00:21.349+0000] {processor.py:186} INFO - Started process (PID=4245) to work on /opt/airflow/dags/coleta_dados_abertos_cnpj/dag.py
[2025-03-24T05:00:21.350+0000] {processor.py:914} INFO - Processing file /opt/airflow/dags/coleta_dados_abertos_cnpj/dag.py for tasks to queue
[2025-03-24T05:00:21.352+0000] {logging_mixin.py:190} INFO - [2025-03-24T05:00:21.352+0000] {dagbag.py:588} INFO - Filling up the DagBag from /opt/airflow/dags/coleta_dados_abertos_cnpj/dag.py
[2025-03-24T05:00:21.472+0000] {processor.py:925} INFO - DAG(s) 'coleta_dados_abertos_cnpj' retrieved from /opt/airflow/dags/coleta_dados_abertos_cnpj/dag.py
[2025-03-24T05:00:21.489+0000] {logging_mixin.py:190} INFO - [2025-03-24T05:00:21.489+0000] {dag.py:3239} INFO - Sync 1 DAGs
[2025-03-24T05:00:21.502+0000] {logging_mixin.py:190} INFO - [2025-03-24T05:00:21.502+0000] {dag.py:4180} INFO - Setting next_dagrun for coleta_dados_abertos_cnpj to 2025-02-10 00:00:00+00:00, run_after=2025-03-10 00:00:00+00:00
[2025-03-24T05:00:21.512+0000] {processor.py:208} INFO - Processing /opt/airflow/dags/coleta_dados_abertos_cnpj/dag.py took 0.166 seconds
[2025-03-24T05:00:51.721+0000] {processor.py:186} INFO - Started process (PID=4256) to work on /opt/airflow/dags/coleta_dados_abertos_cnpj/dag.py
[2025-03-24T05:00:51.722+0000] {processor.py:914} INFO - Processing file /opt/airflow/dags/coleta_dados_abertos_cnpj/dag.py for tasks to queue
[2025-03-24T05:00:51.724+0000] {logging_mixin.py:190} INFO - [2025-03-24T05:00:51.724+0000] {dagbag.py:588} INFO - Filling up the DagBag from /opt/airflow/dags/coleta_dados_abertos_cnpj/dag.py
[2025-03-24T05:00:51.845+0000] {processor.py:925} INFO - DAG(s) 'coleta_dados_abertos_cnpj' retrieved from /opt/airflow/dags/coleta_dados_abertos_cnpj/dag.py
[2025-03-24T05:00:51.862+0000] {logging_mixin.py:190} INFO - [2025-03-24T05:00:51.862+0000] {dag.py:3239} INFO - Sync 1 DAGs
[2025-03-24T05:00:51.875+0000] {logging_mixin.py:190} INFO - [2025-03-24T05:00:51.875+0000] {dag.py:4180} INFO - Setting next_dagrun for coleta_dados_abertos_cnpj to 2025-02-10 00:00:00+00:00, run_after=2025-03-10 00:00:00+00:00
[2025-03-24T05:00:51.888+0000] {processor.py:208} INFO - Processing /opt/airflow/dags/coleta_dados_abertos_cnpj/dag.py took 0.170 seconds
[2025-03-24T05:01:22.101+0000] {processor.py:186} INFO - Started process (PID=4267) to work on /opt/airflow/dags/coleta_dados_abertos_cnpj/dag.py
[2025-03-24T05:01:22.103+0000] {processor.py:914} INFO - Processing file /opt/airflow/dags/coleta_dados_abertos_cnpj/dag.py for tasks to queue
[2025-03-24T05:01:22.104+0000] {logging_mixin.py:190} INFO - [2025-03-24T05:01:22.104+0000] {dagbag.py:588} INFO - Filling up the DagBag from /opt/airflow/dags/coleta_dados_abertos_cnpj/dag.py
[2025-03-24T05:01:22.227+0000] {processor.py:925} INFO - DAG(s) 'coleta_dados_abertos_cnpj' retrieved from /opt/airflow/dags/coleta_dados_abertos_cnpj/dag.py
[2025-03-24T05:01:22.243+0000] {logging_mixin.py:190} INFO - [2025-03-24T05:01:22.243+0000] {dag.py:3239} INFO - Sync 1 DAGs
[2025-03-24T05:01:22.255+0000] {logging_mixin.py:190} INFO - [2025-03-24T05:01:22.255+0000] {dag.py:4180} INFO - Setting next_dagrun for coleta_dados_abertos_cnpj to 2025-02-10 00:00:00+00:00, run_after=2025-03-10 00:00:00+00:00
[2025-03-24T05:01:22.270+0000] {processor.py:208} INFO - Processing /opt/airflow/dags/coleta_dados_abertos_cnpj/dag.py took 0.172 seconds
[2025-03-24T05:01:52.470+0000] {processor.py:186} INFO - Started process (PID=4278) to work on /opt/airflow/dags/coleta_dados_abertos_cnpj/dag.py
[2025-03-24T05:01:52.471+0000] {processor.py:914} INFO - Processing file /opt/airflow/dags/coleta_dados_abertos_cnpj/dag.py for tasks to queue
[2025-03-24T05:01:52.472+0000] {logging_mixin.py:190} INFO - [2025-03-24T05:01:52.472+0000] {dagbag.py:588} INFO - Filling up the DagBag from /opt/airflow/dags/coleta_dados_abertos_cnpj/dag.py
[2025-03-24T05:01:52.594+0000] {processor.py:925} INFO - DAG(s) 'coleta_dados_abertos_cnpj' retrieved from /opt/airflow/dags/coleta_dados_abertos_cnpj/dag.py
[2025-03-24T05:01:52.610+0000] {logging_mixin.py:190} INFO - [2025-03-24T05:01:52.609+0000] {dag.py:3239} INFO - Sync 1 DAGs
[2025-03-24T05:01:52.622+0000] {logging_mixin.py:190} INFO - [2025-03-24T05:01:52.621+0000] {dag.py:4180} INFO - Setting next_dagrun for coleta_dados_abertos_cnpj to 2025-02-10 00:00:00+00:00, run_after=2025-03-10 00:00:00+00:00
[2025-03-24T05:01:52.632+0000] {processor.py:208} INFO - Processing /opt/airflow/dags/coleta_dados_abertos_cnpj/dag.py took 0.165 seconds
[2025-03-24T05:02:22.848+0000] {processor.py:186} INFO - Started process (PID=4289) to work on /opt/airflow/dags/coleta_dados_abertos_cnpj/dag.py
[2025-03-24T05:02:22.850+0000] {processor.py:914} INFO - Processing file /opt/airflow/dags/coleta_dados_abertos_cnpj/dag.py for tasks to queue
[2025-03-24T05:02:22.852+0000] {logging_mixin.py:190} INFO - [2025-03-24T05:02:22.852+0000] {dagbag.py:588} INFO - Filling up the DagBag from /opt/airflow/dags/coleta_dados_abertos_cnpj/dag.py
[2025-03-24T05:02:22.972+0000] {processor.py:925} INFO - DAG(s) 'coleta_dados_abertos_cnpj' retrieved from /opt/airflow/dags/coleta_dados_abertos_cnpj/dag.py
[2025-03-24T05:02:22.988+0000] {logging_mixin.py:190} INFO - [2025-03-24T05:02:22.988+0000] {dag.py:3239} INFO - Sync 1 DAGs
[2025-03-24T05:02:23.001+0000] {logging_mixin.py:190} INFO - [2025-03-24T05:02:23.001+0000] {dag.py:4180} INFO - Setting next_dagrun for coleta_dados_abertos_cnpj to 2025-02-10 00:00:00+00:00, run_after=2025-03-10 00:00:00+00:00
[2025-03-24T05:02:23.013+0000] {processor.py:208} INFO - Processing /opt/airflow/dags/coleta_dados_abertos_cnpj/dag.py took 0.168 seconds
[2025-03-24T05:02:53.229+0000] {processor.py:186} INFO - Started process (PID=4300) to work on /opt/airflow/dags/coleta_dados_abertos_cnpj/dag.py
[2025-03-24T05:02:53.230+0000] {processor.py:914} INFO - Processing file /opt/airflow/dags/coleta_dados_abertos_cnpj/dag.py for tasks to queue
[2025-03-24T05:02:53.233+0000] {logging_mixin.py:190} INFO - [2025-03-24T05:02:53.233+0000] {dagbag.py:588} INFO - Filling up the DagBag from /opt/airflow/dags/coleta_dados_abertos_cnpj/dag.py
[2025-03-24T05:02:53.352+0000] {processor.py:925} INFO - DAG(s) 'coleta_dados_abertos_cnpj' retrieved from /opt/airflow/dags/coleta_dados_abertos_cnpj/dag.py
[2025-03-24T05:02:53.370+0000] {logging_mixin.py:190} INFO - [2025-03-24T05:02:53.369+0000] {dag.py:3239} INFO - Sync 1 DAGs
[2025-03-24T05:02:53.382+0000] {logging_mixin.py:190} INFO - [2025-03-24T05:02:53.382+0000] {dag.py:4180} INFO - Setting next_dagrun for coleta_dados_abertos_cnpj to 2025-02-10 00:00:00+00:00, run_after=2025-03-10 00:00:00+00:00
[2025-03-24T05:02:53.394+0000] {processor.py:208} INFO - Processing /opt/airflow/dags/coleta_dados_abertos_cnpj/dag.py took 0.168 seconds
[2025-03-24T05:03:23.599+0000] {processor.py:186} INFO - Started process (PID=4311) to work on /opt/airflow/dags/coleta_dados_abertos_cnpj/dag.py
[2025-03-24T05:03:23.600+0000] {processor.py:914} INFO - Processing file /opt/airflow/dags/coleta_dados_abertos_cnpj/dag.py for tasks to queue
[2025-03-24T05:03:23.601+0000] {logging_mixin.py:190} INFO - [2025-03-24T05:03:23.601+0000] {dagbag.py:588} INFO - Filling up the DagBag from /opt/airflow/dags/coleta_dados_abertos_cnpj/dag.py
[2025-03-24T05:03:23.722+0000] {processor.py:925} INFO - DAG(s) 'coleta_dados_abertos_cnpj' retrieved from /opt/airflow/dags/coleta_dados_abertos_cnpj/dag.py
[2025-03-24T05:03:23.739+0000] {logging_mixin.py:190} INFO - [2025-03-24T05:03:23.739+0000] {dag.py:3239} INFO - Sync 1 DAGs
[2025-03-24T05:03:23.752+0000] {logging_mixin.py:190} INFO - [2025-03-24T05:03:23.752+0000] {dag.py:4180} INFO - Setting next_dagrun for coleta_dados_abertos_cnpj to 2025-02-10 00:00:00+00:00, run_after=2025-03-10 00:00:00+00:00
[2025-03-24T05:03:23.762+0000] {processor.py:208} INFO - Processing /opt/airflow/dags/coleta_dados_abertos_cnpj/dag.py took 0.166 seconds
[2025-03-24T05:03:53.980+0000] {processor.py:186} INFO - Started process (PID=4322) to work on /opt/airflow/dags/coleta_dados_abertos_cnpj/dag.py
[2025-03-24T05:03:53.981+0000] {processor.py:914} INFO - Processing file /opt/airflow/dags/coleta_dados_abertos_cnpj/dag.py for tasks to queue
[2025-03-24T05:03:53.983+0000] {logging_mixin.py:190} INFO - [2025-03-24T05:03:53.983+0000] {dagbag.py:588} INFO - Filling up the DagBag from /opt/airflow/dags/coleta_dados_abertos_cnpj/dag.py
[2025-03-24T05:03:54.105+0000] {processor.py:925} INFO - DAG(s) 'coleta_dados_abertos_cnpj' retrieved from /opt/airflow/dags/coleta_dados_abertos_cnpj/dag.py
[2025-03-24T05:03:54.121+0000] {logging_mixin.py:190} INFO - [2025-03-24T05:03:54.121+0000] {dag.py:3239} INFO - Sync 1 DAGs
[2025-03-24T05:03:54.135+0000] {logging_mixin.py:190} INFO - [2025-03-24T05:03:54.135+0000] {dag.py:4180} INFO - Setting next_dagrun for coleta_dados_abertos_cnpj to 2025-02-10 00:00:00+00:00, run_after=2025-03-10 00:00:00+00:00
[2025-03-24T05:03:54.148+0000] {processor.py:208} INFO - Processing /opt/airflow/dags/coleta_dados_abertos_cnpj/dag.py took 0.171 seconds
[2025-03-24T05:04:24.369+0000] {processor.py:186} INFO - Started process (PID=4333) to work on /opt/airflow/dags/coleta_dados_abertos_cnpj/dag.py
[2025-03-24T05:04:24.370+0000] {processor.py:914} INFO - Processing file /opt/airflow/dags/coleta_dados_abertos_cnpj/dag.py for tasks to queue
[2025-03-24T05:04:24.372+0000] {logging_mixin.py:190} INFO - [2025-03-24T05:04:24.371+0000] {dagbag.py:588} INFO - Filling up the DagBag from /opt/airflow/dags/coleta_dados_abertos_cnpj/dag.py
[2025-03-24T05:04:24.496+0000] {processor.py:925} INFO - DAG(s) 'coleta_dados_abertos_cnpj' retrieved from /opt/airflow/dags/coleta_dados_abertos_cnpj/dag.py
[2025-03-24T05:04:24.513+0000] {logging_mixin.py:190} INFO - [2025-03-24T05:04:24.513+0000] {dag.py:3239} INFO - Sync 1 DAGs
[2025-03-24T05:04:24.525+0000] {logging_mixin.py:190} INFO - [2025-03-24T05:04:24.525+0000] {dag.py:4180} INFO - Setting next_dagrun for coleta_dados_abertos_cnpj to 2025-02-10 00:00:00+00:00, run_after=2025-03-10 00:00:00+00:00
[2025-03-24T05:04:24.536+0000] {processor.py:208} INFO - Processing /opt/airflow/dags/coleta_dados_abertos_cnpj/dag.py took 0.170 seconds
[2025-03-24T05:04:54.746+0000] {processor.py:186} INFO - Started process (PID=4344) to work on /opt/airflow/dags/coleta_dados_abertos_cnpj/dag.py
[2025-03-24T05:04:54.747+0000] {processor.py:914} INFO - Processing file /opt/airflow/dags/coleta_dados_abertos_cnpj/dag.py for tasks to queue
[2025-03-24T05:04:54.750+0000] {logging_mixin.py:190} INFO - [2025-03-24T05:04:54.750+0000] {dagbag.py:588} INFO - Filling up the DagBag from /opt/airflow/dags/coleta_dados_abertos_cnpj/dag.py
[2025-03-24T05:04:54.870+0000] {processor.py:925} INFO - DAG(s) 'coleta_dados_abertos_cnpj' retrieved from /opt/airflow/dags/coleta_dados_abertos_cnpj/dag.py
[2025-03-24T05:04:54.887+0000] {logging_mixin.py:190} INFO - [2025-03-24T05:04:54.887+0000] {dag.py:3239} INFO - Sync 1 DAGs
[2025-03-24T05:04:54.900+0000] {logging_mixin.py:190} INFO - [2025-03-24T05:04:54.900+0000] {dag.py:4180} INFO - Setting next_dagrun for coleta_dados_abertos_cnpj to 2025-02-10 00:00:00+00:00, run_after=2025-03-10 00:00:00+00:00
[2025-03-24T05:04:54.909+0000] {processor.py:208} INFO - Processing /opt/airflow/dags/coleta_dados_abertos_cnpj/dag.py took 0.166 seconds
[2025-03-24T05:05:25.179+0000] {processor.py:186} INFO - Started process (PID=4355) to work on /opt/airflow/dags/coleta_dados_abertos_cnpj/dag.py
[2025-03-24T05:05:25.180+0000] {processor.py:914} INFO - Processing file /opt/airflow/dags/coleta_dados_abertos_cnpj/dag.py for tasks to queue
[2025-03-24T05:05:25.181+0000] {logging_mixin.py:190} INFO - [2025-03-24T05:05:25.181+0000] {dagbag.py:588} INFO - Filling up the DagBag from /opt/airflow/dags/coleta_dados_abertos_cnpj/dag.py
[2025-03-24T05:05:25.303+0000] {processor.py:925} INFO - DAG(s) 'coleta_dados_abertos_cnpj' retrieved from /opt/airflow/dags/coleta_dados_abertos_cnpj/dag.py
[2025-03-24T05:05:25.320+0000] {logging_mixin.py:190} INFO - [2025-03-24T05:05:25.320+0000] {dag.py:3239} INFO - Sync 1 DAGs
[2025-03-24T05:05:25.332+0000] {logging_mixin.py:190} INFO - [2025-03-24T05:05:25.331+0000] {dag.py:4180} INFO - Setting next_dagrun for coleta_dados_abertos_cnpj to 2025-02-10 00:00:00+00:00, run_after=2025-03-10 00:00:00+00:00
[2025-03-24T05:05:25.341+0000] {processor.py:208} INFO - Processing /opt/airflow/dags/coleta_dados_abertos_cnpj/dag.py took 0.165 seconds
[2025-03-24T05:05:55.546+0000] {processor.py:186} INFO - Started process (PID=4366) to work on /opt/airflow/dags/coleta_dados_abertos_cnpj/dag.py
[2025-03-24T05:05:55.547+0000] {processor.py:914} INFO - Processing file /opt/airflow/dags/coleta_dados_abertos_cnpj/dag.py for tasks to queue
[2025-03-24T05:05:55.549+0000] {logging_mixin.py:190} INFO - [2025-03-24T05:05:55.549+0000] {dagbag.py:588} INFO - Filling up the DagBag from /opt/airflow/dags/coleta_dados_abertos_cnpj/dag.py
[2025-03-24T05:05:55.675+0000] {processor.py:925} INFO - DAG(s) 'coleta_dados_abertos_cnpj' retrieved from /opt/airflow/dags/coleta_dados_abertos_cnpj/dag.py
[2025-03-24T05:05:55.693+0000] {logging_mixin.py:190} INFO - [2025-03-24T05:05:55.693+0000] {dag.py:3239} INFO - Sync 1 DAGs
[2025-03-24T05:05:55.708+0000] {logging_mixin.py:190} INFO - [2025-03-24T05:05:55.707+0000] {dag.py:4180} INFO - Setting next_dagrun for coleta_dados_abertos_cnpj to 2025-02-10 00:00:00+00:00, run_after=2025-03-10 00:00:00+00:00
[2025-03-24T05:05:55.720+0000] {processor.py:208} INFO - Processing /opt/airflow/dags/coleta_dados_abertos_cnpj/dag.py took 0.176 seconds
[2025-03-24T05:06:25.910+0000] {processor.py:186} INFO - Started process (PID=4377) to work on /opt/airflow/dags/coleta_dados_abertos_cnpj/dag.py
[2025-03-24T05:06:25.911+0000] {processor.py:914} INFO - Processing file /opt/airflow/dags/coleta_dados_abertos_cnpj/dag.py for tasks to queue
[2025-03-24T05:06:25.913+0000] {logging_mixin.py:190} INFO - [2025-03-24T05:06:25.913+0000] {dagbag.py:588} INFO - Filling up the DagBag from /opt/airflow/dags/coleta_dados_abertos_cnpj/dag.py
[2025-03-24T05:06:26.037+0000] {processor.py:925} INFO - DAG(s) 'coleta_dados_abertos_cnpj' retrieved from /opt/airflow/dags/coleta_dados_abertos_cnpj/dag.py
[2025-03-24T05:06:26.053+0000] {logging_mixin.py:190} INFO - [2025-03-24T05:06:26.053+0000] {dag.py:3239} INFO - Sync 1 DAGs
[2025-03-24T05:06:26.065+0000] {logging_mixin.py:190} INFO - [2025-03-24T05:06:26.065+0000] {dag.py:4180} INFO - Setting next_dagrun for coleta_dados_abertos_cnpj to 2025-02-10 00:00:00+00:00, run_after=2025-03-10 00:00:00+00:00
[2025-03-24T05:06:26.076+0000] {processor.py:208} INFO - Processing /opt/airflow/dags/coleta_dados_abertos_cnpj/dag.py took 0.169 seconds
[2025-03-24T05:06:56.295+0000] {processor.py:186} INFO - Started process (PID=4388) to work on /opt/airflow/dags/coleta_dados_abertos_cnpj/dag.py
[2025-03-24T05:06:56.296+0000] {processor.py:914} INFO - Processing file /opt/airflow/dags/coleta_dados_abertos_cnpj/dag.py for tasks to queue
[2025-03-24T05:06:56.298+0000] {logging_mixin.py:190} INFO - [2025-03-24T05:06:56.298+0000] {dagbag.py:588} INFO - Filling up the DagBag from /opt/airflow/dags/coleta_dados_abertos_cnpj/dag.py
[2025-03-24T05:06:56.419+0000] {processor.py:925} INFO - DAG(s) 'coleta_dados_abertos_cnpj' retrieved from /opt/airflow/dags/coleta_dados_abertos_cnpj/dag.py
[2025-03-24T05:06:56.435+0000] {logging_mixin.py:190} INFO - [2025-03-24T05:06:56.435+0000] {dag.py:3239} INFO - Sync 1 DAGs
[2025-03-24T05:06:56.447+0000] {logging_mixin.py:190} INFO - [2025-03-24T05:06:56.447+0000] {dag.py:4180} INFO - Setting next_dagrun for coleta_dados_abertos_cnpj to 2025-02-10 00:00:00+00:00, run_after=2025-03-10 00:00:00+00:00
[2025-03-24T05:06:56.457+0000] {processor.py:208} INFO - Processing /opt/airflow/dags/coleta_dados_abertos_cnpj/dag.py took 0.165 seconds
[2025-03-24T05:07:26.684+0000] {processor.py:186} INFO - Started process (PID=4400) to work on /opt/airflow/dags/coleta_dados_abertos_cnpj/dag.py
[2025-03-24T05:07:26.685+0000] {processor.py:914} INFO - Processing file /opt/airflow/dags/coleta_dados_abertos_cnpj/dag.py for tasks to queue
[2025-03-24T05:07:26.687+0000] {logging_mixin.py:190} INFO - [2025-03-24T05:07:26.687+0000] {dagbag.py:588} INFO - Filling up the DagBag from /opt/airflow/dags/coleta_dados_abertos_cnpj/dag.py
[2025-03-24T05:07:26.809+0000] {processor.py:925} INFO - DAG(s) 'coleta_dados_abertos_cnpj' retrieved from /opt/airflow/dags/coleta_dados_abertos_cnpj/dag.py
[2025-03-24T05:07:26.828+0000] {logging_mixin.py:190} INFO - [2025-03-24T05:07:26.828+0000] {dag.py:3239} INFO - Sync 1 DAGs
[2025-03-24T05:07:26.843+0000] {logging_mixin.py:190} INFO - [2025-03-24T05:07:26.843+0000] {dag.py:4180} INFO - Setting next_dagrun for coleta_dados_abertos_cnpj to 2025-02-10 00:00:00+00:00, run_after=2025-03-10 00:00:00+00:00
[2025-03-24T05:07:26.854+0000] {processor.py:208} INFO - Processing /opt/airflow/dags/coleta_dados_abertos_cnpj/dag.py took 0.173 seconds
