[2025-03-24T01:49:48.898+0000] {processor.py:186} INFO - Started process (PID=78) to work on /opt/airflow/dags/saving_file.py
[2025-03-24T01:49:48.899+0000] {processor.py:914} INFO - Processing file /opt/airflow/dags/saving_file.py for tasks to queue
[2025-03-24T01:49:48.900+0000] {logging_mixin.py:190} INFO - [2025-03-24T01:49:48.900+0000] {dagbag.py:588} INFO - Filling up the DagBag from /opt/airflow/dags/saving_file.py
[2025-03-24T01:49:49.873+0000] {processor.py:925} INFO - DAG(s) 'gerar_csv_dados_abertos_cnpj' retrieved from /opt/airflow/dags/saving_file.py
[2025-03-24T01:49:50.059+0000] {logging_mixin.py:190} INFO - [2025-03-24T01:49:50.058+0000] {override.py:1911} INFO - Created Permission View: can edit on DAG:gerar_csv_dados_abertos_cnpj
[2025-03-24T01:49:50.069+0000] {logging_mixin.py:190} INFO - [2025-03-24T01:49:50.069+0000] {override.py:1911} INFO - Created Permission View: can delete on DAG:gerar_csv_dados_abertos_cnpj
[2025-03-24T01:49:50.079+0000] {logging_mixin.py:190} INFO - [2025-03-24T01:49:50.078+0000] {override.py:1911} INFO - Created Permission View: can read on DAG:gerar_csv_dados_abertos_cnpj
[2025-03-24T01:49:50.089+0000] {logging_mixin.py:190} INFO - [2025-03-24T01:49:50.089+0000] {override.py:1911} INFO - Created Permission View: can create on DAG Run:gerar_csv_dados_abertos_cnpj
[2025-03-24T01:49:50.097+0000] {logging_mixin.py:190} INFO - [2025-03-24T01:49:50.097+0000] {override.py:1911} INFO - Created Permission View: can delete on DAG Run:gerar_csv_dados_abertos_cnpj
[2025-03-24T01:49:50.105+0000] {logging_mixin.py:190} INFO - [2025-03-24T01:49:50.104+0000] {override.py:1911} INFO - Created Permission View: menu access on DAG Run:gerar_csv_dados_abertos_cnpj
[2025-03-24T01:49:50.114+0000] {logging_mixin.py:190} INFO - [2025-03-24T01:49:50.114+0000] {override.py:1911} INFO - Created Permission View: can read on DAG Run:gerar_csv_dados_abertos_cnpj
[2025-03-24T01:49:50.117+0000] {logging_mixin.py:190} INFO - [2025-03-24T01:49:50.116+0000] {dag.py:3239} INFO - Sync 1 DAGs
[2025-03-24T01:49:50.127+0000] {logging_mixin.py:190} INFO - [2025-03-24T01:49:50.126+0000] {dag.py:3262} INFO - Creating ORM DAG for gerar_csv_dados_abertos_cnpj
[2025-03-24T01:49:50.137+0000] {logging_mixin.py:190} INFO - [2025-03-24T01:49:50.137+0000] {dag.py:4180} INFO - Setting next_dagrun for gerar_csv_dados_abertos_cnpj to 2025-03-23 00:00:00+00:00, run_after=2025-03-24 00:00:00+00:00
[2025-03-24T01:49:50.157+0000] {processor.py:208} INFO - Processing /opt/airflow/dags/saving_file.py took 1.262 seconds
[2025-03-24T01:50:20.286+0000] {processor.py:186} INFO - Started process (PID=89) to work on /opt/airflow/dags/saving_file.py
[2025-03-24T01:50:20.287+0000] {processor.py:914} INFO - Processing file /opt/airflow/dags/saving_file.py for tasks to queue
[2025-03-24T01:50:20.289+0000] {logging_mixin.py:190} INFO - [2025-03-24T01:50:20.289+0000] {dagbag.py:588} INFO - Filling up the DagBag from /opt/airflow/dags/saving_file.py
[2025-03-24T01:50:20.526+0000] {processor.py:925} INFO - DAG(s) 'gerar_csv_dados_abertos_cnpj' retrieved from /opt/airflow/dags/saving_file.py
[2025-03-24T01:50:20.537+0000] {logging_mixin.py:190} INFO - [2025-03-24T01:50:20.536+0000] {dag.py:3239} INFO - Sync 1 DAGs
[2025-03-24T01:50:20.547+0000] {logging_mixin.py:190} INFO - [2025-03-24T01:50:20.547+0000] {dag.py:4180} INFO - Setting next_dagrun for gerar_csv_dados_abertos_cnpj to 2025-03-23 00:00:00+00:00, run_after=2025-03-24 00:00:00+00:00
[2025-03-24T01:50:20.557+0000] {processor.py:208} INFO - Processing /opt/airflow/dags/saving_file.py took 0.274 seconds
[2025-03-24T01:50:50.771+0000] {processor.py:186} INFO - Started process (PID=100) to work on /opt/airflow/dags/saving_file.py
[2025-03-24T01:50:50.772+0000] {processor.py:914} INFO - Processing file /opt/airflow/dags/saving_file.py for tasks to queue
[2025-03-24T01:50:50.774+0000] {logging_mixin.py:190} INFO - [2025-03-24T01:50:50.774+0000] {dagbag.py:588} INFO - Filling up the DagBag from /opt/airflow/dags/saving_file.py
[2025-03-24T01:50:51.008+0000] {processor.py:925} INFO - DAG(s) 'gerar_csv_dados_abertos_cnpj' retrieved from /opt/airflow/dags/saving_file.py
[2025-03-24T01:50:51.022+0000] {logging_mixin.py:190} INFO - [2025-03-24T01:50:51.021+0000] {dag.py:3239} INFO - Sync 1 DAGs
[2025-03-24T01:50:51.032+0000] {logging_mixin.py:190} INFO - [2025-03-24T01:50:51.032+0000] {dag.py:4180} INFO - Setting next_dagrun for gerar_csv_dados_abertos_cnpj to 2025-03-23 00:00:00+00:00, run_after=2025-03-24 00:00:00+00:00
[2025-03-24T01:50:51.043+0000] {processor.py:208} INFO - Processing /opt/airflow/dags/saving_file.py took 0.276 seconds
[2025-03-24T01:51:21.210+0000] {processor.py:186} INFO - Started process (PID=111) to work on /opt/airflow/dags/saving_file.py
[2025-03-24T01:51:21.211+0000] {processor.py:914} INFO - Processing file /opt/airflow/dags/saving_file.py for tasks to queue
[2025-03-24T01:51:21.212+0000] {logging_mixin.py:190} INFO - [2025-03-24T01:51:21.212+0000] {dagbag.py:588} INFO - Filling up the DagBag from /opt/airflow/dags/saving_file.py
[2025-03-24T01:51:21.436+0000] {processor.py:925} INFO - DAG(s) 'gerar_csv_dados_abertos_cnpj' retrieved from /opt/airflow/dags/saving_file.py
[2025-03-24T01:51:21.446+0000] {logging_mixin.py:190} INFO - [2025-03-24T01:51:21.446+0000] {dag.py:3239} INFO - Sync 1 DAGs
[2025-03-24T01:51:21.457+0000] {logging_mixin.py:190} INFO - [2025-03-24T01:51:21.457+0000] {dag.py:4180} INFO - Setting next_dagrun for gerar_csv_dados_abertos_cnpj to 2025-03-23 00:00:00+00:00, run_after=2025-03-24 00:00:00+00:00
[2025-03-24T01:51:21.467+0000] {processor.py:208} INFO - Processing /opt/airflow/dags/saving_file.py took 0.261 seconds
[2025-03-24T01:51:51.694+0000] {processor.py:186} INFO - Started process (PID=122) to work on /opt/airflow/dags/saving_file.py
[2025-03-24T01:51:51.695+0000] {processor.py:914} INFO - Processing file /opt/airflow/dags/saving_file.py for tasks to queue
[2025-03-24T01:51:51.697+0000] {logging_mixin.py:190} INFO - [2025-03-24T01:51:51.697+0000] {dagbag.py:588} INFO - Filling up the DagBag from /opt/airflow/dags/saving_file.py
[2025-03-24T01:51:51.928+0000] {processor.py:925} INFO - DAG(s) 'gerar_csv_dados_abertos_cnpj' retrieved from /opt/airflow/dags/saving_file.py
[2025-03-24T01:51:51.939+0000] {logging_mixin.py:190} INFO - [2025-03-24T01:51:51.939+0000] {dag.py:3239} INFO - Sync 1 DAGs
[2025-03-24T01:51:51.949+0000] {logging_mixin.py:190} INFO - [2025-03-24T01:51:51.949+0000] {dag.py:4180} INFO - Setting next_dagrun for gerar_csv_dados_abertos_cnpj to 2025-03-23 00:00:00+00:00, run_after=2025-03-24 00:00:00+00:00
[2025-03-24T01:51:51.958+0000] {processor.py:208} INFO - Processing /opt/airflow/dags/saving_file.py took 0.267 seconds
[2025-03-24T01:52:22.223+0000] {processor.py:186} INFO - Started process (PID=133) to work on /opt/airflow/dags/saving_file.py
[2025-03-24T01:52:22.224+0000] {processor.py:914} INFO - Processing file /opt/airflow/dags/saving_file.py for tasks to queue
[2025-03-24T01:52:22.227+0000] {logging_mixin.py:190} INFO - [2025-03-24T01:52:22.226+0000] {dagbag.py:588} INFO - Filling up the DagBag from /opt/airflow/dags/saving_file.py
[2025-03-24T01:52:22.463+0000] {processor.py:925} INFO - DAG(s) 'gerar_csv_dados_abertos_cnpj' retrieved from /opt/airflow/dags/saving_file.py
[2025-03-24T01:52:22.473+0000] {logging_mixin.py:190} INFO - [2025-03-24T01:52:22.473+0000] {dag.py:3239} INFO - Sync 1 DAGs
[2025-03-24T01:52:22.483+0000] {logging_mixin.py:190} INFO - [2025-03-24T01:52:22.483+0000] {dag.py:4180} INFO - Setting next_dagrun for gerar_csv_dados_abertos_cnpj to 2025-03-23 00:00:00+00:00, run_after=2025-03-24 00:00:00+00:00
[2025-03-24T01:52:22.495+0000] {processor.py:208} INFO - Processing /opt/airflow/dags/saving_file.py took 0.274 seconds
[2025-03-24T01:52:52.836+0000] {processor.py:186} INFO - Started process (PID=144) to work on /opt/airflow/dags/saving_file.py
[2025-03-24T01:52:52.836+0000] {processor.py:914} INFO - Processing file /opt/airflow/dags/saving_file.py for tasks to queue
[2025-03-24T01:52:52.838+0000] {logging_mixin.py:190} INFO - [2025-03-24T01:52:52.838+0000] {dagbag.py:588} INFO - Filling up the DagBag from /opt/airflow/dags/saving_file.py
[2025-03-24T01:52:53.056+0000] {processor.py:925} INFO - DAG(s) 'gerar_csv_dados_abertos_cnpj' retrieved from /opt/airflow/dags/saving_file.py
[2025-03-24T01:52:53.067+0000] {logging_mixin.py:190} INFO - [2025-03-24T01:52:53.066+0000] {dag.py:3239} INFO - Sync 1 DAGs
[2025-03-24T01:52:53.076+0000] {logging_mixin.py:190} INFO - [2025-03-24T01:52:53.076+0000] {dag.py:4180} INFO - Setting next_dagrun for gerar_csv_dados_abertos_cnpj to 2025-03-23 00:00:00+00:00, run_after=2025-03-24 00:00:00+00:00
[2025-03-24T01:52:53.086+0000] {processor.py:208} INFO - Processing /opt/airflow/dags/saving_file.py took 0.254 seconds
[2025-03-24T01:53:23.327+0000] {processor.py:186} INFO - Started process (PID=161) to work on /opt/airflow/dags/saving_file.py
[2025-03-24T01:53:23.328+0000] {processor.py:914} INFO - Processing file /opt/airflow/dags/saving_file.py for tasks to queue
[2025-03-24T01:53:23.330+0000] {logging_mixin.py:190} INFO - [2025-03-24T01:53:23.330+0000] {dagbag.py:588} INFO - Filling up the DagBag from /opt/airflow/dags/saving_file.py
[2025-03-24T01:53:23.563+0000] {processor.py:925} INFO - DAG(s) 'gerar_csv_dados_abertos_cnpj' retrieved from /opt/airflow/dags/saving_file.py
[2025-03-24T01:53:23.575+0000] {logging_mixin.py:190} INFO - [2025-03-24T01:53:23.575+0000] {dag.py:3239} INFO - Sync 1 DAGs
[2025-03-24T01:53:23.585+0000] {logging_mixin.py:190} INFO - [2025-03-24T01:53:23.585+0000] {dag.py:4180} INFO - Setting next_dagrun for gerar_csv_dados_abertos_cnpj to 2025-03-23 00:00:00+00:00, run_after=2025-03-24 00:00:00+00:00
[2025-03-24T01:53:23.593+0000] {processor.py:208} INFO - Processing /opt/airflow/dags/saving_file.py took 0.268 seconds
[2025-03-24T01:53:53.914+0000] {processor.py:186} INFO - Started process (PID=172) to work on /opt/airflow/dags/saving_file.py
[2025-03-24T01:53:53.915+0000] {processor.py:914} INFO - Processing file /opt/airflow/dags/saving_file.py for tasks to queue
[2025-03-24T01:53:53.916+0000] {logging_mixin.py:190} INFO - [2025-03-24T01:53:53.916+0000] {dagbag.py:588} INFO - Filling up the DagBag from /opt/airflow/dags/saving_file.py
[2025-03-24T01:53:54.147+0000] {processor.py:925} INFO - DAG(s) 'gerar_csv_dados_abertos_cnpj' retrieved from /opt/airflow/dags/saving_file.py
[2025-03-24T01:53:54.158+0000] {logging_mixin.py:190} INFO - [2025-03-24T01:53:54.158+0000] {dag.py:3239} INFO - Sync 1 DAGs
[2025-03-24T01:53:54.168+0000] {logging_mixin.py:190} INFO - [2025-03-24T01:53:54.168+0000] {dag.py:4180} INFO - Setting next_dagrun for gerar_csv_dados_abertos_cnpj to 2025-03-23 00:00:00+00:00, run_after=2025-03-24 00:00:00+00:00
[2025-03-24T01:53:54.178+0000] {processor.py:208} INFO - Processing /opt/airflow/dags/saving_file.py took 0.269 seconds
[2025-03-24T01:54:24.377+0000] {processor.py:186} INFO - Started process (PID=183) to work on /opt/airflow/dags/saving_file.py
[2025-03-24T01:54:24.378+0000] {processor.py:914} INFO - Processing file /opt/airflow/dags/saving_file.py for tasks to queue
[2025-03-24T01:54:24.380+0000] {logging_mixin.py:190} INFO - [2025-03-24T01:54:24.379+0000] {dagbag.py:588} INFO - Filling up the DagBag from /opt/airflow/dags/saving_file.py
[2025-03-24T01:54:24.616+0000] {processor.py:925} INFO - DAG(s) 'gerar_csv_dados_abertos_cnpj' retrieved from /opt/airflow/dags/saving_file.py
[2025-03-24T01:54:24.628+0000] {logging_mixin.py:190} INFO - [2025-03-24T01:54:24.628+0000] {dag.py:3239} INFO - Sync 1 DAGs
[2025-03-24T01:54:24.639+0000] {logging_mixin.py:190} INFO - [2025-03-24T01:54:24.639+0000] {dag.py:4180} INFO - Setting next_dagrun for gerar_csv_dados_abertos_cnpj to 2025-03-23 00:00:00+00:00, run_after=2025-03-24 00:00:00+00:00
[2025-03-24T01:54:24.648+0000] {processor.py:208} INFO - Processing /opt/airflow/dags/saving_file.py took 0.274 seconds
[2025-03-24T01:54:54.972+0000] {processor.py:186} INFO - Started process (PID=194) to work on /opt/airflow/dags/saving_file.py
[2025-03-24T01:54:54.973+0000] {processor.py:914} INFO - Processing file /opt/airflow/dags/saving_file.py for tasks to queue
[2025-03-24T01:54:54.975+0000] {logging_mixin.py:190} INFO - [2025-03-24T01:54:54.975+0000] {dagbag.py:588} INFO - Filling up the DagBag from /opt/airflow/dags/saving_file.py
[2025-03-24T01:54:55.219+0000] {processor.py:925} INFO - DAG(s) 'gerar_csv_dados_abertos_cnpj' retrieved from /opt/airflow/dags/saving_file.py
[2025-03-24T01:54:55.230+0000] {logging_mixin.py:190} INFO - [2025-03-24T01:54:55.229+0000] {dag.py:3239} INFO - Sync 1 DAGs
[2025-03-24T01:54:55.240+0000] {logging_mixin.py:190} INFO - [2025-03-24T01:54:55.240+0000] {dag.py:4180} INFO - Setting next_dagrun for gerar_csv_dados_abertos_cnpj to 2025-03-23 00:00:00+00:00, run_after=2025-03-24 00:00:00+00:00
[2025-03-24T01:54:55.250+0000] {processor.py:208} INFO - Processing /opt/airflow/dags/saving_file.py took 0.281 seconds
[2025-03-24T01:55:25.444+0000] {processor.py:186} INFO - Started process (PID=205) to work on /opt/airflow/dags/saving_file.py
[2025-03-24T01:55:25.445+0000] {processor.py:914} INFO - Processing file /opt/airflow/dags/saving_file.py for tasks to queue
[2025-03-24T01:55:25.446+0000] {logging_mixin.py:190} INFO - [2025-03-24T01:55:25.446+0000] {dagbag.py:588} INFO - Filling up the DagBag from /opt/airflow/dags/saving_file.py
[2025-03-24T01:55:25.680+0000] {processor.py:925} INFO - DAG(s) 'gerar_csv_dados_abertos_cnpj' retrieved from /opt/airflow/dags/saving_file.py
[2025-03-24T01:55:25.693+0000] {logging_mixin.py:190} INFO - [2025-03-24T01:55:25.693+0000] {dag.py:3239} INFO - Sync 1 DAGs
[2025-03-24T01:55:25.703+0000] {logging_mixin.py:190} INFO - [2025-03-24T01:55:25.703+0000] {dag.py:4180} INFO - Setting next_dagrun for gerar_csv_dados_abertos_cnpj to 2025-03-23 00:00:00+00:00, run_after=2025-03-24 00:00:00+00:00
[2025-03-24T01:55:25.715+0000] {processor.py:208} INFO - Processing /opt/airflow/dags/saving_file.py took 0.274 seconds
[2025-03-24T01:55:55.901+0000] {processor.py:186} INFO - Started process (PID=216) to work on /opt/airflow/dags/saving_file.py
[2025-03-24T01:55:55.902+0000] {processor.py:914} INFO - Processing file /opt/airflow/dags/saving_file.py for tasks to queue
[2025-03-24T01:55:55.903+0000] {logging_mixin.py:190} INFO - [2025-03-24T01:55:55.903+0000] {dagbag.py:588} INFO - Filling up the DagBag from /opt/airflow/dags/saving_file.py
[2025-03-24T01:55:56.141+0000] {processor.py:925} INFO - DAG(s) 'gerar_csv_dados_abertos_cnpj' retrieved from /opt/airflow/dags/saving_file.py
[2025-03-24T01:55:56.152+0000] {logging_mixin.py:190} INFO - [2025-03-24T01:55:56.152+0000] {dag.py:3239} INFO - Sync 1 DAGs
[2025-03-24T01:55:56.162+0000] {logging_mixin.py:190} INFO - [2025-03-24T01:55:56.162+0000] {dag.py:4180} INFO - Setting next_dagrun for gerar_csv_dados_abertos_cnpj to 2025-03-23 00:00:00+00:00, run_after=2025-03-24 00:00:00+00:00
[2025-03-24T01:55:56.171+0000] {processor.py:208} INFO - Processing /opt/airflow/dags/saving_file.py took 0.274 seconds
[2025-03-24T01:56:26.364+0000] {processor.py:186} INFO - Started process (PID=227) to work on /opt/airflow/dags/saving_file.py
[2025-03-24T01:56:26.364+0000] {processor.py:914} INFO - Processing file /opt/airflow/dags/saving_file.py for tasks to queue
[2025-03-24T01:56:26.366+0000] {logging_mixin.py:190} INFO - [2025-03-24T01:56:26.366+0000] {dagbag.py:588} INFO - Filling up the DagBag from /opt/airflow/dags/saving_file.py
[2025-03-24T01:56:26.607+0000] {processor.py:925} INFO - DAG(s) 'gerar_csv_dados_abertos_cnpj' retrieved from /opt/airflow/dags/saving_file.py
[2025-03-24T01:56:26.620+0000] {logging_mixin.py:190} INFO - [2025-03-24T01:56:26.619+0000] {dag.py:3239} INFO - Sync 1 DAGs
[2025-03-24T01:56:26.631+0000] {logging_mixin.py:190} INFO - [2025-03-24T01:56:26.631+0000] {dag.py:4180} INFO - Setting next_dagrun for gerar_csv_dados_abertos_cnpj to 2025-03-23 00:00:00+00:00, run_after=2025-03-24 00:00:00+00:00
[2025-03-24T01:56:26.643+0000] {processor.py:208} INFO - Processing /opt/airflow/dags/saving_file.py took 0.282 seconds
[2025-03-24T01:56:56.887+0000] {processor.py:186} INFO - Started process (PID=238) to work on /opt/airflow/dags/saving_file.py
[2025-03-24T01:56:56.887+0000] {processor.py:914} INFO - Processing file /opt/airflow/dags/saving_file.py for tasks to queue
[2025-03-24T01:56:56.890+0000] {logging_mixin.py:190} INFO - [2025-03-24T01:56:56.890+0000] {dagbag.py:588} INFO - Filling up the DagBag from /opt/airflow/dags/saving_file.py
[2025-03-24T01:56:57.149+0000] {processor.py:925} INFO - DAG(s) 'gerar_csv_dados_abertos_cnpj' retrieved from /opt/airflow/dags/saving_file.py
[2025-03-24T01:56:57.161+0000] {logging_mixin.py:190} INFO - [2025-03-24T01:56:57.161+0000] {dag.py:3239} INFO - Sync 1 DAGs
[2025-03-24T01:56:57.173+0000] {logging_mixin.py:190} INFO - [2025-03-24T01:56:57.172+0000] {dag.py:4180} INFO - Setting next_dagrun for gerar_csv_dados_abertos_cnpj to 2025-03-23 00:00:00+00:00, run_after=2025-03-24 00:00:00+00:00
[2025-03-24T01:56:57.245+0000] {processor.py:208} INFO - Processing /opt/airflow/dags/saving_file.py took 0.362 seconds
[2025-03-24T01:57:27.522+0000] {processor.py:186} INFO - Started process (PID=249) to work on /opt/airflow/dags/saving_file.py
[2025-03-24T01:57:27.523+0000] {processor.py:914} INFO - Processing file /opt/airflow/dags/saving_file.py for tasks to queue
[2025-03-24T01:57:27.524+0000] {logging_mixin.py:190} INFO - [2025-03-24T01:57:27.524+0000] {dagbag.py:588} INFO - Filling up the DagBag from /opt/airflow/dags/saving_file.py
[2025-03-24T01:57:27.760+0000] {processor.py:925} INFO - DAG(s) 'gerar_csv_dados_abertos_cnpj' retrieved from /opt/airflow/dags/saving_file.py
[2025-03-24T01:57:27.770+0000] {logging_mixin.py:190} INFO - [2025-03-24T01:57:27.770+0000] {dag.py:3239} INFO - Sync 1 DAGs
[2025-03-24T01:57:27.781+0000] {logging_mixin.py:190} INFO - [2025-03-24T01:57:27.781+0000] {dag.py:4180} INFO - Setting next_dagrun for gerar_csv_dados_abertos_cnpj to 2025-03-23 00:00:00+00:00, run_after=2025-03-24 00:00:00+00:00
[2025-03-24T01:57:27.791+0000] {processor.py:208} INFO - Processing /opt/airflow/dags/saving_file.py took 0.272 seconds
[2025-03-24T01:57:58.009+0000] {processor.py:186} INFO - Started process (PID=260) to work on /opt/airflow/dags/saving_file.py
[2025-03-24T01:57:58.010+0000] {processor.py:914} INFO - Processing file /opt/airflow/dags/saving_file.py for tasks to queue
[2025-03-24T01:57:58.013+0000] {logging_mixin.py:190} INFO - [2025-03-24T01:57:58.012+0000] {dagbag.py:588} INFO - Filling up the DagBag from /opt/airflow/dags/saving_file.py
[2025-03-24T01:57:58.251+0000] {processor.py:925} INFO - DAG(s) 'gerar_csv_dados_abertos_cnpj' retrieved from /opt/airflow/dags/saving_file.py
[2025-03-24T01:57:58.263+0000] {logging_mixin.py:190} INFO - [2025-03-24T01:57:58.263+0000] {dag.py:3239} INFO - Sync 1 DAGs
[2025-03-24T01:57:58.274+0000] {logging_mixin.py:190} INFO - [2025-03-24T01:57:58.274+0000] {dag.py:4180} INFO - Setting next_dagrun for gerar_csv_dados_abertos_cnpj to 2025-03-23 00:00:00+00:00, run_after=2025-03-24 00:00:00+00:00
[2025-03-24T01:57:58.285+0000] {processor.py:208} INFO - Processing /opt/airflow/dags/saving_file.py took 0.280 seconds
[2025-03-24T01:58:28.477+0000] {processor.py:186} INFO - Started process (PID=271) to work on /opt/airflow/dags/saving_file.py
[2025-03-24T01:58:28.478+0000] {processor.py:914} INFO - Processing file /opt/airflow/dags/saving_file.py for tasks to queue
[2025-03-24T01:58:28.480+0000] {logging_mixin.py:190} INFO - [2025-03-24T01:58:28.480+0000] {dagbag.py:588} INFO - Filling up the DagBag from /opt/airflow/dags/saving_file.py
[2025-03-24T01:58:28.712+0000] {processor.py:925} INFO - DAG(s) 'gerar_csv_dados_abertos_cnpj' retrieved from /opt/airflow/dags/saving_file.py
[2025-03-24T01:58:28.724+0000] {logging_mixin.py:190} INFO - [2025-03-24T01:58:28.724+0000] {dag.py:3239} INFO - Sync 1 DAGs
[2025-03-24T01:58:28.733+0000] {logging_mixin.py:190} INFO - [2025-03-24T01:58:28.733+0000] {dag.py:4180} INFO - Setting next_dagrun for gerar_csv_dados_abertos_cnpj to 2025-03-23 00:00:00+00:00, run_after=2025-03-24 00:00:00+00:00
[2025-03-24T01:58:28.743+0000] {processor.py:208} INFO - Processing /opt/airflow/dags/saving_file.py took 0.269 seconds
[2025-03-24T01:58:58.959+0000] {processor.py:186} INFO - Started process (PID=282) to work on /opt/airflow/dags/saving_file.py
[2025-03-24T01:58:58.960+0000] {processor.py:914} INFO - Processing file /opt/airflow/dags/saving_file.py for tasks to queue
[2025-03-24T01:58:58.963+0000] {logging_mixin.py:190} INFO - [2025-03-24T01:58:58.963+0000] {dagbag.py:588} INFO - Filling up the DagBag from /opt/airflow/dags/saving_file.py
[2025-03-24T01:58:59.183+0000] {processor.py:925} INFO - DAG(s) 'gerar_csv_dados_abertos_cnpj' retrieved from /opt/airflow/dags/saving_file.py
[2025-03-24T01:58:59.193+0000] {logging_mixin.py:190} INFO - [2025-03-24T01:58:59.193+0000] {dag.py:3239} INFO - Sync 1 DAGs
[2025-03-24T01:58:59.203+0000] {logging_mixin.py:190} INFO - [2025-03-24T01:58:59.203+0000] {dag.py:4180} INFO - Setting next_dagrun for gerar_csv_dados_abertos_cnpj to 2025-03-23 00:00:00+00:00, run_after=2025-03-24 00:00:00+00:00
[2025-03-24T01:58:59.213+0000] {processor.py:208} INFO - Processing /opt/airflow/dags/saving_file.py took 0.257 seconds
[2025-03-24T01:59:29.425+0000] {processor.py:186} INFO - Started process (PID=293) to work on /opt/airflow/dags/saving_file.py
[2025-03-24T01:59:29.426+0000] {processor.py:914} INFO - Processing file /opt/airflow/dags/saving_file.py for tasks to queue
[2025-03-24T01:59:29.428+0000] {logging_mixin.py:190} INFO - [2025-03-24T01:59:29.428+0000] {dagbag.py:588} INFO - Filling up the DagBag from /opt/airflow/dags/saving_file.py
[2025-03-24T01:59:29.662+0000] {processor.py:925} INFO - DAG(s) 'gerar_csv_dados_abertos_cnpj' retrieved from /opt/airflow/dags/saving_file.py
[2025-03-24T01:59:29.676+0000] {logging_mixin.py:190} INFO - [2025-03-24T01:59:29.676+0000] {dag.py:3239} INFO - Sync 1 DAGs
[2025-03-24T01:59:29.687+0000] {logging_mixin.py:190} INFO - [2025-03-24T01:59:29.686+0000] {dag.py:4180} INFO - Setting next_dagrun for gerar_csv_dados_abertos_cnpj to 2025-03-23 00:00:00+00:00, run_after=2025-03-24 00:00:00+00:00
[2025-03-24T01:59:29.696+0000] {processor.py:208} INFO - Processing /opt/airflow/dags/saving_file.py took 0.274 seconds
[2025-03-24T02:00:00.005+0000] {processor.py:186} INFO - Started process (PID=304) to work on /opt/airflow/dags/saving_file.py
[2025-03-24T02:00:00.005+0000] {processor.py:914} INFO - Processing file /opt/airflow/dags/saving_file.py for tasks to queue
[2025-03-24T02:00:00.007+0000] {logging_mixin.py:190} INFO - [2025-03-24T02:00:00.007+0000] {dagbag.py:588} INFO - Filling up the DagBag from /opt/airflow/dags/saving_file.py
[2025-03-24T02:00:00.230+0000] {processor.py:925} INFO - DAG(s) 'gerar_csv_dados_abertos_cnpj' retrieved from /opt/airflow/dags/saving_file.py
[2025-03-24T02:00:00.244+0000] {logging_mixin.py:190} INFO - [2025-03-24T02:00:00.244+0000] {dag.py:3239} INFO - Sync 1 DAGs
[2025-03-24T02:00:00.255+0000] {logging_mixin.py:190} INFO - [2025-03-24T02:00:00.255+0000] {dag.py:4180} INFO - Setting next_dagrun for gerar_csv_dados_abertos_cnpj to 2025-03-23 00:00:00+00:00, run_after=2025-03-24 00:00:00+00:00
[2025-03-24T02:00:00.264+0000] {processor.py:208} INFO - Processing /opt/airflow/dags/saving_file.py took 0.262 seconds
[2025-03-24T02:00:30.511+0000] {processor.py:186} INFO - Started process (PID=315) to work on /opt/airflow/dags/saving_file.py
[2025-03-24T02:00:30.512+0000] {processor.py:914} INFO - Processing file /opt/airflow/dags/saving_file.py for tasks to queue
[2025-03-24T02:00:30.515+0000] {logging_mixin.py:190} INFO - [2025-03-24T02:00:30.515+0000] {dagbag.py:588} INFO - Filling up the DagBag from /opt/airflow/dags/saving_file.py
[2025-03-24T02:00:30.742+0000] {processor.py:925} INFO - DAG(s) 'gerar_csv_dados_abertos_cnpj' retrieved from /opt/airflow/dags/saving_file.py
[2025-03-24T02:00:30.752+0000] {logging_mixin.py:190} INFO - [2025-03-24T02:00:30.752+0000] {dag.py:3239} INFO - Sync 1 DAGs
[2025-03-24T02:00:30.763+0000] {logging_mixin.py:190} INFO - [2025-03-24T02:00:30.763+0000] {dag.py:4180} INFO - Setting next_dagrun for gerar_csv_dados_abertos_cnpj to 2025-03-23 00:00:00+00:00, run_after=2025-03-24 00:00:00+00:00
[2025-03-24T02:00:30.772+0000] {processor.py:208} INFO - Processing /opt/airflow/dags/saving_file.py took 0.263 seconds
[2025-03-24T02:01:01.062+0000] {processor.py:186} INFO - Started process (PID=326) to work on /opt/airflow/dags/saving_file.py
[2025-03-24T02:01:01.063+0000] {processor.py:914} INFO - Processing file /opt/airflow/dags/saving_file.py for tasks to queue
[2025-03-24T02:01:01.065+0000] {logging_mixin.py:190} INFO - [2025-03-24T02:01:01.065+0000] {dagbag.py:588} INFO - Filling up the DagBag from /opt/airflow/dags/saving_file.py
[2025-03-24T02:01:01.294+0000] {processor.py:925} INFO - DAG(s) 'gerar_csv_dados_abertos_cnpj' retrieved from /opt/airflow/dags/saving_file.py
[2025-03-24T02:01:01.306+0000] {logging_mixin.py:190} INFO - [2025-03-24T02:01:01.305+0000] {dag.py:3239} INFO - Sync 1 DAGs
[2025-03-24T02:01:01.315+0000] {logging_mixin.py:190} INFO - [2025-03-24T02:01:01.315+0000] {dag.py:4180} INFO - Setting next_dagrun for gerar_csv_dados_abertos_cnpj to 2025-03-23 00:00:00+00:00, run_after=2025-03-24 00:00:00+00:00
[2025-03-24T02:01:01.324+0000] {processor.py:208} INFO - Processing /opt/airflow/dags/saving_file.py took 0.265 seconds
[2025-03-24T02:01:31.542+0000] {processor.py:186} INFO - Started process (PID=337) to work on /opt/airflow/dags/saving_file.py
[2025-03-24T02:01:31.543+0000] {processor.py:914} INFO - Processing file /opt/airflow/dags/saving_file.py for tasks to queue
[2025-03-24T02:01:31.546+0000] {logging_mixin.py:190} INFO - [2025-03-24T02:01:31.545+0000] {dagbag.py:588} INFO - Filling up the DagBag from /opt/airflow/dags/saving_file.py
[2025-03-24T02:01:31.777+0000] {processor.py:925} INFO - DAG(s) 'gerar_csv_dados_abertos_cnpj' retrieved from /opt/airflow/dags/saving_file.py
[2025-03-24T02:01:31.788+0000] {logging_mixin.py:190} INFO - [2025-03-24T02:01:31.788+0000] {dag.py:3239} INFO - Sync 1 DAGs
[2025-03-24T02:01:31.798+0000] {logging_mixin.py:190} INFO - [2025-03-24T02:01:31.798+0000] {dag.py:4180} INFO - Setting next_dagrun for gerar_csv_dados_abertos_cnpj to 2025-03-23 00:00:00+00:00, run_after=2025-03-24 00:00:00+00:00
[2025-03-24T02:01:31.807+0000] {processor.py:208} INFO - Processing /opt/airflow/dags/saving_file.py took 0.268 seconds
[2025-03-24T02:02:02.031+0000] {processor.py:186} INFO - Started process (PID=348) to work on /opt/airflow/dags/saving_file.py
[2025-03-24T02:02:02.032+0000] {processor.py:914} INFO - Processing file /opt/airflow/dags/saving_file.py for tasks to queue
[2025-03-24T02:02:02.034+0000] {logging_mixin.py:190} INFO - [2025-03-24T02:02:02.034+0000] {dagbag.py:588} INFO - Filling up the DagBag from /opt/airflow/dags/saving_file.py
[2025-03-24T02:02:02.275+0000] {processor.py:925} INFO - DAG(s) 'gerar_csv_dados_abertos_cnpj' retrieved from /opt/airflow/dags/saving_file.py
[2025-03-24T02:02:02.286+0000] {logging_mixin.py:190} INFO - [2025-03-24T02:02:02.286+0000] {dag.py:3239} INFO - Sync 1 DAGs
[2025-03-24T02:02:02.296+0000] {logging_mixin.py:190} INFO - [2025-03-24T02:02:02.296+0000] {dag.py:4180} INFO - Setting next_dagrun for gerar_csv_dados_abertos_cnpj to 2025-03-23 00:00:00+00:00, run_after=2025-03-24 00:00:00+00:00
[2025-03-24T02:02:02.307+0000] {processor.py:208} INFO - Processing /opt/airflow/dags/saving_file.py took 0.279 seconds
[2025-03-24T02:02:32.498+0000] {processor.py:186} INFO - Started process (PID=359) to work on /opt/airflow/dags/saving_file.py
[2025-03-24T02:02:32.499+0000] {processor.py:914} INFO - Processing file /opt/airflow/dags/saving_file.py for tasks to queue
[2025-03-24T02:02:32.501+0000] {logging_mixin.py:190} INFO - [2025-03-24T02:02:32.501+0000] {dagbag.py:588} INFO - Filling up the DagBag from /opt/airflow/dags/saving_file.py
[2025-03-24T02:02:32.735+0000] {processor.py:925} INFO - DAG(s) 'gerar_csv_dados_abertos_cnpj' retrieved from /opt/airflow/dags/saving_file.py
[2025-03-24T02:02:32.746+0000] {logging_mixin.py:190} INFO - [2025-03-24T02:02:32.746+0000] {dag.py:3239} INFO - Sync 1 DAGs
[2025-03-24T02:02:32.757+0000] {logging_mixin.py:190} INFO - [2025-03-24T02:02:32.757+0000] {dag.py:4180} INFO - Setting next_dagrun for gerar_csv_dados_abertos_cnpj to 2025-03-23 00:00:00+00:00, run_after=2025-03-24 00:00:00+00:00
[2025-03-24T02:02:32.766+0000] {processor.py:208} INFO - Processing /opt/airflow/dags/saving_file.py took 0.274 seconds
[2025-03-24T02:03:02.954+0000] {processor.py:186} INFO - Started process (PID=370) to work on /opt/airflow/dags/saving_file.py
[2025-03-24T02:03:02.955+0000] {processor.py:914} INFO - Processing file /opt/airflow/dags/saving_file.py for tasks to queue
[2025-03-24T02:03:02.957+0000] {logging_mixin.py:190} INFO - [2025-03-24T02:03:02.957+0000] {dagbag.py:588} INFO - Filling up the DagBag from /opt/airflow/dags/saving_file.py
[2025-03-24T02:03:03.189+0000] {processor.py:925} INFO - DAG(s) 'gerar_csv_dados_abertos_cnpj' retrieved from /opt/airflow/dags/saving_file.py
[2025-03-24T02:03:03.199+0000] {logging_mixin.py:190} INFO - [2025-03-24T02:03:03.199+0000] {dag.py:3239} INFO - Sync 1 DAGs
[2025-03-24T02:03:03.210+0000] {logging_mixin.py:190} INFO - [2025-03-24T02:03:03.210+0000] {dag.py:4180} INFO - Setting next_dagrun for gerar_csv_dados_abertos_cnpj to 2025-03-23 00:00:00+00:00, run_after=2025-03-24 00:00:00+00:00
[2025-03-24T02:03:03.220+0000] {processor.py:208} INFO - Processing /opt/airflow/dags/saving_file.py took 0.269 seconds
[2025-03-24T02:03:33.421+0000] {processor.py:186} INFO - Started process (PID=381) to work on /opt/airflow/dags/saving_file.py
[2025-03-24T02:03:33.422+0000] {processor.py:914} INFO - Processing file /opt/airflow/dags/saving_file.py for tasks to queue
[2025-03-24T02:03:33.423+0000] {logging_mixin.py:190} INFO - [2025-03-24T02:03:33.423+0000] {dagbag.py:588} INFO - Filling up the DagBag from /opt/airflow/dags/saving_file.py
[2025-03-24T02:03:33.660+0000] {processor.py:925} INFO - DAG(s) 'gerar_csv_dados_abertos_cnpj' retrieved from /opt/airflow/dags/saving_file.py
[2025-03-24T02:03:33.672+0000] {logging_mixin.py:190} INFO - [2025-03-24T02:03:33.671+0000] {dag.py:3239} INFO - Sync 1 DAGs
[2025-03-24T02:03:33.682+0000] {logging_mixin.py:190} INFO - [2025-03-24T02:03:33.682+0000] {dag.py:4180} INFO - Setting next_dagrun for gerar_csv_dados_abertos_cnpj to 2025-03-23 00:00:00+00:00, run_after=2025-03-24 00:00:00+00:00
[2025-03-24T02:03:33.692+0000] {processor.py:208} INFO - Processing /opt/airflow/dags/saving_file.py took 0.275 seconds
[2025-03-24T02:04:03.873+0000] {processor.py:186} INFO - Started process (PID=392) to work on /opt/airflow/dags/saving_file.py
[2025-03-24T02:04:03.874+0000] {processor.py:914} INFO - Processing file /opt/airflow/dags/saving_file.py for tasks to queue
[2025-03-24T02:04:03.876+0000] {logging_mixin.py:190} INFO - [2025-03-24T02:04:03.876+0000] {dagbag.py:588} INFO - Filling up the DagBag from /opt/airflow/dags/saving_file.py
[2025-03-24T02:04:04.115+0000] {processor.py:925} INFO - DAG(s) 'gerar_csv_dados_abertos_cnpj' retrieved from /opt/airflow/dags/saving_file.py
[2025-03-24T02:04:04.126+0000] {logging_mixin.py:190} INFO - [2025-03-24T02:04:04.126+0000] {dag.py:3239} INFO - Sync 1 DAGs
[2025-03-24T02:04:04.136+0000] {logging_mixin.py:190} INFO - [2025-03-24T02:04:04.136+0000] {dag.py:4180} INFO - Setting next_dagrun for gerar_csv_dados_abertos_cnpj to 2025-03-23 00:00:00+00:00, run_after=2025-03-24 00:00:00+00:00
[2025-03-24T02:04:04.145+0000] {processor.py:208} INFO - Processing /opt/airflow/dags/saving_file.py took 0.274 seconds
[2025-03-24T02:04:34.334+0000] {processor.py:186} INFO - Started process (PID=403) to work on /opt/airflow/dags/saving_file.py
[2025-03-24T02:04:34.335+0000] {processor.py:914} INFO - Processing file /opt/airflow/dags/saving_file.py for tasks to queue
[2025-03-24T02:04:34.337+0000] {logging_mixin.py:190} INFO - [2025-03-24T02:04:34.336+0000] {dagbag.py:588} INFO - Filling up the DagBag from /opt/airflow/dags/saving_file.py
[2025-03-24T02:04:34.559+0000] {processor.py:925} INFO - DAG(s) 'gerar_csv_dados_abertos_cnpj' retrieved from /opt/airflow/dags/saving_file.py
[2025-03-24T02:04:34.571+0000] {logging_mixin.py:190} INFO - [2025-03-24T02:04:34.571+0000] {dag.py:3239} INFO - Sync 1 DAGs
[2025-03-24T02:04:34.582+0000] {logging_mixin.py:190} INFO - [2025-03-24T02:04:34.581+0000] {dag.py:4180} INFO - Setting next_dagrun for gerar_csv_dados_abertos_cnpj to 2025-03-23 00:00:00+00:00, run_after=2025-03-24 00:00:00+00:00
[2025-03-24T02:04:34.592+0000] {processor.py:208} INFO - Processing /opt/airflow/dags/saving_file.py took 0.260 seconds
[2025-03-24T02:05:04.795+0000] {processor.py:186} INFO - Started process (PID=414) to work on /opt/airflow/dags/saving_file.py
[2025-03-24T02:05:04.796+0000] {processor.py:914} INFO - Processing file /opt/airflow/dags/saving_file.py for tasks to queue
[2025-03-24T02:05:04.798+0000] {logging_mixin.py:190} INFO - [2025-03-24T02:05:04.798+0000] {dagbag.py:588} INFO - Filling up the DagBag from /opt/airflow/dags/saving_file.py
[2025-03-24T02:05:05.028+0000] {processor.py:925} INFO - DAG(s) 'gerar_csv_dados_abertos_cnpj' retrieved from /opt/airflow/dags/saving_file.py
[2025-03-24T02:05:05.041+0000] {logging_mixin.py:190} INFO - [2025-03-24T02:05:05.041+0000] {dag.py:3239} INFO - Sync 1 DAGs
[2025-03-24T02:05:05.053+0000] {logging_mixin.py:190} INFO - [2025-03-24T02:05:05.052+0000] {dag.py:4180} INFO - Setting next_dagrun for gerar_csv_dados_abertos_cnpj to 2025-03-23 00:00:00+00:00, run_after=2025-03-24 00:00:00+00:00
[2025-03-24T02:05:05.061+0000] {processor.py:208} INFO - Processing /opt/airflow/dags/saving_file.py took 0.269 seconds
[2025-03-24T02:05:35.270+0000] {processor.py:186} INFO - Started process (PID=425) to work on /opt/airflow/dags/saving_file.py
[2025-03-24T02:05:35.270+0000] {processor.py:914} INFO - Processing file /opt/airflow/dags/saving_file.py for tasks to queue
[2025-03-24T02:05:35.272+0000] {logging_mixin.py:190} INFO - [2025-03-24T02:05:35.272+0000] {dagbag.py:588} INFO - Filling up the DagBag from /opt/airflow/dags/saving_file.py
[2025-03-24T02:05:35.511+0000] {processor.py:925} INFO - DAG(s) 'gerar_csv_dados_abertos_cnpj' retrieved from /opt/airflow/dags/saving_file.py
[2025-03-24T02:05:35.523+0000] {logging_mixin.py:190} INFO - [2025-03-24T02:05:35.522+0000] {dag.py:3239} INFO - Sync 1 DAGs
[2025-03-24T02:05:35.538+0000] {logging_mixin.py:190} INFO - [2025-03-24T02:05:35.538+0000] {dag.py:4180} INFO - Setting next_dagrun for gerar_csv_dados_abertos_cnpj to 2025-03-23 00:00:00+00:00, run_after=2025-03-24 00:00:00+00:00
[2025-03-24T02:05:35.555+0000] {processor.py:208} INFO - Processing /opt/airflow/dags/saving_file.py took 0.289 seconds
[2025-03-24T02:06:05.780+0000] {processor.py:186} INFO - Started process (PID=436) to work on /opt/airflow/dags/saving_file.py
[2025-03-24T02:06:05.781+0000] {processor.py:914} INFO - Processing file /opt/airflow/dags/saving_file.py for tasks to queue
[2025-03-24T02:06:05.784+0000] {logging_mixin.py:190} INFO - [2025-03-24T02:06:05.783+0000] {dagbag.py:588} INFO - Filling up the DagBag from /opt/airflow/dags/saving_file.py
[2025-03-24T02:06:06.015+0000] {processor.py:925} INFO - DAG(s) 'gerar_csv_dados_abertos_cnpj' retrieved from /opt/airflow/dags/saving_file.py
[2025-03-24T02:06:06.026+0000] {logging_mixin.py:190} INFO - [2025-03-24T02:06:06.026+0000] {dag.py:3239} INFO - Sync 1 DAGs
[2025-03-24T02:06:06.036+0000] {logging_mixin.py:190} INFO - [2025-03-24T02:06:06.036+0000] {dag.py:4180} INFO - Setting next_dagrun for gerar_csv_dados_abertos_cnpj to 2025-03-23 00:00:00+00:00, run_after=2025-03-24 00:00:00+00:00
[2025-03-24T02:06:06.045+0000] {processor.py:208} INFO - Processing /opt/airflow/dags/saving_file.py took 0.269 seconds
[2025-03-24T02:06:36.260+0000] {processor.py:186} INFO - Started process (PID=447) to work on /opt/airflow/dags/saving_file.py
[2025-03-24T02:06:36.261+0000] {processor.py:914} INFO - Processing file /opt/airflow/dags/saving_file.py for tasks to queue
[2025-03-24T02:06:36.263+0000] {logging_mixin.py:190} INFO - [2025-03-24T02:06:36.263+0000] {dagbag.py:588} INFO - Filling up the DagBag from /opt/airflow/dags/saving_file.py
[2025-03-24T02:06:36.490+0000] {processor.py:925} INFO - DAG(s) 'gerar_csv_dados_abertos_cnpj' retrieved from /opt/airflow/dags/saving_file.py
[2025-03-24T02:06:36.500+0000] {logging_mixin.py:190} INFO - [2025-03-24T02:06:36.500+0000] {dag.py:3239} INFO - Sync 1 DAGs
[2025-03-24T02:06:36.510+0000] {logging_mixin.py:190} INFO - [2025-03-24T02:06:36.510+0000] {dag.py:4180} INFO - Setting next_dagrun for gerar_csv_dados_abertos_cnpj to 2025-03-23 00:00:00+00:00, run_after=2025-03-24 00:00:00+00:00
[2025-03-24T02:06:36.520+0000] {processor.py:208} INFO - Processing /opt/airflow/dags/saving_file.py took 0.262 seconds
[2025-03-24T02:07:06.741+0000] {processor.py:186} INFO - Started process (PID=458) to work on /opt/airflow/dags/saving_file.py
[2025-03-24T02:07:06.741+0000] {processor.py:914} INFO - Processing file /opt/airflow/dags/saving_file.py for tasks to queue
[2025-03-24T02:07:06.743+0000] {logging_mixin.py:190} INFO - [2025-03-24T02:07:06.743+0000] {dagbag.py:588} INFO - Filling up the DagBag from /opt/airflow/dags/saving_file.py
[2025-03-24T02:07:06.960+0000] {processor.py:925} INFO - DAG(s) 'gerar_csv_dados_abertos_cnpj' retrieved from /opt/airflow/dags/saving_file.py
[2025-03-24T02:07:06.971+0000] {logging_mixin.py:190} INFO - [2025-03-24T02:07:06.970+0000] {dag.py:3239} INFO - Sync 1 DAGs
[2025-03-24T02:07:06.981+0000] {logging_mixin.py:190} INFO - [2025-03-24T02:07:06.981+0000] {dag.py:4180} INFO - Setting next_dagrun for gerar_csv_dados_abertos_cnpj to 2025-03-23 00:00:00+00:00, run_after=2025-03-24 00:00:00+00:00
[2025-03-24T02:07:06.991+0000] {processor.py:208} INFO - Processing /opt/airflow/dags/saving_file.py took 0.253 seconds
[2025-03-24T02:07:37.210+0000] {processor.py:186} INFO - Started process (PID=469) to work on /opt/airflow/dags/saving_file.py
[2025-03-24T02:07:37.210+0000] {processor.py:914} INFO - Processing file /opt/airflow/dags/saving_file.py for tasks to queue
[2025-03-24T02:07:37.212+0000] {logging_mixin.py:190} INFO - [2025-03-24T02:07:37.212+0000] {dagbag.py:588} INFO - Filling up the DagBag from /opt/airflow/dags/saving_file.py
[2025-03-24T02:07:37.441+0000] {processor.py:925} INFO - DAG(s) 'gerar_csv_dados_abertos_cnpj' retrieved from /opt/airflow/dags/saving_file.py
[2025-03-24T02:07:37.454+0000] {logging_mixin.py:190} INFO - [2025-03-24T02:07:37.454+0000] {dag.py:3239} INFO - Sync 1 DAGs
[2025-03-24T02:07:37.464+0000] {logging_mixin.py:190} INFO - [2025-03-24T02:07:37.464+0000] {dag.py:4180} INFO - Setting next_dagrun for gerar_csv_dados_abertos_cnpj to 2025-03-23 00:00:00+00:00, run_after=2025-03-24 00:00:00+00:00
[2025-03-24T02:07:37.473+0000] {processor.py:208} INFO - Processing /opt/airflow/dags/saving_file.py took 0.267 seconds
[2025-03-24T02:08:07.672+0000] {processor.py:186} INFO - Started process (PID=480) to work on /opt/airflow/dags/saving_file.py
[2025-03-24T02:08:07.673+0000] {processor.py:914} INFO - Processing file /opt/airflow/dags/saving_file.py for tasks to queue
[2025-03-24T02:08:07.674+0000] {logging_mixin.py:190} INFO - [2025-03-24T02:08:07.674+0000] {dagbag.py:588} INFO - Filling up the DagBag from /opt/airflow/dags/saving_file.py
[2025-03-24T02:08:07.906+0000] {processor.py:925} INFO - DAG(s) 'gerar_csv_dados_abertos_cnpj' retrieved from /opt/airflow/dags/saving_file.py
[2025-03-24T02:08:07.916+0000] {logging_mixin.py:190} INFO - [2025-03-24T02:08:07.916+0000] {dag.py:3239} INFO - Sync 1 DAGs
[2025-03-24T02:08:07.926+0000] {logging_mixin.py:190} INFO - [2025-03-24T02:08:07.926+0000] {dag.py:4180} INFO - Setting next_dagrun for gerar_csv_dados_abertos_cnpj to 2025-03-23 00:00:00+00:00, run_after=2025-03-24 00:00:00+00:00
[2025-03-24T02:08:07.934+0000] {processor.py:208} INFO - Processing /opt/airflow/dags/saving_file.py took 0.265 seconds
[2025-03-24T02:08:38.144+0000] {processor.py:186} INFO - Started process (PID=491) to work on /opt/airflow/dags/saving_file.py
[2025-03-24T02:08:38.145+0000] {processor.py:914} INFO - Processing file /opt/airflow/dags/saving_file.py for tasks to queue
[2025-03-24T02:08:38.147+0000] {logging_mixin.py:190} INFO - [2025-03-24T02:08:38.147+0000] {dagbag.py:588} INFO - Filling up the DagBag from /opt/airflow/dags/saving_file.py
[2025-03-24T02:08:38.382+0000] {processor.py:925} INFO - DAG(s) 'gerar_csv_dados_abertos_cnpj' retrieved from /opt/airflow/dags/saving_file.py
[2025-03-24T02:08:38.394+0000] {logging_mixin.py:190} INFO - [2025-03-24T02:08:38.394+0000] {dag.py:3239} INFO - Sync 1 DAGs
[2025-03-24T02:08:38.405+0000] {logging_mixin.py:190} INFO - [2025-03-24T02:08:38.405+0000] {dag.py:4180} INFO - Setting next_dagrun for gerar_csv_dados_abertos_cnpj to 2025-03-23 00:00:00+00:00, run_after=2025-03-24 00:00:00+00:00
[2025-03-24T02:08:38.416+0000] {processor.py:208} INFO - Processing /opt/airflow/dags/saving_file.py took 0.274 seconds
[2025-03-24T02:09:08.622+0000] {processor.py:186} INFO - Started process (PID=502) to work on /opt/airflow/dags/saving_file.py
[2025-03-24T02:09:08.623+0000] {processor.py:914} INFO - Processing file /opt/airflow/dags/saving_file.py for tasks to queue
[2025-03-24T02:09:08.625+0000] {logging_mixin.py:190} INFO - [2025-03-24T02:09:08.625+0000] {dagbag.py:588} INFO - Filling up the DagBag from /opt/airflow/dags/saving_file.py
[2025-03-24T02:09:08.851+0000] {processor.py:925} INFO - DAG(s) 'gerar_csv_dados_abertos_cnpj' retrieved from /opt/airflow/dags/saving_file.py
[2025-03-24T02:09:08.862+0000] {logging_mixin.py:190} INFO - [2025-03-24T02:09:08.861+0000] {dag.py:3239} INFO - Sync 1 DAGs
[2025-03-24T02:09:08.871+0000] {logging_mixin.py:190} INFO - [2025-03-24T02:09:08.871+0000] {dag.py:4180} INFO - Setting next_dagrun for gerar_csv_dados_abertos_cnpj to 2025-03-23 00:00:00+00:00, run_after=2025-03-24 00:00:00+00:00
[2025-03-24T02:09:08.887+0000] {processor.py:208} INFO - Processing /opt/airflow/dags/saving_file.py took 0.267 seconds
[2025-03-24T02:09:39.088+0000] {processor.py:186} INFO - Started process (PID=513) to work on /opt/airflow/dags/saving_file.py
[2025-03-24T02:09:39.089+0000] {processor.py:914} INFO - Processing file /opt/airflow/dags/saving_file.py for tasks to queue
[2025-03-24T02:09:39.091+0000] {logging_mixin.py:190} INFO - [2025-03-24T02:09:39.091+0000] {dagbag.py:588} INFO - Filling up the DagBag from /opt/airflow/dags/saving_file.py
[2025-03-24T02:09:39.327+0000] {processor.py:925} INFO - DAG(s) 'gerar_csv_dados_abertos_cnpj' retrieved from /opt/airflow/dags/saving_file.py
[2025-03-24T02:09:39.338+0000] {logging_mixin.py:190} INFO - [2025-03-24T02:09:39.338+0000] {dag.py:3239} INFO - Sync 1 DAGs
[2025-03-24T02:09:39.348+0000] {logging_mixin.py:190} INFO - [2025-03-24T02:09:39.348+0000] {dag.py:4180} INFO - Setting next_dagrun for gerar_csv_dados_abertos_cnpj to 2025-03-23 00:00:00+00:00, run_after=2025-03-24 00:00:00+00:00
[2025-03-24T02:09:39.357+0000] {processor.py:208} INFO - Processing /opt/airflow/dags/saving_file.py took 0.272 seconds
[2025-03-24T02:10:09.619+0000] {processor.py:186} INFO - Started process (PID=524) to work on /opt/airflow/dags/saving_file.py
[2025-03-24T02:10:09.620+0000] {processor.py:914} INFO - Processing file /opt/airflow/dags/saving_file.py for tasks to queue
[2025-03-24T02:10:09.622+0000] {logging_mixin.py:190} INFO - [2025-03-24T02:10:09.622+0000] {dagbag.py:588} INFO - Filling up the DagBag from /opt/airflow/dags/saving_file.py
[2025-03-24T02:10:09.862+0000] {processor.py:925} INFO - DAG(s) 'gerar_csv_dados_abertos_cnpj' retrieved from /opt/airflow/dags/saving_file.py
[2025-03-24T02:10:09.874+0000] {logging_mixin.py:190} INFO - [2025-03-24T02:10:09.873+0000] {dag.py:3239} INFO - Sync 1 DAGs
[2025-03-24T02:10:09.885+0000] {logging_mixin.py:190} INFO - [2025-03-24T02:10:09.884+0000] {dag.py:4180} INFO - Setting next_dagrun for gerar_csv_dados_abertos_cnpj to 2025-03-23 00:00:00+00:00, run_after=2025-03-24 00:00:00+00:00
[2025-03-24T02:10:09.894+0000] {processor.py:208} INFO - Processing /opt/airflow/dags/saving_file.py took 0.278 seconds
[2025-03-24T02:10:40.084+0000] {processor.py:186} INFO - Started process (PID=535) to work on /opt/airflow/dags/saving_file.py
[2025-03-24T02:10:40.084+0000] {processor.py:914} INFO - Processing file /opt/airflow/dags/saving_file.py for tasks to queue
[2025-03-24T02:10:40.086+0000] {logging_mixin.py:190} INFO - [2025-03-24T02:10:40.086+0000] {dagbag.py:588} INFO - Filling up the DagBag from /opt/airflow/dags/saving_file.py
[2025-03-24T02:10:40.323+0000] {processor.py:925} INFO - DAG(s) 'gerar_csv_dados_abertos_cnpj' retrieved from /opt/airflow/dags/saving_file.py
[2025-03-24T02:10:40.334+0000] {logging_mixin.py:190} INFO - [2025-03-24T02:10:40.334+0000] {dag.py:3239} INFO - Sync 1 DAGs
[2025-03-24T02:10:40.345+0000] {logging_mixin.py:190} INFO - [2025-03-24T02:10:40.345+0000] {dag.py:4180} INFO - Setting next_dagrun for gerar_csv_dados_abertos_cnpj to 2025-03-23 00:00:00+00:00, run_after=2025-03-24 00:00:00+00:00
[2025-03-24T02:10:40.355+0000] {processor.py:208} INFO - Processing /opt/airflow/dags/saving_file.py took 0.274 seconds
[2025-03-24T02:11:10.542+0000] {processor.py:186} INFO - Started process (PID=546) to work on /opt/airflow/dags/saving_file.py
[2025-03-24T02:11:10.543+0000] {processor.py:914} INFO - Processing file /opt/airflow/dags/saving_file.py for tasks to queue
[2025-03-24T02:11:10.545+0000] {logging_mixin.py:190} INFO - [2025-03-24T02:11:10.545+0000] {dagbag.py:588} INFO - Filling up the DagBag from /opt/airflow/dags/saving_file.py
[2025-03-24T02:11:10.781+0000] {processor.py:925} INFO - DAG(s) 'gerar_csv_dados_abertos_cnpj' retrieved from /opt/airflow/dags/saving_file.py
[2025-03-24T02:11:10.792+0000] {logging_mixin.py:190} INFO - [2025-03-24T02:11:10.791+0000] {dag.py:3239} INFO - Sync 1 DAGs
[2025-03-24T02:11:10.802+0000] {logging_mixin.py:190} INFO - [2025-03-24T02:11:10.802+0000] {dag.py:4180} INFO - Setting next_dagrun for gerar_csv_dados_abertos_cnpj to 2025-03-23 00:00:00+00:00, run_after=2025-03-24 00:00:00+00:00
[2025-03-24T02:11:10.813+0000] {processor.py:208} INFO - Processing /opt/airflow/dags/saving_file.py took 0.275 seconds
[2025-03-24T02:11:41.109+0000] {processor.py:186} INFO - Started process (PID=557) to work on /opt/airflow/dags/saving_file.py
[2025-03-24T02:11:41.110+0000] {processor.py:914} INFO - Processing file /opt/airflow/dags/saving_file.py for tasks to queue
[2025-03-24T02:11:41.112+0000] {logging_mixin.py:190} INFO - [2025-03-24T02:11:41.112+0000] {dagbag.py:588} INFO - Filling up the DagBag from /opt/airflow/dags/saving_file.py
[2025-03-24T02:11:41.346+0000] {processor.py:925} INFO - DAG(s) 'gerar_csv_dados_abertos_cnpj' retrieved from /opt/airflow/dags/saving_file.py
[2025-03-24T02:11:41.360+0000] {logging_mixin.py:190} INFO - [2025-03-24T02:11:41.360+0000] {dag.py:3239} INFO - Sync 1 DAGs
[2025-03-24T02:11:41.371+0000] {logging_mixin.py:190} INFO - [2025-03-24T02:11:41.371+0000] {dag.py:4180} INFO - Setting next_dagrun for gerar_csv_dados_abertos_cnpj to 2025-03-23 00:00:00+00:00, run_after=2025-03-24 00:00:00+00:00
[2025-03-24T02:11:41.382+0000] {processor.py:208} INFO - Processing /opt/airflow/dags/saving_file.py took 0.277 seconds
[2025-03-24T02:12:11.576+0000] {processor.py:186} INFO - Started process (PID=568) to work on /opt/airflow/dags/saving_file.py
[2025-03-24T02:12:11.577+0000] {processor.py:914} INFO - Processing file /opt/airflow/dags/saving_file.py for tasks to queue
[2025-03-24T02:12:11.580+0000] {logging_mixin.py:190} INFO - [2025-03-24T02:12:11.579+0000] {dagbag.py:588} INFO - Filling up the DagBag from /opt/airflow/dags/saving_file.py
[2025-03-24T02:12:11.802+0000] {processor.py:925} INFO - DAG(s) 'gerar_csv_dados_abertos_cnpj' retrieved from /opt/airflow/dags/saving_file.py
[2025-03-24T02:12:11.812+0000] {logging_mixin.py:190} INFO - [2025-03-24T02:12:11.812+0000] {dag.py:3239} INFO - Sync 1 DAGs
[2025-03-24T02:12:11.822+0000] {logging_mixin.py:190} INFO - [2025-03-24T02:12:11.822+0000] {dag.py:4180} INFO - Setting next_dagrun for gerar_csv_dados_abertos_cnpj to 2025-03-23 00:00:00+00:00, run_after=2025-03-24 00:00:00+00:00
[2025-03-24T02:12:11.831+0000] {processor.py:208} INFO - Processing /opt/airflow/dags/saving_file.py took 0.257 seconds
[2025-03-24T02:12:42.017+0000] {processor.py:186} INFO - Started process (PID=579) to work on /opt/airflow/dags/saving_file.py
[2025-03-24T02:12:42.018+0000] {processor.py:914} INFO - Processing file /opt/airflow/dags/saving_file.py for tasks to queue
[2025-03-24T02:12:42.020+0000] {logging_mixin.py:190} INFO - [2025-03-24T02:12:42.020+0000] {dagbag.py:588} INFO - Filling up the DagBag from /opt/airflow/dags/saving_file.py
[2025-03-24T02:12:42.159+0000] {processor.py:925} INFO - DAG(s) 'gerar_csv_dados_abertos_cnpj' retrieved from /opt/airflow/dags/saving_file.py
[2025-03-24T02:12:42.172+0000] {logging_mixin.py:190} INFO - [2025-03-24T02:12:42.172+0000] {dag.py:3239} INFO - Sync 1 DAGs
[2025-03-24T02:12:42.186+0000] {logging_mixin.py:190} INFO - [2025-03-24T02:12:42.185+0000] {dag.py:4180} INFO - Setting next_dagrun for gerar_csv_dados_abertos_cnpj to 2025-03-23 00:00:00+00:00, run_after=2025-03-24 00:00:00+00:00
[2025-03-24T02:12:42.195+0000] {processor.py:208} INFO - Processing /opt/airflow/dags/saving_file.py took 0.180 seconds
[2025-03-24T02:13:12.426+0000] {processor.py:186} INFO - Started process (PID=590) to work on /opt/airflow/dags/saving_file.py
[2025-03-24T02:13:12.427+0000] {processor.py:914} INFO - Processing file /opt/airflow/dags/saving_file.py for tasks to queue
[2025-03-24T02:13:12.428+0000] {logging_mixin.py:190} INFO - [2025-03-24T02:13:12.428+0000] {dagbag.py:588} INFO - Filling up the DagBag from /opt/airflow/dags/saving_file.py
[2025-03-24T02:13:12.570+0000] {processor.py:925} INFO - DAG(s) 'gerar_csv_dados_abertos_cnpj' retrieved from /opt/airflow/dags/saving_file.py
[2025-03-24T02:13:12.586+0000] {logging_mixin.py:190} INFO - [2025-03-24T02:13:12.586+0000] {dag.py:3239} INFO - Sync 1 DAGs
[2025-03-24T02:13:12.599+0000] {logging_mixin.py:190} INFO - [2025-03-24T02:13:12.599+0000] {dag.py:4180} INFO - Setting next_dagrun for gerar_csv_dados_abertos_cnpj to 2025-03-23 00:00:00+00:00, run_after=2025-03-24 00:00:00+00:00
[2025-03-24T02:13:12.608+0000] {processor.py:208} INFO - Processing /opt/airflow/dags/saving_file.py took 0.186 seconds
[2025-03-24T02:13:42.838+0000] {processor.py:186} INFO - Started process (PID=601) to work on /opt/airflow/dags/saving_file.py
[2025-03-24T02:13:42.838+0000] {processor.py:914} INFO - Processing file /opt/airflow/dags/saving_file.py for tasks to queue
[2025-03-24T02:13:42.841+0000] {logging_mixin.py:190} INFO - [2025-03-24T02:13:42.841+0000] {dagbag.py:588} INFO - Filling up the DagBag from /opt/airflow/dags/saving_file.py
[2025-03-24T02:13:42.983+0000] {processor.py:925} INFO - DAG(s) 'gerar_csv_dados_abertos_cnpj' retrieved from /opt/airflow/dags/saving_file.py
[2025-03-24T02:13:42.995+0000] {logging_mixin.py:190} INFO - [2025-03-24T02:13:42.995+0000] {dag.py:3239} INFO - Sync 1 DAGs
[2025-03-24T02:13:43.006+0000] {logging_mixin.py:190} INFO - [2025-03-24T02:13:43.006+0000] {dag.py:4180} INFO - Setting next_dagrun for gerar_csv_dados_abertos_cnpj to 2025-03-23 00:00:00+00:00, run_after=2025-03-24 00:00:00+00:00
[2025-03-24T02:13:43.015+0000] {processor.py:208} INFO - Processing /opt/airflow/dags/saving_file.py took 0.181 seconds
[2025-03-24T02:14:13.219+0000] {processor.py:186} INFO - Started process (PID=612) to work on /opt/airflow/dags/saving_file.py
[2025-03-24T02:14:13.220+0000] {processor.py:914} INFO - Processing file /opt/airflow/dags/saving_file.py for tasks to queue
[2025-03-24T02:14:13.222+0000] {logging_mixin.py:190} INFO - [2025-03-24T02:14:13.222+0000] {dagbag.py:588} INFO - Filling up the DagBag from /opt/airflow/dags/saving_file.py
[2025-03-24T02:14:13.370+0000] {processor.py:925} INFO - DAG(s) 'gerar_csv_dados_abertos_cnpj' retrieved from /opt/airflow/dags/saving_file.py
[2025-03-24T02:14:13.384+0000] {logging_mixin.py:190} INFO - [2025-03-24T02:14:13.384+0000] {dag.py:3239} INFO - Sync 1 DAGs
[2025-03-24T02:14:13.401+0000] {logging_mixin.py:190} INFO - [2025-03-24T02:14:13.400+0000] {dag.py:4180} INFO - Setting next_dagrun for gerar_csv_dados_abertos_cnpj to 2025-03-23 00:00:00+00:00, run_after=2025-03-24 00:00:00+00:00
[2025-03-24T02:14:13.413+0000] {processor.py:208} INFO - Processing /opt/airflow/dags/saving_file.py took 0.198 seconds
[2025-03-24T02:14:43.611+0000] {processor.py:186} INFO - Started process (PID=623) to work on /opt/airflow/dags/saving_file.py
[2025-03-24T02:14:43.612+0000] {processor.py:914} INFO - Processing file /opt/airflow/dags/saving_file.py for tasks to queue
[2025-03-24T02:14:43.613+0000] {logging_mixin.py:190} INFO - [2025-03-24T02:14:43.613+0000] {dagbag.py:588} INFO - Filling up the DagBag from /opt/airflow/dags/saving_file.py
[2025-03-24T02:14:43.762+0000] {processor.py:925} INFO - DAG(s) 'gerar_csv_dados_abertos_cnpj' retrieved from /opt/airflow/dags/saving_file.py
[2025-03-24T02:14:43.774+0000] {logging_mixin.py:190} INFO - [2025-03-24T02:14:43.774+0000] {dag.py:3239} INFO - Sync 1 DAGs
[2025-03-24T02:14:43.785+0000] {logging_mixin.py:190} INFO - [2025-03-24T02:14:43.785+0000] {dag.py:4180} INFO - Setting next_dagrun for gerar_csv_dados_abertos_cnpj to 2025-03-23 00:00:00+00:00, run_after=2025-03-24 00:00:00+00:00
[2025-03-24T02:14:43.794+0000] {processor.py:208} INFO - Processing /opt/airflow/dags/saving_file.py took 0.186 seconds
[2025-03-24T02:15:14.063+0000] {processor.py:186} INFO - Started process (PID=634) to work on /opt/airflow/dags/saving_file.py
[2025-03-24T02:15:14.064+0000] {processor.py:914} INFO - Processing file /opt/airflow/dags/saving_file.py for tasks to queue
[2025-03-24T02:15:14.065+0000] {logging_mixin.py:190} INFO - [2025-03-24T02:15:14.065+0000] {dagbag.py:588} INFO - Filling up the DagBag from /opt/airflow/dags/saving_file.py
[2025-03-24T02:15:14.205+0000] {processor.py:925} INFO - DAG(s) 'gerar_csv_dados_abertos_cnpj' retrieved from /opt/airflow/dags/saving_file.py
[2025-03-24T02:15:14.218+0000] {logging_mixin.py:190} INFO - [2025-03-24T02:15:14.218+0000] {dag.py:3239} INFO - Sync 1 DAGs
[2025-03-24T02:15:14.229+0000] {logging_mixin.py:190} INFO - [2025-03-24T02:15:14.229+0000] {dag.py:4180} INFO - Setting next_dagrun for gerar_csv_dados_abertos_cnpj to 2025-03-23 00:00:00+00:00, run_after=2025-03-24 00:00:00+00:00
[2025-03-24T02:15:14.240+0000] {processor.py:208} INFO - Processing /opt/airflow/dags/saving_file.py took 0.180 seconds
[2025-03-24T02:15:44.478+0000] {processor.py:186} INFO - Started process (PID=645) to work on /opt/airflow/dags/saving_file.py
[2025-03-24T02:15:44.479+0000] {processor.py:914} INFO - Processing file /opt/airflow/dags/saving_file.py for tasks to queue
[2025-03-24T02:15:44.481+0000] {logging_mixin.py:190} INFO - [2025-03-24T02:15:44.480+0000] {dagbag.py:588} INFO - Filling up the DagBag from /opt/airflow/dags/saving_file.py
[2025-03-24T02:15:44.653+0000] {processor.py:925} INFO - DAG(s) 'gerar_csv_dados_abertos_cnpj' retrieved from /opt/airflow/dags/saving_file.py
[2025-03-24T02:15:44.668+0000] {logging_mixin.py:190} INFO - [2025-03-24T02:15:44.668+0000] {dag.py:3239} INFO - Sync 1 DAGs
[2025-03-24T02:15:44.682+0000] {logging_mixin.py:190} INFO - [2025-03-24T02:15:44.682+0000] {dag.py:4180} INFO - Setting next_dagrun for gerar_csv_dados_abertos_cnpj to 2025-03-23 00:00:00+00:00, run_after=2025-03-24 00:00:00+00:00
[2025-03-24T02:15:44.692+0000] {processor.py:208} INFO - Processing /opt/airflow/dags/saving_file.py took 0.217 seconds
[2025-03-24T02:16:14.886+0000] {processor.py:186} INFO - Started process (PID=656) to work on /opt/airflow/dags/saving_file.py
[2025-03-24T02:16:14.887+0000] {processor.py:914} INFO - Processing file /opt/airflow/dags/saving_file.py for tasks to queue
[2025-03-24T02:16:14.888+0000] {logging_mixin.py:190} INFO - [2025-03-24T02:16:14.888+0000] {dagbag.py:588} INFO - Filling up the DagBag from /opt/airflow/dags/saving_file.py
[2025-03-24T02:16:15.030+0000] {processor.py:925} INFO - DAG(s) 'gerar_csv_dados_abertos_cnpj' retrieved from /opt/airflow/dags/saving_file.py
[2025-03-24T02:16:15.044+0000] {logging_mixin.py:190} INFO - [2025-03-24T02:16:15.044+0000] {dag.py:3239} INFO - Sync 1 DAGs
[2025-03-24T02:16:15.056+0000] {logging_mixin.py:190} INFO - [2025-03-24T02:16:15.056+0000] {dag.py:4180} INFO - Setting next_dagrun for gerar_csv_dados_abertos_cnpj to 2025-03-23 00:00:00+00:00, run_after=2025-03-24 00:00:00+00:00
[2025-03-24T02:16:15.065+0000] {processor.py:208} INFO - Processing /opt/airflow/dags/saving_file.py took 0.183 seconds
[2025-03-24T02:16:45.261+0000] {processor.py:186} INFO - Started process (PID=667) to work on /opt/airflow/dags/saving_file.py
[2025-03-24T02:16:45.262+0000] {processor.py:914} INFO - Processing file /opt/airflow/dags/saving_file.py for tasks to queue
[2025-03-24T02:16:45.264+0000] {logging_mixin.py:190} INFO - [2025-03-24T02:16:45.264+0000] {dagbag.py:588} INFO - Filling up the DagBag from /opt/airflow/dags/saving_file.py
[2025-03-24T02:16:45.410+0000] {processor.py:925} INFO - DAG(s) 'gerar_csv_dados_abertos_cnpj' retrieved from /opt/airflow/dags/saving_file.py
[2025-03-24T02:16:45.423+0000] {logging_mixin.py:190} INFO - [2025-03-24T02:16:45.423+0000] {dag.py:3239} INFO - Sync 1 DAGs
[2025-03-24T02:16:45.435+0000] {logging_mixin.py:190} INFO - [2025-03-24T02:16:45.435+0000] {dag.py:4180} INFO - Setting next_dagrun for gerar_csv_dados_abertos_cnpj to 2025-03-23 00:00:00+00:00, run_after=2025-03-24 00:00:00+00:00
[2025-03-24T02:16:45.446+0000] {processor.py:208} INFO - Processing /opt/airflow/dags/saving_file.py took 0.189 seconds
[2025-03-24T02:17:15.634+0000] {processor.py:186} INFO - Started process (PID=678) to work on /opt/airflow/dags/saving_file.py
[2025-03-24T02:17:15.635+0000] {processor.py:914} INFO - Processing file /opt/airflow/dags/saving_file.py for tasks to queue
[2025-03-24T02:17:15.638+0000] {logging_mixin.py:190} INFO - [2025-03-24T02:17:15.638+0000] {dagbag.py:588} INFO - Filling up the DagBag from /opt/airflow/dags/saving_file.py
[2025-03-24T02:17:15.780+0000] {processor.py:925} INFO - DAG(s) 'gerar_csv_dados_abertos_cnpj' retrieved from /opt/airflow/dags/saving_file.py
[2025-03-24T02:17:15.792+0000] {logging_mixin.py:190} INFO - [2025-03-24T02:17:15.791+0000] {dag.py:3239} INFO - Sync 1 DAGs
[2025-03-24T02:17:15.803+0000] {logging_mixin.py:190} INFO - [2025-03-24T02:17:15.802+0000] {dag.py:4180} INFO - Setting next_dagrun for gerar_csv_dados_abertos_cnpj to 2025-03-23 00:00:00+00:00, run_after=2025-03-24 00:00:00+00:00
[2025-03-24T02:17:15.813+0000] {processor.py:208} INFO - Processing /opt/airflow/dags/saving_file.py took 0.184 seconds
[2025-03-24T02:17:46.021+0000] {processor.py:186} INFO - Started process (PID=689) to work on /opt/airflow/dags/saving_file.py
[2025-03-24T02:17:46.022+0000] {processor.py:914} INFO - Processing file /opt/airflow/dags/saving_file.py for tasks to queue
[2025-03-24T02:17:46.024+0000] {logging_mixin.py:190} INFO - [2025-03-24T02:17:46.024+0000] {dagbag.py:588} INFO - Filling up the DagBag from /opt/airflow/dags/saving_file.py
[2025-03-24T02:17:46.168+0000] {processor.py:925} INFO - DAG(s) 'gerar_csv_dados_abertos_cnpj' retrieved from /opt/airflow/dags/saving_file.py
[2025-03-24T02:17:46.182+0000] {logging_mixin.py:190} INFO - [2025-03-24T02:17:46.182+0000] {dag.py:3239} INFO - Sync 1 DAGs
[2025-03-24T02:17:46.195+0000] {logging_mixin.py:190} INFO - [2025-03-24T02:17:46.195+0000] {dag.py:4180} INFO - Setting next_dagrun for gerar_csv_dados_abertos_cnpj to 2025-03-23 00:00:00+00:00, run_after=2025-03-24 00:00:00+00:00
[2025-03-24T02:17:46.209+0000] {processor.py:208} INFO - Processing /opt/airflow/dags/saving_file.py took 0.191 seconds
[2025-03-24T02:18:16.410+0000] {processor.py:186} INFO - Started process (PID=700) to work on /opt/airflow/dags/saving_file.py
[2025-03-24T02:18:16.412+0000] {processor.py:914} INFO - Processing file /opt/airflow/dags/saving_file.py for tasks to queue
[2025-03-24T02:18:16.415+0000] {logging_mixin.py:190} INFO - [2025-03-24T02:18:16.414+0000] {dagbag.py:588} INFO - Filling up the DagBag from /opt/airflow/dags/saving_file.py
[2025-03-24T02:18:16.564+0000] {processor.py:925} INFO - DAG(s) 'gerar_csv_dados_abertos_cnpj' retrieved from /opt/airflow/dags/saving_file.py
[2025-03-24T02:18:16.578+0000] {logging_mixin.py:190} INFO - [2025-03-24T02:18:16.577+0000] {dag.py:3239} INFO - Sync 1 DAGs
[2025-03-24T02:18:16.592+0000] {logging_mixin.py:190} INFO - [2025-03-24T02:18:16.591+0000] {dag.py:4180} INFO - Setting next_dagrun for gerar_csv_dados_abertos_cnpj to 2025-03-23 00:00:00+00:00, run_after=2025-03-24 00:00:00+00:00
[2025-03-24T02:18:16.602+0000] {processor.py:208} INFO - Processing /opt/airflow/dags/saving_file.py took 0.194 seconds
[2025-03-24T02:18:46.795+0000] {processor.py:186} INFO - Started process (PID=711) to work on /opt/airflow/dags/saving_file.py
[2025-03-24T02:18:46.796+0000] {processor.py:914} INFO - Processing file /opt/airflow/dags/saving_file.py for tasks to queue
[2025-03-24T02:18:46.797+0000] {logging_mixin.py:190} INFO - [2025-03-24T02:18:46.797+0000] {dagbag.py:588} INFO - Filling up the DagBag from /opt/airflow/dags/saving_file.py
[2025-03-24T02:18:46.943+0000] {processor.py:925} INFO - DAG(s) 'gerar_csv_dados_abertos_cnpj' retrieved from /opt/airflow/dags/saving_file.py
[2025-03-24T02:18:46.955+0000] {logging_mixin.py:190} INFO - [2025-03-24T02:18:46.955+0000] {dag.py:3239} INFO - Sync 1 DAGs
[2025-03-24T02:18:46.969+0000] {logging_mixin.py:190} INFO - [2025-03-24T02:18:46.969+0000] {dag.py:4180} INFO - Setting next_dagrun for gerar_csv_dados_abertos_cnpj to 2025-03-23 00:00:00+00:00, run_after=2025-03-24 00:00:00+00:00
[2025-03-24T02:18:46.980+0000] {processor.py:208} INFO - Processing /opt/airflow/dags/saving_file.py took 0.188 seconds
[2025-03-24T02:19:17.175+0000] {processor.py:186} INFO - Started process (PID=722) to work on /opt/airflow/dags/saving_file.py
[2025-03-24T02:19:17.175+0000] {processor.py:914} INFO - Processing file /opt/airflow/dags/saving_file.py for tasks to queue
[2025-03-24T02:19:17.177+0000] {logging_mixin.py:190} INFO - [2025-03-24T02:19:17.177+0000] {dagbag.py:588} INFO - Filling up the DagBag from /opt/airflow/dags/saving_file.py
[2025-03-24T02:19:17.321+0000] {processor.py:925} INFO - DAG(s) 'gerar_csv_dados_abertos_cnpj' retrieved from /opt/airflow/dags/saving_file.py
[2025-03-24T02:19:17.334+0000] {logging_mixin.py:190} INFO - [2025-03-24T02:19:17.334+0000] {dag.py:3239} INFO - Sync 1 DAGs
[2025-03-24T02:19:17.345+0000] {logging_mixin.py:190} INFO - [2025-03-24T02:19:17.345+0000] {dag.py:4180} INFO - Setting next_dagrun for gerar_csv_dados_abertos_cnpj to 2025-03-23 00:00:00+00:00, run_after=2025-03-24 00:00:00+00:00
[2025-03-24T02:19:17.353+0000] {processor.py:208} INFO - Processing /opt/airflow/dags/saving_file.py took 0.182 seconds
[2025-03-24T02:19:47.549+0000] {processor.py:186} INFO - Started process (PID=733) to work on /opt/airflow/dags/saving_file.py
[2025-03-24T02:19:47.550+0000] {processor.py:914} INFO - Processing file /opt/airflow/dags/saving_file.py for tasks to queue
[2025-03-24T02:19:47.552+0000] {logging_mixin.py:190} INFO - [2025-03-24T02:19:47.552+0000] {dagbag.py:588} INFO - Filling up the DagBag from /opt/airflow/dags/saving_file.py
[2025-03-24T02:19:47.698+0000] {processor.py:925} INFO - DAG(s) 'gerar_csv_dados_abertos_cnpj' retrieved from /opt/airflow/dags/saving_file.py
[2025-03-24T02:19:47.711+0000] {logging_mixin.py:190} INFO - [2025-03-24T02:19:47.711+0000] {dag.py:3239} INFO - Sync 1 DAGs
[2025-03-24T02:19:47.724+0000] {logging_mixin.py:190} INFO - [2025-03-24T02:19:47.724+0000] {dag.py:4180} INFO - Setting next_dagrun for gerar_csv_dados_abertos_cnpj to 2025-03-23 00:00:00+00:00, run_after=2025-03-24 00:00:00+00:00
[2025-03-24T02:19:47.735+0000] {processor.py:208} INFO - Processing /opt/airflow/dags/saving_file.py took 0.189 seconds
[2025-03-24T02:20:17.925+0000] {processor.py:186} INFO - Started process (PID=744) to work on /opt/airflow/dags/saving_file.py
[2025-03-24T02:20:17.925+0000] {processor.py:914} INFO - Processing file /opt/airflow/dags/saving_file.py for tasks to queue
[2025-03-24T02:20:17.927+0000] {logging_mixin.py:190} INFO - [2025-03-24T02:20:17.927+0000] {dagbag.py:588} INFO - Filling up the DagBag from /opt/airflow/dags/saving_file.py
[2025-03-24T02:20:18.071+0000] {processor.py:925} INFO - DAG(s) 'gerar_csv_dados_abertos_cnpj' retrieved from /opt/airflow/dags/saving_file.py
[2025-03-24T02:20:18.083+0000] {logging_mixin.py:190} INFO - [2025-03-24T02:20:18.083+0000] {dag.py:3239} INFO - Sync 1 DAGs
[2025-03-24T02:20:18.094+0000] {logging_mixin.py:190} INFO - [2025-03-24T02:20:18.094+0000] {dag.py:4180} INFO - Setting next_dagrun for gerar_csv_dados_abertos_cnpj to 2025-03-23 00:00:00+00:00, run_after=2025-03-24 00:00:00+00:00
[2025-03-24T02:20:18.104+0000] {processor.py:208} INFO - Processing /opt/airflow/dags/saving_file.py took 0.182 seconds
[2025-03-24T02:20:48.305+0000] {processor.py:186} INFO - Started process (PID=755) to work on /opt/airflow/dags/saving_file.py
[2025-03-24T02:20:48.306+0000] {processor.py:914} INFO - Processing file /opt/airflow/dags/saving_file.py for tasks to queue
[2025-03-24T02:20:48.309+0000] {logging_mixin.py:190} INFO - [2025-03-24T02:20:48.309+0000] {dagbag.py:588} INFO - Filling up the DagBag from /opt/airflow/dags/saving_file.py
[2025-03-24T02:20:48.458+0000] {processor.py:925} INFO - DAG(s) 'gerar_csv_dados_abertos_cnpj' retrieved from /opt/airflow/dags/saving_file.py
[2025-03-24T02:20:48.473+0000] {logging_mixin.py:190} INFO - [2025-03-24T02:20:48.472+0000] {dag.py:3239} INFO - Sync 1 DAGs
[2025-03-24T02:20:48.485+0000] {logging_mixin.py:190} INFO - [2025-03-24T02:20:48.485+0000] {dag.py:4180} INFO - Setting next_dagrun for gerar_csv_dados_abertos_cnpj to 2025-03-23 00:00:00+00:00, run_after=2025-03-24 00:00:00+00:00
[2025-03-24T02:20:48.496+0000] {processor.py:208} INFO - Processing /opt/airflow/dags/saving_file.py took 0.195 seconds
[2025-03-24T02:21:18.688+0000] {processor.py:186} INFO - Started process (PID=766) to work on /opt/airflow/dags/saving_file.py
[2025-03-24T02:21:18.689+0000] {processor.py:914} INFO - Processing file /opt/airflow/dags/saving_file.py for tasks to queue
[2025-03-24T02:21:18.691+0000] {logging_mixin.py:190} INFO - [2025-03-24T02:21:18.691+0000] {dagbag.py:588} INFO - Filling up the DagBag from /opt/airflow/dags/saving_file.py
[2025-03-24T02:21:18.840+0000] {processor.py:925} INFO - DAG(s) 'gerar_csv_dados_abertos_cnpj' retrieved from /opt/airflow/dags/saving_file.py
[2025-03-24T02:21:18.853+0000] {logging_mixin.py:190} INFO - [2025-03-24T02:21:18.853+0000] {dag.py:3239} INFO - Sync 1 DAGs
[2025-03-24T02:21:18.865+0000] {logging_mixin.py:190} INFO - [2025-03-24T02:21:18.865+0000] {dag.py:4180} INFO - Setting next_dagrun for gerar_csv_dados_abertos_cnpj to 2025-03-23 00:00:00+00:00, run_after=2025-03-24 00:00:00+00:00
[2025-03-24T02:21:18.875+0000] {processor.py:208} INFO - Processing /opt/airflow/dags/saving_file.py took 0.190 seconds
[2025-03-24T02:21:49.074+0000] {processor.py:186} INFO - Started process (PID=777) to work on /opt/airflow/dags/saving_file.py
[2025-03-24T02:21:49.074+0000] {processor.py:914} INFO - Processing file /opt/airflow/dags/saving_file.py for tasks to queue
[2025-03-24T02:21:49.077+0000] {logging_mixin.py:190} INFO - [2025-03-24T02:21:49.077+0000] {dagbag.py:588} INFO - Filling up the DagBag from /opt/airflow/dags/saving_file.py
[2025-03-24T02:21:49.227+0000] {processor.py:925} INFO - DAG(s) 'gerar_csv_dados_abertos_cnpj' retrieved from /opt/airflow/dags/saving_file.py
[2025-03-24T02:21:49.243+0000] {logging_mixin.py:190} INFO - [2025-03-24T02:21:49.242+0000] {dag.py:3239} INFO - Sync 1 DAGs
[2025-03-24T02:21:49.255+0000] {logging_mixin.py:190} INFO - [2025-03-24T02:21:49.255+0000] {dag.py:4180} INFO - Setting next_dagrun for gerar_csv_dados_abertos_cnpj to 2025-03-23 00:00:00+00:00, run_after=2025-03-24 00:00:00+00:00
[2025-03-24T02:21:49.267+0000] {processor.py:208} INFO - Processing /opt/airflow/dags/saving_file.py took 0.197 seconds
[2025-03-24T02:22:19.459+0000] {processor.py:186} INFO - Started process (PID=788) to work on /opt/airflow/dags/saving_file.py
[2025-03-24T02:22:19.460+0000] {processor.py:914} INFO - Processing file /opt/airflow/dags/saving_file.py for tasks to queue
[2025-03-24T02:22:19.462+0000] {logging_mixin.py:190} INFO - [2025-03-24T02:22:19.461+0000] {dagbag.py:588} INFO - Filling up the DagBag from /opt/airflow/dags/saving_file.py
[2025-03-24T02:22:19.602+0000] {processor.py:925} INFO - DAG(s) 'gerar_csv_dados_abertos_cnpj' retrieved from /opt/airflow/dags/saving_file.py
[2025-03-24T02:22:19.615+0000] {logging_mixin.py:190} INFO - [2025-03-24T02:22:19.615+0000] {dag.py:3239} INFO - Sync 1 DAGs
[2025-03-24T02:22:19.627+0000] {logging_mixin.py:190} INFO - [2025-03-24T02:22:19.627+0000] {dag.py:4180} INFO - Setting next_dagrun for gerar_csv_dados_abertos_cnpj to 2025-03-23 00:00:00+00:00, run_after=2025-03-24 00:00:00+00:00
[2025-03-24T02:22:19.636+0000] {processor.py:208} INFO - Processing /opt/airflow/dags/saving_file.py took 0.180 seconds
[2025-03-24T02:22:49.829+0000] {processor.py:186} INFO - Started process (PID=799) to work on /opt/airflow/dags/saving_file.py
[2025-03-24T02:22:49.831+0000] {processor.py:914} INFO - Processing file /opt/airflow/dags/saving_file.py for tasks to queue
[2025-03-24T02:22:49.833+0000] {logging_mixin.py:190} INFO - [2025-03-24T02:22:49.833+0000] {dagbag.py:588} INFO - Filling up the DagBag from /opt/airflow/dags/saving_file.py
[2025-03-24T02:22:49.980+0000] {processor.py:925} INFO - DAG(s) 'gerar_csv_dados_abertos_cnpj' retrieved from /opt/airflow/dags/saving_file.py
[2025-03-24T02:22:49.993+0000] {logging_mixin.py:190} INFO - [2025-03-24T02:22:49.993+0000] {dag.py:3239} INFO - Sync 1 DAGs
[2025-03-24T02:22:50.006+0000] {logging_mixin.py:190} INFO - [2025-03-24T02:22:50.006+0000] {dag.py:4180} INFO - Setting next_dagrun for gerar_csv_dados_abertos_cnpj to 2025-03-23 00:00:00+00:00, run_after=2025-03-24 00:00:00+00:00
[2025-03-24T02:22:50.018+0000] {processor.py:208} INFO - Processing /opt/airflow/dags/saving_file.py took 0.191 seconds
[2025-03-24T02:23:20.209+0000] {processor.py:186} INFO - Started process (PID=810) to work on /opt/airflow/dags/saving_file.py
[2025-03-24T02:23:20.210+0000] {processor.py:914} INFO - Processing file /opt/airflow/dags/saving_file.py for tasks to queue
[2025-03-24T02:23:20.212+0000] {logging_mixin.py:190} INFO - [2025-03-24T02:23:20.211+0000] {dagbag.py:588} INFO - Filling up the DagBag from /opt/airflow/dags/saving_file.py
[2025-03-24T02:23:20.360+0000] {processor.py:925} INFO - DAG(s) 'gerar_csv_dados_abertos_cnpj' retrieved from /opt/airflow/dags/saving_file.py
[2025-03-24T02:23:20.373+0000] {logging_mixin.py:190} INFO - [2025-03-24T02:23:20.373+0000] {dag.py:3239} INFO - Sync 1 DAGs
[2025-03-24T02:23:20.384+0000] {logging_mixin.py:190} INFO - [2025-03-24T02:23:20.384+0000] {dag.py:4180} INFO - Setting next_dagrun for gerar_csv_dados_abertos_cnpj to 2025-03-23 00:00:00+00:00, run_after=2025-03-24 00:00:00+00:00
[2025-03-24T02:23:20.395+0000] {processor.py:208} INFO - Processing /opt/airflow/dags/saving_file.py took 0.189 seconds
[2025-03-24T02:23:50.591+0000] {processor.py:186} INFO - Started process (PID=821) to work on /opt/airflow/dags/saving_file.py
[2025-03-24T02:23:50.591+0000] {processor.py:914} INFO - Processing file /opt/airflow/dags/saving_file.py for tasks to queue
[2025-03-24T02:23:50.594+0000] {logging_mixin.py:190} INFO - [2025-03-24T02:23:50.594+0000] {dagbag.py:588} INFO - Filling up the DagBag from /opt/airflow/dags/saving_file.py
[2025-03-24T02:23:50.733+0000] {processor.py:925} INFO - DAG(s) 'gerar_csv_dados_abertos_cnpj' retrieved from /opt/airflow/dags/saving_file.py
[2025-03-24T02:23:50.748+0000] {logging_mixin.py:190} INFO - [2025-03-24T02:23:50.748+0000] {dag.py:3239} INFO - Sync 1 DAGs
[2025-03-24T02:23:50.762+0000] {logging_mixin.py:190} INFO - [2025-03-24T02:23:50.762+0000] {dag.py:4180} INFO - Setting next_dagrun for gerar_csv_dados_abertos_cnpj to 2025-03-23 00:00:00+00:00, run_after=2025-03-24 00:00:00+00:00
[2025-03-24T02:23:50.773+0000] {processor.py:208} INFO - Processing /opt/airflow/dags/saving_file.py took 0.185 seconds
[2025-03-24T02:24:20.980+0000] {processor.py:186} INFO - Started process (PID=832) to work on /opt/airflow/dags/saving_file.py
[2025-03-24T02:24:20.980+0000] {processor.py:914} INFO - Processing file /opt/airflow/dags/saving_file.py for tasks to queue
[2025-03-24T02:24:20.982+0000] {logging_mixin.py:190} INFO - [2025-03-24T02:24:20.982+0000] {dagbag.py:588} INFO - Filling up the DagBag from /opt/airflow/dags/saving_file.py
[2025-03-24T02:24:21.144+0000] {processor.py:925} INFO - DAG(s) 'gerar_csv_dados_abertos_cnpj' retrieved from /opt/airflow/dags/saving_file.py
[2025-03-24T02:24:21.160+0000] {logging_mixin.py:190} INFO - [2025-03-24T02:24:21.160+0000] {dag.py:3239} INFO - Sync 1 DAGs
[2025-03-24T02:24:21.173+0000] {logging_mixin.py:190} INFO - [2025-03-24T02:24:21.173+0000] {dag.py:4180} INFO - Setting next_dagrun for gerar_csv_dados_abertos_cnpj to 2025-03-23 00:00:00+00:00, run_after=2025-03-24 00:00:00+00:00
[2025-03-24T02:24:21.184+0000] {processor.py:208} INFO - Processing /opt/airflow/dags/saving_file.py took 0.208 seconds
[2025-03-24T02:24:51.446+0000] {processor.py:186} INFO - Started process (PID=843) to work on /opt/airflow/dags/saving_file.py
[2025-03-24T02:24:51.446+0000] {processor.py:914} INFO - Processing file /opt/airflow/dags/saving_file.py for tasks to queue
[2025-03-24T02:24:51.449+0000] {logging_mixin.py:190} INFO - [2025-03-24T02:24:51.448+0000] {dagbag.py:588} INFO - Filling up the DagBag from /opt/airflow/dags/saving_file.py
[2025-03-24T02:24:51.596+0000] {processor.py:925} INFO - DAG(s) 'gerar_csv_dados_abertos_cnpj' retrieved from /opt/airflow/dags/saving_file.py
[2025-03-24T02:24:51.609+0000] {logging_mixin.py:190} INFO - [2025-03-24T02:24:51.609+0000] {dag.py:3239} INFO - Sync 1 DAGs
[2025-03-24T02:24:51.622+0000] {logging_mixin.py:190} INFO - [2025-03-24T02:24:51.622+0000] {dag.py:4180} INFO - Setting next_dagrun for gerar_csv_dados_abertos_cnpj to 2025-03-23 00:00:00+00:00, run_after=2025-03-24 00:00:00+00:00
[2025-03-24T02:24:51.633+0000] {processor.py:208} INFO - Processing /opt/airflow/dags/saving_file.py took 0.191 seconds
[2025-03-24T02:25:21.835+0000] {processor.py:186} INFO - Started process (PID=854) to work on /opt/airflow/dags/saving_file.py
[2025-03-24T02:25:21.836+0000] {processor.py:914} INFO - Processing file /opt/airflow/dags/saving_file.py for tasks to queue
[2025-03-24T02:25:21.838+0000] {logging_mixin.py:190} INFO - [2025-03-24T02:25:21.838+0000] {dagbag.py:588} INFO - Filling up the DagBag from /opt/airflow/dags/saving_file.py
[2025-03-24T02:25:21.992+0000] {processor.py:925} INFO - DAG(s) 'gerar_csv_dados_abertos_cnpj' retrieved from /opt/airflow/dags/saving_file.py
[2025-03-24T02:25:22.004+0000] {logging_mixin.py:190} INFO - [2025-03-24T02:25:22.004+0000] {dag.py:3239} INFO - Sync 1 DAGs
[2025-03-24T02:25:22.014+0000] {logging_mixin.py:190} INFO - [2025-03-24T02:25:22.014+0000] {dag.py:4180} INFO - Setting next_dagrun for gerar_csv_dados_abertos_cnpj to 2025-03-23 00:00:00+00:00, run_after=2025-03-24 00:00:00+00:00
[2025-03-24T02:25:22.023+0000] {processor.py:208} INFO - Processing /opt/airflow/dags/saving_file.py took 0.191 seconds
[2025-03-24T02:25:52.225+0000] {processor.py:186} INFO - Started process (PID=865) to work on /opt/airflow/dags/saving_file.py
[2025-03-24T02:25:52.226+0000] {processor.py:914} INFO - Processing file /opt/airflow/dags/saving_file.py for tasks to queue
[2025-03-24T02:25:52.227+0000] {logging_mixin.py:190} INFO - [2025-03-24T02:25:52.227+0000] {dagbag.py:588} INFO - Filling up the DagBag from /opt/airflow/dags/saving_file.py
[2025-03-24T02:25:52.367+0000] {processor.py:925} INFO - DAG(s) 'gerar_csv_dados_abertos_cnpj' retrieved from /opt/airflow/dags/saving_file.py
[2025-03-24T02:25:52.381+0000] {logging_mixin.py:190} INFO - [2025-03-24T02:25:52.381+0000] {dag.py:3239} INFO - Sync 1 DAGs
[2025-03-24T02:25:52.393+0000] {logging_mixin.py:190} INFO - [2025-03-24T02:25:52.393+0000] {dag.py:4180} INFO - Setting next_dagrun for gerar_csv_dados_abertos_cnpj to 2025-03-23 00:00:00+00:00, run_after=2025-03-24 00:00:00+00:00
[2025-03-24T02:25:52.403+0000] {processor.py:208} INFO - Processing /opt/airflow/dags/saving_file.py took 0.181 seconds
[2025-03-24T02:26:22.600+0000] {processor.py:186} INFO - Started process (PID=876) to work on /opt/airflow/dags/saving_file.py
[2025-03-24T02:26:22.601+0000] {processor.py:914} INFO - Processing file /opt/airflow/dags/saving_file.py for tasks to queue
[2025-03-24T02:26:22.604+0000] {logging_mixin.py:190} INFO - [2025-03-24T02:26:22.604+0000] {dagbag.py:588} INFO - Filling up the DagBag from /opt/airflow/dags/saving_file.py
[2025-03-24T02:26:22.749+0000] {processor.py:925} INFO - DAG(s) 'gerar_csv_dados_abertos_cnpj' retrieved from /opt/airflow/dags/saving_file.py
[2025-03-24T02:26:22.763+0000] {logging_mixin.py:190} INFO - [2025-03-24T02:26:22.763+0000] {dag.py:3239} INFO - Sync 1 DAGs
[2025-03-24T02:26:22.775+0000] {logging_mixin.py:190} INFO - [2025-03-24T02:26:22.775+0000] {dag.py:4180} INFO - Setting next_dagrun for gerar_csv_dados_abertos_cnpj to 2025-03-23 00:00:00+00:00, run_after=2025-03-24 00:00:00+00:00
[2025-03-24T02:26:22.787+0000] {processor.py:208} INFO - Processing /opt/airflow/dags/saving_file.py took 0.190 seconds
[2025-03-24T02:26:52.965+0000] {processor.py:186} INFO - Started process (PID=887) to work on /opt/airflow/dags/saving_file.py
[2025-03-24T02:26:52.966+0000] {processor.py:914} INFO - Processing file /opt/airflow/dags/saving_file.py for tasks to queue
[2025-03-24T02:26:52.969+0000] {logging_mixin.py:190} INFO - [2025-03-24T02:26:52.968+0000] {dagbag.py:588} INFO - Filling up the DagBag from /opt/airflow/dags/saving_file.py
[2025-03-24T02:26:53.115+0000] {processor.py:925} INFO - DAG(s) 'gerar_csv_dados_abertos_cnpj' retrieved from /opt/airflow/dags/saving_file.py
[2025-03-24T02:26:53.129+0000] {logging_mixin.py:190} INFO - [2025-03-24T02:26:53.128+0000] {dag.py:3239} INFO - Sync 1 DAGs
[2025-03-24T02:26:53.142+0000] {logging_mixin.py:190} INFO - [2025-03-24T02:26:53.142+0000] {dag.py:4180} INFO - Setting next_dagrun for gerar_csv_dados_abertos_cnpj to 2025-03-23 00:00:00+00:00, run_after=2025-03-24 00:00:00+00:00
[2025-03-24T02:26:53.152+0000] {processor.py:208} INFO - Processing /opt/airflow/dags/saving_file.py took 0.190 seconds
[2025-03-24T02:27:23.361+0000] {processor.py:186} INFO - Started process (PID=898) to work on /opt/airflow/dags/saving_file.py
[2025-03-24T02:27:23.362+0000] {processor.py:914} INFO - Processing file /opt/airflow/dags/saving_file.py for tasks to queue
[2025-03-24T02:27:23.363+0000] {logging_mixin.py:190} INFO - [2025-03-24T02:27:23.363+0000] {dagbag.py:588} INFO - Filling up the DagBag from /opt/airflow/dags/saving_file.py
[2025-03-24T02:27:23.508+0000] {processor.py:925} INFO - DAG(s) 'gerar_csv_dados_abertos_cnpj' retrieved from /opt/airflow/dags/saving_file.py
[2025-03-24T02:27:23.524+0000] {logging_mixin.py:190} INFO - [2025-03-24T02:27:23.524+0000] {dag.py:3239} INFO - Sync 1 DAGs
[2025-03-24T02:27:23.537+0000] {logging_mixin.py:190} INFO - [2025-03-24T02:27:23.537+0000] {dag.py:4180} INFO - Setting next_dagrun for gerar_csv_dados_abertos_cnpj to 2025-03-23 00:00:00+00:00, run_after=2025-03-24 00:00:00+00:00
[2025-03-24T02:27:23.548+0000] {processor.py:208} INFO - Processing /opt/airflow/dags/saving_file.py took 0.191 seconds
[2025-03-24T02:27:53.744+0000] {processor.py:186} INFO - Started process (PID=909) to work on /opt/airflow/dags/saving_file.py
[2025-03-24T02:27:53.745+0000] {processor.py:914} INFO - Processing file /opt/airflow/dags/saving_file.py for tasks to queue
[2025-03-24T02:27:53.747+0000] {logging_mixin.py:190} INFO - [2025-03-24T02:27:53.747+0000] {dagbag.py:588} INFO - Filling up the DagBag from /opt/airflow/dags/saving_file.py
[2025-03-24T02:27:53.896+0000] {processor.py:925} INFO - DAG(s) 'gerar_csv_dados_abertos_cnpj' retrieved from /opt/airflow/dags/saving_file.py
[2025-03-24T02:27:53.910+0000] {logging_mixin.py:190} INFO - [2025-03-24T02:27:53.909+0000] {dag.py:3239} INFO - Sync 1 DAGs
[2025-03-24T02:27:53.921+0000] {logging_mixin.py:190} INFO - [2025-03-24T02:27:53.921+0000] {dag.py:4180} INFO - Setting next_dagrun for gerar_csv_dados_abertos_cnpj to 2025-03-23 00:00:00+00:00, run_after=2025-03-24 00:00:00+00:00
[2025-03-24T02:27:53.932+0000] {processor.py:208} INFO - Processing /opt/airflow/dags/saving_file.py took 0.191 seconds
[2025-03-24T02:28:24.126+0000] {processor.py:186} INFO - Started process (PID=920) to work on /opt/airflow/dags/saving_file.py
[2025-03-24T02:28:24.126+0000] {processor.py:914} INFO - Processing file /opt/airflow/dags/saving_file.py for tasks to queue
[2025-03-24T02:28:24.128+0000] {logging_mixin.py:190} INFO - [2025-03-24T02:28:24.128+0000] {dagbag.py:588} INFO - Filling up the DagBag from /opt/airflow/dags/saving_file.py
[2025-03-24T02:28:24.278+0000] {processor.py:925} INFO - DAG(s) 'gerar_csv_dados_abertos_cnpj' retrieved from /opt/airflow/dags/saving_file.py
[2025-03-24T02:28:24.292+0000] {logging_mixin.py:190} INFO - [2025-03-24T02:28:24.291+0000] {dag.py:3239} INFO - Sync 1 DAGs
[2025-03-24T02:28:24.305+0000] {logging_mixin.py:190} INFO - [2025-03-24T02:28:24.305+0000] {dag.py:4180} INFO - Setting next_dagrun for gerar_csv_dados_abertos_cnpj to 2025-03-23 00:00:00+00:00, run_after=2025-03-24 00:00:00+00:00
[2025-03-24T02:28:24.315+0000] {processor.py:208} INFO - Processing /opt/airflow/dags/saving_file.py took 0.193 seconds
[2025-03-24T02:28:54.506+0000] {processor.py:186} INFO - Started process (PID=931) to work on /opt/airflow/dags/saving_file.py
[2025-03-24T02:28:54.507+0000] {processor.py:914} INFO - Processing file /opt/airflow/dags/saving_file.py for tasks to queue
[2025-03-24T02:28:54.509+0000] {logging_mixin.py:190} INFO - [2025-03-24T02:28:54.509+0000] {dagbag.py:588} INFO - Filling up the DagBag from /opt/airflow/dags/saving_file.py
[2025-03-24T02:28:54.658+0000] {processor.py:925} INFO - DAG(s) 'gerar_csv_dados_abertos_cnpj' retrieved from /opt/airflow/dags/saving_file.py
[2025-03-24T02:28:54.672+0000] {logging_mixin.py:190} INFO - [2025-03-24T02:28:54.672+0000] {dag.py:3239} INFO - Sync 1 DAGs
[2025-03-24T02:28:54.684+0000] {logging_mixin.py:190} INFO - [2025-03-24T02:28:54.684+0000] {dag.py:4180} INFO - Setting next_dagrun for gerar_csv_dados_abertos_cnpj to 2025-03-23 00:00:00+00:00, run_after=2025-03-24 00:00:00+00:00
[2025-03-24T02:28:54.696+0000] {processor.py:208} INFO - Processing /opt/airflow/dags/saving_file.py took 0.193 seconds
[2025-03-24T02:29:24.883+0000] {processor.py:186} INFO - Started process (PID=942) to work on /opt/airflow/dags/saving_file.py
[2025-03-24T02:29:24.884+0000] {processor.py:914} INFO - Processing file /opt/airflow/dags/saving_file.py for tasks to queue
[2025-03-24T02:29:24.887+0000] {logging_mixin.py:190} INFO - [2025-03-24T02:29:24.886+0000] {dagbag.py:588} INFO - Filling up the DagBag from /opt/airflow/dags/saving_file.py
[2025-03-24T02:29:25.035+0000] {processor.py:925} INFO - DAG(s) 'gerar_csv_dados_abertos_cnpj' retrieved from /opt/airflow/dags/saving_file.py
[2025-03-24T02:29:25.047+0000] {logging_mixin.py:190} INFO - [2025-03-24T02:29:25.047+0000] {dag.py:3239} INFO - Sync 1 DAGs
[2025-03-24T02:29:25.060+0000] {logging_mixin.py:190} INFO - [2025-03-24T02:29:25.060+0000] {dag.py:4180} INFO - Setting next_dagrun for gerar_csv_dados_abertos_cnpj to 2025-03-23 00:00:00+00:00, run_after=2025-03-24 00:00:00+00:00
[2025-03-24T02:29:25.071+0000] {processor.py:208} INFO - Processing /opt/airflow/dags/saving_file.py took 0.191 seconds
[2025-03-24T02:29:55.318+0000] {processor.py:186} INFO - Started process (PID=953) to work on /opt/airflow/dags/saving_file.py
[2025-03-24T02:29:55.319+0000] {processor.py:914} INFO - Processing file /opt/airflow/dags/saving_file.py for tasks to queue
[2025-03-24T02:29:55.322+0000] {logging_mixin.py:190} INFO - [2025-03-24T02:29:55.321+0000] {dagbag.py:588} INFO - Filling up the DagBag from /opt/airflow/dags/saving_file.py
[2025-03-24T02:29:55.468+0000] {processor.py:925} INFO - DAG(s) 'gerar_csv_dados_abertos_cnpj' retrieved from /opt/airflow/dags/saving_file.py
[2025-03-24T02:29:55.479+0000] {logging_mixin.py:190} INFO - [2025-03-24T02:29:55.479+0000] {dag.py:3239} INFO - Sync 1 DAGs
[2025-03-24T02:29:55.490+0000] {logging_mixin.py:190} INFO - [2025-03-24T02:29:55.490+0000] {dag.py:4180} INFO - Setting next_dagrun for gerar_csv_dados_abertos_cnpj to 2025-03-23 00:00:00+00:00, run_after=2025-03-24 00:00:00+00:00
[2025-03-24T02:29:55.500+0000] {processor.py:208} INFO - Processing /opt/airflow/dags/saving_file.py took 0.184 seconds
[2025-03-24T02:30:25.690+0000] {processor.py:186} INFO - Started process (PID=964) to work on /opt/airflow/dags/saving_file.py
[2025-03-24T02:30:25.692+0000] {processor.py:914} INFO - Processing file /opt/airflow/dags/saving_file.py for tasks to queue
[2025-03-24T02:30:25.694+0000] {logging_mixin.py:190} INFO - [2025-03-24T02:30:25.693+0000] {dagbag.py:588} INFO - Filling up the DagBag from /opt/airflow/dags/saving_file.py
[2025-03-24T02:30:25.846+0000] {processor.py:925} INFO - DAG(s) 'gerar_csv_dados_abertos_cnpj' retrieved from /opt/airflow/dags/saving_file.py
[2025-03-24T02:30:25.860+0000] {logging_mixin.py:190} INFO - [2025-03-24T02:30:25.860+0000] {dag.py:3239} INFO - Sync 1 DAGs
[2025-03-24T02:30:25.871+0000] {logging_mixin.py:190} INFO - [2025-03-24T02:30:25.871+0000] {dag.py:4180} INFO - Setting next_dagrun for gerar_csv_dados_abertos_cnpj to 2025-03-23 00:00:00+00:00, run_after=2025-03-24 00:00:00+00:00
[2025-03-24T02:30:25.881+0000] {processor.py:208} INFO - Processing /opt/airflow/dags/saving_file.py took 0.194 seconds
[2025-03-24T02:30:56.078+0000] {processor.py:186} INFO - Started process (PID=981) to work on /opt/airflow/dags/saving_file.py
[2025-03-24T02:30:56.078+0000] {processor.py:914} INFO - Processing file /opt/airflow/dags/saving_file.py for tasks to queue
[2025-03-24T02:30:56.080+0000] {logging_mixin.py:190} INFO - [2025-03-24T02:30:56.080+0000] {dagbag.py:588} INFO - Filling up the DagBag from /opt/airflow/dags/saving_file.py
[2025-03-24T02:30:56.223+0000] {processor.py:925} INFO - DAG(s) 'gerar_csv_dados_abertos_cnpj' retrieved from /opt/airflow/dags/saving_file.py
[2025-03-24T02:30:56.237+0000] {logging_mixin.py:190} INFO - [2025-03-24T02:30:56.236+0000] {dag.py:3239} INFO - Sync 1 DAGs
[2025-03-24T02:30:56.249+0000] {logging_mixin.py:190} INFO - [2025-03-24T02:30:56.249+0000] {dag.py:4180} INFO - Setting next_dagrun for gerar_csv_dados_abertos_cnpj to 2025-03-23 00:00:00+00:00, run_after=2025-03-24 00:00:00+00:00
[2025-03-24T02:30:56.260+0000] {processor.py:208} INFO - Processing /opt/airflow/dags/saving_file.py took 0.185 seconds
[2025-03-24T02:31:26.455+0000] {processor.py:186} INFO - Started process (PID=992) to work on /opt/airflow/dags/saving_file.py
[2025-03-24T02:31:26.456+0000] {processor.py:914} INFO - Processing file /opt/airflow/dags/saving_file.py for tasks to queue
[2025-03-24T02:31:26.458+0000] {logging_mixin.py:190} INFO - [2025-03-24T02:31:26.457+0000] {dagbag.py:588} INFO - Filling up the DagBag from /opt/airflow/dags/saving_file.py
[2025-03-24T02:31:26.607+0000] {processor.py:925} INFO - DAG(s) 'gerar_csv_dados_abertos_cnpj' retrieved from /opt/airflow/dags/saving_file.py
[2025-03-24T02:31:26.621+0000] {logging_mixin.py:190} INFO - [2025-03-24T02:31:26.621+0000] {dag.py:3239} INFO - Sync 1 DAGs
[2025-03-24T02:31:26.633+0000] {logging_mixin.py:190} INFO - [2025-03-24T02:31:26.633+0000] {dag.py:4180} INFO - Setting next_dagrun for gerar_csv_dados_abertos_cnpj to 2025-03-23 00:00:00+00:00, run_after=2025-03-24 00:00:00+00:00
[2025-03-24T02:31:26.643+0000] {processor.py:208} INFO - Processing /opt/airflow/dags/saving_file.py took 0.193 seconds
[2025-03-24T02:31:56.834+0000] {processor.py:186} INFO - Started process (PID=1003) to work on /opt/airflow/dags/saving_file.py
[2025-03-24T02:31:56.835+0000] {processor.py:914} INFO - Processing file /opt/airflow/dags/saving_file.py for tasks to queue
[2025-03-24T02:31:56.837+0000] {logging_mixin.py:190} INFO - [2025-03-24T02:31:56.836+0000] {dagbag.py:588} INFO - Filling up the DagBag from /opt/airflow/dags/saving_file.py
[2025-03-24T02:31:56.980+0000] {processor.py:925} INFO - DAG(s) 'gerar_csv_dados_abertos_cnpj' retrieved from /opt/airflow/dags/saving_file.py
[2025-03-24T02:31:56.993+0000] {logging_mixin.py:190} INFO - [2025-03-24T02:31:56.993+0000] {dag.py:3239} INFO - Sync 1 DAGs
[2025-03-24T02:31:57.006+0000] {logging_mixin.py:190} INFO - [2025-03-24T02:31:57.006+0000] {dag.py:4180} INFO - Setting next_dagrun for gerar_csv_dados_abertos_cnpj to 2025-03-23 00:00:00+00:00, run_after=2025-03-24 00:00:00+00:00
[2025-03-24T02:31:57.016+0000] {processor.py:208} INFO - Processing /opt/airflow/dags/saving_file.py took 0.185 seconds
[2025-03-24T02:32:27.204+0000] {processor.py:186} INFO - Started process (PID=1014) to work on /opt/airflow/dags/saving_file.py
[2025-03-24T02:32:27.205+0000] {processor.py:914} INFO - Processing file /opt/airflow/dags/saving_file.py for tasks to queue
[2025-03-24T02:32:27.207+0000] {logging_mixin.py:190} INFO - [2025-03-24T02:32:27.207+0000] {dagbag.py:588} INFO - Filling up the DagBag from /opt/airflow/dags/saving_file.py
[2025-03-24T02:32:27.354+0000] {processor.py:925} INFO - DAG(s) 'gerar_csv_dados_abertos_cnpj' retrieved from /opt/airflow/dags/saving_file.py
[2025-03-24T02:32:27.368+0000] {logging_mixin.py:190} INFO - [2025-03-24T02:32:27.368+0000] {dag.py:3239} INFO - Sync 1 DAGs
[2025-03-24T02:32:27.381+0000] {logging_mixin.py:190} INFO - [2025-03-24T02:32:27.381+0000] {dag.py:4180} INFO - Setting next_dagrun for gerar_csv_dados_abertos_cnpj to 2025-03-23 00:00:00+00:00, run_after=2025-03-24 00:00:00+00:00
[2025-03-24T02:32:27.393+0000] {processor.py:208} INFO - Processing /opt/airflow/dags/saving_file.py took 0.192 seconds
[2025-03-24T02:32:57.584+0000] {processor.py:186} INFO - Started process (PID=1025) to work on /opt/airflow/dags/saving_file.py
[2025-03-24T02:32:57.586+0000] {processor.py:914} INFO - Processing file /opt/airflow/dags/saving_file.py for tasks to queue
[2025-03-24T02:32:57.588+0000] {logging_mixin.py:190} INFO - [2025-03-24T02:32:57.588+0000] {dagbag.py:588} INFO - Filling up the DagBag from /opt/airflow/dags/saving_file.py
[2025-03-24T02:32:57.731+0000] {processor.py:925} INFO - DAG(s) 'gerar_csv_dados_abertos_cnpj' retrieved from /opt/airflow/dags/saving_file.py
[2025-03-24T02:32:57.745+0000] {logging_mixin.py:190} INFO - [2025-03-24T02:32:57.745+0000] {dag.py:3239} INFO - Sync 1 DAGs
[2025-03-24T02:32:57.758+0000] {logging_mixin.py:190} INFO - [2025-03-24T02:32:57.758+0000] {dag.py:4180} INFO - Setting next_dagrun for gerar_csv_dados_abertos_cnpj to 2025-03-23 00:00:00+00:00, run_after=2025-03-24 00:00:00+00:00
[2025-03-24T02:32:57.768+0000] {processor.py:208} INFO - Processing /opt/airflow/dags/saving_file.py took 0.187 seconds
[2025-03-24T02:33:27.953+0000] {processor.py:186} INFO - Started process (PID=1035) to work on /opt/airflow/dags/saving_file.py
[2025-03-24T02:33:27.954+0000] {processor.py:914} INFO - Processing file /opt/airflow/dags/saving_file.py for tasks to queue
[2025-03-24T02:33:27.957+0000] {logging_mixin.py:190} INFO - [2025-03-24T02:33:27.956+0000] {dagbag.py:588} INFO - Filling up the DagBag from /opt/airflow/dags/saving_file.py
[2025-03-24T02:33:28.103+0000] {processor.py:925} INFO - DAG(s) 'gerar_csv_dados_abertos_cnpj' retrieved from /opt/airflow/dags/saving_file.py
[2025-03-24T02:33:28.117+0000] {logging_mixin.py:190} INFO - [2025-03-24T02:33:28.117+0000] {dag.py:3239} INFO - Sync 1 DAGs
[2025-03-24T02:33:28.129+0000] {logging_mixin.py:190} INFO - [2025-03-24T02:33:28.129+0000] {dag.py:4180} INFO - Setting next_dagrun for gerar_csv_dados_abertos_cnpj to 2025-03-23 00:00:00+00:00, run_after=2025-03-24 00:00:00+00:00
[2025-03-24T02:33:28.142+0000] {processor.py:208} INFO - Processing /opt/airflow/dags/saving_file.py took 0.192 seconds
[2025-03-24T02:33:58.330+0000] {processor.py:186} INFO - Started process (PID=1046) to work on /opt/airflow/dags/saving_file.py
[2025-03-24T02:33:58.331+0000] {processor.py:914} INFO - Processing file /opt/airflow/dags/saving_file.py for tasks to queue
[2025-03-24T02:33:58.333+0000] {logging_mixin.py:190} INFO - [2025-03-24T02:33:58.333+0000] {dagbag.py:588} INFO - Filling up the DagBag from /opt/airflow/dags/saving_file.py
[2025-03-24T02:33:58.480+0000] {processor.py:925} INFO - DAG(s) 'gerar_csv_dados_abertos_cnpj' retrieved from /opt/airflow/dags/saving_file.py
[2025-03-24T02:33:58.494+0000] {logging_mixin.py:190} INFO - [2025-03-24T02:33:58.493+0000] {dag.py:3239} INFO - Sync 1 DAGs
[2025-03-24T02:33:58.505+0000] {logging_mixin.py:190} INFO - [2025-03-24T02:33:58.505+0000] {dag.py:4180} INFO - Setting next_dagrun for gerar_csv_dados_abertos_cnpj to 2025-03-23 00:00:00+00:00, run_after=2025-03-24 00:00:00+00:00
[2025-03-24T02:33:58.515+0000] {processor.py:208} INFO - Processing /opt/airflow/dags/saving_file.py took 0.188 seconds
[2025-03-24T02:34:28.699+0000] {processor.py:186} INFO - Started process (PID=1057) to work on /opt/airflow/dags/saving_file.py
[2025-03-24T02:34:28.700+0000] {processor.py:914} INFO - Processing file /opt/airflow/dags/saving_file.py for tasks to queue
[2025-03-24T02:34:28.702+0000] {logging_mixin.py:190} INFO - [2025-03-24T02:34:28.702+0000] {dagbag.py:588} INFO - Filling up the DagBag from /opt/airflow/dags/saving_file.py
[2025-03-24T02:34:28.846+0000] {processor.py:925} INFO - DAG(s) 'gerar_csv_dados_abertos_cnpj' retrieved from /opt/airflow/dags/saving_file.py
[2025-03-24T02:34:28.859+0000] {logging_mixin.py:190} INFO - [2025-03-24T02:34:28.859+0000] {dag.py:3239} INFO - Sync 1 DAGs
[2025-03-24T02:34:28.871+0000] {logging_mixin.py:190} INFO - [2025-03-24T02:34:28.871+0000] {dag.py:4180} INFO - Setting next_dagrun for gerar_csv_dados_abertos_cnpj to 2025-03-23 00:00:00+00:00, run_after=2025-03-24 00:00:00+00:00
[2025-03-24T02:34:28.881+0000] {processor.py:208} INFO - Processing /opt/airflow/dags/saving_file.py took 0.185 seconds
[2025-03-24T02:34:59.129+0000] {processor.py:186} INFO - Started process (PID=1068) to work on /opt/airflow/dags/saving_file.py
[2025-03-24T02:34:59.130+0000] {processor.py:914} INFO - Processing file /opt/airflow/dags/saving_file.py for tasks to queue
[2025-03-24T02:34:59.132+0000] {logging_mixin.py:190} INFO - [2025-03-24T02:34:59.132+0000] {dagbag.py:588} INFO - Filling up the DagBag from /opt/airflow/dags/saving_file.py
[2025-03-24T02:34:59.278+0000] {processor.py:925} INFO - DAG(s) 'gerar_csv_dados_abertos_cnpj' retrieved from /opt/airflow/dags/saving_file.py
[2025-03-24T02:34:59.291+0000] {logging_mixin.py:190} INFO - [2025-03-24T02:34:59.291+0000] {dag.py:3239} INFO - Sync 1 DAGs
[2025-03-24T02:34:59.304+0000] {logging_mixin.py:190} INFO - [2025-03-24T02:34:59.304+0000] {dag.py:4180} INFO - Setting next_dagrun for gerar_csv_dados_abertos_cnpj to 2025-03-23 00:00:00+00:00, run_after=2025-03-24 00:00:00+00:00
[2025-03-24T02:34:59.314+0000] {processor.py:208} INFO - Processing /opt/airflow/dags/saving_file.py took 0.187 seconds
[2025-03-24T02:35:29.513+0000] {processor.py:186} INFO - Started process (PID=1079) to work on /opt/airflow/dags/saving_file.py
[2025-03-24T02:35:29.514+0000] {processor.py:914} INFO - Processing file /opt/airflow/dags/saving_file.py for tasks to queue
[2025-03-24T02:35:29.516+0000] {logging_mixin.py:190} INFO - [2025-03-24T02:35:29.516+0000] {dagbag.py:588} INFO - Filling up the DagBag from /opt/airflow/dags/saving_file.py
[2025-03-24T02:35:29.661+0000] {processor.py:925} INFO - DAG(s) 'gerar_csv_dados_abertos_cnpj' retrieved from /opt/airflow/dags/saving_file.py
[2025-03-24T02:35:29.675+0000] {logging_mixin.py:190} INFO - [2025-03-24T02:35:29.674+0000] {dag.py:3239} INFO - Sync 1 DAGs
[2025-03-24T02:35:29.685+0000] {logging_mixin.py:190} INFO - [2025-03-24T02:35:29.685+0000] {dag.py:4180} INFO - Setting next_dagrun for gerar_csv_dados_abertos_cnpj to 2025-03-23 00:00:00+00:00, run_after=2025-03-24 00:00:00+00:00
[2025-03-24T02:35:29.695+0000] {processor.py:208} INFO - Processing /opt/airflow/dags/saving_file.py took 0.185 seconds
[2025-03-24T02:35:59.896+0000] {processor.py:186} INFO - Started process (PID=1090) to work on /opt/airflow/dags/saving_file.py
[2025-03-24T02:35:59.898+0000] {processor.py:914} INFO - Processing file /opt/airflow/dags/saving_file.py for tasks to queue
[2025-03-24T02:35:59.899+0000] {logging_mixin.py:190} INFO - [2025-03-24T02:35:59.899+0000] {dagbag.py:588} INFO - Filling up the DagBag from /opt/airflow/dags/saving_file.py
[2025-03-24T02:36:00.046+0000] {processor.py:925} INFO - DAG(s) 'gerar_csv_dados_abertos_cnpj' retrieved from /opt/airflow/dags/saving_file.py
[2025-03-24T02:36:00.060+0000] {logging_mixin.py:190} INFO - [2025-03-24T02:36:00.060+0000] {dag.py:3239} INFO - Sync 1 DAGs
[2025-03-24T02:36:00.071+0000] {logging_mixin.py:190} INFO - [2025-03-24T02:36:00.070+0000] {dag.py:4180} INFO - Setting next_dagrun for gerar_csv_dados_abertos_cnpj to 2025-03-23 00:00:00+00:00, run_after=2025-03-24 00:00:00+00:00
[2025-03-24T02:36:00.082+0000] {processor.py:208} INFO - Processing /opt/airflow/dags/saving_file.py took 0.188 seconds
[2025-03-24T02:36:30.275+0000] {processor.py:186} INFO - Started process (PID=1101) to work on /opt/airflow/dags/saving_file.py
[2025-03-24T02:36:30.275+0000] {processor.py:914} INFO - Processing file /opt/airflow/dags/saving_file.py for tasks to queue
[2025-03-24T02:36:30.278+0000] {logging_mixin.py:190} INFO - [2025-03-24T02:36:30.278+0000] {dagbag.py:588} INFO - Filling up the DagBag from /opt/airflow/dags/saving_file.py
[2025-03-24T02:36:30.429+0000] {processor.py:925} INFO - DAG(s) 'gerar_csv_dados_abertos_cnpj' retrieved from /opt/airflow/dags/saving_file.py
[2025-03-24T02:36:30.446+0000] {logging_mixin.py:190} INFO - [2025-03-24T02:36:30.445+0000] {dag.py:3239} INFO - Sync 1 DAGs
[2025-03-24T02:36:30.461+0000] {logging_mixin.py:190} INFO - [2025-03-24T02:36:30.460+0000] {dag.py:4180} INFO - Setting next_dagrun for gerar_csv_dados_abertos_cnpj to 2025-03-23 00:00:00+00:00, run_after=2025-03-24 00:00:00+00:00
[2025-03-24T02:36:30.473+0000] {processor.py:208} INFO - Processing /opt/airflow/dags/saving_file.py took 0.201 seconds
[2025-03-24T02:37:00.646+0000] {processor.py:186} INFO - Started process (PID=1112) to work on /opt/airflow/dags/saving_file.py
[2025-03-24T02:37:00.647+0000] {processor.py:914} INFO - Processing file /opt/airflow/dags/saving_file.py for tasks to queue
[2025-03-24T02:37:00.650+0000] {logging_mixin.py:190} INFO - [2025-03-24T02:37:00.649+0000] {dagbag.py:588} INFO - Filling up the DagBag from /opt/airflow/dags/saving_file.py
[2025-03-24T02:37:00.790+0000] {processor.py:925} INFO - DAG(s) 'gerar_csv_dados_abertos_cnpj' retrieved from /opt/airflow/dags/saving_file.py
[2025-03-24T02:37:00.805+0000] {logging_mixin.py:190} INFO - [2025-03-24T02:37:00.805+0000] {dag.py:3239} INFO - Sync 1 DAGs
[2025-03-24T02:37:00.817+0000] {logging_mixin.py:190} INFO - [2025-03-24T02:37:00.817+0000] {dag.py:4180} INFO - Setting next_dagrun for gerar_csv_dados_abertos_cnpj to 2025-03-23 00:00:00+00:00, run_after=2025-03-24 00:00:00+00:00
[2025-03-24T02:37:00.827+0000] {processor.py:208} INFO - Processing /opt/airflow/dags/saving_file.py took 0.184 seconds
[2025-03-24T02:37:31.026+0000] {processor.py:186} INFO - Started process (PID=1123) to work on /opt/airflow/dags/saving_file.py
[2025-03-24T02:37:31.027+0000] {processor.py:914} INFO - Processing file /opt/airflow/dags/saving_file.py for tasks to queue
[2025-03-24T02:37:31.029+0000] {logging_mixin.py:190} INFO - [2025-03-24T02:37:31.029+0000] {dagbag.py:588} INFO - Filling up the DagBag from /opt/airflow/dags/saving_file.py
[2025-03-24T02:37:31.173+0000] {processor.py:925} INFO - DAG(s) 'gerar_csv_dados_abertos_cnpj' retrieved from /opt/airflow/dags/saving_file.py
[2025-03-24T02:37:31.186+0000] {logging_mixin.py:190} INFO - [2025-03-24T02:37:31.186+0000] {dag.py:3239} INFO - Sync 1 DAGs
[2025-03-24T02:37:31.199+0000] {logging_mixin.py:190} INFO - [2025-03-24T02:37:31.199+0000] {dag.py:4180} INFO - Setting next_dagrun for gerar_csv_dados_abertos_cnpj to 2025-03-23 00:00:00+00:00, run_after=2025-03-24 00:00:00+00:00
[2025-03-24T02:37:31.210+0000] {processor.py:208} INFO - Processing /opt/airflow/dags/saving_file.py took 0.187 seconds
[2025-03-24T02:38:01.395+0000] {processor.py:186} INFO - Started process (PID=1134) to work on /opt/airflow/dags/saving_file.py
[2025-03-24T02:38:01.396+0000] {processor.py:914} INFO - Processing file /opt/airflow/dags/saving_file.py for tasks to queue
[2025-03-24T02:38:01.399+0000] {logging_mixin.py:190} INFO - [2025-03-24T02:38:01.399+0000] {dagbag.py:588} INFO - Filling up the DagBag from /opt/airflow/dags/saving_file.py
[2025-03-24T02:38:01.546+0000] {processor.py:925} INFO - DAG(s) 'gerar_csv_dados_abertos_cnpj' retrieved from /opt/airflow/dags/saving_file.py
[2025-03-24T02:38:01.560+0000] {logging_mixin.py:190} INFO - [2025-03-24T02:38:01.560+0000] {dag.py:3239} INFO - Sync 1 DAGs
[2025-03-24T02:38:01.573+0000] {logging_mixin.py:190} INFO - [2025-03-24T02:38:01.573+0000] {dag.py:4180} INFO - Setting next_dagrun for gerar_csv_dados_abertos_cnpj to 2025-03-23 00:00:00+00:00, run_after=2025-03-24 00:00:00+00:00
[2025-03-24T02:38:01.585+0000] {processor.py:208} INFO - Processing /opt/airflow/dags/saving_file.py took 0.193 seconds
[2025-03-24T02:38:31.773+0000] {processor.py:186} INFO - Started process (PID=1145) to work on /opt/airflow/dags/saving_file.py
[2025-03-24T02:38:31.774+0000] {processor.py:914} INFO - Processing file /opt/airflow/dags/saving_file.py for tasks to queue
[2025-03-24T02:38:31.776+0000] {logging_mixin.py:190} INFO - [2025-03-24T02:38:31.776+0000] {dagbag.py:588} INFO - Filling up the DagBag from /opt/airflow/dags/saving_file.py
[2025-03-24T02:38:31.913+0000] {processor.py:925} INFO - DAG(s) 'gerar_csv_dados_abertos_cnpj' retrieved from /opt/airflow/dags/saving_file.py
[2025-03-24T02:38:31.926+0000] {logging_mixin.py:190} INFO - [2025-03-24T02:38:31.925+0000] {dag.py:3239} INFO - Sync 1 DAGs
[2025-03-24T02:38:31.936+0000] {logging_mixin.py:190} INFO - [2025-03-24T02:38:31.936+0000] {dag.py:4180} INFO - Setting next_dagrun for gerar_csv_dados_abertos_cnpj to 2025-03-23 00:00:00+00:00, run_after=2025-03-24 00:00:00+00:00
[2025-03-24T02:38:31.945+0000] {processor.py:208} INFO - Processing /opt/airflow/dags/saving_file.py took 0.175 seconds
[2025-03-24T02:39:02.148+0000] {processor.py:186} INFO - Started process (PID=1156) to work on /opt/airflow/dags/saving_file.py
[2025-03-24T02:39:02.149+0000] {processor.py:914} INFO - Processing file /opt/airflow/dags/saving_file.py for tasks to queue
[2025-03-24T02:39:02.151+0000] {logging_mixin.py:190} INFO - [2025-03-24T02:39:02.151+0000] {dagbag.py:588} INFO - Filling up the DagBag from /opt/airflow/dags/saving_file.py
[2025-03-24T02:39:02.296+0000] {processor.py:925} INFO - DAG(s) 'gerar_csv_dados_abertos_cnpj' retrieved from /opt/airflow/dags/saving_file.py
[2025-03-24T02:39:02.308+0000] {logging_mixin.py:190} INFO - [2025-03-24T02:39:02.308+0000] {dag.py:3239} INFO - Sync 1 DAGs
[2025-03-24T02:39:02.319+0000] {logging_mixin.py:190} INFO - [2025-03-24T02:39:02.319+0000] {dag.py:4180} INFO - Setting next_dagrun for gerar_csv_dados_abertos_cnpj to 2025-03-23 00:00:00+00:00, run_after=2025-03-24 00:00:00+00:00
[2025-03-24T02:39:02.328+0000] {processor.py:208} INFO - Processing /opt/airflow/dags/saving_file.py took 0.183 seconds
[2025-03-24T02:39:32.529+0000] {processor.py:186} INFO - Started process (PID=1167) to work on /opt/airflow/dags/saving_file.py
[2025-03-24T02:39:32.530+0000] {processor.py:914} INFO - Processing file /opt/airflow/dags/saving_file.py for tasks to queue
[2025-03-24T02:39:32.533+0000] {logging_mixin.py:190} INFO - [2025-03-24T02:39:32.533+0000] {dagbag.py:588} INFO - Filling up the DagBag from /opt/airflow/dags/saving_file.py
[2025-03-24T02:39:32.684+0000] {processor.py:925} INFO - DAG(s) 'gerar_csv_dados_abertos_cnpj' retrieved from /opt/airflow/dags/saving_file.py
[2025-03-24T02:39:32.699+0000] {logging_mixin.py:190} INFO - [2025-03-24T02:39:32.699+0000] {dag.py:3239} INFO - Sync 1 DAGs
[2025-03-24T02:39:32.715+0000] {logging_mixin.py:190} INFO - [2025-03-24T02:39:32.714+0000] {dag.py:4180} INFO - Setting next_dagrun for gerar_csv_dados_abertos_cnpj to 2025-03-23 00:00:00+00:00, run_after=2025-03-24 00:00:00+00:00
[2025-03-24T02:39:32.726+0000] {processor.py:208} INFO - Processing /opt/airflow/dags/saving_file.py took 0.201 seconds
[2025-03-24T02:40:02.968+0000] {processor.py:186} INFO - Started process (PID=1178) to work on /opt/airflow/dags/saving_file.py
[2025-03-24T02:40:02.969+0000] {processor.py:914} INFO - Processing file /opt/airflow/dags/saving_file.py for tasks to queue
[2025-03-24T02:40:02.971+0000] {logging_mixin.py:190} INFO - [2025-03-24T02:40:02.971+0000] {dagbag.py:588} INFO - Filling up the DagBag from /opt/airflow/dags/saving_file.py
[2025-03-24T02:40:03.108+0000] {processor.py:925} INFO - DAG(s) 'gerar_csv_dados_abertos_cnpj' retrieved from /opt/airflow/dags/saving_file.py
[2025-03-24T02:40:03.123+0000] {logging_mixin.py:190} INFO - [2025-03-24T02:40:03.122+0000] {dag.py:3239} INFO - Sync 1 DAGs
[2025-03-24T02:40:03.135+0000] {logging_mixin.py:190} INFO - [2025-03-24T02:40:03.135+0000] {dag.py:4180} INFO - Setting next_dagrun for gerar_csv_dados_abertos_cnpj to 2025-03-23 00:00:00+00:00, run_after=2025-03-24 00:00:00+00:00
[2025-03-24T02:40:03.145+0000] {processor.py:208} INFO - Processing /opt/airflow/dags/saving_file.py took 0.180 seconds
[2025-03-24T02:40:33.344+0000] {processor.py:186} INFO - Started process (PID=1189) to work on /opt/airflow/dags/saving_file.py
[2025-03-24T02:40:33.345+0000] {processor.py:914} INFO - Processing file /opt/airflow/dags/saving_file.py for tasks to queue
[2025-03-24T02:40:33.347+0000] {logging_mixin.py:190} INFO - [2025-03-24T02:40:33.347+0000] {dagbag.py:588} INFO - Filling up the DagBag from /opt/airflow/dags/saving_file.py
[2025-03-24T02:40:33.491+0000] {processor.py:925} INFO - DAG(s) 'gerar_csv_dados_abertos_cnpj' retrieved from /opt/airflow/dags/saving_file.py
[2025-03-24T02:40:33.505+0000] {logging_mixin.py:190} INFO - [2025-03-24T02:40:33.504+0000] {dag.py:3239} INFO - Sync 1 DAGs
[2025-03-24T02:40:33.517+0000] {logging_mixin.py:190} INFO - [2025-03-24T02:40:33.517+0000] {dag.py:4180} INFO - Setting next_dagrun for gerar_csv_dados_abertos_cnpj to 2025-03-23 00:00:00+00:00, run_after=2025-03-24 00:00:00+00:00
[2025-03-24T02:40:33.527+0000] {processor.py:208} INFO - Processing /opt/airflow/dags/saving_file.py took 0.186 seconds
[2025-03-24T02:41:03.732+0000] {processor.py:186} INFO - Started process (PID=1200) to work on /opt/airflow/dags/saving_file.py
[2025-03-24T02:41:03.733+0000] {processor.py:914} INFO - Processing file /opt/airflow/dags/saving_file.py for tasks to queue
[2025-03-24T02:41:03.736+0000] {logging_mixin.py:190} INFO - [2025-03-24T02:41:03.736+0000] {dagbag.py:588} INFO - Filling up the DagBag from /opt/airflow/dags/saving_file.py
[2025-03-24T02:41:03.880+0000] {processor.py:925} INFO - DAG(s) 'gerar_csv_dados_abertos_cnpj' retrieved from /opt/airflow/dags/saving_file.py
[2025-03-24T02:41:03.896+0000] {logging_mixin.py:190} INFO - [2025-03-24T02:41:03.895+0000] {dag.py:3239} INFO - Sync 1 DAGs
[2025-03-24T02:41:03.908+0000] {logging_mixin.py:190} INFO - [2025-03-24T02:41:03.908+0000] {dag.py:4180} INFO - Setting next_dagrun for gerar_csv_dados_abertos_cnpj to 2025-03-23 00:00:00+00:00, run_after=2025-03-24 00:00:00+00:00
[2025-03-24T02:41:03.926+0000] {processor.py:208} INFO - Processing /opt/airflow/dags/saving_file.py took 0.197 seconds
[2025-03-24T02:41:34.119+0000] {processor.py:186} INFO - Started process (PID=1211) to work on /opt/airflow/dags/saving_file.py
[2025-03-24T02:41:34.120+0000] {processor.py:914} INFO - Processing file /opt/airflow/dags/saving_file.py for tasks to queue
[2025-03-24T02:41:34.123+0000] {logging_mixin.py:190} INFO - [2025-03-24T02:41:34.123+0000] {dagbag.py:588} INFO - Filling up the DagBag from /opt/airflow/dags/saving_file.py
[2025-03-24T02:41:34.270+0000] {processor.py:925} INFO - DAG(s) 'gerar_csv_dados_abertos_cnpj' retrieved from /opt/airflow/dags/saving_file.py
[2025-03-24T02:41:34.283+0000] {logging_mixin.py:190} INFO - [2025-03-24T02:41:34.283+0000] {dag.py:3239} INFO - Sync 1 DAGs
[2025-03-24T02:41:34.294+0000] {logging_mixin.py:190} INFO - [2025-03-24T02:41:34.294+0000] {dag.py:4180} INFO - Setting next_dagrun for gerar_csv_dados_abertos_cnpj to 2025-03-23 00:00:00+00:00, run_after=2025-03-24 00:00:00+00:00
[2025-03-24T02:41:34.306+0000] {processor.py:208} INFO - Processing /opt/airflow/dags/saving_file.py took 0.189 seconds
[2025-03-24T02:42:04.500+0000] {processor.py:186} INFO - Started process (PID=1222) to work on /opt/airflow/dags/saving_file.py
[2025-03-24T02:42:04.502+0000] {processor.py:914} INFO - Processing file /opt/airflow/dags/saving_file.py for tasks to queue
[2025-03-24T02:42:04.504+0000] {logging_mixin.py:190} INFO - [2025-03-24T02:42:04.504+0000] {dagbag.py:588} INFO - Filling up the DagBag from /opt/airflow/dags/saving_file.py
[2025-03-24T02:42:04.645+0000] {processor.py:925} INFO - DAG(s) 'gerar_csv_dados_abertos_cnpj' retrieved from /opt/airflow/dags/saving_file.py
[2025-03-24T02:42:04.659+0000] {logging_mixin.py:190} INFO - [2025-03-24T02:42:04.659+0000] {dag.py:3239} INFO - Sync 1 DAGs
[2025-03-24T02:42:04.671+0000] {logging_mixin.py:190} INFO - [2025-03-24T02:42:04.671+0000] {dag.py:4180} INFO - Setting next_dagrun for gerar_csv_dados_abertos_cnpj to 2025-03-23 00:00:00+00:00, run_after=2025-03-24 00:00:00+00:00
[2025-03-24T02:42:04.682+0000] {processor.py:208} INFO - Processing /opt/airflow/dags/saving_file.py took 0.186 seconds
[2025-03-24T02:42:34.877+0000] {processor.py:186} INFO - Started process (PID=1233) to work on /opt/airflow/dags/saving_file.py
[2025-03-24T02:42:34.878+0000] {processor.py:914} INFO - Processing file /opt/airflow/dags/saving_file.py for tasks to queue
[2025-03-24T02:42:34.880+0000] {logging_mixin.py:190} INFO - [2025-03-24T02:42:34.880+0000] {dagbag.py:588} INFO - Filling up the DagBag from /opt/airflow/dags/saving_file.py
[2025-03-24T02:42:35.025+0000] {processor.py:925} INFO - DAG(s) 'gerar_csv_dados_abertos_cnpj' retrieved from /opt/airflow/dags/saving_file.py
[2025-03-24T02:42:35.037+0000] {logging_mixin.py:190} INFO - [2025-03-24T02:42:35.037+0000] {dag.py:3239} INFO - Sync 1 DAGs
[2025-03-24T02:42:35.048+0000] {logging_mixin.py:190} INFO - [2025-03-24T02:42:35.048+0000] {dag.py:4180} INFO - Setting next_dagrun for gerar_csv_dados_abertos_cnpj to 2025-03-23 00:00:00+00:00, run_after=2025-03-24 00:00:00+00:00
[2025-03-24T02:42:35.058+0000] {processor.py:208} INFO - Processing /opt/airflow/dags/saving_file.py took 0.184 seconds
[2025-03-24T02:43:05.260+0000] {processor.py:186} INFO - Started process (PID=1244) to work on /opt/airflow/dags/saving_file.py
[2025-03-24T02:43:05.260+0000] {processor.py:914} INFO - Processing file /opt/airflow/dags/saving_file.py for tasks to queue
[2025-03-24T02:43:05.263+0000] {logging_mixin.py:190} INFO - [2025-03-24T02:43:05.262+0000] {dagbag.py:588} INFO - Filling up the DagBag from /opt/airflow/dags/saving_file.py
[2025-03-24T02:43:05.411+0000] {processor.py:925} INFO - DAG(s) 'gerar_csv_dados_abertos_cnpj' retrieved from /opt/airflow/dags/saving_file.py
[2025-03-24T02:43:05.423+0000] {logging_mixin.py:190} INFO - [2025-03-24T02:43:05.423+0000] {dag.py:3239} INFO - Sync 1 DAGs
[2025-03-24T02:43:05.435+0000] {logging_mixin.py:190} INFO - [2025-03-24T02:43:05.435+0000] {dag.py:4180} INFO - Setting next_dagrun for gerar_csv_dados_abertos_cnpj to 2025-03-23 00:00:00+00:00, run_after=2025-03-24 00:00:00+00:00
[2025-03-24T02:43:05.445+0000] {processor.py:208} INFO - Processing /opt/airflow/dags/saving_file.py took 0.189 seconds
[2025-03-24T02:43:35.650+0000] {processor.py:186} INFO - Started process (PID=1255) to work on /opt/airflow/dags/saving_file.py
[2025-03-24T02:43:35.651+0000] {processor.py:914} INFO - Processing file /opt/airflow/dags/saving_file.py for tasks to queue
[2025-03-24T02:43:35.652+0000] {logging_mixin.py:190} INFO - [2025-03-24T02:43:35.652+0000] {dagbag.py:588} INFO - Filling up the DagBag from /opt/airflow/dags/saving_file.py
[2025-03-24T02:43:35.800+0000] {processor.py:925} INFO - DAG(s) 'gerar_csv_dados_abertos_cnpj' retrieved from /opt/airflow/dags/saving_file.py
[2025-03-24T02:43:35.814+0000] {logging_mixin.py:190} INFO - [2025-03-24T02:43:35.814+0000] {dag.py:3239} INFO - Sync 1 DAGs
[2025-03-24T02:43:35.826+0000] {logging_mixin.py:190} INFO - [2025-03-24T02:43:35.826+0000] {dag.py:4180} INFO - Setting next_dagrun for gerar_csv_dados_abertos_cnpj to 2025-03-23 00:00:00+00:00, run_after=2025-03-24 00:00:00+00:00
[2025-03-24T02:43:35.839+0000] {processor.py:208} INFO - Processing /opt/airflow/dags/saving_file.py took 0.192 seconds
[2025-03-24T02:44:06.028+0000] {processor.py:186} INFO - Started process (PID=1266) to work on /opt/airflow/dags/saving_file.py
[2025-03-24T02:44:06.029+0000] {processor.py:914} INFO - Processing file /opt/airflow/dags/saving_file.py for tasks to queue
[2025-03-24T02:44:06.032+0000] {logging_mixin.py:190} INFO - [2025-03-24T02:44:06.032+0000] {dagbag.py:588} INFO - Filling up the DagBag from /opt/airflow/dags/saving_file.py
[2025-03-24T02:44:06.176+0000] {processor.py:925} INFO - DAG(s) 'gerar_csv_dados_abertos_cnpj' retrieved from /opt/airflow/dags/saving_file.py
[2025-03-24T02:44:06.189+0000] {logging_mixin.py:190} INFO - [2025-03-24T02:44:06.189+0000] {dag.py:3239} INFO - Sync 1 DAGs
[2025-03-24T02:44:06.202+0000] {logging_mixin.py:190} INFO - [2025-03-24T02:44:06.202+0000] {dag.py:4180} INFO - Setting next_dagrun for gerar_csv_dados_abertos_cnpj to 2025-03-23 00:00:00+00:00, run_after=2025-03-24 00:00:00+00:00
[2025-03-24T02:44:06.211+0000] {processor.py:208} INFO - Processing /opt/airflow/dags/saving_file.py took 0.187 seconds
[2025-03-24T02:44:36.399+0000] {processor.py:186} INFO - Started process (PID=1277) to work on /opt/airflow/dags/saving_file.py
[2025-03-24T02:44:36.400+0000] {processor.py:914} INFO - Processing file /opt/airflow/dags/saving_file.py for tasks to queue
[2025-03-24T02:44:36.402+0000] {logging_mixin.py:190} INFO - [2025-03-24T02:44:36.402+0000] {dagbag.py:588} INFO - Filling up the DagBag from /opt/airflow/dags/saving_file.py
[2025-03-24T02:44:36.550+0000] {processor.py:925} INFO - DAG(s) 'gerar_csv_dados_abertos_cnpj' retrieved from /opt/airflow/dags/saving_file.py
[2025-03-24T02:44:36.563+0000] {logging_mixin.py:190} INFO - [2025-03-24T02:44:36.563+0000] {dag.py:3239} INFO - Sync 1 DAGs
[2025-03-24T02:44:36.576+0000] {logging_mixin.py:190} INFO - [2025-03-24T02:44:36.576+0000] {dag.py:4180} INFO - Setting next_dagrun for gerar_csv_dados_abertos_cnpj to 2025-03-23 00:00:00+00:00, run_after=2025-03-24 00:00:00+00:00
[2025-03-24T02:44:36.585+0000] {processor.py:208} INFO - Processing /opt/airflow/dags/saving_file.py took 0.190 seconds
[2025-03-24T02:45:06.828+0000] {processor.py:186} INFO - Started process (PID=1288) to work on /opt/airflow/dags/saving_file.py
[2025-03-24T02:45:06.830+0000] {processor.py:914} INFO - Processing file /opt/airflow/dags/saving_file.py for tasks to queue
[2025-03-24T02:45:06.832+0000] {logging_mixin.py:190} INFO - [2025-03-24T02:45:06.831+0000] {dagbag.py:588} INFO - Filling up the DagBag from /opt/airflow/dags/saving_file.py
[2025-03-24T02:45:06.978+0000] {processor.py:925} INFO - DAG(s) 'gerar_csv_dados_abertos_cnpj' retrieved from /opt/airflow/dags/saving_file.py
[2025-03-24T02:45:06.992+0000] {logging_mixin.py:190} INFO - [2025-03-24T02:45:06.992+0000] {dag.py:3239} INFO - Sync 1 DAGs
[2025-03-24T02:45:07.004+0000] {logging_mixin.py:190} INFO - [2025-03-24T02:45:07.004+0000] {dag.py:4180} INFO - Setting next_dagrun for gerar_csv_dados_abertos_cnpj to 2025-03-23 00:00:00+00:00, run_after=2025-03-24 00:00:00+00:00
[2025-03-24T02:45:07.014+0000] {processor.py:208} INFO - Processing /opt/airflow/dags/saving_file.py took 0.189 seconds
[2025-03-24T02:45:37.212+0000] {processor.py:186} INFO - Started process (PID=1299) to work on /opt/airflow/dags/saving_file.py
[2025-03-24T02:45:37.213+0000] {processor.py:914} INFO - Processing file /opt/airflow/dags/saving_file.py for tasks to queue
[2025-03-24T02:45:37.215+0000] {logging_mixin.py:190} INFO - [2025-03-24T02:45:37.215+0000] {dagbag.py:588} INFO - Filling up the DagBag from /opt/airflow/dags/saving_file.py
[2025-03-24T02:45:37.355+0000] {processor.py:925} INFO - DAG(s) 'gerar_csv_dados_abertos_cnpj' retrieved from /opt/airflow/dags/saving_file.py
[2025-03-24T02:45:37.368+0000] {logging_mixin.py:190} INFO - [2025-03-24T02:45:37.367+0000] {dag.py:3239} INFO - Sync 1 DAGs
[2025-03-24T02:45:37.379+0000] {logging_mixin.py:190} INFO - [2025-03-24T02:45:37.379+0000] {dag.py:4180} INFO - Setting next_dagrun for gerar_csv_dados_abertos_cnpj to 2025-03-23 00:00:00+00:00, run_after=2025-03-24 00:00:00+00:00
[2025-03-24T02:45:37.388+0000] {processor.py:208} INFO - Processing /opt/airflow/dags/saving_file.py took 0.179 seconds
[2025-03-24T02:46:07.597+0000] {processor.py:186} INFO - Started process (PID=1310) to work on /opt/airflow/dags/saving_file.py
[2025-03-24T02:46:07.598+0000] {processor.py:914} INFO - Processing file /opt/airflow/dags/saving_file.py for tasks to queue
[2025-03-24T02:46:07.601+0000] {logging_mixin.py:190} INFO - [2025-03-24T02:46:07.600+0000] {dagbag.py:588} INFO - Filling up the DagBag from /opt/airflow/dags/saving_file.py
[2025-03-24T02:46:07.745+0000] {processor.py:925} INFO - DAG(s) 'gerar_csv_dados_abertos_cnpj' retrieved from /opt/airflow/dags/saving_file.py
[2025-03-24T02:46:07.759+0000] {logging_mixin.py:190} INFO - [2025-03-24T02:46:07.759+0000] {dag.py:3239} INFO - Sync 1 DAGs
[2025-03-24T02:46:07.772+0000] {logging_mixin.py:190} INFO - [2025-03-24T02:46:07.772+0000] {dag.py:4180} INFO - Setting next_dagrun for gerar_csv_dados_abertos_cnpj to 2025-03-23 00:00:00+00:00, run_after=2025-03-24 00:00:00+00:00
[2025-03-24T02:46:07.784+0000] {processor.py:208} INFO - Processing /opt/airflow/dags/saving_file.py took 0.190 seconds
[2025-03-24T02:46:37.976+0000] {processor.py:186} INFO - Started process (PID=1321) to work on /opt/airflow/dags/saving_file.py
[2025-03-24T02:46:37.977+0000] {processor.py:914} INFO - Processing file /opt/airflow/dags/saving_file.py for tasks to queue
[2025-03-24T02:46:37.979+0000] {logging_mixin.py:190} INFO - [2025-03-24T02:46:37.979+0000] {dagbag.py:588} INFO - Filling up the DagBag from /opt/airflow/dags/saving_file.py
[2025-03-24T02:46:38.121+0000] {processor.py:925} INFO - DAG(s) 'gerar_csv_dados_abertos_cnpj' retrieved from /opt/airflow/dags/saving_file.py
[2025-03-24T02:46:38.134+0000] {logging_mixin.py:190} INFO - [2025-03-24T02:46:38.133+0000] {dag.py:3239} INFO - Sync 1 DAGs
[2025-03-24T02:46:38.147+0000] {logging_mixin.py:190} INFO - [2025-03-24T02:46:38.147+0000] {dag.py:4180} INFO - Setting next_dagrun for gerar_csv_dados_abertos_cnpj to 2025-03-23 00:00:00+00:00, run_after=2025-03-24 00:00:00+00:00
[2025-03-24T02:46:38.157+0000] {processor.py:208} INFO - Processing /opt/airflow/dags/saving_file.py took 0.184 seconds
[2025-03-24T02:47:08.355+0000] {processor.py:186} INFO - Started process (PID=1332) to work on /opt/airflow/dags/saving_file.py
[2025-03-24T02:47:08.356+0000] {processor.py:914} INFO - Processing file /opt/airflow/dags/saving_file.py for tasks to queue
[2025-03-24T02:47:08.358+0000] {logging_mixin.py:190} INFO - [2025-03-24T02:47:08.358+0000] {dagbag.py:588} INFO - Filling up the DagBag from /opt/airflow/dags/saving_file.py
[2025-03-24T02:47:08.504+0000] {processor.py:925} INFO - DAG(s) 'gerar_csv_dados_abertos_cnpj' retrieved from /opt/airflow/dags/saving_file.py
[2025-03-24T02:47:08.517+0000] {logging_mixin.py:190} INFO - [2025-03-24T02:47:08.517+0000] {dag.py:3239} INFO - Sync 1 DAGs
[2025-03-24T02:47:08.529+0000] {logging_mixin.py:190} INFO - [2025-03-24T02:47:08.529+0000] {dag.py:4180} INFO - Setting next_dagrun for gerar_csv_dados_abertos_cnpj to 2025-03-23 00:00:00+00:00, run_after=2025-03-24 00:00:00+00:00
[2025-03-24T02:47:08.547+0000] {processor.py:208} INFO - Processing /opt/airflow/dags/saving_file.py took 0.196 seconds
[2025-03-24T02:47:38.727+0000] {processor.py:186} INFO - Started process (PID=1343) to work on /opt/airflow/dags/saving_file.py
[2025-03-24T02:47:38.728+0000] {processor.py:914} INFO - Processing file /opt/airflow/dags/saving_file.py for tasks to queue
[2025-03-24T02:47:38.731+0000] {logging_mixin.py:190} INFO - [2025-03-24T02:47:38.731+0000] {dagbag.py:588} INFO - Filling up the DagBag from /opt/airflow/dags/saving_file.py
[2025-03-24T02:47:38.884+0000] {processor.py:925} INFO - DAG(s) 'gerar_csv_dados_abertos_cnpj' retrieved from /opt/airflow/dags/saving_file.py
[2025-03-24T02:47:38.897+0000] {logging_mixin.py:190} INFO - [2025-03-24T02:47:38.897+0000] {dag.py:3239} INFO - Sync 1 DAGs
[2025-03-24T02:47:38.909+0000] {logging_mixin.py:190} INFO - [2025-03-24T02:47:38.909+0000] {dag.py:4180} INFO - Setting next_dagrun for gerar_csv_dados_abertos_cnpj to 2025-03-23 00:00:00+00:00, run_after=2025-03-24 00:00:00+00:00
[2025-03-24T02:47:38.922+0000] {processor.py:208} INFO - Processing /opt/airflow/dags/saving_file.py took 0.198 seconds
[2025-03-24T02:48:09.109+0000] {processor.py:186} INFO - Started process (PID=1354) to work on /opt/airflow/dags/saving_file.py
[2025-03-24T02:48:09.110+0000] {processor.py:914} INFO - Processing file /opt/airflow/dags/saving_file.py for tasks to queue
[2025-03-24T02:48:09.113+0000] {logging_mixin.py:190} INFO - [2025-03-24T02:48:09.113+0000] {dagbag.py:588} INFO - Filling up the DagBag from /opt/airflow/dags/saving_file.py
[2025-03-24T02:48:09.251+0000] {processor.py:925} INFO - DAG(s) 'gerar_csv_dados_abertos_cnpj' retrieved from /opt/airflow/dags/saving_file.py
[2025-03-24T02:48:09.265+0000] {logging_mixin.py:190} INFO - [2025-03-24T02:48:09.265+0000] {dag.py:3239} INFO - Sync 1 DAGs
[2025-03-24T02:48:09.279+0000] {logging_mixin.py:190} INFO - [2025-03-24T02:48:09.278+0000] {dag.py:4180} INFO - Setting next_dagrun for gerar_csv_dados_abertos_cnpj to 2025-03-23 00:00:00+00:00, run_after=2025-03-24 00:00:00+00:00
[2025-03-24T02:48:09.289+0000] {processor.py:208} INFO - Processing /opt/airflow/dags/saving_file.py took 0.183 seconds
[2025-03-24T02:48:39.489+0000] {processor.py:186} INFO - Started process (PID=1365) to work on /opt/airflow/dags/saving_file.py
[2025-03-24T02:48:39.490+0000] {processor.py:914} INFO - Processing file /opt/airflow/dags/saving_file.py for tasks to queue
[2025-03-24T02:48:39.492+0000] {logging_mixin.py:190} INFO - [2025-03-24T02:48:39.492+0000] {dagbag.py:588} INFO - Filling up the DagBag from /opt/airflow/dags/saving_file.py
[2025-03-24T02:48:39.635+0000] {processor.py:925} INFO - DAG(s) 'gerar_csv_dados_abertos_cnpj' retrieved from /opt/airflow/dags/saving_file.py
[2025-03-24T02:48:39.648+0000] {logging_mixin.py:190} INFO - [2025-03-24T02:48:39.648+0000] {dag.py:3239} INFO - Sync 1 DAGs
[2025-03-24T02:48:39.661+0000] {logging_mixin.py:190} INFO - [2025-03-24T02:48:39.661+0000] {dag.py:4180} INFO - Setting next_dagrun for gerar_csv_dados_abertos_cnpj to 2025-03-23 00:00:00+00:00, run_after=2025-03-24 00:00:00+00:00
[2025-03-24T02:48:39.672+0000] {processor.py:208} INFO - Processing /opt/airflow/dags/saving_file.py took 0.185 seconds
[2025-03-24T02:49:09.864+0000] {processor.py:186} INFO - Started process (PID=1376) to work on /opt/airflow/dags/saving_file.py
[2025-03-24T02:49:09.865+0000] {processor.py:914} INFO - Processing file /opt/airflow/dags/saving_file.py for tasks to queue
[2025-03-24T02:49:09.867+0000] {logging_mixin.py:190} INFO - [2025-03-24T02:49:09.867+0000] {dagbag.py:588} INFO - Filling up the DagBag from /opt/airflow/dags/saving_file.py
[2025-03-24T02:49:10.011+0000] {processor.py:925} INFO - DAG(s) 'gerar_csv_dados_abertos_cnpj' retrieved from /opt/airflow/dags/saving_file.py
[2025-03-24T02:49:10.025+0000] {logging_mixin.py:190} INFO - [2025-03-24T02:49:10.025+0000] {dag.py:3239} INFO - Sync 1 DAGs
[2025-03-24T02:49:10.037+0000] {logging_mixin.py:190} INFO - [2025-03-24T02:49:10.037+0000] {dag.py:4180} INFO - Setting next_dagrun for gerar_csv_dados_abertos_cnpj to 2025-03-23 00:00:00+00:00, run_after=2025-03-24 00:00:00+00:00
[2025-03-24T02:49:10.047+0000] {processor.py:208} INFO - Processing /opt/airflow/dags/saving_file.py took 0.186 seconds
[2025-03-24T02:49:40.239+0000] {processor.py:186} INFO - Started process (PID=1387) to work on /opt/airflow/dags/saving_file.py
[2025-03-24T02:49:40.240+0000] {processor.py:914} INFO - Processing file /opt/airflow/dags/saving_file.py for tasks to queue
[2025-03-24T02:49:40.243+0000] {logging_mixin.py:190} INFO - [2025-03-24T02:49:40.242+0000] {dagbag.py:588} INFO - Filling up the DagBag from /opt/airflow/dags/saving_file.py
[2025-03-24T02:49:40.387+0000] {processor.py:925} INFO - DAG(s) 'gerar_csv_dados_abertos_cnpj' retrieved from /opt/airflow/dags/saving_file.py
[2025-03-24T02:49:40.400+0000] {logging_mixin.py:190} INFO - [2025-03-24T02:49:40.400+0000] {dag.py:3239} INFO - Sync 1 DAGs
[2025-03-24T02:49:40.412+0000] {logging_mixin.py:190} INFO - [2025-03-24T02:49:40.412+0000] {dag.py:4180} INFO - Setting next_dagrun for gerar_csv_dados_abertos_cnpj to 2025-03-23 00:00:00+00:00, run_after=2025-03-24 00:00:00+00:00
[2025-03-24T02:49:40.424+0000] {processor.py:208} INFO - Processing /opt/airflow/dags/saving_file.py took 0.187 seconds
[2025-03-24T02:50:10.699+0000] {processor.py:186} INFO - Started process (PID=1398) to work on /opt/airflow/dags/saving_file.py
[2025-03-24T02:50:10.700+0000] {processor.py:914} INFO - Processing file /opt/airflow/dags/saving_file.py for tasks to queue
[2025-03-24T02:50:10.702+0000] {logging_mixin.py:190} INFO - [2025-03-24T02:50:10.702+0000] {dagbag.py:588} INFO - Filling up the DagBag from /opt/airflow/dags/saving_file.py
[2025-03-24T02:50:10.845+0000] {processor.py:925} INFO - DAG(s) 'gerar_csv_dados_abertos_cnpj' retrieved from /opt/airflow/dags/saving_file.py
[2025-03-24T02:50:10.859+0000] {logging_mixin.py:190} INFO - [2025-03-24T02:50:10.858+0000] {dag.py:3239} INFO - Sync 1 DAGs
[2025-03-24T02:50:10.870+0000] {logging_mixin.py:190} INFO - [2025-03-24T02:50:10.870+0000] {dag.py:4180} INFO - Setting next_dagrun for gerar_csv_dados_abertos_cnpj to 2025-03-23 00:00:00+00:00, run_after=2025-03-24 00:00:00+00:00
[2025-03-24T02:50:10.879+0000] {processor.py:208} INFO - Processing /opt/airflow/dags/saving_file.py took 0.184 seconds
[2025-03-24T02:50:41.071+0000] {processor.py:186} INFO - Started process (PID=1409) to work on /opt/airflow/dags/saving_file.py
[2025-03-24T02:50:41.072+0000] {processor.py:914} INFO - Processing file /opt/airflow/dags/saving_file.py for tasks to queue
[2025-03-24T02:50:41.074+0000] {logging_mixin.py:190} INFO - [2025-03-24T02:50:41.074+0000] {dagbag.py:588} INFO - Filling up the DagBag from /opt/airflow/dags/saving_file.py
[2025-03-24T02:50:41.223+0000] {processor.py:925} INFO - DAG(s) 'gerar_csv_dados_abertos_cnpj' retrieved from /opt/airflow/dags/saving_file.py
[2025-03-24T02:50:41.235+0000] {logging_mixin.py:190} INFO - [2025-03-24T02:50:41.235+0000] {dag.py:3239} INFO - Sync 1 DAGs
[2025-03-24T02:50:41.248+0000] {logging_mixin.py:190} INFO - [2025-03-24T02:50:41.248+0000] {dag.py:4180} INFO - Setting next_dagrun for gerar_csv_dados_abertos_cnpj to 2025-03-23 00:00:00+00:00, run_after=2025-03-24 00:00:00+00:00
[2025-03-24T02:50:41.259+0000] {processor.py:208} INFO - Processing /opt/airflow/dags/saving_file.py took 0.190 seconds
[2025-03-24T02:51:11.450+0000] {processor.py:186} INFO - Started process (PID=1420) to work on /opt/airflow/dags/saving_file.py
[2025-03-24T02:51:11.451+0000] {processor.py:914} INFO - Processing file /opt/airflow/dags/saving_file.py for tasks to queue
[2025-03-24T02:51:11.453+0000] {logging_mixin.py:190} INFO - [2025-03-24T02:51:11.453+0000] {dagbag.py:588} INFO - Filling up the DagBag from /opt/airflow/dags/saving_file.py
[2025-03-24T02:51:11.599+0000] {processor.py:925} INFO - DAG(s) 'gerar_csv_dados_abertos_cnpj' retrieved from /opt/airflow/dags/saving_file.py
[2025-03-24T02:51:11.614+0000] {logging_mixin.py:190} INFO - [2025-03-24T02:51:11.614+0000] {dag.py:3239} INFO - Sync 1 DAGs
[2025-03-24T02:51:11.626+0000] {logging_mixin.py:190} INFO - [2025-03-24T02:51:11.626+0000] {dag.py:4180} INFO - Setting next_dagrun for gerar_csv_dados_abertos_cnpj to 2025-03-23 00:00:00+00:00, run_after=2025-03-24 00:00:00+00:00
[2025-03-24T02:51:11.637+0000] {processor.py:208} INFO - Processing /opt/airflow/dags/saving_file.py took 0.190 seconds
[2025-03-24T02:51:41.825+0000] {processor.py:186} INFO - Started process (PID=1431) to work on /opt/airflow/dags/saving_file.py
[2025-03-24T02:51:41.826+0000] {processor.py:914} INFO - Processing file /opt/airflow/dags/saving_file.py for tasks to queue
[2025-03-24T02:51:41.829+0000] {logging_mixin.py:190} INFO - [2025-03-24T02:51:41.829+0000] {dagbag.py:588} INFO - Filling up the DagBag from /opt/airflow/dags/saving_file.py
[2025-03-24T02:51:41.969+0000] {processor.py:925} INFO - DAG(s) 'gerar_csv_dados_abertos_cnpj' retrieved from /opt/airflow/dags/saving_file.py
[2025-03-24T02:51:41.982+0000] {logging_mixin.py:190} INFO - [2025-03-24T02:51:41.982+0000] {dag.py:3239} INFO - Sync 1 DAGs
[2025-03-24T02:51:41.993+0000] {logging_mixin.py:190} INFO - [2025-03-24T02:51:41.993+0000] {dag.py:4180} INFO - Setting next_dagrun for gerar_csv_dados_abertos_cnpj to 2025-03-23 00:00:00+00:00, run_after=2025-03-24 00:00:00+00:00
[2025-03-24T02:51:42.002+0000] {processor.py:208} INFO - Processing /opt/airflow/dags/saving_file.py took 0.180 seconds
[2025-03-24T02:52:12.201+0000] {processor.py:186} INFO - Started process (PID=1442) to work on /opt/airflow/dags/saving_file.py
[2025-03-24T02:52:12.202+0000] {processor.py:914} INFO - Processing file /opt/airflow/dags/saving_file.py for tasks to queue
[2025-03-24T02:52:12.204+0000] {logging_mixin.py:190} INFO - [2025-03-24T02:52:12.204+0000] {dagbag.py:588} INFO - Filling up the DagBag from /opt/airflow/dags/saving_file.py
[2025-03-24T02:52:12.344+0000] {processor.py:925} INFO - DAG(s) 'gerar_csv_dados_abertos_cnpj' retrieved from /opt/airflow/dags/saving_file.py
[2025-03-24T02:52:12.357+0000] {logging_mixin.py:190} INFO - [2025-03-24T02:52:12.357+0000] {dag.py:3239} INFO - Sync 1 DAGs
[2025-03-24T02:52:12.370+0000] {logging_mixin.py:190} INFO - [2025-03-24T02:52:12.370+0000] {dag.py:4180} INFO - Setting next_dagrun for gerar_csv_dados_abertos_cnpj to 2025-03-23 00:00:00+00:00, run_after=2025-03-24 00:00:00+00:00
[2025-03-24T02:52:12.381+0000] {processor.py:208} INFO - Processing /opt/airflow/dags/saving_file.py took 0.184 seconds
[2025-03-24T02:52:42.584+0000] {processor.py:186} INFO - Started process (PID=1453) to work on /opt/airflow/dags/saving_file.py
[2025-03-24T02:52:42.585+0000] {processor.py:914} INFO - Processing file /opt/airflow/dags/saving_file.py for tasks to queue
[2025-03-24T02:52:42.587+0000] {logging_mixin.py:190} INFO - [2025-03-24T02:52:42.587+0000] {dagbag.py:588} INFO - Filling up the DagBag from /opt/airflow/dags/saving_file.py
[2025-03-24T02:52:42.730+0000] {processor.py:925} INFO - DAG(s) 'gerar_csv_dados_abertos_cnpj' retrieved from /opt/airflow/dags/saving_file.py
[2025-03-24T02:52:42.743+0000] {logging_mixin.py:190} INFO - [2025-03-24T02:52:42.742+0000] {dag.py:3239} INFO - Sync 1 DAGs
[2025-03-24T02:52:42.753+0000] {logging_mixin.py:190} INFO - [2025-03-24T02:52:42.753+0000] {dag.py:4180} INFO - Setting next_dagrun for gerar_csv_dados_abertos_cnpj to 2025-03-23 00:00:00+00:00, run_after=2025-03-24 00:00:00+00:00
[2025-03-24T02:52:42.763+0000] {processor.py:208} INFO - Processing /opt/airflow/dags/saving_file.py took 0.182 seconds
[2025-03-24T02:53:12.957+0000] {processor.py:186} INFO - Started process (PID=1464) to work on /opt/airflow/dags/saving_file.py
[2025-03-24T02:53:12.958+0000] {processor.py:914} INFO - Processing file /opt/airflow/dags/saving_file.py for tasks to queue
[2025-03-24T02:53:12.959+0000] {logging_mixin.py:190} INFO - [2025-03-24T02:53:12.959+0000] {dagbag.py:588} INFO - Filling up the DagBag from /opt/airflow/dags/saving_file.py
[2025-03-24T02:53:13.096+0000] {processor.py:925} INFO - DAG(s) 'gerar_csv_dados_abertos_cnpj' retrieved from /opt/airflow/dags/saving_file.py
[2025-03-24T02:53:13.109+0000] {logging_mixin.py:190} INFO - [2025-03-24T02:53:13.109+0000] {dag.py:3239} INFO - Sync 1 DAGs
[2025-03-24T02:53:13.120+0000] {logging_mixin.py:190} INFO - [2025-03-24T02:53:13.120+0000] {dag.py:4180} INFO - Setting next_dagrun for gerar_csv_dados_abertos_cnpj to 2025-03-23 00:00:00+00:00, run_after=2025-03-24 00:00:00+00:00
[2025-03-24T02:53:13.132+0000] {processor.py:208} INFO - Processing /opt/airflow/dags/saving_file.py took 0.179 seconds
[2025-03-24T02:53:43.340+0000] {processor.py:186} INFO - Started process (PID=1475) to work on /opt/airflow/dags/saving_file.py
[2025-03-24T02:53:43.341+0000] {processor.py:914} INFO - Processing file /opt/airflow/dags/saving_file.py for tasks to queue
[2025-03-24T02:53:43.344+0000] {logging_mixin.py:190} INFO - [2025-03-24T02:53:43.344+0000] {dagbag.py:588} INFO - Filling up the DagBag from /opt/airflow/dags/saving_file.py
[2025-03-24T02:53:43.483+0000] {processor.py:925} INFO - DAG(s) 'gerar_csv_dados_abertos_cnpj' retrieved from /opt/airflow/dags/saving_file.py
[2025-03-24T02:53:43.496+0000] {logging_mixin.py:190} INFO - [2025-03-24T02:53:43.495+0000] {dag.py:3239} INFO - Sync 1 DAGs
[2025-03-24T02:53:43.508+0000] {logging_mixin.py:190} INFO - [2025-03-24T02:53:43.508+0000] {dag.py:4180} INFO - Setting next_dagrun for gerar_csv_dados_abertos_cnpj to 2025-03-23 00:00:00+00:00, run_after=2025-03-24 00:00:00+00:00
[2025-03-24T02:53:43.518+0000] {processor.py:208} INFO - Processing /opt/airflow/dags/saving_file.py took 0.182 seconds
[2025-03-24T02:54:13.706+0000] {processor.py:186} INFO - Started process (PID=1486) to work on /opt/airflow/dags/saving_file.py
[2025-03-24T02:54:13.707+0000] {processor.py:914} INFO - Processing file /opt/airflow/dags/saving_file.py for tasks to queue
[2025-03-24T02:54:13.710+0000] {logging_mixin.py:190} INFO - [2025-03-24T02:54:13.710+0000] {dagbag.py:588} INFO - Filling up the DagBag from /opt/airflow/dags/saving_file.py
[2025-03-24T02:54:13.854+0000] {processor.py:925} INFO - DAG(s) 'gerar_csv_dados_abertos_cnpj' retrieved from /opt/airflow/dags/saving_file.py
[2025-03-24T02:54:13.868+0000] {logging_mixin.py:190} INFO - [2025-03-24T02:54:13.867+0000] {dag.py:3239} INFO - Sync 1 DAGs
[2025-03-24T02:54:13.881+0000] {logging_mixin.py:190} INFO - [2025-03-24T02:54:13.881+0000] {dag.py:4180} INFO - Setting next_dagrun for gerar_csv_dados_abertos_cnpj to 2025-03-23 00:00:00+00:00, run_after=2025-03-24 00:00:00+00:00
[2025-03-24T02:54:13.894+0000] {processor.py:208} INFO - Processing /opt/airflow/dags/saving_file.py took 0.191 seconds
[2025-03-24T02:54:44.077+0000] {processor.py:186} INFO - Started process (PID=1497) to work on /opt/airflow/dags/saving_file.py
[2025-03-24T02:54:44.079+0000] {processor.py:914} INFO - Processing file /opt/airflow/dags/saving_file.py for tasks to queue
[2025-03-24T02:54:44.081+0000] {logging_mixin.py:190} INFO - [2025-03-24T02:54:44.080+0000] {dagbag.py:588} INFO - Filling up the DagBag from /opt/airflow/dags/saving_file.py
[2025-03-24T02:54:44.220+0000] {processor.py:925} INFO - DAG(s) 'gerar_csv_dados_abertos_cnpj' retrieved from /opt/airflow/dags/saving_file.py
[2025-03-24T02:54:44.234+0000] {logging_mixin.py:190} INFO - [2025-03-24T02:54:44.233+0000] {dag.py:3239} INFO - Sync 1 DAGs
[2025-03-24T02:54:44.244+0000] {logging_mixin.py:190} INFO - [2025-03-24T02:54:44.244+0000] {dag.py:4180} INFO - Setting next_dagrun for gerar_csv_dados_abertos_cnpj to 2025-03-23 00:00:00+00:00, run_after=2025-03-24 00:00:00+00:00
[2025-03-24T02:54:44.256+0000] {processor.py:208} INFO - Processing /opt/airflow/dags/saving_file.py took 0.182 seconds
[2025-03-24T02:55:14.498+0000] {processor.py:186} INFO - Started process (PID=1508) to work on /opt/airflow/dags/saving_file.py
[2025-03-24T02:55:14.499+0000] {processor.py:914} INFO - Processing file /opt/airflow/dags/saving_file.py for tasks to queue
[2025-03-24T02:55:14.502+0000] {logging_mixin.py:190} INFO - [2025-03-24T02:55:14.501+0000] {dagbag.py:588} INFO - Filling up the DagBag from /opt/airflow/dags/saving_file.py
[2025-03-24T02:55:14.646+0000] {processor.py:925} INFO - DAG(s) 'gerar_csv_dados_abertos_cnpj' retrieved from /opt/airflow/dags/saving_file.py
[2025-03-24T02:55:14.662+0000] {logging_mixin.py:190} INFO - [2025-03-24T02:55:14.661+0000] {dag.py:3239} INFO - Sync 1 DAGs
[2025-03-24T02:55:14.673+0000] {logging_mixin.py:190} INFO - [2025-03-24T02:55:14.673+0000] {dag.py:4180} INFO - Setting next_dagrun for gerar_csv_dados_abertos_cnpj to 2025-03-23 00:00:00+00:00, run_after=2025-03-24 00:00:00+00:00
[2025-03-24T02:55:14.684+0000] {processor.py:208} INFO - Processing /opt/airflow/dags/saving_file.py took 0.189 seconds
[2025-03-24T02:55:44.868+0000] {processor.py:186} INFO - Started process (PID=1519) to work on /opt/airflow/dags/saving_file.py
[2025-03-24T02:55:44.870+0000] {processor.py:914} INFO - Processing file /opt/airflow/dags/saving_file.py for tasks to queue
[2025-03-24T02:55:44.872+0000] {logging_mixin.py:190} INFO - [2025-03-24T02:55:44.872+0000] {dagbag.py:588} INFO - Filling up the DagBag from /opt/airflow/dags/saving_file.py
[2025-03-24T02:55:45.013+0000] {processor.py:925} INFO - DAG(s) 'gerar_csv_dados_abertos_cnpj' retrieved from /opt/airflow/dags/saving_file.py
[2025-03-24T02:55:45.029+0000] {logging_mixin.py:190} INFO - [2025-03-24T02:55:45.029+0000] {dag.py:3239} INFO - Sync 1 DAGs
[2025-03-24T02:55:45.041+0000] {logging_mixin.py:190} INFO - [2025-03-24T02:55:45.041+0000] {dag.py:4180} INFO - Setting next_dagrun for gerar_csv_dados_abertos_cnpj to 2025-03-23 00:00:00+00:00, run_after=2025-03-24 00:00:00+00:00
[2025-03-24T02:55:45.053+0000] {processor.py:208} INFO - Processing /opt/airflow/dags/saving_file.py took 0.188 seconds
[2025-03-24T02:56:15.252+0000] {processor.py:186} INFO - Started process (PID=1530) to work on /opt/airflow/dags/saving_file.py
[2025-03-24T02:56:15.254+0000] {processor.py:914} INFO - Processing file /opt/airflow/dags/saving_file.py for tasks to queue
[2025-03-24T02:56:15.256+0000] {logging_mixin.py:190} INFO - [2025-03-24T02:56:15.256+0000] {dagbag.py:588} INFO - Filling up the DagBag from /opt/airflow/dags/saving_file.py
[2025-03-24T02:56:15.401+0000] {processor.py:925} INFO - DAG(s) 'gerar_csv_dados_abertos_cnpj' retrieved from /opt/airflow/dags/saving_file.py
[2025-03-24T02:56:15.414+0000] {logging_mixin.py:190} INFO - [2025-03-24T02:56:15.414+0000] {dag.py:3239} INFO - Sync 1 DAGs
[2025-03-24T02:56:15.426+0000] {logging_mixin.py:190} INFO - [2025-03-24T02:56:15.426+0000] {dag.py:4180} INFO - Setting next_dagrun for gerar_csv_dados_abertos_cnpj to 2025-03-23 00:00:00+00:00, run_after=2025-03-24 00:00:00+00:00
[2025-03-24T02:56:15.435+0000] {processor.py:208} INFO - Processing /opt/airflow/dags/saving_file.py took 0.186 seconds
[2025-03-24T02:56:45.625+0000] {processor.py:186} INFO - Started process (PID=1541) to work on /opt/airflow/dags/saving_file.py
[2025-03-24T02:56:45.626+0000] {processor.py:914} INFO - Processing file /opt/airflow/dags/saving_file.py for tasks to queue
[2025-03-24T02:56:45.627+0000] {logging_mixin.py:190} INFO - [2025-03-24T02:56:45.627+0000] {dagbag.py:588} INFO - Filling up the DagBag from /opt/airflow/dags/saving_file.py
[2025-03-24T02:56:45.772+0000] {processor.py:925} INFO - DAG(s) 'gerar_csv_dados_abertos_cnpj' retrieved from /opt/airflow/dags/saving_file.py
[2025-03-24T02:56:45.785+0000] {logging_mixin.py:190} INFO - [2025-03-24T02:56:45.785+0000] {dag.py:3239} INFO - Sync 1 DAGs
[2025-03-24T02:56:45.797+0000] {logging_mixin.py:190} INFO - [2025-03-24T02:56:45.797+0000] {dag.py:4180} INFO - Setting next_dagrun for gerar_csv_dados_abertos_cnpj to 2025-03-23 00:00:00+00:00, run_after=2025-03-24 00:00:00+00:00
[2025-03-24T02:56:45.808+0000] {processor.py:208} INFO - Processing /opt/airflow/dags/saving_file.py took 0.186 seconds
[2025-03-24T02:57:16.019+0000] {processor.py:186} INFO - Started process (PID=1552) to work on /opt/airflow/dags/saving_file.py
[2025-03-24T02:57:16.020+0000] {processor.py:914} INFO - Processing file /opt/airflow/dags/saving_file.py for tasks to queue
[2025-03-24T02:57:16.022+0000] {logging_mixin.py:190} INFO - [2025-03-24T02:57:16.022+0000] {dagbag.py:588} INFO - Filling up the DagBag from /opt/airflow/dags/saving_file.py
[2025-03-24T02:57:16.166+0000] {processor.py:925} INFO - DAG(s) 'gerar_csv_dados_abertos_cnpj' retrieved from /opt/airflow/dags/saving_file.py
[2025-03-24T02:57:16.179+0000] {logging_mixin.py:190} INFO - [2025-03-24T02:57:16.179+0000] {dag.py:3239} INFO - Sync 1 DAGs
[2025-03-24T02:57:16.190+0000] {logging_mixin.py:190} INFO - [2025-03-24T02:57:16.190+0000] {dag.py:4180} INFO - Setting next_dagrun for gerar_csv_dados_abertos_cnpj to 2025-03-23 00:00:00+00:00, run_after=2025-03-24 00:00:00+00:00
[2025-03-24T02:57:16.201+0000] {processor.py:208} INFO - Processing /opt/airflow/dags/saving_file.py took 0.185 seconds
[2025-03-24T02:57:46.386+0000] {processor.py:186} INFO - Started process (PID=1563) to work on /opt/airflow/dags/saving_file.py
[2025-03-24T02:57:46.388+0000] {processor.py:914} INFO - Processing file /opt/airflow/dags/saving_file.py for tasks to queue
[2025-03-24T02:57:46.390+0000] {logging_mixin.py:190} INFO - [2025-03-24T02:57:46.390+0000] {dagbag.py:588} INFO - Filling up the DagBag from /opt/airflow/dags/saving_file.py
[2025-03-24T02:57:46.529+0000] {processor.py:925} INFO - DAG(s) 'gerar_csv_dados_abertos_cnpj' retrieved from /opt/airflow/dags/saving_file.py
[2025-03-24T02:57:46.541+0000] {logging_mixin.py:190} INFO - [2025-03-24T02:57:46.541+0000] {dag.py:3239} INFO - Sync 1 DAGs
[2025-03-24T02:57:46.552+0000] {logging_mixin.py:190} INFO - [2025-03-24T02:57:46.552+0000] {dag.py:4180} INFO - Setting next_dagrun for gerar_csv_dados_abertos_cnpj to 2025-03-23 00:00:00+00:00, run_after=2025-03-24 00:00:00+00:00
[2025-03-24T02:57:46.563+0000] {processor.py:208} INFO - Processing /opt/airflow/dags/saving_file.py took 0.180 seconds
[2025-03-24T02:58:16.766+0000] {processor.py:186} INFO - Started process (PID=1574) to work on /opt/airflow/dags/saving_file.py
[2025-03-24T02:58:16.767+0000] {processor.py:914} INFO - Processing file /opt/airflow/dags/saving_file.py for tasks to queue
[2025-03-24T02:58:16.769+0000] {logging_mixin.py:190} INFO - [2025-03-24T02:58:16.769+0000] {dagbag.py:588} INFO - Filling up the DagBag from /opt/airflow/dags/saving_file.py
[2025-03-24T02:58:16.913+0000] {processor.py:925} INFO - DAG(s) 'gerar_csv_dados_abertos_cnpj' retrieved from /opt/airflow/dags/saving_file.py
[2025-03-24T02:58:16.929+0000] {logging_mixin.py:190} INFO - [2025-03-24T02:58:16.928+0000] {dag.py:3239} INFO - Sync 1 DAGs
[2025-03-24T02:58:16.940+0000] {logging_mixin.py:190} INFO - [2025-03-24T02:58:16.940+0000] {dag.py:4180} INFO - Setting next_dagrun for gerar_csv_dados_abertos_cnpj to 2025-03-23 00:00:00+00:00, run_after=2025-03-24 00:00:00+00:00
[2025-03-24T02:58:16.951+0000] {processor.py:208} INFO - Processing /opt/airflow/dags/saving_file.py took 0.188 seconds
[2025-03-24T02:58:47.148+0000] {processor.py:186} INFO - Started process (PID=1585) to work on /opt/airflow/dags/saving_file.py
[2025-03-24T02:58:47.149+0000] {processor.py:914} INFO - Processing file /opt/airflow/dags/saving_file.py for tasks to queue
[2025-03-24T02:58:47.151+0000] {logging_mixin.py:190} INFO - [2025-03-24T02:58:47.151+0000] {dagbag.py:588} INFO - Filling up the DagBag from /opt/airflow/dags/saving_file.py
[2025-03-24T02:58:47.298+0000] {processor.py:925} INFO - DAG(s) 'gerar_csv_dados_abertos_cnpj' retrieved from /opt/airflow/dags/saving_file.py
[2025-03-24T02:58:47.312+0000] {logging_mixin.py:190} INFO - [2025-03-24T02:58:47.312+0000] {dag.py:3239} INFO - Sync 1 DAGs
[2025-03-24T02:58:47.325+0000] {logging_mixin.py:190} INFO - [2025-03-24T02:58:47.325+0000] {dag.py:4180} INFO - Setting next_dagrun for gerar_csv_dados_abertos_cnpj to 2025-03-23 00:00:00+00:00, run_after=2025-03-24 00:00:00+00:00
[2025-03-24T02:58:47.335+0000] {processor.py:208} INFO - Processing /opt/airflow/dags/saving_file.py took 0.190 seconds
[2025-03-24T02:59:17.524+0000] {processor.py:186} INFO - Started process (PID=1596) to work on /opt/airflow/dags/saving_file.py
[2025-03-24T02:59:17.525+0000] {processor.py:914} INFO - Processing file /opt/airflow/dags/saving_file.py for tasks to queue
[2025-03-24T02:59:17.527+0000] {logging_mixin.py:190} INFO - [2025-03-24T02:59:17.527+0000] {dagbag.py:588} INFO - Filling up the DagBag from /opt/airflow/dags/saving_file.py
[2025-03-24T02:59:17.670+0000] {processor.py:925} INFO - DAG(s) 'gerar_csv_dados_abertos_cnpj' retrieved from /opt/airflow/dags/saving_file.py
[2025-03-24T02:59:17.685+0000] {logging_mixin.py:190} INFO - [2025-03-24T02:59:17.684+0000] {dag.py:3239} INFO - Sync 1 DAGs
[2025-03-24T02:59:17.696+0000] {logging_mixin.py:190} INFO - [2025-03-24T02:59:17.696+0000] {dag.py:4180} INFO - Setting next_dagrun for gerar_csv_dados_abertos_cnpj to 2025-03-23 00:00:00+00:00, run_after=2025-03-24 00:00:00+00:00
[2025-03-24T02:59:17.706+0000] {processor.py:208} INFO - Processing /opt/airflow/dags/saving_file.py took 0.185 seconds
[2025-03-24T02:59:47.889+0000] {processor.py:186} INFO - Started process (PID=1607) to work on /opt/airflow/dags/saving_file.py
[2025-03-24T02:59:47.890+0000] {processor.py:914} INFO - Processing file /opt/airflow/dags/saving_file.py for tasks to queue
[2025-03-24T02:59:47.893+0000] {logging_mixin.py:190} INFO - [2025-03-24T02:59:47.893+0000] {dagbag.py:588} INFO - Filling up the DagBag from /opt/airflow/dags/saving_file.py
[2025-03-24T02:59:48.032+0000] {processor.py:925} INFO - DAG(s) 'gerar_csv_dados_abertos_cnpj' retrieved from /opt/airflow/dags/saving_file.py
[2025-03-24T02:59:48.046+0000] {logging_mixin.py:190} INFO - [2025-03-24T02:59:48.045+0000] {dag.py:3239} INFO - Sync 1 DAGs
[2025-03-24T02:59:48.058+0000] {logging_mixin.py:190} INFO - [2025-03-24T02:59:48.058+0000] {dag.py:4180} INFO - Setting next_dagrun for gerar_csv_dados_abertos_cnpj to 2025-03-23 00:00:00+00:00, run_after=2025-03-24 00:00:00+00:00
[2025-03-24T02:59:48.067+0000] {processor.py:208} INFO - Processing /opt/airflow/dags/saving_file.py took 0.181 seconds
[2025-03-24T03:00:18.312+0000] {processor.py:186} INFO - Started process (PID=1618) to work on /opt/airflow/dags/saving_file.py
[2025-03-24T03:00:18.313+0000] {processor.py:914} INFO - Processing file /opt/airflow/dags/saving_file.py for tasks to queue
[2025-03-24T03:00:18.314+0000] {logging_mixin.py:190} INFO - [2025-03-24T03:00:18.314+0000] {dagbag.py:588} INFO - Filling up the DagBag from /opt/airflow/dags/saving_file.py
[2025-03-24T03:00:18.454+0000] {processor.py:925} INFO - DAG(s) 'gerar_csv_dados_abertos_cnpj' retrieved from /opt/airflow/dags/saving_file.py
[2025-03-24T03:00:18.467+0000] {logging_mixin.py:190} INFO - [2025-03-24T03:00:18.467+0000] {dag.py:3239} INFO - Sync 1 DAGs
[2025-03-24T03:00:18.479+0000] {logging_mixin.py:190} INFO - [2025-03-24T03:00:18.479+0000] {dag.py:4180} INFO - Setting next_dagrun for gerar_csv_dados_abertos_cnpj to 2025-03-23 00:00:00+00:00, run_after=2025-03-24 00:00:00+00:00
[2025-03-24T03:00:18.490+0000] {processor.py:208} INFO - Processing /opt/airflow/dags/saving_file.py took 0.182 seconds
[2025-03-24T03:00:48.686+0000] {processor.py:186} INFO - Started process (PID=1629) to work on /opt/airflow/dags/saving_file.py
[2025-03-24T03:00:48.687+0000] {processor.py:914} INFO - Processing file /opt/airflow/dags/saving_file.py for tasks to queue
[2025-03-24T03:00:48.689+0000] {logging_mixin.py:190} INFO - [2025-03-24T03:00:48.689+0000] {dagbag.py:588} INFO - Filling up the DagBag from /opt/airflow/dags/saving_file.py
[2025-03-24T03:00:48.832+0000] {processor.py:925} INFO - DAG(s) 'gerar_csv_dados_abertos_cnpj' retrieved from /opt/airflow/dags/saving_file.py
[2025-03-24T03:00:48.846+0000] {logging_mixin.py:190} INFO - [2025-03-24T03:00:48.846+0000] {dag.py:3239} INFO - Sync 1 DAGs
[2025-03-24T03:00:48.857+0000] {logging_mixin.py:190} INFO - [2025-03-24T03:00:48.857+0000] {dag.py:4180} INFO - Setting next_dagrun for gerar_csv_dados_abertos_cnpj to 2025-03-23 00:00:00+00:00, run_after=2025-03-24 00:00:00+00:00
[2025-03-24T03:00:48.867+0000] {processor.py:208} INFO - Processing /opt/airflow/dags/saving_file.py took 0.184 seconds
[2025-03-24T03:01:19.061+0000] {processor.py:186} INFO - Started process (PID=1640) to work on /opt/airflow/dags/saving_file.py
[2025-03-24T03:01:19.062+0000] {processor.py:914} INFO - Processing file /opt/airflow/dags/saving_file.py for tasks to queue
[2025-03-24T03:01:19.064+0000] {logging_mixin.py:190} INFO - [2025-03-24T03:01:19.064+0000] {dagbag.py:588} INFO - Filling up the DagBag from /opt/airflow/dags/saving_file.py
[2025-03-24T03:01:19.206+0000] {processor.py:925} INFO - DAG(s) 'gerar_csv_dados_abertos_cnpj' retrieved from /opt/airflow/dags/saving_file.py
[2025-03-24T03:01:19.220+0000] {logging_mixin.py:190} INFO - [2025-03-24T03:01:19.219+0000] {dag.py:3239} INFO - Sync 1 DAGs
[2025-03-24T03:01:19.231+0000] {logging_mixin.py:190} INFO - [2025-03-24T03:01:19.231+0000] {dag.py:4180} INFO - Setting next_dagrun for gerar_csv_dados_abertos_cnpj to 2025-03-23 00:00:00+00:00, run_after=2025-03-24 00:00:00+00:00
[2025-03-24T03:01:19.240+0000] {processor.py:208} INFO - Processing /opt/airflow/dags/saving_file.py took 0.182 seconds
[2025-03-24T03:01:49.434+0000] {processor.py:186} INFO - Started process (PID=1651) to work on /opt/airflow/dags/saving_file.py
[2025-03-24T03:01:49.435+0000] {processor.py:914} INFO - Processing file /opt/airflow/dags/saving_file.py for tasks to queue
[2025-03-24T03:01:49.438+0000] {logging_mixin.py:190} INFO - [2025-03-24T03:01:49.437+0000] {dagbag.py:588} INFO - Filling up the DagBag from /opt/airflow/dags/saving_file.py
[2025-03-24T03:01:49.579+0000] {processor.py:925} INFO - DAG(s) 'gerar_csv_dados_abertos_cnpj' retrieved from /opt/airflow/dags/saving_file.py
[2025-03-24T03:01:49.592+0000] {logging_mixin.py:190} INFO - [2025-03-24T03:01:49.592+0000] {dag.py:3239} INFO - Sync 1 DAGs
[2025-03-24T03:01:49.605+0000] {logging_mixin.py:190} INFO - [2025-03-24T03:01:49.605+0000] {dag.py:4180} INFO - Setting next_dagrun for gerar_csv_dados_abertos_cnpj to 2025-03-23 00:00:00+00:00, run_after=2025-03-24 00:00:00+00:00
[2025-03-24T03:01:49.615+0000] {processor.py:208} INFO - Processing /opt/airflow/dags/saving_file.py took 0.184 seconds
[2025-03-24T03:02:19.812+0000] {processor.py:186} INFO - Started process (PID=1662) to work on /opt/airflow/dags/saving_file.py
[2025-03-24T03:02:19.812+0000] {processor.py:914} INFO - Processing file /opt/airflow/dags/saving_file.py for tasks to queue
[2025-03-24T03:02:19.816+0000] {logging_mixin.py:190} INFO - [2025-03-24T03:02:19.816+0000] {dagbag.py:588} INFO - Filling up the DagBag from /opt/airflow/dags/saving_file.py
[2025-03-24T03:02:19.954+0000] {processor.py:925} INFO - DAG(s) 'gerar_csv_dados_abertos_cnpj' retrieved from /opt/airflow/dags/saving_file.py
[2025-03-24T03:02:19.968+0000] {logging_mixin.py:190} INFO - [2025-03-24T03:02:19.967+0000] {dag.py:3239} INFO - Sync 1 DAGs
[2025-03-24T03:02:19.979+0000] {logging_mixin.py:190} INFO - [2025-03-24T03:02:19.979+0000] {dag.py:4180} INFO - Setting next_dagrun for gerar_csv_dados_abertos_cnpj to 2025-03-23 00:00:00+00:00, run_after=2025-03-24 00:00:00+00:00
[2025-03-24T03:02:19.990+0000] {processor.py:208} INFO - Processing /opt/airflow/dags/saving_file.py took 0.181 seconds
[2025-03-24T03:02:50.195+0000] {processor.py:186} INFO - Started process (PID=1673) to work on /opt/airflow/dags/saving_file.py
[2025-03-24T03:02:50.196+0000] {processor.py:914} INFO - Processing file /opt/airflow/dags/saving_file.py for tasks to queue
[2025-03-24T03:02:50.199+0000] {logging_mixin.py:190} INFO - [2025-03-24T03:02:50.198+0000] {dagbag.py:588} INFO - Filling up the DagBag from /opt/airflow/dags/saving_file.py
[2025-03-24T03:02:50.350+0000] {processor.py:925} INFO - DAG(s) 'gerar_csv_dados_abertos_cnpj' retrieved from /opt/airflow/dags/saving_file.py
[2025-03-24T03:02:50.363+0000] {logging_mixin.py:190} INFO - [2025-03-24T03:02:50.363+0000] {dag.py:3239} INFO - Sync 1 DAGs
[2025-03-24T03:02:50.375+0000] {logging_mixin.py:190} INFO - [2025-03-24T03:02:50.375+0000] {dag.py:4180} INFO - Setting next_dagrun for gerar_csv_dados_abertos_cnpj to 2025-03-23 00:00:00+00:00, run_after=2025-03-24 00:00:00+00:00
[2025-03-24T03:02:50.386+0000] {processor.py:208} INFO - Processing /opt/airflow/dags/saving_file.py took 0.194 seconds
[2025-03-24T03:03:20.574+0000] {processor.py:186} INFO - Started process (PID=1684) to work on /opt/airflow/dags/saving_file.py
[2025-03-24T03:03:20.576+0000] {processor.py:914} INFO - Processing file /opt/airflow/dags/saving_file.py for tasks to queue
[2025-03-24T03:03:20.579+0000] {logging_mixin.py:190} INFO - [2025-03-24T03:03:20.579+0000] {dagbag.py:588} INFO - Filling up the DagBag from /opt/airflow/dags/saving_file.py
[2025-03-24T03:03:20.720+0000] {processor.py:925} INFO - DAG(s) 'gerar_csv_dados_abertos_cnpj' retrieved from /opt/airflow/dags/saving_file.py
[2025-03-24T03:03:20.732+0000] {logging_mixin.py:190} INFO - [2025-03-24T03:03:20.732+0000] {dag.py:3239} INFO - Sync 1 DAGs
[2025-03-24T03:03:20.743+0000] {logging_mixin.py:190} INFO - [2025-03-24T03:03:20.742+0000] {dag.py:4180} INFO - Setting next_dagrun for gerar_csv_dados_abertos_cnpj to 2025-03-23 00:00:00+00:00, run_after=2025-03-24 00:00:00+00:00
[2025-03-24T03:03:20.753+0000] {processor.py:208} INFO - Processing /opt/airflow/dags/saving_file.py took 0.181 seconds
[2025-03-24T03:03:50.946+0000] {processor.py:186} INFO - Started process (PID=1695) to work on /opt/airflow/dags/saving_file.py
[2025-03-24T03:03:50.947+0000] {processor.py:914} INFO - Processing file /opt/airflow/dags/saving_file.py for tasks to queue
[2025-03-24T03:03:50.949+0000] {logging_mixin.py:190} INFO - [2025-03-24T03:03:50.949+0000] {dagbag.py:588} INFO - Filling up the DagBag from /opt/airflow/dags/saving_file.py
[2025-03-24T03:03:51.095+0000] {processor.py:925} INFO - DAG(s) 'gerar_csv_dados_abertos_cnpj' retrieved from /opt/airflow/dags/saving_file.py
[2025-03-24T03:03:51.108+0000] {logging_mixin.py:190} INFO - [2025-03-24T03:03:51.108+0000] {dag.py:3239} INFO - Sync 1 DAGs
[2025-03-24T03:03:51.121+0000] {logging_mixin.py:190} INFO - [2025-03-24T03:03:51.121+0000] {dag.py:4180} INFO - Setting next_dagrun for gerar_csv_dados_abertos_cnpj to 2025-03-23 00:00:00+00:00, run_after=2025-03-24 00:00:00+00:00
[2025-03-24T03:03:51.145+0000] {processor.py:208} INFO - Processing /opt/airflow/dags/saving_file.py took 0.202 seconds
[2025-03-24T03:04:21.323+0000] {processor.py:186} INFO - Started process (PID=1706) to work on /opt/airflow/dags/saving_file.py
[2025-03-24T03:04:21.324+0000] {processor.py:914} INFO - Processing file /opt/airflow/dags/saving_file.py for tasks to queue
[2025-03-24T03:04:21.327+0000] {logging_mixin.py:190} INFO - [2025-03-24T03:04:21.327+0000] {dagbag.py:588} INFO - Filling up the DagBag from /opt/airflow/dags/saving_file.py
[2025-03-24T03:04:21.466+0000] {processor.py:925} INFO - DAG(s) 'gerar_csv_dados_abertos_cnpj' retrieved from /opt/airflow/dags/saving_file.py
[2025-03-24T03:04:21.480+0000] {logging_mixin.py:190} INFO - [2025-03-24T03:04:21.479+0000] {dag.py:3239} INFO - Sync 1 DAGs
[2025-03-24T03:04:21.493+0000] {logging_mixin.py:190} INFO - [2025-03-24T03:04:21.492+0000] {dag.py:4180} INFO - Setting next_dagrun for gerar_csv_dados_abertos_cnpj to 2025-03-23 00:00:00+00:00, run_after=2025-03-24 00:00:00+00:00
[2025-03-24T03:04:21.505+0000] {processor.py:208} INFO - Processing /opt/airflow/dags/saving_file.py took 0.185 seconds
[2025-03-24T03:04:51.696+0000] {processor.py:186} INFO - Started process (PID=1717) to work on /opt/airflow/dags/saving_file.py
[2025-03-24T03:04:51.697+0000] {processor.py:914} INFO - Processing file /opt/airflow/dags/saving_file.py for tasks to queue
[2025-03-24T03:04:51.699+0000] {logging_mixin.py:190} INFO - [2025-03-24T03:04:51.698+0000] {dagbag.py:588} INFO - Filling up the DagBag from /opt/airflow/dags/saving_file.py
[2025-03-24T03:04:51.840+0000] {processor.py:925} INFO - DAG(s) 'gerar_csv_dados_abertos_cnpj' retrieved from /opt/airflow/dags/saving_file.py
[2025-03-24T03:04:51.852+0000] {logging_mixin.py:190} INFO - [2025-03-24T03:04:51.852+0000] {dag.py:3239} INFO - Sync 1 DAGs
[2025-03-24T03:04:51.864+0000] {logging_mixin.py:190} INFO - [2025-03-24T03:04:51.864+0000] {dag.py:4180} INFO - Setting next_dagrun for gerar_csv_dados_abertos_cnpj to 2025-03-23 00:00:00+00:00, run_after=2025-03-24 00:00:00+00:00
[2025-03-24T03:04:51.876+0000] {processor.py:208} INFO - Processing /opt/airflow/dags/saving_file.py took 0.183 seconds
[2025-03-24T03:05:22.123+0000] {processor.py:186} INFO - Started process (PID=1728) to work on /opt/airflow/dags/saving_file.py
[2025-03-24T03:05:22.124+0000] {processor.py:914} INFO - Processing file /opt/airflow/dags/saving_file.py for tasks to queue
[2025-03-24T03:05:22.127+0000] {logging_mixin.py:190} INFO - [2025-03-24T03:05:22.127+0000] {dagbag.py:588} INFO - Filling up the DagBag from /opt/airflow/dags/saving_file.py
[2025-03-24T03:05:22.268+0000] {processor.py:925} INFO - DAG(s) 'gerar_csv_dados_abertos_cnpj' retrieved from /opt/airflow/dags/saving_file.py
[2025-03-24T03:05:22.281+0000] {logging_mixin.py:190} INFO - [2025-03-24T03:05:22.281+0000] {dag.py:3239} INFO - Sync 1 DAGs
[2025-03-24T03:05:22.293+0000] {logging_mixin.py:190} INFO - [2025-03-24T03:05:22.293+0000] {dag.py:4180} INFO - Setting next_dagrun for gerar_csv_dados_abertos_cnpj to 2025-03-23 00:00:00+00:00, run_after=2025-03-24 00:00:00+00:00
[2025-03-24T03:05:22.304+0000] {processor.py:208} INFO - Processing /opt/airflow/dags/saving_file.py took 0.184 seconds
[2025-03-24T03:05:52.501+0000] {processor.py:186} INFO - Started process (PID=1739) to work on /opt/airflow/dags/saving_file.py
[2025-03-24T03:05:52.502+0000] {processor.py:914} INFO - Processing file /opt/airflow/dags/saving_file.py for tasks to queue
[2025-03-24T03:05:52.505+0000] {logging_mixin.py:190} INFO - [2025-03-24T03:05:52.504+0000] {dagbag.py:588} INFO - Filling up the DagBag from /opt/airflow/dags/saving_file.py
[2025-03-24T03:05:52.650+0000] {processor.py:925} INFO - DAG(s) 'gerar_csv_dados_abertos_cnpj' retrieved from /opt/airflow/dags/saving_file.py
[2025-03-24T03:05:52.661+0000] {logging_mixin.py:190} INFO - [2025-03-24T03:05:52.661+0000] {dag.py:3239} INFO - Sync 1 DAGs
[2025-03-24T03:05:52.672+0000] {logging_mixin.py:190} INFO - [2025-03-24T03:05:52.672+0000] {dag.py:4180} INFO - Setting next_dagrun for gerar_csv_dados_abertos_cnpj to 2025-03-23 00:00:00+00:00, run_after=2025-03-24 00:00:00+00:00
[2025-03-24T03:05:52.681+0000] {processor.py:208} INFO - Processing /opt/airflow/dags/saving_file.py took 0.183 seconds
[2025-03-24T03:06:22.902+0000] {processor.py:186} INFO - Started process (PID=1750) to work on /opt/airflow/dags/saving_file.py
[2025-03-24T03:06:22.904+0000] {processor.py:914} INFO - Processing file /opt/airflow/dags/saving_file.py for tasks to queue
[2025-03-24T03:06:22.906+0000] {logging_mixin.py:190} INFO - [2025-03-24T03:06:22.906+0000] {dagbag.py:588} INFO - Filling up the DagBag from /opt/airflow/dags/saving_file.py
[2025-03-24T03:06:23.056+0000] {processor.py:925} INFO - DAG(s) 'gerar_csv_dados_abertos_cnpj' retrieved from /opt/airflow/dags/saving_file.py
[2025-03-24T03:06:23.069+0000] {logging_mixin.py:190} INFO - [2025-03-24T03:06:23.069+0000] {dag.py:3239} INFO - Sync 1 DAGs
[2025-03-24T03:06:23.082+0000] {logging_mixin.py:190} INFO - [2025-03-24T03:06:23.082+0000] {dag.py:4180} INFO - Setting next_dagrun for gerar_csv_dados_abertos_cnpj to 2025-03-23 00:00:00+00:00, run_after=2025-03-24 00:00:00+00:00
[2025-03-24T03:06:23.094+0000] {processor.py:208} INFO - Processing /opt/airflow/dags/saving_file.py took 0.196 seconds
[2025-03-24T03:06:53.287+0000] {processor.py:186} INFO - Started process (PID=1761) to work on /opt/airflow/dags/saving_file.py
[2025-03-24T03:06:53.288+0000] {processor.py:914} INFO - Processing file /opt/airflow/dags/saving_file.py for tasks to queue
[2025-03-24T03:06:53.290+0000] {logging_mixin.py:190} INFO - [2025-03-24T03:06:53.290+0000] {dagbag.py:588} INFO - Filling up the DagBag from /opt/airflow/dags/saving_file.py
[2025-03-24T03:06:53.429+0000] {processor.py:925} INFO - DAG(s) 'gerar_csv_dados_abertos_cnpj' retrieved from /opt/airflow/dags/saving_file.py
[2025-03-24T03:06:53.442+0000] {logging_mixin.py:190} INFO - [2025-03-24T03:06:53.441+0000] {dag.py:3239} INFO - Sync 1 DAGs
[2025-03-24T03:06:53.454+0000] {logging_mixin.py:190} INFO - [2025-03-24T03:06:53.454+0000] {dag.py:4180} INFO - Setting next_dagrun for gerar_csv_dados_abertos_cnpj to 2025-03-23 00:00:00+00:00, run_after=2025-03-24 00:00:00+00:00
[2025-03-24T03:06:53.464+0000] {processor.py:208} INFO - Processing /opt/airflow/dags/saving_file.py took 0.180 seconds
[2025-03-24T03:07:23.658+0000] {processor.py:186} INFO - Started process (PID=1772) to work on /opt/airflow/dags/saving_file.py
[2025-03-24T03:07:23.659+0000] {processor.py:914} INFO - Processing file /opt/airflow/dags/saving_file.py for tasks to queue
[2025-03-24T03:07:23.661+0000] {logging_mixin.py:190} INFO - [2025-03-24T03:07:23.661+0000] {dagbag.py:588} INFO - Filling up the DagBag from /opt/airflow/dags/saving_file.py
[2025-03-24T03:07:23.811+0000] {processor.py:925} INFO - DAG(s) 'gerar_csv_dados_abertos_cnpj' retrieved from /opt/airflow/dags/saving_file.py
[2025-03-24T03:07:23.824+0000] {logging_mixin.py:190} INFO - [2025-03-24T03:07:23.824+0000] {dag.py:3239} INFO - Sync 1 DAGs
[2025-03-24T03:07:23.839+0000] {logging_mixin.py:190} INFO - [2025-03-24T03:07:23.838+0000] {dag.py:4180} INFO - Setting next_dagrun for gerar_csv_dados_abertos_cnpj to 2025-03-23 00:00:00+00:00, run_after=2025-03-24 00:00:00+00:00
[2025-03-24T03:07:23.850+0000] {processor.py:208} INFO - Processing /opt/airflow/dags/saving_file.py took 0.195 seconds
[2025-03-24T03:07:54.041+0000] {processor.py:186} INFO - Started process (PID=1783) to work on /opt/airflow/dags/saving_file.py
[2025-03-24T03:07:54.042+0000] {processor.py:914} INFO - Processing file /opt/airflow/dags/saving_file.py for tasks to queue
[2025-03-24T03:07:54.045+0000] {logging_mixin.py:190} INFO - [2025-03-24T03:07:54.044+0000] {dagbag.py:588} INFO - Filling up the DagBag from /opt/airflow/dags/saving_file.py
[2025-03-24T03:07:54.190+0000] {processor.py:925} INFO - DAG(s) 'gerar_csv_dados_abertos_cnpj' retrieved from /opt/airflow/dags/saving_file.py
[2025-03-24T03:07:54.205+0000] {logging_mixin.py:190} INFO - [2025-03-24T03:07:54.204+0000] {dag.py:3239} INFO - Sync 1 DAGs
[2025-03-24T03:07:54.217+0000] {logging_mixin.py:190} INFO - [2025-03-24T03:07:54.217+0000] {dag.py:4180} INFO - Setting next_dagrun for gerar_csv_dados_abertos_cnpj to 2025-03-23 00:00:00+00:00, run_after=2025-03-24 00:00:00+00:00
[2025-03-24T03:07:54.230+0000] {processor.py:208} INFO - Processing /opt/airflow/dags/saving_file.py took 0.192 seconds
[2025-03-24T03:08:24.410+0000] {processor.py:186} INFO - Started process (PID=1794) to work on /opt/airflow/dags/saving_file.py
[2025-03-24T03:08:24.411+0000] {processor.py:914} INFO - Processing file /opt/airflow/dags/saving_file.py for tasks to queue
[2025-03-24T03:08:24.413+0000] {logging_mixin.py:190} INFO - [2025-03-24T03:08:24.413+0000] {dagbag.py:588} INFO - Filling up the DagBag from /opt/airflow/dags/saving_file.py
[2025-03-24T03:08:24.558+0000] {processor.py:925} INFO - DAG(s) 'gerar_csv_dados_abertos_cnpj' retrieved from /opt/airflow/dags/saving_file.py
[2025-03-24T03:08:24.571+0000] {logging_mixin.py:190} INFO - [2025-03-24T03:08:24.571+0000] {dag.py:3239} INFO - Sync 1 DAGs
[2025-03-24T03:08:24.583+0000] {logging_mixin.py:190} INFO - [2025-03-24T03:08:24.583+0000] {dag.py:4180} INFO - Setting next_dagrun for gerar_csv_dados_abertos_cnpj to 2025-03-23 00:00:00+00:00, run_after=2025-03-24 00:00:00+00:00
[2025-03-24T03:08:24.594+0000] {processor.py:208} INFO - Processing /opt/airflow/dags/saving_file.py took 0.187 seconds
[2025-03-24T03:08:54.786+0000] {processor.py:186} INFO - Started process (PID=1805) to work on /opt/airflow/dags/saving_file.py
[2025-03-24T03:08:54.787+0000] {processor.py:914} INFO - Processing file /opt/airflow/dags/saving_file.py for tasks to queue
[2025-03-24T03:08:54.790+0000] {logging_mixin.py:190} INFO - [2025-03-24T03:08:54.790+0000] {dagbag.py:588} INFO - Filling up the DagBag from /opt/airflow/dags/saving_file.py
[2025-03-24T03:08:54.933+0000] {processor.py:925} INFO - DAG(s) 'gerar_csv_dados_abertos_cnpj' retrieved from /opt/airflow/dags/saving_file.py
[2025-03-24T03:08:54.946+0000] {logging_mixin.py:190} INFO - [2025-03-24T03:08:54.946+0000] {dag.py:3239} INFO - Sync 1 DAGs
[2025-03-24T03:08:54.957+0000] {logging_mixin.py:190} INFO - [2025-03-24T03:08:54.957+0000] {dag.py:4180} INFO - Setting next_dagrun for gerar_csv_dados_abertos_cnpj to 2025-03-23 00:00:00+00:00, run_after=2025-03-24 00:00:00+00:00
[2025-03-24T03:08:54.969+0000] {processor.py:208} INFO - Processing /opt/airflow/dags/saving_file.py took 0.186 seconds
[2025-03-24T03:09:25.164+0000] {processor.py:186} INFO - Started process (PID=1816) to work on /opt/airflow/dags/saving_file.py
[2025-03-24T03:09:25.165+0000] {processor.py:914} INFO - Processing file /opt/airflow/dags/saving_file.py for tasks to queue
[2025-03-24T03:09:25.167+0000] {logging_mixin.py:190} INFO - [2025-03-24T03:09:25.167+0000] {dagbag.py:588} INFO - Filling up the DagBag from /opt/airflow/dags/saving_file.py
[2025-03-24T03:09:25.315+0000] {processor.py:925} INFO - DAG(s) 'gerar_csv_dados_abertos_cnpj' retrieved from /opt/airflow/dags/saving_file.py
[2025-03-24T03:09:25.328+0000] {logging_mixin.py:190} INFO - [2025-03-24T03:09:25.328+0000] {dag.py:3239} INFO - Sync 1 DAGs
[2025-03-24T03:09:25.341+0000] {logging_mixin.py:190} INFO - [2025-03-24T03:09:25.341+0000] {dag.py:4180} INFO - Setting next_dagrun for gerar_csv_dados_abertos_cnpj to 2025-03-23 00:00:00+00:00, run_after=2025-03-24 00:00:00+00:00
[2025-03-24T03:09:25.351+0000] {processor.py:208} INFO - Processing /opt/airflow/dags/saving_file.py took 0.190 seconds
[2025-03-24T03:09:55.552+0000] {processor.py:186} INFO - Started process (PID=1827) to work on /opt/airflow/dags/saving_file.py
[2025-03-24T03:09:55.552+0000] {processor.py:914} INFO - Processing file /opt/airflow/dags/saving_file.py for tasks to queue
[2025-03-24T03:09:55.555+0000] {logging_mixin.py:190} INFO - [2025-03-24T03:09:55.555+0000] {dagbag.py:588} INFO - Filling up the DagBag from /opt/airflow/dags/saving_file.py
[2025-03-24T03:09:55.698+0000] {processor.py:925} INFO - DAG(s) 'gerar_csv_dados_abertos_cnpj' retrieved from /opt/airflow/dags/saving_file.py
[2025-03-24T03:09:55.711+0000] {logging_mixin.py:190} INFO - [2025-03-24T03:09:55.711+0000] {dag.py:3239} INFO - Sync 1 DAGs
[2025-03-24T03:09:55.731+0000] {logging_mixin.py:190} INFO - [2025-03-24T03:09:55.731+0000] {dag.py:4180} INFO - Setting next_dagrun for gerar_csv_dados_abertos_cnpj to 2025-03-23 00:00:00+00:00, run_after=2025-03-24 00:00:00+00:00
[2025-03-24T03:09:55.746+0000] {processor.py:208} INFO - Processing /opt/airflow/dags/saving_file.py took 0.198 seconds
[2025-03-24T03:10:25.991+0000] {processor.py:186} INFO - Started process (PID=1838) to work on /opt/airflow/dags/saving_file.py
[2025-03-24T03:10:25.992+0000] {processor.py:914} INFO - Processing file /opt/airflow/dags/saving_file.py for tasks to queue
[2025-03-24T03:10:25.995+0000] {logging_mixin.py:190} INFO - [2025-03-24T03:10:25.994+0000] {dagbag.py:588} INFO - Filling up the DagBag from /opt/airflow/dags/saving_file.py
[2025-03-24T03:10:26.147+0000] {processor.py:925} INFO - DAG(s) 'gerar_csv_dados_abertos_cnpj' retrieved from /opt/airflow/dags/saving_file.py
[2025-03-24T03:10:26.160+0000] {logging_mixin.py:190} INFO - [2025-03-24T03:10:26.160+0000] {dag.py:3239} INFO - Sync 1 DAGs
[2025-03-24T03:10:26.171+0000] {logging_mixin.py:190} INFO - [2025-03-24T03:10:26.171+0000] {dag.py:4180} INFO - Setting next_dagrun for gerar_csv_dados_abertos_cnpj to 2025-03-23 00:00:00+00:00, run_after=2025-03-24 00:00:00+00:00
[2025-03-24T03:10:26.180+0000] {processor.py:208} INFO - Processing /opt/airflow/dags/saving_file.py took 0.192 seconds
[2025-03-24T03:10:56.372+0000] {processor.py:186} INFO - Started process (PID=1849) to work on /opt/airflow/dags/saving_file.py
[2025-03-24T03:10:56.373+0000] {processor.py:914} INFO - Processing file /opt/airflow/dags/saving_file.py for tasks to queue
[2025-03-24T03:10:56.376+0000] {logging_mixin.py:190} INFO - [2025-03-24T03:10:56.376+0000] {dagbag.py:588} INFO - Filling up the DagBag from /opt/airflow/dags/saving_file.py
[2025-03-24T03:10:56.528+0000] {processor.py:925} INFO - DAG(s) 'gerar_csv_dados_abertos_cnpj' retrieved from /opt/airflow/dags/saving_file.py
[2025-03-24T03:10:56.541+0000] {logging_mixin.py:190} INFO - [2025-03-24T03:10:56.541+0000] {dag.py:3239} INFO - Sync 1 DAGs
[2025-03-24T03:10:56.553+0000] {logging_mixin.py:190} INFO - [2025-03-24T03:10:56.553+0000] {dag.py:4180} INFO - Setting next_dagrun for gerar_csv_dados_abertos_cnpj to 2025-03-23 00:00:00+00:00, run_after=2025-03-24 00:00:00+00:00
[2025-03-24T03:10:56.564+0000] {processor.py:208} INFO - Processing /opt/airflow/dags/saving_file.py took 0.195 seconds
[2025-03-24T03:11:26.768+0000] {processor.py:186} INFO - Started process (PID=1860) to work on /opt/airflow/dags/saving_file.py
[2025-03-24T03:11:26.769+0000] {processor.py:914} INFO - Processing file /opt/airflow/dags/saving_file.py for tasks to queue
[2025-03-24T03:11:26.772+0000] {logging_mixin.py:190} INFO - [2025-03-24T03:11:26.772+0000] {dagbag.py:588} INFO - Filling up the DagBag from /opt/airflow/dags/saving_file.py
[2025-03-24T03:11:26.920+0000] {processor.py:925} INFO - DAG(s) 'gerar_csv_dados_abertos_cnpj' retrieved from /opt/airflow/dags/saving_file.py
[2025-03-24T03:11:26.933+0000] {logging_mixin.py:190} INFO - [2025-03-24T03:11:26.933+0000] {dag.py:3239} INFO - Sync 1 DAGs
[2025-03-24T03:11:26.946+0000] {logging_mixin.py:190} INFO - [2025-03-24T03:11:26.946+0000] {dag.py:4180} INFO - Setting next_dagrun for gerar_csv_dados_abertos_cnpj to 2025-03-23 00:00:00+00:00, run_after=2025-03-24 00:00:00+00:00
[2025-03-24T03:11:26.957+0000] {processor.py:208} INFO - Processing /opt/airflow/dags/saving_file.py took 0.192 seconds
[2025-03-24T03:11:57.163+0000] {processor.py:186} INFO - Started process (PID=1871) to work on /opt/airflow/dags/saving_file.py
[2025-03-24T03:11:57.164+0000] {processor.py:914} INFO - Processing file /opt/airflow/dags/saving_file.py for tasks to queue
[2025-03-24T03:11:57.165+0000] {logging_mixin.py:190} INFO - [2025-03-24T03:11:57.165+0000] {dagbag.py:588} INFO - Filling up the DagBag from /opt/airflow/dags/saving_file.py
[2025-03-24T03:11:57.302+0000] {processor.py:925} INFO - DAG(s) 'gerar_csv_dados_abertos_cnpj' retrieved from /opt/airflow/dags/saving_file.py
[2025-03-24T03:11:57.314+0000] {logging_mixin.py:190} INFO - [2025-03-24T03:11:57.314+0000] {dag.py:3239} INFO - Sync 1 DAGs
[2025-03-24T03:11:57.326+0000] {logging_mixin.py:190} INFO - [2025-03-24T03:11:57.326+0000] {dag.py:4180} INFO - Setting next_dagrun for gerar_csv_dados_abertos_cnpj to 2025-03-23 00:00:00+00:00, run_after=2025-03-24 00:00:00+00:00
[2025-03-24T03:11:57.337+0000] {processor.py:208} INFO - Processing /opt/airflow/dags/saving_file.py took 0.178 seconds
[2025-03-24T03:12:27.597+0000] {processor.py:186} INFO - Started process (PID=1882) to work on /opt/airflow/dags/saving_file.py
[2025-03-24T03:12:27.598+0000] {processor.py:914} INFO - Processing file /opt/airflow/dags/saving_file.py for tasks to queue
[2025-03-24T03:12:27.600+0000] {logging_mixin.py:190} INFO - [2025-03-24T03:12:27.600+0000] {dagbag.py:588} INFO - Filling up the DagBag from /opt/airflow/dags/saving_file.py
[2025-03-24T03:12:27.746+0000] {processor.py:925} INFO - DAG(s) 'gerar_csv_dados_abertos_cnpj' retrieved from /opt/airflow/dags/saving_file.py
[2025-03-24T03:12:27.760+0000] {logging_mixin.py:190} INFO - [2025-03-24T03:12:27.760+0000] {dag.py:3239} INFO - Sync 1 DAGs
[2025-03-24T03:12:27.772+0000] {logging_mixin.py:190} INFO - [2025-03-24T03:12:27.772+0000] {dag.py:4180} INFO - Setting next_dagrun for gerar_csv_dados_abertos_cnpj to 2025-03-23 00:00:00+00:00, run_after=2025-03-24 00:00:00+00:00
[2025-03-24T03:12:27.782+0000] {processor.py:208} INFO - Processing /opt/airflow/dags/saving_file.py took 0.188 seconds
[2025-03-24T03:12:58.006+0000] {processor.py:186} INFO - Started process (PID=1893) to work on /opt/airflow/dags/saving_file.py
[2025-03-24T03:12:58.007+0000] {processor.py:914} INFO - Processing file /opt/airflow/dags/saving_file.py for tasks to queue
[2025-03-24T03:12:58.009+0000] {logging_mixin.py:190} INFO - [2025-03-24T03:12:58.009+0000] {dagbag.py:588} INFO - Filling up the DagBag from /opt/airflow/dags/saving_file.py
[2025-03-24T03:12:58.150+0000] {processor.py:925} INFO - DAG(s) 'gerar_csv_dados_abertos_cnpj' retrieved from /opt/airflow/dags/saving_file.py
[2025-03-24T03:12:58.165+0000] {logging_mixin.py:190} INFO - [2025-03-24T03:12:58.164+0000] {dag.py:3239} INFO - Sync 1 DAGs
[2025-03-24T03:12:58.177+0000] {logging_mixin.py:190} INFO - [2025-03-24T03:12:58.177+0000] {dag.py:4180} INFO - Setting next_dagrun for gerar_csv_dados_abertos_cnpj to 2025-03-23 00:00:00+00:00, run_after=2025-03-24 00:00:00+00:00
[2025-03-24T03:12:58.187+0000] {processor.py:208} INFO - Processing /opt/airflow/dags/saving_file.py took 0.185 seconds
[2025-03-24T03:13:28.415+0000] {processor.py:186} INFO - Started process (PID=1904) to work on /opt/airflow/dags/saving_file.py
[2025-03-24T03:13:28.416+0000] {processor.py:914} INFO - Processing file /opt/airflow/dags/saving_file.py for tasks to queue
[2025-03-24T03:13:28.419+0000] {logging_mixin.py:190} INFO - [2025-03-24T03:13:28.419+0000] {dagbag.py:588} INFO - Filling up the DagBag from /opt/airflow/dags/saving_file.py
[2025-03-24T03:13:28.562+0000] {processor.py:925} INFO - DAG(s) 'gerar_csv_dados_abertos_cnpj' retrieved from /opt/airflow/dags/saving_file.py
[2025-03-24T03:13:28.576+0000] {logging_mixin.py:190} INFO - [2025-03-24T03:13:28.576+0000] {dag.py:3239} INFO - Sync 1 DAGs
[2025-03-24T03:13:28.588+0000] {logging_mixin.py:190} INFO - [2025-03-24T03:13:28.588+0000] {dag.py:4180} INFO - Setting next_dagrun for gerar_csv_dados_abertos_cnpj to 2025-03-23 00:00:00+00:00, run_after=2025-03-24 00:00:00+00:00
[2025-03-24T03:13:28.598+0000] {processor.py:208} INFO - Processing /opt/airflow/dags/saving_file.py took 0.186 seconds
[2025-03-24T03:13:58.841+0000] {processor.py:186} INFO - Started process (PID=1915) to work on /opt/airflow/dags/saving_file.py
[2025-03-24T03:13:58.842+0000] {processor.py:914} INFO - Processing file /opt/airflow/dags/saving_file.py for tasks to queue
[2025-03-24T03:13:58.844+0000] {logging_mixin.py:190} INFO - [2025-03-24T03:13:58.844+0000] {dagbag.py:588} INFO - Filling up the DagBag from /opt/airflow/dags/saving_file.py
[2025-03-24T03:13:58.992+0000] {processor.py:925} INFO - DAG(s) 'gerar_csv_dados_abertos_cnpj' retrieved from /opt/airflow/dags/saving_file.py
[2025-03-24T03:13:59.005+0000] {logging_mixin.py:190} INFO - [2025-03-24T03:13:59.004+0000] {dag.py:3239} INFO - Sync 1 DAGs
[2025-03-24T03:13:59.017+0000] {logging_mixin.py:190} INFO - [2025-03-24T03:13:59.016+0000] {dag.py:4180} INFO - Setting next_dagrun for gerar_csv_dados_abertos_cnpj to 2025-03-23 00:00:00+00:00, run_after=2025-03-24 00:00:00+00:00
[2025-03-24T03:13:59.028+0000] {processor.py:208} INFO - Processing /opt/airflow/dags/saving_file.py took 0.192 seconds
[2025-03-24T03:14:29.248+0000] {processor.py:186} INFO - Started process (PID=1932) to work on /opt/airflow/dags/saving_file.py
[2025-03-24T03:14:29.250+0000] {processor.py:914} INFO - Processing file /opt/airflow/dags/saving_file.py for tasks to queue
[2025-03-24T03:14:29.251+0000] {logging_mixin.py:190} INFO - [2025-03-24T03:14:29.251+0000] {dagbag.py:588} INFO - Filling up the DagBag from /opt/airflow/dags/saving_file.py
[2025-03-24T03:14:29.392+0000] {processor.py:925} INFO - DAG(s) 'gerar_csv_dados_abertos_cnpj' retrieved from /opt/airflow/dags/saving_file.py
[2025-03-24T03:14:29.405+0000] {logging_mixin.py:190} INFO - [2025-03-24T03:14:29.404+0000] {dag.py:3239} INFO - Sync 1 DAGs
[2025-03-24T03:14:29.417+0000] {logging_mixin.py:190} INFO - [2025-03-24T03:14:29.417+0000] {dag.py:4180} INFO - Setting next_dagrun for gerar_csv_dados_abertos_cnpj to 2025-03-23 00:00:00+00:00, run_after=2025-03-24 00:00:00+00:00
[2025-03-24T03:14:29.429+0000] {processor.py:208} INFO - Processing /opt/airflow/dags/saving_file.py took 0.185 seconds
[2025-03-24T03:14:59.745+0000] {processor.py:186} INFO - Started process (PID=1943) to work on /opt/airflow/dags/saving_file.py
[2025-03-24T03:14:59.746+0000] {processor.py:914} INFO - Processing file /opt/airflow/dags/saving_file.py for tasks to queue
[2025-03-24T03:14:59.749+0000] {logging_mixin.py:190} INFO - [2025-03-24T03:14:59.748+0000] {dagbag.py:588} INFO - Filling up the DagBag from /opt/airflow/dags/saving_file.py
[2025-03-24T03:14:59.892+0000] {processor.py:925} INFO - DAG(s) 'gerar_csv_dados_abertos_cnpj' retrieved from /opt/airflow/dags/saving_file.py
[2025-03-24T03:14:59.907+0000] {logging_mixin.py:190} INFO - [2025-03-24T03:14:59.906+0000] {dag.py:3239} INFO - Sync 1 DAGs
[2025-03-24T03:14:59.919+0000] {logging_mixin.py:190} INFO - [2025-03-24T03:14:59.919+0000] {dag.py:4180} INFO - Setting next_dagrun for gerar_csv_dados_abertos_cnpj to 2025-03-23 00:00:00+00:00, run_after=2025-03-24 00:00:00+00:00
[2025-03-24T03:14:59.929+0000] {processor.py:208} INFO - Processing /opt/airflow/dags/saving_file.py took 0.186 seconds
[2025-03-24T03:15:30.125+0000] {processor.py:186} INFO - Started process (PID=1954) to work on /opt/airflow/dags/saving_file.py
[2025-03-24T03:15:30.126+0000] {processor.py:914} INFO - Processing file /opt/airflow/dags/saving_file.py for tasks to queue
[2025-03-24T03:15:30.128+0000] {logging_mixin.py:190} INFO - [2025-03-24T03:15:30.127+0000] {dagbag.py:588} INFO - Filling up the DagBag from /opt/airflow/dags/saving_file.py
[2025-03-24T03:15:30.272+0000] {processor.py:925} INFO - DAG(s) 'gerar_csv_dados_abertos_cnpj' retrieved from /opt/airflow/dags/saving_file.py
[2025-03-24T03:15:30.286+0000] {logging_mixin.py:190} INFO - [2025-03-24T03:15:30.285+0000] {dag.py:3239} INFO - Sync 1 DAGs
[2025-03-24T03:15:30.299+0000] {logging_mixin.py:190} INFO - [2025-03-24T03:15:30.299+0000] {dag.py:4180} INFO - Setting next_dagrun for gerar_csv_dados_abertos_cnpj to 2025-03-23 00:00:00+00:00, run_after=2025-03-24 00:00:00+00:00
[2025-03-24T03:15:30.311+0000] {processor.py:208} INFO - Processing /opt/airflow/dags/saving_file.py took 0.190 seconds
[2025-03-24T03:16:00.511+0000] {processor.py:186} INFO - Started process (PID=1965) to work on /opt/airflow/dags/saving_file.py
[2025-03-24T03:16:00.512+0000] {processor.py:914} INFO - Processing file /opt/airflow/dags/saving_file.py for tasks to queue
[2025-03-24T03:16:00.514+0000] {logging_mixin.py:190} INFO - [2025-03-24T03:16:00.514+0000] {dagbag.py:588} INFO - Filling up the DagBag from /opt/airflow/dags/saving_file.py
[2025-03-24T03:16:00.658+0000] {processor.py:925} INFO - DAG(s) 'gerar_csv_dados_abertos_cnpj' retrieved from /opt/airflow/dags/saving_file.py
[2025-03-24T03:16:00.673+0000] {logging_mixin.py:190} INFO - [2025-03-24T03:16:00.673+0000] {dag.py:3239} INFO - Sync 1 DAGs
[2025-03-24T03:16:00.686+0000] {logging_mixin.py:190} INFO - [2025-03-24T03:16:00.686+0000] {dag.py:4180} INFO - Setting next_dagrun for gerar_csv_dados_abertos_cnpj to 2025-03-23 00:00:00+00:00, run_after=2025-03-24 00:00:00+00:00
[2025-03-24T03:16:00.697+0000] {processor.py:208} INFO - Processing /opt/airflow/dags/saving_file.py took 0.189 seconds
[2025-03-24T03:16:30.887+0000] {processor.py:186} INFO - Started process (PID=1976) to work on /opt/airflow/dags/saving_file.py
[2025-03-24T03:16:30.888+0000] {processor.py:914} INFO - Processing file /opt/airflow/dags/saving_file.py for tasks to queue
[2025-03-24T03:16:30.891+0000] {logging_mixin.py:190} INFO - [2025-03-24T03:16:30.890+0000] {dagbag.py:588} INFO - Filling up the DagBag from /opt/airflow/dags/saving_file.py
[2025-03-24T03:16:31.035+0000] {processor.py:925} INFO - DAG(s) 'gerar_csv_dados_abertos_cnpj' retrieved from /opt/airflow/dags/saving_file.py
[2025-03-24T03:16:31.048+0000] {logging_mixin.py:190} INFO - [2025-03-24T03:16:31.048+0000] {dag.py:3239} INFO - Sync 1 DAGs
[2025-03-24T03:16:31.059+0000] {logging_mixin.py:190} INFO - [2025-03-24T03:16:31.059+0000] {dag.py:4180} INFO - Setting next_dagrun for gerar_csv_dados_abertos_cnpj to 2025-03-23 00:00:00+00:00, run_after=2025-03-24 00:00:00+00:00
[2025-03-24T03:16:31.069+0000] {processor.py:208} INFO - Processing /opt/airflow/dags/saving_file.py took 0.185 seconds
[2025-03-24T03:17:01.257+0000] {processor.py:186} INFO - Started process (PID=1987) to work on /opt/airflow/dags/saving_file.py
[2025-03-24T03:17:01.258+0000] {processor.py:914} INFO - Processing file /opt/airflow/dags/saving_file.py for tasks to queue
[2025-03-24T03:17:01.261+0000] {logging_mixin.py:190} INFO - [2025-03-24T03:17:01.261+0000] {dagbag.py:588} INFO - Filling up the DagBag from /opt/airflow/dags/saving_file.py
[2025-03-24T03:17:01.400+0000] {processor.py:925} INFO - DAG(s) 'gerar_csv_dados_abertos_cnpj' retrieved from /opt/airflow/dags/saving_file.py
[2025-03-24T03:17:01.412+0000] {logging_mixin.py:190} INFO - [2025-03-24T03:17:01.412+0000] {dag.py:3239} INFO - Sync 1 DAGs
[2025-03-24T03:17:01.423+0000] {logging_mixin.py:190} INFO - [2025-03-24T03:17:01.423+0000] {dag.py:4180} INFO - Setting next_dagrun for gerar_csv_dados_abertos_cnpj to 2025-03-23 00:00:00+00:00, run_after=2025-03-24 00:00:00+00:00
[2025-03-24T03:17:01.434+0000] {processor.py:208} INFO - Processing /opt/airflow/dags/saving_file.py took 0.180 seconds
[2025-03-24T03:17:31.631+0000] {processor.py:186} INFO - Started process (PID=1998) to work on /opt/airflow/dags/saving_file.py
[2025-03-24T03:17:31.632+0000] {processor.py:914} INFO - Processing file /opt/airflow/dags/saving_file.py for tasks to queue
[2025-03-24T03:17:31.634+0000] {logging_mixin.py:190} INFO - [2025-03-24T03:17:31.634+0000] {dagbag.py:588} INFO - Filling up the DagBag from /opt/airflow/dags/saving_file.py
[2025-03-24T03:17:31.778+0000] {processor.py:925} INFO - DAG(s) 'gerar_csv_dados_abertos_cnpj' retrieved from /opt/airflow/dags/saving_file.py
[2025-03-24T03:17:31.791+0000] {logging_mixin.py:190} INFO - [2025-03-24T03:17:31.791+0000] {dag.py:3239} INFO - Sync 1 DAGs
[2025-03-24T03:17:31.804+0000] {logging_mixin.py:190} INFO - [2025-03-24T03:17:31.804+0000] {dag.py:4180} INFO - Setting next_dagrun for gerar_csv_dados_abertos_cnpj to 2025-03-23 00:00:00+00:00, run_after=2025-03-24 00:00:00+00:00
[2025-03-24T03:17:31.815+0000] {processor.py:208} INFO - Processing /opt/airflow/dags/saving_file.py took 0.188 seconds
[2025-03-24T03:18:02.001+0000] {processor.py:186} INFO - Started process (PID=2009) to work on /opt/airflow/dags/saving_file.py
[2025-03-24T03:18:02.002+0000] {processor.py:914} INFO - Processing file /opt/airflow/dags/saving_file.py for tasks to queue
[2025-03-24T03:18:02.004+0000] {logging_mixin.py:190} INFO - [2025-03-24T03:18:02.004+0000] {dagbag.py:588} INFO - Filling up the DagBag from /opt/airflow/dags/saving_file.py
[2025-03-24T03:18:02.151+0000] {processor.py:925} INFO - DAG(s) 'gerar_csv_dados_abertos_cnpj' retrieved from /opt/airflow/dags/saving_file.py
[2025-03-24T03:18:02.165+0000] {logging_mixin.py:190} INFO - [2025-03-24T03:18:02.165+0000] {dag.py:3239} INFO - Sync 1 DAGs
[2025-03-24T03:18:02.178+0000] {logging_mixin.py:190} INFO - [2025-03-24T03:18:02.178+0000] {dag.py:4180} INFO - Setting next_dagrun for gerar_csv_dados_abertos_cnpj to 2025-03-23 00:00:00+00:00, run_after=2025-03-24 00:00:00+00:00
[2025-03-24T03:18:02.189+0000] {processor.py:208} INFO - Processing /opt/airflow/dags/saving_file.py took 0.191 seconds
[2025-03-24T03:18:32.383+0000] {processor.py:186} INFO - Started process (PID=2020) to work on /opt/airflow/dags/saving_file.py
[2025-03-24T03:18:32.384+0000] {processor.py:914} INFO - Processing file /opt/airflow/dags/saving_file.py for tasks to queue
[2025-03-24T03:18:32.386+0000] {logging_mixin.py:190} INFO - [2025-03-24T03:18:32.386+0000] {dagbag.py:588} INFO - Filling up the DagBag from /opt/airflow/dags/saving_file.py
[2025-03-24T03:18:32.526+0000] {processor.py:925} INFO - DAG(s) 'gerar_csv_dados_abertos_cnpj' retrieved from /opt/airflow/dags/saving_file.py
[2025-03-24T03:18:32.539+0000] {logging_mixin.py:190} INFO - [2025-03-24T03:18:32.539+0000] {dag.py:3239} INFO - Sync 1 DAGs
[2025-03-24T03:18:32.550+0000] {logging_mixin.py:190} INFO - [2025-03-24T03:18:32.550+0000] {dag.py:4180} INFO - Setting next_dagrun for gerar_csv_dados_abertos_cnpj to 2025-03-23 00:00:00+00:00, run_after=2025-03-24 00:00:00+00:00
[2025-03-24T03:18:32.562+0000] {processor.py:208} INFO - Processing /opt/airflow/dags/saving_file.py took 0.182 seconds
[2025-03-24T03:19:02.763+0000] {processor.py:186} INFO - Started process (PID=2031) to work on /opt/airflow/dags/saving_file.py
[2025-03-24T03:19:02.764+0000] {processor.py:914} INFO - Processing file /opt/airflow/dags/saving_file.py for tasks to queue
[2025-03-24T03:19:02.766+0000] {logging_mixin.py:190} INFO - [2025-03-24T03:19:02.766+0000] {dagbag.py:588} INFO - Filling up the DagBag from /opt/airflow/dags/saving_file.py
[2025-03-24T03:19:02.906+0000] {processor.py:925} INFO - DAG(s) 'gerar_csv_dados_abertos_cnpj' retrieved from /opt/airflow/dags/saving_file.py
[2025-03-24T03:19:02.919+0000] {logging_mixin.py:190} INFO - [2025-03-24T03:19:02.919+0000] {dag.py:3239} INFO - Sync 1 DAGs
[2025-03-24T03:19:02.930+0000] {logging_mixin.py:190} INFO - [2025-03-24T03:19:02.930+0000] {dag.py:4180} INFO - Setting next_dagrun for gerar_csv_dados_abertos_cnpj to 2025-03-23 00:00:00+00:00, run_after=2025-03-24 00:00:00+00:00
[2025-03-24T03:19:02.940+0000] {processor.py:208} INFO - Processing /opt/airflow/dags/saving_file.py took 0.181 seconds
[2025-03-24T03:19:33.151+0000] {processor.py:186} INFO - Started process (PID=2042) to work on /opt/airflow/dags/saving_file.py
[2025-03-24T03:19:33.152+0000] {processor.py:914} INFO - Processing file /opt/airflow/dags/saving_file.py for tasks to queue
[2025-03-24T03:19:33.155+0000] {logging_mixin.py:190} INFO - [2025-03-24T03:19:33.155+0000] {dagbag.py:588} INFO - Filling up the DagBag from /opt/airflow/dags/saving_file.py
[2025-03-24T03:19:33.305+0000] {processor.py:925} INFO - DAG(s) 'gerar_csv_dados_abertos_cnpj' retrieved from /opt/airflow/dags/saving_file.py
[2025-03-24T03:19:33.318+0000] {logging_mixin.py:190} INFO - [2025-03-24T03:19:33.318+0000] {dag.py:3239} INFO - Sync 1 DAGs
[2025-03-24T03:19:33.330+0000] {logging_mixin.py:190} INFO - [2025-03-24T03:19:33.330+0000] {dag.py:4180} INFO - Setting next_dagrun for gerar_csv_dados_abertos_cnpj to 2025-03-23 00:00:00+00:00, run_after=2025-03-24 00:00:00+00:00
[2025-03-24T03:19:33.340+0000] {processor.py:208} INFO - Processing /opt/airflow/dags/saving_file.py took 0.191 seconds
[2025-03-24T03:20:03.578+0000] {processor.py:186} INFO - Started process (PID=2053) to work on /opt/airflow/dags/saving_file.py
[2025-03-24T03:20:03.579+0000] {processor.py:914} INFO - Processing file /opt/airflow/dags/saving_file.py for tasks to queue
[2025-03-24T03:20:03.581+0000] {logging_mixin.py:190} INFO - [2025-03-24T03:20:03.581+0000] {dagbag.py:588} INFO - Filling up the DagBag from /opt/airflow/dags/saving_file.py
[2025-03-24T03:20:03.721+0000] {processor.py:925} INFO - DAG(s) 'gerar_csv_dados_abertos_cnpj' retrieved from /opt/airflow/dags/saving_file.py
[2025-03-24T03:20:03.734+0000] {logging_mixin.py:190} INFO - [2025-03-24T03:20:03.734+0000] {dag.py:3239} INFO - Sync 1 DAGs
[2025-03-24T03:20:03.745+0000] {logging_mixin.py:190} INFO - [2025-03-24T03:20:03.745+0000] {dag.py:4180} INFO - Setting next_dagrun for gerar_csv_dados_abertos_cnpj to 2025-03-23 00:00:00+00:00, run_after=2025-03-24 00:00:00+00:00
[2025-03-24T03:20:03.769+0000] {processor.py:208} INFO - Processing /opt/airflow/dags/saving_file.py took 0.195 seconds
[2025-03-24T03:20:33.958+0000] {processor.py:186} INFO - Started process (PID=2064) to work on /opt/airflow/dags/saving_file.py
[2025-03-24T03:20:33.959+0000] {processor.py:914} INFO - Processing file /opt/airflow/dags/saving_file.py for tasks to queue
[2025-03-24T03:20:33.962+0000] {logging_mixin.py:190} INFO - [2025-03-24T03:20:33.962+0000] {dagbag.py:588} INFO - Filling up the DagBag from /opt/airflow/dags/saving_file.py
[2025-03-24T03:20:34.101+0000] {processor.py:925} INFO - DAG(s) 'gerar_csv_dados_abertos_cnpj' retrieved from /opt/airflow/dags/saving_file.py
[2025-03-24T03:20:34.113+0000] {logging_mixin.py:190} INFO - [2025-03-24T03:20:34.113+0000] {dag.py:3239} INFO - Sync 1 DAGs
[2025-03-24T03:20:34.125+0000] {logging_mixin.py:190} INFO - [2025-03-24T03:20:34.125+0000] {dag.py:4180} INFO - Setting next_dagrun for gerar_csv_dados_abertos_cnpj to 2025-03-23 00:00:00+00:00, run_after=2025-03-24 00:00:00+00:00
[2025-03-24T03:20:34.134+0000] {processor.py:208} INFO - Processing /opt/airflow/dags/saving_file.py took 0.179 seconds
[2025-03-24T03:21:04.343+0000] {processor.py:186} INFO - Started process (PID=2075) to work on /opt/airflow/dags/saving_file.py
[2025-03-24T03:21:04.344+0000] {processor.py:914} INFO - Processing file /opt/airflow/dags/saving_file.py for tasks to queue
[2025-03-24T03:21:04.347+0000] {logging_mixin.py:190} INFO - [2025-03-24T03:21:04.347+0000] {dagbag.py:588} INFO - Filling up the DagBag from /opt/airflow/dags/saving_file.py
[2025-03-24T03:21:04.493+0000] {processor.py:925} INFO - DAG(s) 'gerar_csv_dados_abertos_cnpj' retrieved from /opt/airflow/dags/saving_file.py
[2025-03-24T03:21:04.507+0000] {logging_mixin.py:190} INFO - [2025-03-24T03:21:04.507+0000] {dag.py:3239} INFO - Sync 1 DAGs
[2025-03-24T03:21:04.520+0000] {logging_mixin.py:190} INFO - [2025-03-24T03:21:04.520+0000] {dag.py:4180} INFO - Setting next_dagrun for gerar_csv_dados_abertos_cnpj to 2025-03-23 00:00:00+00:00, run_after=2025-03-24 00:00:00+00:00
[2025-03-24T03:21:04.535+0000] {processor.py:208} INFO - Processing /opt/airflow/dags/saving_file.py took 0.195 seconds
[2025-03-24T03:21:34.723+0000] {processor.py:186} INFO - Started process (PID=2086) to work on /opt/airflow/dags/saving_file.py
[2025-03-24T03:21:34.724+0000] {processor.py:914} INFO - Processing file /opt/airflow/dags/saving_file.py for tasks to queue
[2025-03-24T03:21:34.726+0000] {logging_mixin.py:190} INFO - [2025-03-24T03:21:34.726+0000] {dagbag.py:588} INFO - Filling up the DagBag from /opt/airflow/dags/saving_file.py
[2025-03-24T03:21:34.875+0000] {processor.py:925} INFO - DAG(s) 'gerar_csv_dados_abertos_cnpj' retrieved from /opt/airflow/dags/saving_file.py
[2025-03-24T03:21:34.888+0000] {logging_mixin.py:190} INFO - [2025-03-24T03:21:34.888+0000] {dag.py:3239} INFO - Sync 1 DAGs
[2025-03-24T03:21:34.901+0000] {logging_mixin.py:190} INFO - [2025-03-24T03:21:34.901+0000] {dag.py:4180} INFO - Setting next_dagrun for gerar_csv_dados_abertos_cnpj to 2025-03-23 00:00:00+00:00, run_after=2025-03-24 00:00:00+00:00
[2025-03-24T03:21:34.913+0000] {processor.py:208} INFO - Processing /opt/airflow/dags/saving_file.py took 0.193 seconds
[2025-03-24T03:22:05.101+0000] {processor.py:186} INFO - Started process (PID=2097) to work on /opt/airflow/dags/saving_file.py
[2025-03-24T03:22:05.102+0000] {processor.py:914} INFO - Processing file /opt/airflow/dags/saving_file.py for tasks to queue
[2025-03-24T03:22:05.104+0000] {logging_mixin.py:190} INFO - [2025-03-24T03:22:05.104+0000] {dagbag.py:588} INFO - Filling up the DagBag from /opt/airflow/dags/saving_file.py
[2025-03-24T03:22:05.253+0000] {processor.py:925} INFO - DAG(s) 'gerar_csv_dados_abertos_cnpj' retrieved from /opt/airflow/dags/saving_file.py
[2025-03-24T03:22:05.266+0000] {logging_mixin.py:190} INFO - [2025-03-24T03:22:05.266+0000] {dag.py:3239} INFO - Sync 1 DAGs
[2025-03-24T03:22:05.278+0000] {logging_mixin.py:190} INFO - [2025-03-24T03:22:05.278+0000] {dag.py:4180} INFO - Setting next_dagrun for gerar_csv_dados_abertos_cnpj to 2025-03-23 00:00:00+00:00, run_after=2025-03-24 00:00:00+00:00
[2025-03-24T03:22:05.288+0000] {processor.py:208} INFO - Processing /opt/airflow/dags/saving_file.py took 0.190 seconds
[2025-03-24T03:22:35.475+0000] {processor.py:186} INFO - Started process (PID=2108) to work on /opt/airflow/dags/saving_file.py
[2025-03-24T03:22:35.476+0000] {processor.py:914} INFO - Processing file /opt/airflow/dags/saving_file.py for tasks to queue
[2025-03-24T03:22:35.478+0000] {logging_mixin.py:190} INFO - [2025-03-24T03:22:35.478+0000] {dagbag.py:588} INFO - Filling up the DagBag from /opt/airflow/dags/saving_file.py
[2025-03-24T03:22:35.618+0000] {processor.py:925} INFO - DAG(s) 'gerar_csv_dados_abertos_cnpj' retrieved from /opt/airflow/dags/saving_file.py
[2025-03-24T03:22:35.629+0000] {logging_mixin.py:190} INFO - [2025-03-24T03:22:35.629+0000] {dag.py:3239} INFO - Sync 1 DAGs
[2025-03-24T03:22:35.640+0000] {logging_mixin.py:190} INFO - [2025-03-24T03:22:35.640+0000] {dag.py:4180} INFO - Setting next_dagrun for gerar_csv_dados_abertos_cnpj to 2025-03-23 00:00:00+00:00, run_after=2025-03-24 00:00:00+00:00
[2025-03-24T03:22:35.650+0000] {processor.py:208} INFO - Processing /opt/airflow/dags/saving_file.py took 0.179 seconds
[2025-03-24T03:23:05.859+0000] {processor.py:186} INFO - Started process (PID=2119) to work on /opt/airflow/dags/saving_file.py
[2025-03-24T03:23:05.861+0000] {processor.py:914} INFO - Processing file /opt/airflow/dags/saving_file.py for tasks to queue
[2025-03-24T03:23:05.863+0000] {logging_mixin.py:190} INFO - [2025-03-24T03:23:05.863+0000] {dagbag.py:588} INFO - Filling up the DagBag from /opt/airflow/dags/saving_file.py
[2025-03-24T03:23:06.012+0000] {processor.py:925} INFO - DAG(s) 'gerar_csv_dados_abertos_cnpj' retrieved from /opt/airflow/dags/saving_file.py
[2025-03-24T03:23:06.025+0000] {logging_mixin.py:190} INFO - [2025-03-24T03:23:06.025+0000] {dag.py:3239} INFO - Sync 1 DAGs
[2025-03-24T03:23:06.038+0000] {logging_mixin.py:190} INFO - [2025-03-24T03:23:06.038+0000] {dag.py:4180} INFO - Setting next_dagrun for gerar_csv_dados_abertos_cnpj to 2025-03-23 00:00:00+00:00, run_after=2025-03-24 00:00:00+00:00
[2025-03-24T03:23:06.050+0000] {processor.py:208} INFO - Processing /opt/airflow/dags/saving_file.py took 0.193 seconds
[2025-03-24T03:23:36.230+0000] {processor.py:186} INFO - Started process (PID=2130) to work on /opt/airflow/dags/saving_file.py
[2025-03-24T03:23:36.230+0000] {processor.py:914} INFO - Processing file /opt/airflow/dags/saving_file.py for tasks to queue
[2025-03-24T03:23:36.232+0000] {logging_mixin.py:190} INFO - [2025-03-24T03:23:36.232+0000] {dagbag.py:588} INFO - Filling up the DagBag from /opt/airflow/dags/saving_file.py
[2025-03-24T03:23:36.371+0000] {processor.py:925} INFO - DAG(s) 'gerar_csv_dados_abertos_cnpj' retrieved from /opt/airflow/dags/saving_file.py
[2025-03-24T03:23:36.383+0000] {logging_mixin.py:190} INFO - [2025-03-24T03:23:36.383+0000] {dag.py:3239} INFO - Sync 1 DAGs
[2025-03-24T03:23:36.396+0000] {logging_mixin.py:190} INFO - [2025-03-24T03:23:36.396+0000] {dag.py:4180} INFO - Setting next_dagrun for gerar_csv_dados_abertos_cnpj to 2025-03-23 00:00:00+00:00, run_after=2025-03-24 00:00:00+00:00
[2025-03-24T03:23:36.407+0000] {processor.py:208} INFO - Processing /opt/airflow/dags/saving_file.py took 0.180 seconds
[2025-03-24T03:24:06.612+0000] {processor.py:186} INFO - Started process (PID=2141) to work on /opt/airflow/dags/saving_file.py
[2025-03-24T03:24:06.613+0000] {processor.py:914} INFO - Processing file /opt/airflow/dags/saving_file.py for tasks to queue
[2025-03-24T03:24:06.614+0000] {logging_mixin.py:190} INFO - [2025-03-24T03:24:06.614+0000] {dagbag.py:588} INFO - Filling up the DagBag from /opt/airflow/dags/saving_file.py
[2025-03-24T03:24:06.755+0000] {processor.py:925} INFO - DAG(s) 'gerar_csv_dados_abertos_cnpj' retrieved from /opt/airflow/dags/saving_file.py
[2025-03-24T03:24:06.768+0000] {logging_mixin.py:190} INFO - [2025-03-24T03:24:06.767+0000] {dag.py:3239} INFO - Sync 1 DAGs
[2025-03-24T03:24:06.778+0000] {logging_mixin.py:190} INFO - [2025-03-24T03:24:06.778+0000] {dag.py:4180} INFO - Setting next_dagrun for gerar_csv_dados_abertos_cnpj to 2025-03-23 00:00:00+00:00, run_after=2025-03-24 00:00:00+00:00
[2025-03-24T03:24:06.789+0000] {processor.py:208} INFO - Processing /opt/airflow/dags/saving_file.py took 0.180 seconds
[2025-03-24T03:24:36.980+0000] {processor.py:186} INFO - Started process (PID=2152) to work on /opt/airflow/dags/saving_file.py
[2025-03-24T03:24:36.981+0000] {processor.py:914} INFO - Processing file /opt/airflow/dags/saving_file.py for tasks to queue
[2025-03-24T03:24:36.983+0000] {logging_mixin.py:190} INFO - [2025-03-24T03:24:36.983+0000] {dagbag.py:588} INFO - Filling up the DagBag from /opt/airflow/dags/saving_file.py
[2025-03-24T03:24:37.128+0000] {processor.py:925} INFO - DAG(s) 'gerar_csv_dados_abertos_cnpj' retrieved from /opt/airflow/dags/saving_file.py
[2025-03-24T03:24:37.142+0000] {logging_mixin.py:190} INFO - [2025-03-24T03:24:37.141+0000] {dag.py:3239} INFO - Sync 1 DAGs
[2025-03-24T03:24:37.154+0000] {logging_mixin.py:190} INFO - [2025-03-24T03:24:37.154+0000] {dag.py:4180} INFO - Setting next_dagrun for gerar_csv_dados_abertos_cnpj to 2025-03-23 00:00:00+00:00, run_after=2025-03-24 00:00:00+00:00
[2025-03-24T03:24:37.164+0000] {processor.py:208} INFO - Processing /opt/airflow/dags/saving_file.py took 0.187 seconds
[2025-03-24T03:25:07.400+0000] {processor.py:186} INFO - Started process (PID=2163) to work on /opt/airflow/dags/saving_file.py
[2025-03-24T03:25:07.401+0000] {processor.py:914} INFO - Processing file /opt/airflow/dags/saving_file.py for tasks to queue
[2025-03-24T03:25:07.403+0000] {logging_mixin.py:190} INFO - [2025-03-24T03:25:07.403+0000] {dagbag.py:588} INFO - Filling up the DagBag from /opt/airflow/dags/saving_file.py
[2025-03-24T03:25:07.545+0000] {processor.py:925} INFO - DAG(s) 'gerar_csv_dados_abertos_cnpj' retrieved from /opt/airflow/dags/saving_file.py
[2025-03-24T03:25:07.559+0000] {logging_mixin.py:190} INFO - [2025-03-24T03:25:07.559+0000] {dag.py:3239} INFO - Sync 1 DAGs
[2025-03-24T03:25:07.570+0000] {logging_mixin.py:190} INFO - [2025-03-24T03:25:07.570+0000] {dag.py:4180} INFO - Setting next_dagrun for gerar_csv_dados_abertos_cnpj to 2025-03-23 00:00:00+00:00, run_after=2025-03-24 00:00:00+00:00
[2025-03-24T03:25:07.582+0000] {processor.py:208} INFO - Processing /opt/airflow/dags/saving_file.py took 0.184 seconds
[2025-03-24T03:25:37.782+0000] {processor.py:186} INFO - Started process (PID=2174) to work on /opt/airflow/dags/saving_file.py
[2025-03-24T03:25:37.783+0000] {processor.py:914} INFO - Processing file /opt/airflow/dags/saving_file.py for tasks to queue
[2025-03-24T03:25:37.785+0000] {logging_mixin.py:190} INFO - [2025-03-24T03:25:37.785+0000] {dagbag.py:588} INFO - Filling up the DagBag from /opt/airflow/dags/saving_file.py
[2025-03-24T03:25:37.932+0000] {processor.py:925} INFO - DAG(s) 'gerar_csv_dados_abertos_cnpj' retrieved from /opt/airflow/dags/saving_file.py
[2025-03-24T03:25:37.945+0000] {logging_mixin.py:190} INFO - [2025-03-24T03:25:37.944+0000] {dag.py:3239} INFO - Sync 1 DAGs
[2025-03-24T03:25:37.956+0000] {logging_mixin.py:190} INFO - [2025-03-24T03:25:37.956+0000] {dag.py:4180} INFO - Setting next_dagrun for gerar_csv_dados_abertos_cnpj to 2025-03-23 00:00:00+00:00, run_after=2025-03-24 00:00:00+00:00
[2025-03-24T03:25:37.965+0000] {processor.py:208} INFO - Processing /opt/airflow/dags/saving_file.py took 0.186 seconds
[2025-03-24T03:26:08.157+0000] {processor.py:186} INFO - Started process (PID=2185) to work on /opt/airflow/dags/saving_file.py
[2025-03-24T03:26:08.158+0000] {processor.py:914} INFO - Processing file /opt/airflow/dags/saving_file.py for tasks to queue
[2025-03-24T03:26:08.160+0000] {logging_mixin.py:190} INFO - [2025-03-24T03:26:08.160+0000] {dagbag.py:588} INFO - Filling up the DagBag from /opt/airflow/dags/saving_file.py
[2025-03-24T03:26:08.303+0000] {processor.py:925} INFO - DAG(s) 'gerar_csv_dados_abertos_cnpj' retrieved from /opt/airflow/dags/saving_file.py
[2025-03-24T03:26:08.317+0000] {logging_mixin.py:190} INFO - [2025-03-24T03:26:08.316+0000] {dag.py:3239} INFO - Sync 1 DAGs
[2025-03-24T03:26:08.330+0000] {logging_mixin.py:190} INFO - [2025-03-24T03:26:08.330+0000] {dag.py:4180} INFO - Setting next_dagrun for gerar_csv_dados_abertos_cnpj to 2025-03-23 00:00:00+00:00, run_after=2025-03-24 00:00:00+00:00
[2025-03-24T03:26:08.340+0000] {processor.py:208} INFO - Processing /opt/airflow/dags/saving_file.py took 0.187 seconds
[2025-03-24T03:26:38.521+0000] {processor.py:186} INFO - Started process (PID=2196) to work on /opt/airflow/dags/saving_file.py
[2025-03-24T03:26:38.522+0000] {processor.py:914} INFO - Processing file /opt/airflow/dags/saving_file.py for tasks to queue
[2025-03-24T03:26:38.524+0000] {logging_mixin.py:190} INFO - [2025-03-24T03:26:38.524+0000] {dagbag.py:588} INFO - Filling up the DagBag from /opt/airflow/dags/saving_file.py
[2025-03-24T03:26:38.670+0000] {processor.py:925} INFO - DAG(s) 'gerar_csv_dados_abertos_cnpj' retrieved from /opt/airflow/dags/saving_file.py
[2025-03-24T03:26:38.685+0000] {logging_mixin.py:190} INFO - [2025-03-24T03:26:38.684+0000] {dag.py:3239} INFO - Sync 1 DAGs
[2025-03-24T03:26:38.698+0000] {logging_mixin.py:190} INFO - [2025-03-24T03:26:38.698+0000] {dag.py:4180} INFO - Setting next_dagrun for gerar_csv_dados_abertos_cnpj to 2025-03-23 00:00:00+00:00, run_after=2025-03-24 00:00:00+00:00
[2025-03-24T03:26:38.708+0000] {processor.py:208} INFO - Processing /opt/airflow/dags/saving_file.py took 0.190 seconds
[2025-03-24T03:27:08.892+0000] {processor.py:186} INFO - Started process (PID=2207) to work on /opt/airflow/dags/saving_file.py
[2025-03-24T03:27:08.892+0000] {processor.py:914} INFO - Processing file /opt/airflow/dags/saving_file.py for tasks to queue
[2025-03-24T03:27:08.895+0000] {logging_mixin.py:190} INFO - [2025-03-24T03:27:08.894+0000] {dagbag.py:588} INFO - Filling up the DagBag from /opt/airflow/dags/saving_file.py
[2025-03-24T03:27:09.039+0000] {processor.py:925} INFO - DAG(s) 'gerar_csv_dados_abertos_cnpj' retrieved from /opt/airflow/dags/saving_file.py
[2025-03-24T03:27:09.053+0000] {logging_mixin.py:190} INFO - [2025-03-24T03:27:09.052+0000] {dag.py:3239} INFO - Sync 1 DAGs
[2025-03-24T03:27:09.064+0000] {logging_mixin.py:190} INFO - [2025-03-24T03:27:09.064+0000] {dag.py:4180} INFO - Setting next_dagrun for gerar_csv_dados_abertos_cnpj to 2025-03-23 00:00:00+00:00, run_after=2025-03-24 00:00:00+00:00
[2025-03-24T03:27:09.075+0000] {processor.py:208} INFO - Processing /opt/airflow/dags/saving_file.py took 0.186 seconds
[2025-03-24T03:27:39.270+0000] {processor.py:186} INFO - Started process (PID=2218) to work on /opt/airflow/dags/saving_file.py
[2025-03-24T03:27:39.271+0000] {processor.py:914} INFO - Processing file /opt/airflow/dags/saving_file.py for tasks to queue
[2025-03-24T03:27:39.273+0000] {logging_mixin.py:190} INFO - [2025-03-24T03:27:39.273+0000] {dagbag.py:588} INFO - Filling up the DagBag from /opt/airflow/dags/saving_file.py
[2025-03-24T03:27:39.416+0000] {processor.py:925} INFO - DAG(s) 'gerar_csv_dados_abertos_cnpj' retrieved from /opt/airflow/dags/saving_file.py
[2025-03-24T03:27:39.429+0000] {logging_mixin.py:190} INFO - [2025-03-24T03:27:39.429+0000] {dag.py:3239} INFO - Sync 1 DAGs
[2025-03-24T03:27:39.442+0000] {logging_mixin.py:190} INFO - [2025-03-24T03:27:39.442+0000] {dag.py:4180} INFO - Setting next_dagrun for gerar_csv_dados_abertos_cnpj to 2025-03-23 00:00:00+00:00, run_after=2025-03-24 00:00:00+00:00
[2025-03-24T03:27:39.454+0000] {processor.py:208} INFO - Processing /opt/airflow/dags/saving_file.py took 0.187 seconds
[2025-03-24T03:28:09.641+0000] {processor.py:186} INFO - Started process (PID=2229) to work on /opt/airflow/dags/saving_file.py
[2025-03-24T03:28:09.642+0000] {processor.py:914} INFO - Processing file /opt/airflow/dags/saving_file.py for tasks to queue
[2025-03-24T03:28:09.645+0000] {logging_mixin.py:190} INFO - [2025-03-24T03:28:09.644+0000] {dagbag.py:588} INFO - Filling up the DagBag from /opt/airflow/dags/saving_file.py
[2025-03-24T03:28:09.790+0000] {processor.py:925} INFO - DAG(s) 'gerar_csv_dados_abertos_cnpj' retrieved from /opt/airflow/dags/saving_file.py
[2025-03-24T03:28:09.805+0000] {logging_mixin.py:190} INFO - [2025-03-24T03:28:09.804+0000] {dag.py:3239} INFO - Sync 1 DAGs
[2025-03-24T03:28:09.817+0000] {logging_mixin.py:190} INFO - [2025-03-24T03:28:09.816+0000] {dag.py:4180} INFO - Setting next_dagrun for gerar_csv_dados_abertos_cnpj to 2025-03-23 00:00:00+00:00, run_after=2025-03-24 00:00:00+00:00
[2025-03-24T03:28:09.828+0000] {processor.py:208} INFO - Processing /opt/airflow/dags/saving_file.py took 0.190 seconds
[2025-03-24T03:28:40.026+0000] {processor.py:186} INFO - Started process (PID=2240) to work on /opt/airflow/dags/saving_file.py
[2025-03-24T03:28:40.027+0000] {processor.py:914} INFO - Processing file /opt/airflow/dags/saving_file.py for tasks to queue
[2025-03-24T03:28:40.031+0000] {logging_mixin.py:190} INFO - [2025-03-24T03:28:40.030+0000] {dagbag.py:588} INFO - Filling up the DagBag from /opt/airflow/dags/saving_file.py
[2025-03-24T03:28:40.174+0000] {processor.py:925} INFO - DAG(s) 'gerar_csv_dados_abertos_cnpj' retrieved from /opt/airflow/dags/saving_file.py
[2025-03-24T03:28:40.189+0000] {logging_mixin.py:190} INFO - [2025-03-24T03:28:40.189+0000] {dag.py:3239} INFO - Sync 1 DAGs
[2025-03-24T03:28:40.202+0000] {logging_mixin.py:190} INFO - [2025-03-24T03:28:40.202+0000] {dag.py:4180} INFO - Setting next_dagrun for gerar_csv_dados_abertos_cnpj to 2025-03-23 00:00:00+00:00, run_after=2025-03-24 00:00:00+00:00
[2025-03-24T03:28:40.212+0000] {processor.py:208} INFO - Processing /opt/airflow/dags/saving_file.py took 0.189 seconds
[2025-03-24T03:29:10.401+0000] {processor.py:186} INFO - Started process (PID=2251) to work on /opt/airflow/dags/saving_file.py
[2025-03-24T03:29:10.403+0000] {processor.py:914} INFO - Processing file /opt/airflow/dags/saving_file.py for tasks to queue
[2025-03-24T03:29:10.405+0000] {logging_mixin.py:190} INFO - [2025-03-24T03:29:10.405+0000] {dagbag.py:588} INFO - Filling up the DagBag from /opt/airflow/dags/saving_file.py
[2025-03-24T03:29:10.548+0000] {processor.py:925} INFO - DAG(s) 'gerar_csv_dados_abertos_cnpj' retrieved from /opt/airflow/dags/saving_file.py
[2025-03-24T03:29:10.561+0000] {logging_mixin.py:190} INFO - [2025-03-24T03:29:10.561+0000] {dag.py:3239} INFO - Sync 1 DAGs
[2025-03-24T03:29:10.575+0000] {logging_mixin.py:190} INFO - [2025-03-24T03:29:10.574+0000] {dag.py:4180} INFO - Setting next_dagrun for gerar_csv_dados_abertos_cnpj to 2025-03-23 00:00:00+00:00, run_after=2025-03-24 00:00:00+00:00
[2025-03-24T03:29:10.585+0000] {processor.py:208} INFO - Processing /opt/airflow/dags/saving_file.py took 0.187 seconds
[2025-03-24T03:29:40.769+0000] {processor.py:186} INFO - Started process (PID=2262) to work on /opt/airflow/dags/saving_file.py
[2025-03-24T03:29:40.770+0000] {processor.py:914} INFO - Processing file /opt/airflow/dags/saving_file.py for tasks to queue
[2025-03-24T03:29:40.772+0000] {logging_mixin.py:190} INFO - [2025-03-24T03:29:40.772+0000] {dagbag.py:588} INFO - Filling up the DagBag from /opt/airflow/dags/saving_file.py
[2025-03-24T03:29:40.910+0000] {processor.py:925} INFO - DAG(s) 'gerar_csv_dados_abertos_cnpj' retrieved from /opt/airflow/dags/saving_file.py
[2025-03-24T03:29:40.922+0000] {logging_mixin.py:190} INFO - [2025-03-24T03:29:40.922+0000] {dag.py:3239} INFO - Sync 1 DAGs
[2025-03-24T03:29:40.933+0000] {logging_mixin.py:190} INFO - [2025-03-24T03:29:40.933+0000] {dag.py:4180} INFO - Setting next_dagrun for gerar_csv_dados_abertos_cnpj to 2025-03-23 00:00:00+00:00, run_after=2025-03-24 00:00:00+00:00
[2025-03-24T03:29:40.943+0000] {processor.py:208} INFO - Processing /opt/airflow/dags/saving_file.py took 0.177 seconds
[2025-03-24T03:30:11.198+0000] {processor.py:186} INFO - Started process (PID=2274) to work on /opt/airflow/dags/saving_file.py
[2025-03-24T03:30:11.199+0000] {processor.py:914} INFO - Processing file /opt/airflow/dags/saving_file.py for tasks to queue
[2025-03-24T03:30:11.201+0000] {logging_mixin.py:190} INFO - [2025-03-24T03:30:11.201+0000] {dagbag.py:588} INFO - Filling up the DagBag from /opt/airflow/dags/saving_file.py
[2025-03-24T03:30:11.346+0000] {processor.py:925} INFO - DAG(s) 'gerar_csv_dados_abertos_cnpj' retrieved from /opt/airflow/dags/saving_file.py
[2025-03-24T03:30:11.360+0000] {logging_mixin.py:190} INFO - [2025-03-24T03:30:11.359+0000] {dag.py:3239} INFO - Sync 1 DAGs
[2025-03-24T03:30:11.372+0000] {logging_mixin.py:190} INFO - [2025-03-24T03:30:11.372+0000] {dag.py:4180} INFO - Setting next_dagrun for gerar_csv_dados_abertos_cnpj to 2025-03-23 00:00:00+00:00, run_after=2025-03-24 00:00:00+00:00
[2025-03-24T03:30:11.383+0000] {processor.py:208} INFO - Processing /opt/airflow/dags/saving_file.py took 0.187 seconds
[2025-03-24T03:30:41.562+0000] {processor.py:186} INFO - Started process (PID=2285) to work on /opt/airflow/dags/saving_file.py
[2025-03-24T03:30:41.563+0000] {processor.py:914} INFO - Processing file /opt/airflow/dags/saving_file.py for tasks to queue
[2025-03-24T03:30:41.565+0000] {logging_mixin.py:190} INFO - [2025-03-24T03:30:41.565+0000] {dagbag.py:588} INFO - Filling up the DagBag from /opt/airflow/dags/saving_file.py
[2025-03-24T03:30:41.709+0000] {processor.py:925} INFO - DAG(s) 'gerar_csv_dados_abertos_cnpj' retrieved from /opt/airflow/dags/saving_file.py
[2025-03-24T03:30:41.724+0000] {logging_mixin.py:190} INFO - [2025-03-24T03:30:41.724+0000] {dag.py:3239} INFO - Sync 1 DAGs
[2025-03-24T03:30:41.736+0000] {logging_mixin.py:190} INFO - [2025-03-24T03:30:41.736+0000] {dag.py:4180} INFO - Setting next_dagrun for gerar_csv_dados_abertos_cnpj to 2025-03-23 00:00:00+00:00, run_after=2025-03-24 00:00:00+00:00
[2025-03-24T03:30:41.762+0000] {processor.py:208} INFO - Processing /opt/airflow/dags/saving_file.py took 0.204 seconds
[2025-03-24T03:31:11.940+0000] {processor.py:186} INFO - Started process (PID=2296) to work on /opt/airflow/dags/saving_file.py
[2025-03-24T03:31:11.941+0000] {processor.py:914} INFO - Processing file /opt/airflow/dags/saving_file.py for tasks to queue
[2025-03-24T03:31:11.943+0000] {logging_mixin.py:190} INFO - [2025-03-24T03:31:11.943+0000] {dagbag.py:588} INFO - Filling up the DagBag from /opt/airflow/dags/saving_file.py
[2025-03-24T03:31:12.088+0000] {processor.py:925} INFO - DAG(s) 'gerar_csv_dados_abertos_cnpj' retrieved from /opt/airflow/dags/saving_file.py
[2025-03-24T03:31:12.100+0000] {logging_mixin.py:190} INFO - [2025-03-24T03:31:12.100+0000] {dag.py:3239} INFO - Sync 1 DAGs
[2025-03-24T03:31:12.113+0000] {logging_mixin.py:190} INFO - [2025-03-24T03:31:12.113+0000] {dag.py:4180} INFO - Setting next_dagrun for gerar_csv_dados_abertos_cnpj to 2025-03-23 00:00:00+00:00, run_after=2025-03-24 00:00:00+00:00
[2025-03-24T03:31:12.123+0000] {processor.py:208} INFO - Processing /opt/airflow/dags/saving_file.py took 0.186 seconds
[2025-03-24T03:31:42.312+0000] {processor.py:186} INFO - Started process (PID=2307) to work on /opt/airflow/dags/saving_file.py
[2025-03-24T03:31:42.313+0000] {processor.py:914} INFO - Processing file /opt/airflow/dags/saving_file.py for tasks to queue
[2025-03-24T03:31:42.316+0000] {logging_mixin.py:190} INFO - [2025-03-24T03:31:42.316+0000] {dagbag.py:588} INFO - Filling up the DagBag from /opt/airflow/dags/saving_file.py
[2025-03-24T03:31:42.465+0000] {processor.py:925} INFO - DAG(s) 'gerar_csv_dados_abertos_cnpj' retrieved from /opt/airflow/dags/saving_file.py
[2025-03-24T03:31:42.478+0000] {logging_mixin.py:190} INFO - [2025-03-24T03:31:42.478+0000] {dag.py:3239} INFO - Sync 1 DAGs
[2025-03-24T03:31:42.491+0000] {logging_mixin.py:190} INFO - [2025-03-24T03:31:42.491+0000] {dag.py:4180} INFO - Setting next_dagrun for gerar_csv_dados_abertos_cnpj to 2025-03-23 00:00:00+00:00, run_after=2025-03-24 00:00:00+00:00
[2025-03-24T03:31:42.501+0000] {processor.py:208} INFO - Processing /opt/airflow/dags/saving_file.py took 0.192 seconds
[2025-03-24T03:32:12.699+0000] {processor.py:186} INFO - Started process (PID=2318) to work on /opt/airflow/dags/saving_file.py
[2025-03-24T03:32:12.700+0000] {processor.py:914} INFO - Processing file /opt/airflow/dags/saving_file.py for tasks to queue
[2025-03-24T03:32:12.703+0000] {logging_mixin.py:190} INFO - [2025-03-24T03:32:12.702+0000] {dagbag.py:588} INFO - Filling up the DagBag from /opt/airflow/dags/saving_file.py
[2025-03-24T03:32:12.846+0000] {processor.py:925} INFO - DAG(s) 'gerar_csv_dados_abertos_cnpj' retrieved from /opt/airflow/dags/saving_file.py
[2025-03-24T03:32:12.859+0000] {logging_mixin.py:190} INFO - [2025-03-24T03:32:12.859+0000] {dag.py:3239} INFO - Sync 1 DAGs
[2025-03-24T03:32:12.870+0000] {logging_mixin.py:190} INFO - [2025-03-24T03:32:12.870+0000] {dag.py:4180} INFO - Setting next_dagrun for gerar_csv_dados_abertos_cnpj to 2025-03-23 00:00:00+00:00, run_after=2025-03-24 00:00:00+00:00
[2025-03-24T03:32:12.881+0000] {processor.py:208} INFO - Processing /opt/airflow/dags/saving_file.py took 0.185 seconds
[2025-03-24T03:32:43.074+0000] {processor.py:186} INFO - Started process (PID=2329) to work on /opt/airflow/dags/saving_file.py
[2025-03-24T03:32:43.075+0000] {processor.py:914} INFO - Processing file /opt/airflow/dags/saving_file.py for tasks to queue
[2025-03-24T03:32:43.077+0000] {logging_mixin.py:190} INFO - [2025-03-24T03:32:43.077+0000] {dagbag.py:588} INFO - Filling up the DagBag from /opt/airflow/dags/saving_file.py
[2025-03-24T03:32:43.220+0000] {processor.py:925} INFO - DAG(s) 'gerar_csv_dados_abertos_cnpj' retrieved from /opt/airflow/dags/saving_file.py
[2025-03-24T03:32:43.232+0000] {logging_mixin.py:190} INFO - [2025-03-24T03:32:43.232+0000] {dag.py:3239} INFO - Sync 1 DAGs
[2025-03-24T03:32:43.243+0000] {logging_mixin.py:190} INFO - [2025-03-24T03:32:43.242+0000] {dag.py:4180} INFO - Setting next_dagrun for gerar_csv_dados_abertos_cnpj to 2025-03-23 00:00:00+00:00, run_after=2025-03-24 00:00:00+00:00
[2025-03-24T03:32:43.252+0000] {processor.py:208} INFO - Processing /opt/airflow/dags/saving_file.py took 0.181 seconds
[2025-03-24T03:33:13.453+0000] {processor.py:186} INFO - Started process (PID=2340) to work on /opt/airflow/dags/saving_file.py
[2025-03-24T03:33:13.454+0000] {processor.py:914} INFO - Processing file /opt/airflow/dags/saving_file.py for tasks to queue
[2025-03-24T03:33:13.456+0000] {logging_mixin.py:190} INFO - [2025-03-24T03:33:13.456+0000] {dagbag.py:588} INFO - Filling up the DagBag from /opt/airflow/dags/saving_file.py
[2025-03-24T03:33:13.602+0000] {processor.py:925} INFO - DAG(s) 'gerar_csv_dados_abertos_cnpj' retrieved from /opt/airflow/dags/saving_file.py
[2025-03-24T03:33:13.616+0000] {logging_mixin.py:190} INFO - [2025-03-24T03:33:13.616+0000] {dag.py:3239} INFO - Sync 1 DAGs
[2025-03-24T03:33:13.631+0000] {logging_mixin.py:190} INFO - [2025-03-24T03:33:13.631+0000] {dag.py:4180} INFO - Setting next_dagrun for gerar_csv_dados_abertos_cnpj to 2025-03-23 00:00:00+00:00, run_after=2025-03-24 00:00:00+00:00
[2025-03-24T03:33:13.643+0000] {processor.py:208} INFO - Processing /opt/airflow/dags/saving_file.py took 0.194 seconds
[2025-03-24T03:33:43.828+0000] {processor.py:186} INFO - Started process (PID=2351) to work on /opt/airflow/dags/saving_file.py
[2025-03-24T03:33:43.829+0000] {processor.py:914} INFO - Processing file /opt/airflow/dags/saving_file.py for tasks to queue
[2025-03-24T03:33:43.831+0000] {logging_mixin.py:190} INFO - [2025-03-24T03:33:43.831+0000] {dagbag.py:588} INFO - Filling up the DagBag from /opt/airflow/dags/saving_file.py
[2025-03-24T03:33:43.973+0000] {processor.py:925} INFO - DAG(s) 'gerar_csv_dados_abertos_cnpj' retrieved from /opt/airflow/dags/saving_file.py
[2025-03-24T03:33:43.987+0000] {logging_mixin.py:190} INFO - [2025-03-24T03:33:43.987+0000] {dag.py:3239} INFO - Sync 1 DAGs
[2025-03-24T03:33:44.000+0000] {logging_mixin.py:190} INFO - [2025-03-24T03:33:44.000+0000] {dag.py:4180} INFO - Setting next_dagrun for gerar_csv_dados_abertos_cnpj to 2025-03-23 00:00:00+00:00, run_after=2025-03-24 00:00:00+00:00
[2025-03-24T03:33:44.011+0000] {processor.py:208} INFO - Processing /opt/airflow/dags/saving_file.py took 0.186 seconds
[2025-03-24T03:34:14.208+0000] {processor.py:186} INFO - Started process (PID=2362) to work on /opt/airflow/dags/saving_file.py
[2025-03-24T03:34:14.209+0000] {processor.py:914} INFO - Processing file /opt/airflow/dags/saving_file.py for tasks to queue
[2025-03-24T03:34:14.212+0000] {logging_mixin.py:190} INFO - [2025-03-24T03:34:14.212+0000] {dagbag.py:588} INFO - Filling up the DagBag from /opt/airflow/dags/saving_file.py
[2025-03-24T03:34:14.358+0000] {processor.py:925} INFO - DAG(s) 'gerar_csv_dados_abertos_cnpj' retrieved from /opt/airflow/dags/saving_file.py
[2025-03-24T03:34:14.372+0000] {logging_mixin.py:190} INFO - [2025-03-24T03:34:14.372+0000] {dag.py:3239} INFO - Sync 1 DAGs
[2025-03-24T03:34:14.384+0000] {logging_mixin.py:190} INFO - [2025-03-24T03:34:14.384+0000] {dag.py:4180} INFO - Setting next_dagrun for gerar_csv_dados_abertos_cnpj to 2025-03-23 00:00:00+00:00, run_after=2025-03-24 00:00:00+00:00
[2025-03-24T03:34:14.394+0000] {processor.py:208} INFO - Processing /opt/airflow/dags/saving_file.py took 0.188 seconds
[2025-03-24T03:34:44.586+0000] {processor.py:186} INFO - Started process (PID=2373) to work on /opt/airflow/dags/saving_file.py
[2025-03-24T03:34:44.587+0000] {processor.py:914} INFO - Processing file /opt/airflow/dags/saving_file.py for tasks to queue
[2025-03-24T03:34:44.591+0000] {logging_mixin.py:190} INFO - [2025-03-24T03:34:44.590+0000] {dagbag.py:588} INFO - Filling up the DagBag from /opt/airflow/dags/saving_file.py
[2025-03-24T03:34:44.735+0000] {processor.py:925} INFO - DAG(s) 'gerar_csv_dados_abertos_cnpj' retrieved from /opt/airflow/dags/saving_file.py
[2025-03-24T03:34:44.749+0000] {logging_mixin.py:190} INFO - [2025-03-24T03:34:44.749+0000] {dag.py:3239} INFO - Sync 1 DAGs
[2025-03-24T03:34:44.761+0000] {logging_mixin.py:190} INFO - [2025-03-24T03:34:44.761+0000] {dag.py:4180} INFO - Setting next_dagrun for gerar_csv_dados_abertos_cnpj to 2025-03-23 00:00:00+00:00, run_after=2025-03-24 00:00:00+00:00
[2025-03-24T03:34:44.773+0000] {processor.py:208} INFO - Processing /opt/airflow/dags/saving_file.py took 0.191 seconds
[2025-03-24T03:35:15.010+0000] {processor.py:186} INFO - Started process (PID=2384) to work on /opt/airflow/dags/saving_file.py
[2025-03-24T03:35:15.011+0000] {processor.py:914} INFO - Processing file /opt/airflow/dags/saving_file.py for tasks to queue
[2025-03-24T03:35:15.013+0000] {logging_mixin.py:190} INFO - [2025-03-24T03:35:15.013+0000] {dagbag.py:588} INFO - Filling up the DagBag from /opt/airflow/dags/saving_file.py
[2025-03-24T03:35:15.160+0000] {processor.py:925} INFO - DAG(s) 'gerar_csv_dados_abertos_cnpj' retrieved from /opt/airflow/dags/saving_file.py
[2025-03-24T03:35:15.173+0000] {logging_mixin.py:190} INFO - [2025-03-24T03:35:15.172+0000] {dag.py:3239} INFO - Sync 1 DAGs
[2025-03-24T03:35:15.184+0000] {logging_mixin.py:190} INFO - [2025-03-24T03:35:15.184+0000] {dag.py:4180} INFO - Setting next_dagrun for gerar_csv_dados_abertos_cnpj to 2025-03-23 00:00:00+00:00, run_after=2025-03-24 00:00:00+00:00
[2025-03-24T03:35:15.196+0000] {processor.py:208} INFO - Processing /opt/airflow/dags/saving_file.py took 0.188 seconds
[2025-03-24T03:35:45.384+0000] {processor.py:186} INFO - Started process (PID=2395) to work on /opt/airflow/dags/saving_file.py
[2025-03-24T03:35:45.385+0000] {processor.py:914} INFO - Processing file /opt/airflow/dags/saving_file.py for tasks to queue
[2025-03-24T03:35:45.388+0000] {logging_mixin.py:190} INFO - [2025-03-24T03:35:45.388+0000] {dagbag.py:588} INFO - Filling up the DagBag from /opt/airflow/dags/saving_file.py
[2025-03-24T03:35:45.532+0000] {processor.py:925} INFO - DAG(s) 'gerar_csv_dados_abertos_cnpj' retrieved from /opt/airflow/dags/saving_file.py
[2025-03-24T03:35:45.548+0000] {logging_mixin.py:190} INFO - [2025-03-24T03:35:45.548+0000] {dag.py:3239} INFO - Sync 1 DAGs
[2025-03-24T03:35:45.560+0000] {logging_mixin.py:190} INFO - [2025-03-24T03:35:45.560+0000] {dag.py:4180} INFO - Setting next_dagrun for gerar_csv_dados_abertos_cnpj to 2025-03-23 00:00:00+00:00, run_after=2025-03-24 00:00:00+00:00
[2025-03-24T03:35:45.572+0000] {processor.py:208} INFO - Processing /opt/airflow/dags/saving_file.py took 0.191 seconds
[2025-03-24T03:36:15.770+0000] {processor.py:186} INFO - Started process (PID=2406) to work on /opt/airflow/dags/saving_file.py
[2025-03-24T03:36:15.771+0000] {processor.py:914} INFO - Processing file /opt/airflow/dags/saving_file.py for tasks to queue
[2025-03-24T03:36:15.774+0000] {logging_mixin.py:190} INFO - [2025-03-24T03:36:15.774+0000] {dagbag.py:588} INFO - Filling up the DagBag from /opt/airflow/dags/saving_file.py
[2025-03-24T03:36:15.922+0000] {processor.py:925} INFO - DAG(s) 'gerar_csv_dados_abertos_cnpj' retrieved from /opt/airflow/dags/saving_file.py
[2025-03-24T03:36:15.935+0000] {logging_mixin.py:190} INFO - [2025-03-24T03:36:15.934+0000] {dag.py:3239} INFO - Sync 1 DAGs
[2025-03-24T03:36:15.947+0000] {logging_mixin.py:190} INFO - [2025-03-24T03:36:15.947+0000] {dag.py:4180} INFO - Setting next_dagrun for gerar_csv_dados_abertos_cnpj to 2025-03-23 00:00:00+00:00, run_after=2025-03-24 00:00:00+00:00
[2025-03-24T03:36:15.957+0000] {processor.py:208} INFO - Processing /opt/airflow/dags/saving_file.py took 0.191 seconds
[2025-03-24T03:36:46.141+0000] {processor.py:186} INFO - Started process (PID=2417) to work on /opt/airflow/dags/saving_file.py
[2025-03-24T03:36:46.142+0000] {processor.py:914} INFO - Processing file /opt/airflow/dags/saving_file.py for tasks to queue
[2025-03-24T03:36:46.144+0000] {logging_mixin.py:190} INFO - [2025-03-24T03:36:46.144+0000] {dagbag.py:588} INFO - Filling up the DagBag from /opt/airflow/dags/saving_file.py
[2025-03-24T03:36:46.286+0000] {processor.py:925} INFO - DAG(s) 'gerar_csv_dados_abertos_cnpj' retrieved from /opt/airflow/dags/saving_file.py
[2025-03-24T03:36:46.298+0000] {logging_mixin.py:190} INFO - [2025-03-24T03:36:46.298+0000] {dag.py:3239} INFO - Sync 1 DAGs
[2025-03-24T03:36:46.310+0000] {logging_mixin.py:190} INFO - [2025-03-24T03:36:46.310+0000] {dag.py:4180} INFO - Setting next_dagrun for gerar_csv_dados_abertos_cnpj to 2025-03-23 00:00:00+00:00, run_after=2025-03-24 00:00:00+00:00
[2025-03-24T03:36:46.319+0000] {processor.py:208} INFO - Processing /opt/airflow/dags/saving_file.py took 0.181 seconds
[2025-03-24T03:37:16.521+0000] {processor.py:186} INFO - Started process (PID=2428) to work on /opt/airflow/dags/saving_file.py
[2025-03-24T03:37:16.522+0000] {processor.py:914} INFO - Processing file /opt/airflow/dags/saving_file.py for tasks to queue
[2025-03-24T03:37:16.524+0000] {logging_mixin.py:190} INFO - [2025-03-24T03:37:16.524+0000] {dagbag.py:588} INFO - Filling up the DagBag from /opt/airflow/dags/saving_file.py
[2025-03-24T03:37:16.667+0000] {processor.py:925} INFO - DAG(s) 'gerar_csv_dados_abertos_cnpj' retrieved from /opt/airflow/dags/saving_file.py
[2025-03-24T03:37:16.682+0000] {logging_mixin.py:190} INFO - [2025-03-24T03:37:16.682+0000] {dag.py:3239} INFO - Sync 1 DAGs
[2025-03-24T03:37:16.695+0000] {logging_mixin.py:190} INFO - [2025-03-24T03:37:16.695+0000] {dag.py:4180} INFO - Setting next_dagrun for gerar_csv_dados_abertos_cnpj to 2025-03-23 00:00:00+00:00, run_after=2025-03-24 00:00:00+00:00
[2025-03-24T03:37:16.707+0000] {processor.py:208} INFO - Processing /opt/airflow/dags/saving_file.py took 0.189 seconds
[2025-03-24T03:37:46.903+0000] {processor.py:186} INFO - Started process (PID=2439) to work on /opt/airflow/dags/saving_file.py
[2025-03-24T03:37:46.904+0000] {processor.py:914} INFO - Processing file /opt/airflow/dags/saving_file.py for tasks to queue
[2025-03-24T03:37:46.906+0000] {logging_mixin.py:190} INFO - [2025-03-24T03:37:46.906+0000] {dagbag.py:588} INFO - Filling up the DagBag from /opt/airflow/dags/saving_file.py
[2025-03-24T03:37:47.045+0000] {processor.py:925} INFO - DAG(s) 'gerar_csv_dados_abertos_cnpj' retrieved from /opt/airflow/dags/saving_file.py
[2025-03-24T03:37:47.058+0000] {logging_mixin.py:190} INFO - [2025-03-24T03:37:47.057+0000] {dag.py:3239} INFO - Sync 1 DAGs
[2025-03-24T03:37:47.071+0000] {logging_mixin.py:190} INFO - [2025-03-24T03:37:47.071+0000] {dag.py:4180} INFO - Setting next_dagrun for gerar_csv_dados_abertos_cnpj to 2025-03-23 00:00:00+00:00, run_after=2025-03-24 00:00:00+00:00
[2025-03-24T03:37:47.083+0000] {processor.py:208} INFO - Processing /opt/airflow/dags/saving_file.py took 0.184 seconds
[2025-03-24T03:38:17.287+0000] {processor.py:186} INFO - Started process (PID=2450) to work on /opt/airflow/dags/saving_file.py
[2025-03-24T03:38:17.288+0000] {processor.py:914} INFO - Processing file /opt/airflow/dags/saving_file.py for tasks to queue
[2025-03-24T03:38:17.291+0000] {logging_mixin.py:190} INFO - [2025-03-24T03:38:17.291+0000] {dagbag.py:588} INFO - Filling up the DagBag from /opt/airflow/dags/saving_file.py
[2025-03-24T03:38:17.436+0000] {processor.py:925} INFO - DAG(s) 'gerar_csv_dados_abertos_cnpj' retrieved from /opt/airflow/dags/saving_file.py
[2025-03-24T03:38:17.448+0000] {logging_mixin.py:190} INFO - [2025-03-24T03:38:17.448+0000] {dag.py:3239} INFO - Sync 1 DAGs
[2025-03-24T03:38:17.459+0000] {logging_mixin.py:190} INFO - [2025-03-24T03:38:17.459+0000] {dag.py:4180} INFO - Setting next_dagrun for gerar_csv_dados_abertos_cnpj to 2025-03-23 00:00:00+00:00, run_after=2025-03-24 00:00:00+00:00
[2025-03-24T03:38:17.471+0000] {processor.py:208} INFO - Processing /opt/airflow/dags/saving_file.py took 0.187 seconds
[2025-03-24T03:38:47.665+0000] {processor.py:186} INFO - Started process (PID=2461) to work on /opt/airflow/dags/saving_file.py
[2025-03-24T03:38:47.667+0000] {processor.py:914} INFO - Processing file /opt/airflow/dags/saving_file.py for tasks to queue
[2025-03-24T03:38:47.668+0000] {logging_mixin.py:190} INFO - [2025-03-24T03:38:47.668+0000] {dagbag.py:588} INFO - Filling up the DagBag from /opt/airflow/dags/saving_file.py
[2025-03-24T03:38:47.814+0000] {processor.py:925} INFO - DAG(s) 'gerar_csv_dados_abertos_cnpj' retrieved from /opt/airflow/dags/saving_file.py
[2025-03-24T03:38:47.826+0000] {logging_mixin.py:190} INFO - [2025-03-24T03:38:47.826+0000] {dag.py:3239} INFO - Sync 1 DAGs
[2025-03-24T03:38:47.837+0000] {logging_mixin.py:190} INFO - [2025-03-24T03:38:47.837+0000] {dag.py:4180} INFO - Setting next_dagrun for gerar_csv_dados_abertos_cnpj to 2025-03-23 00:00:00+00:00, run_after=2025-03-24 00:00:00+00:00
[2025-03-24T03:38:47.848+0000] {processor.py:208} INFO - Processing /opt/airflow/dags/saving_file.py took 0.187 seconds
[2025-03-24T03:39:18.041+0000] {processor.py:186} INFO - Started process (PID=2472) to work on /opt/airflow/dags/saving_file.py
[2025-03-24T03:39:18.042+0000] {processor.py:914} INFO - Processing file /opt/airflow/dags/saving_file.py for tasks to queue
[2025-03-24T03:39:18.044+0000] {logging_mixin.py:190} INFO - [2025-03-24T03:39:18.044+0000] {dagbag.py:588} INFO - Filling up the DagBag from /opt/airflow/dags/saving_file.py
[2025-03-24T03:39:18.188+0000] {processor.py:925} INFO - DAG(s) 'gerar_csv_dados_abertos_cnpj' retrieved from /opt/airflow/dags/saving_file.py
[2025-03-24T03:39:18.203+0000] {logging_mixin.py:190} INFO - [2025-03-24T03:39:18.203+0000] {dag.py:3239} INFO - Sync 1 DAGs
[2025-03-24T03:39:18.217+0000] {logging_mixin.py:190} INFO - [2025-03-24T03:39:18.217+0000] {dag.py:4180} INFO - Setting next_dagrun for gerar_csv_dados_abertos_cnpj to 2025-03-23 00:00:00+00:00, run_after=2025-03-24 00:00:00+00:00
[2025-03-24T03:39:18.227+0000] {processor.py:208} INFO - Processing /opt/airflow/dags/saving_file.py took 0.189 seconds
[2025-03-24T03:39:48.420+0000] {processor.py:186} INFO - Started process (PID=2483) to work on /opt/airflow/dags/saving_file.py
[2025-03-24T03:39:48.421+0000] {processor.py:914} INFO - Processing file /opt/airflow/dags/saving_file.py for tasks to queue
[2025-03-24T03:39:48.423+0000] {logging_mixin.py:190} INFO - [2025-03-24T03:39:48.423+0000] {dagbag.py:588} INFO - Filling up the DagBag from /opt/airflow/dags/saving_file.py
[2025-03-24T03:39:48.563+0000] {processor.py:925} INFO - DAG(s) 'gerar_csv_dados_abertos_cnpj' retrieved from /opt/airflow/dags/saving_file.py
[2025-03-24T03:39:48.576+0000] {logging_mixin.py:190} INFO - [2025-03-24T03:39:48.576+0000] {dag.py:3239} INFO - Sync 1 DAGs
[2025-03-24T03:39:48.587+0000] {logging_mixin.py:190} INFO - [2025-03-24T03:39:48.587+0000] {dag.py:4180} INFO - Setting next_dagrun for gerar_csv_dados_abertos_cnpj to 2025-03-23 00:00:00+00:00, run_after=2025-03-24 00:00:00+00:00
[2025-03-24T03:39:48.596+0000] {processor.py:208} INFO - Processing /opt/airflow/dags/saving_file.py took 0.179 seconds
[2025-03-24T03:40:18.861+0000] {processor.py:186} INFO - Started process (PID=2494) to work on /opt/airflow/dags/saving_file.py
[2025-03-24T03:40:18.862+0000] {processor.py:914} INFO - Processing file /opt/airflow/dags/saving_file.py for tasks to queue
[2025-03-24T03:40:18.864+0000] {logging_mixin.py:190} INFO - [2025-03-24T03:40:18.864+0000] {dagbag.py:588} INFO - Filling up the DagBag from /opt/airflow/dags/saving_file.py
[2025-03-24T03:40:19.004+0000] {processor.py:925} INFO - DAG(s) 'gerar_csv_dados_abertos_cnpj' retrieved from /opt/airflow/dags/saving_file.py
[2025-03-24T03:40:19.018+0000] {logging_mixin.py:190} INFO - [2025-03-24T03:40:19.017+0000] {dag.py:3239} INFO - Sync 1 DAGs
[2025-03-24T03:40:19.028+0000] {logging_mixin.py:190} INFO - [2025-03-24T03:40:19.028+0000] {dag.py:4180} INFO - Setting next_dagrun for gerar_csv_dados_abertos_cnpj to 2025-03-23 00:00:00+00:00, run_after=2025-03-24 00:00:00+00:00
[2025-03-24T03:40:19.038+0000] {processor.py:208} INFO - Processing /opt/airflow/dags/saving_file.py took 0.180 seconds
[2025-03-24T03:40:49.242+0000] {processor.py:186} INFO - Started process (PID=2505) to work on /opt/airflow/dags/saving_file.py
[2025-03-24T03:40:49.243+0000] {processor.py:914} INFO - Processing file /opt/airflow/dags/saving_file.py for tasks to queue
[2025-03-24T03:40:49.245+0000] {logging_mixin.py:190} INFO - [2025-03-24T03:40:49.245+0000] {dagbag.py:588} INFO - Filling up the DagBag from /opt/airflow/dags/saving_file.py
[2025-03-24T03:40:49.385+0000] {processor.py:925} INFO - DAG(s) 'gerar_csv_dados_abertos_cnpj' retrieved from /opt/airflow/dags/saving_file.py
[2025-03-24T03:40:49.397+0000] {logging_mixin.py:190} INFO - [2025-03-24T03:40:49.397+0000] {dag.py:3239} INFO - Sync 1 DAGs
[2025-03-24T03:40:49.408+0000] {logging_mixin.py:190} INFO - [2025-03-24T03:40:49.408+0000] {dag.py:4180} INFO - Setting next_dagrun for gerar_csv_dados_abertos_cnpj to 2025-03-23 00:00:00+00:00, run_after=2025-03-24 00:00:00+00:00
[2025-03-24T03:40:49.419+0000] {processor.py:208} INFO - Processing /opt/airflow/dags/saving_file.py took 0.181 seconds
[2025-03-24T03:41:19.610+0000] {processor.py:186} INFO - Started process (PID=2516) to work on /opt/airflow/dags/saving_file.py
[2025-03-24T03:41:19.611+0000] {processor.py:914} INFO - Processing file /opt/airflow/dags/saving_file.py for tasks to queue
[2025-03-24T03:41:19.613+0000] {logging_mixin.py:190} INFO - [2025-03-24T03:41:19.613+0000] {dagbag.py:588} INFO - Filling up the DagBag from /opt/airflow/dags/saving_file.py
[2025-03-24T03:41:19.751+0000] {processor.py:925} INFO - DAG(s) 'gerar_csv_dados_abertos_cnpj' retrieved from /opt/airflow/dags/saving_file.py
[2025-03-24T03:41:19.764+0000] {logging_mixin.py:190} INFO - [2025-03-24T03:41:19.764+0000] {dag.py:3239} INFO - Sync 1 DAGs
[2025-03-24T03:41:19.776+0000] {logging_mixin.py:190} INFO - [2025-03-24T03:41:19.776+0000] {dag.py:4180} INFO - Setting next_dagrun for gerar_csv_dados_abertos_cnpj to 2025-03-23 00:00:00+00:00, run_after=2025-03-24 00:00:00+00:00
[2025-03-24T03:41:19.786+0000] {processor.py:208} INFO - Processing /opt/airflow/dags/saving_file.py took 0.179 seconds
[2025-03-24T03:41:49.986+0000] {processor.py:186} INFO - Started process (PID=2527) to work on /opt/airflow/dags/saving_file.py
[2025-03-24T03:41:49.987+0000] {processor.py:914} INFO - Processing file /opt/airflow/dags/saving_file.py for tasks to queue
[2025-03-24T03:41:49.989+0000] {logging_mixin.py:190} INFO - [2025-03-24T03:41:49.989+0000] {dagbag.py:588} INFO - Filling up the DagBag from /opt/airflow/dags/saving_file.py
[2025-03-24T03:41:50.132+0000] {processor.py:925} INFO - DAG(s) 'gerar_csv_dados_abertos_cnpj' retrieved from /opt/airflow/dags/saving_file.py
[2025-03-24T03:41:50.147+0000] {logging_mixin.py:190} INFO - [2025-03-24T03:41:50.147+0000] {dag.py:3239} INFO - Sync 1 DAGs
[2025-03-24T03:41:50.159+0000] {logging_mixin.py:190} INFO - [2025-03-24T03:41:50.159+0000] {dag.py:4180} INFO - Setting next_dagrun for gerar_csv_dados_abertos_cnpj to 2025-03-23 00:00:00+00:00, run_after=2025-03-24 00:00:00+00:00
[2025-03-24T03:41:50.170+0000] {processor.py:208} INFO - Processing /opt/airflow/dags/saving_file.py took 0.187 seconds
[2025-03-24T03:42:20.368+0000] {processor.py:186} INFO - Started process (PID=2538) to work on /opt/airflow/dags/saving_file.py
[2025-03-24T03:42:20.369+0000] {processor.py:914} INFO - Processing file /opt/airflow/dags/saving_file.py for tasks to queue
[2025-03-24T03:42:20.371+0000] {logging_mixin.py:190} INFO - [2025-03-24T03:42:20.371+0000] {dagbag.py:588} INFO - Filling up the DagBag from /opt/airflow/dags/saving_file.py
[2025-03-24T03:42:20.511+0000] {processor.py:925} INFO - DAG(s) 'gerar_csv_dados_abertos_cnpj' retrieved from /opt/airflow/dags/saving_file.py
[2025-03-24T03:42:20.525+0000] {logging_mixin.py:190} INFO - [2025-03-24T03:42:20.524+0000] {dag.py:3239} INFO - Sync 1 DAGs
[2025-03-24T03:42:20.537+0000] {logging_mixin.py:190} INFO - [2025-03-24T03:42:20.537+0000] {dag.py:4180} INFO - Setting next_dagrun for gerar_csv_dados_abertos_cnpj to 2025-03-23 00:00:00+00:00, run_after=2025-03-24 00:00:00+00:00
[2025-03-24T03:42:20.548+0000] {processor.py:208} INFO - Processing /opt/airflow/dags/saving_file.py took 0.183 seconds
[2025-03-24T03:42:50.754+0000] {processor.py:186} INFO - Started process (PID=2549) to work on /opt/airflow/dags/saving_file.py
[2025-03-24T03:42:50.755+0000] {processor.py:914} INFO - Processing file /opt/airflow/dags/saving_file.py for tasks to queue
[2025-03-24T03:42:50.757+0000] {logging_mixin.py:190} INFO - [2025-03-24T03:42:50.757+0000] {dagbag.py:588} INFO - Filling up the DagBag from /opt/airflow/dags/saving_file.py
[2025-03-24T03:42:50.900+0000] {processor.py:925} INFO - DAG(s) 'gerar_csv_dados_abertos_cnpj' retrieved from /opt/airflow/dags/saving_file.py
[2025-03-24T03:42:50.916+0000] {logging_mixin.py:190} INFO - [2025-03-24T03:42:50.916+0000] {dag.py:3239} INFO - Sync 1 DAGs
[2025-03-24T03:42:50.929+0000] {logging_mixin.py:190} INFO - [2025-03-24T03:42:50.929+0000] {dag.py:4180} INFO - Setting next_dagrun for gerar_csv_dados_abertos_cnpj to 2025-03-23 00:00:00+00:00, run_after=2025-03-24 00:00:00+00:00
[2025-03-24T03:42:50.954+0000] {processor.py:208} INFO - Processing /opt/airflow/dags/saving_file.py took 0.203 seconds
[2025-03-24T03:43:21.125+0000] {processor.py:186} INFO - Started process (PID=2560) to work on /opt/airflow/dags/saving_file.py
[2025-03-24T03:43:21.126+0000] {processor.py:914} INFO - Processing file /opt/airflow/dags/saving_file.py for tasks to queue
[2025-03-24T03:43:21.127+0000] {logging_mixin.py:190} INFO - [2025-03-24T03:43:21.127+0000] {dagbag.py:588} INFO - Filling up the DagBag from /opt/airflow/dags/saving_file.py
[2025-03-24T03:43:21.269+0000] {processor.py:925} INFO - DAG(s) 'gerar_csv_dados_abertos_cnpj' retrieved from /opt/airflow/dags/saving_file.py
[2025-03-24T03:43:21.282+0000] {logging_mixin.py:190} INFO - [2025-03-24T03:43:21.282+0000] {dag.py:3239} INFO - Sync 1 DAGs
[2025-03-24T03:43:21.294+0000] {logging_mixin.py:190} INFO - [2025-03-24T03:43:21.294+0000] {dag.py:4180} INFO - Setting next_dagrun for gerar_csv_dados_abertos_cnpj to 2025-03-23 00:00:00+00:00, run_after=2025-03-24 00:00:00+00:00
[2025-03-24T03:43:21.305+0000] {processor.py:208} INFO - Processing /opt/airflow/dags/saving_file.py took 0.184 seconds
[2025-03-24T03:43:51.503+0000] {processor.py:186} INFO - Started process (PID=2571) to work on /opt/airflow/dags/saving_file.py
[2025-03-24T03:43:51.504+0000] {processor.py:914} INFO - Processing file /opt/airflow/dags/saving_file.py for tasks to queue
[2025-03-24T03:43:51.506+0000] {logging_mixin.py:190} INFO - [2025-03-24T03:43:51.506+0000] {dagbag.py:588} INFO - Filling up the DagBag from /opt/airflow/dags/saving_file.py
[2025-03-24T03:43:51.645+0000] {processor.py:925} INFO - DAG(s) 'gerar_csv_dados_abertos_cnpj' retrieved from /opt/airflow/dags/saving_file.py
[2025-03-24T03:43:51.657+0000] {logging_mixin.py:190} INFO - [2025-03-24T03:43:51.657+0000] {dag.py:3239} INFO - Sync 1 DAGs
[2025-03-24T03:43:51.668+0000] {logging_mixin.py:190} INFO - [2025-03-24T03:43:51.667+0000] {dag.py:4180} INFO - Setting next_dagrun for gerar_csv_dados_abertos_cnpj to 2025-03-23 00:00:00+00:00, run_after=2025-03-24 00:00:00+00:00
[2025-03-24T03:43:51.677+0000] {processor.py:208} INFO - Processing /opt/airflow/dags/saving_file.py took 0.177 seconds
[2025-03-24T03:44:21.878+0000] {processor.py:186} INFO - Started process (PID=2582) to work on /opt/airflow/dags/saving_file.py
[2025-03-24T03:44:21.879+0000] {processor.py:914} INFO - Processing file /opt/airflow/dags/saving_file.py for tasks to queue
[2025-03-24T03:44:21.881+0000] {logging_mixin.py:190} INFO - [2025-03-24T03:44:21.881+0000] {dagbag.py:588} INFO - Filling up the DagBag from /opt/airflow/dags/saving_file.py
[2025-03-24T03:44:22.021+0000] {processor.py:925} INFO - DAG(s) 'gerar_csv_dados_abertos_cnpj' retrieved from /opt/airflow/dags/saving_file.py
[2025-03-24T03:44:22.033+0000] {logging_mixin.py:190} INFO - [2025-03-24T03:44:22.033+0000] {dag.py:3239} INFO - Sync 1 DAGs
[2025-03-24T03:44:22.046+0000] {logging_mixin.py:190} INFO - [2025-03-24T03:44:22.046+0000] {dag.py:4180} INFO - Setting next_dagrun for gerar_csv_dados_abertos_cnpj to 2025-03-23 00:00:00+00:00, run_after=2025-03-24 00:00:00+00:00
[2025-03-24T03:44:22.057+0000] {processor.py:208} INFO - Processing /opt/airflow/dags/saving_file.py took 0.182 seconds
[2025-03-24T03:44:52.249+0000] {processor.py:186} INFO - Started process (PID=2593) to work on /opt/airflow/dags/saving_file.py
[2025-03-24T03:44:52.250+0000] {processor.py:914} INFO - Processing file /opt/airflow/dags/saving_file.py for tasks to queue
[2025-03-24T03:44:52.253+0000] {logging_mixin.py:190} INFO - [2025-03-24T03:44:52.253+0000] {dagbag.py:588} INFO - Filling up the DagBag from /opt/airflow/dags/saving_file.py
[2025-03-24T03:44:52.390+0000] {processor.py:925} INFO - DAG(s) 'gerar_csv_dados_abertos_cnpj' retrieved from /opt/airflow/dags/saving_file.py
[2025-03-24T03:44:52.404+0000] {logging_mixin.py:190} INFO - [2025-03-24T03:44:52.404+0000] {dag.py:3239} INFO - Sync 1 DAGs
[2025-03-24T03:44:52.417+0000] {logging_mixin.py:190} INFO - [2025-03-24T03:44:52.417+0000] {dag.py:4180} INFO - Setting next_dagrun for gerar_csv_dados_abertos_cnpj to 2025-03-23 00:00:00+00:00, run_after=2025-03-24 00:00:00+00:00
[2025-03-24T03:44:52.428+0000] {processor.py:208} INFO - Processing /opt/airflow/dags/saving_file.py took 0.183 seconds
[2025-03-24T03:45:22.678+0000] {processor.py:186} INFO - Started process (PID=2604) to work on /opt/airflow/dags/saving_file.py
[2025-03-24T03:45:22.679+0000] {processor.py:914} INFO - Processing file /opt/airflow/dags/saving_file.py for tasks to queue
[2025-03-24T03:45:22.682+0000] {logging_mixin.py:190} INFO - [2025-03-24T03:45:22.682+0000] {dagbag.py:588} INFO - Filling up the DagBag from /opt/airflow/dags/saving_file.py
[2025-03-24T03:45:22.829+0000] {processor.py:925} INFO - DAG(s) 'gerar_csv_dados_abertos_cnpj' retrieved from /opt/airflow/dags/saving_file.py
[2025-03-24T03:45:22.843+0000] {logging_mixin.py:190} INFO - [2025-03-24T03:45:22.842+0000] {dag.py:3239} INFO - Sync 1 DAGs
[2025-03-24T03:45:22.854+0000] {logging_mixin.py:190} INFO - [2025-03-24T03:45:22.853+0000] {dag.py:4180} INFO - Setting next_dagrun for gerar_csv_dados_abertos_cnpj to 2025-03-23 00:00:00+00:00, run_after=2025-03-24 00:00:00+00:00
[2025-03-24T03:45:22.862+0000] {processor.py:208} INFO - Processing /opt/airflow/dags/saving_file.py took 0.188 seconds
[2025-03-24T03:45:53.059+0000] {processor.py:186} INFO - Started process (PID=2615) to work on /opt/airflow/dags/saving_file.py
[2025-03-24T03:45:53.060+0000] {processor.py:914} INFO - Processing file /opt/airflow/dags/saving_file.py for tasks to queue
[2025-03-24T03:45:53.062+0000] {logging_mixin.py:190} INFO - [2025-03-24T03:45:53.062+0000] {dagbag.py:588} INFO - Filling up the DagBag from /opt/airflow/dags/saving_file.py
[2025-03-24T03:45:53.204+0000] {processor.py:925} INFO - DAG(s) 'gerar_csv_dados_abertos_cnpj' retrieved from /opt/airflow/dags/saving_file.py
[2025-03-24T03:45:53.216+0000] {logging_mixin.py:190} INFO - [2025-03-24T03:45:53.216+0000] {dag.py:3239} INFO - Sync 1 DAGs
[2025-03-24T03:45:53.227+0000] {logging_mixin.py:190} INFO - [2025-03-24T03:45:53.227+0000] {dag.py:4180} INFO - Setting next_dagrun for gerar_csv_dados_abertos_cnpj to 2025-03-23 00:00:00+00:00, run_after=2025-03-24 00:00:00+00:00
[2025-03-24T03:45:53.237+0000] {processor.py:208} INFO - Processing /opt/airflow/dags/saving_file.py took 0.181 seconds
[2025-03-24T03:46:23.430+0000] {processor.py:186} INFO - Started process (PID=2626) to work on /opt/airflow/dags/saving_file.py
[2025-03-24T03:46:23.431+0000] {processor.py:914} INFO - Processing file /opt/airflow/dags/saving_file.py for tasks to queue
[2025-03-24T03:46:23.433+0000] {logging_mixin.py:190} INFO - [2025-03-24T03:46:23.433+0000] {dagbag.py:588} INFO - Filling up the DagBag from /opt/airflow/dags/saving_file.py
[2025-03-24T03:46:23.574+0000] {processor.py:925} INFO - DAG(s) 'gerar_csv_dados_abertos_cnpj' retrieved from /opt/airflow/dags/saving_file.py
[2025-03-24T03:46:23.587+0000] {logging_mixin.py:190} INFO - [2025-03-24T03:46:23.587+0000] {dag.py:3239} INFO - Sync 1 DAGs
[2025-03-24T03:46:23.599+0000] {logging_mixin.py:190} INFO - [2025-03-24T03:46:23.599+0000] {dag.py:4180} INFO - Setting next_dagrun for gerar_csv_dados_abertos_cnpj to 2025-03-23 00:00:00+00:00, run_after=2025-03-24 00:00:00+00:00
[2025-03-24T03:46:23.610+0000] {processor.py:208} INFO - Processing /opt/airflow/dags/saving_file.py took 0.183 seconds
[2025-03-24T03:46:53.813+0000] {processor.py:186} INFO - Started process (PID=2637) to work on /opt/airflow/dags/saving_file.py
[2025-03-24T03:46:53.814+0000] {processor.py:914} INFO - Processing file /opt/airflow/dags/saving_file.py for tasks to queue
[2025-03-24T03:46:53.815+0000] {logging_mixin.py:190} INFO - [2025-03-24T03:46:53.815+0000] {dagbag.py:588} INFO - Filling up the DagBag from /opt/airflow/dags/saving_file.py
[2025-03-24T03:46:53.958+0000] {processor.py:925} INFO - DAG(s) 'gerar_csv_dados_abertos_cnpj' retrieved from /opt/airflow/dags/saving_file.py
[2025-03-24T03:46:53.974+0000] {logging_mixin.py:190} INFO - [2025-03-24T03:46:53.973+0000] {dag.py:3239} INFO - Sync 1 DAGs
[2025-03-24T03:46:53.985+0000] {logging_mixin.py:190} INFO - [2025-03-24T03:46:53.985+0000] {dag.py:4180} INFO - Setting next_dagrun for gerar_csv_dados_abertos_cnpj to 2025-03-23 00:00:00+00:00, run_after=2025-03-24 00:00:00+00:00
[2025-03-24T03:46:53.995+0000] {processor.py:208} INFO - Processing /opt/airflow/dags/saving_file.py took 0.186 seconds
[2025-03-24T03:47:24.192+0000] {processor.py:186} INFO - Started process (PID=2648) to work on /opt/airflow/dags/saving_file.py
[2025-03-24T03:47:24.193+0000] {processor.py:914} INFO - Processing file /opt/airflow/dags/saving_file.py for tasks to queue
[2025-03-24T03:47:24.195+0000] {logging_mixin.py:190} INFO - [2025-03-24T03:47:24.195+0000] {dagbag.py:588} INFO - Filling up the DagBag from /opt/airflow/dags/saving_file.py
[2025-03-24T03:47:24.336+0000] {processor.py:925} INFO - DAG(s) 'gerar_csv_dados_abertos_cnpj' retrieved from /opt/airflow/dags/saving_file.py
[2025-03-24T03:47:24.349+0000] {logging_mixin.py:190} INFO - [2025-03-24T03:47:24.348+0000] {dag.py:3239} INFO - Sync 1 DAGs
[2025-03-24T03:47:24.361+0000] {logging_mixin.py:190} INFO - [2025-03-24T03:47:24.361+0000] {dag.py:4180} INFO - Setting next_dagrun for gerar_csv_dados_abertos_cnpj to 2025-03-23 00:00:00+00:00, run_after=2025-03-24 00:00:00+00:00
[2025-03-24T03:47:24.371+0000] {processor.py:208} INFO - Processing /opt/airflow/dags/saving_file.py took 0.182 seconds
[2025-03-24T03:47:54.570+0000] {processor.py:186} INFO - Started process (PID=2658) to work on /opt/airflow/dags/saving_file.py
[2025-03-24T03:47:54.571+0000] {processor.py:914} INFO - Processing file /opt/airflow/dags/saving_file.py for tasks to queue
[2025-03-24T03:47:54.574+0000] {logging_mixin.py:190} INFO - [2025-03-24T03:47:54.574+0000] {dagbag.py:588} INFO - Filling up the DagBag from /opt/airflow/dags/saving_file.py
[2025-03-24T03:47:54.721+0000] {processor.py:925} INFO - DAG(s) 'gerar_csv_dados_abertos_cnpj' retrieved from /opt/airflow/dags/saving_file.py
[2025-03-24T03:47:54.734+0000] {logging_mixin.py:190} INFO - [2025-03-24T03:47:54.734+0000] {dag.py:3239} INFO - Sync 1 DAGs
[2025-03-24T03:47:54.747+0000] {logging_mixin.py:190} INFO - [2025-03-24T03:47:54.747+0000] {dag.py:4180} INFO - Setting next_dagrun for gerar_csv_dados_abertos_cnpj to 2025-03-23 00:00:00+00:00, run_after=2025-03-24 00:00:00+00:00
[2025-03-24T03:47:54.758+0000] {processor.py:208} INFO - Processing /opt/airflow/dags/saving_file.py took 0.192 seconds
[2025-03-24T03:48:24.954+0000] {processor.py:186} INFO - Started process (PID=2669) to work on /opt/airflow/dags/saving_file.py
[2025-03-24T03:48:24.956+0000] {processor.py:914} INFO - Processing file /opt/airflow/dags/saving_file.py for tasks to queue
[2025-03-24T03:48:24.958+0000] {logging_mixin.py:190} INFO - [2025-03-24T03:48:24.958+0000] {dagbag.py:588} INFO - Filling up the DagBag from /opt/airflow/dags/saving_file.py
[2025-03-24T03:48:25.098+0000] {processor.py:925} INFO - DAG(s) 'gerar_csv_dados_abertos_cnpj' retrieved from /opt/airflow/dags/saving_file.py
[2025-03-24T03:48:25.114+0000] {logging_mixin.py:190} INFO - [2025-03-24T03:48:25.113+0000] {dag.py:3239} INFO - Sync 1 DAGs
[2025-03-24T03:48:25.125+0000] {logging_mixin.py:190} INFO - [2025-03-24T03:48:25.125+0000] {dag.py:4180} INFO - Setting next_dagrun for gerar_csv_dados_abertos_cnpj to 2025-03-23 00:00:00+00:00, run_after=2025-03-24 00:00:00+00:00
[2025-03-24T03:48:25.136+0000] {processor.py:208} INFO - Processing /opt/airflow/dags/saving_file.py took 0.185 seconds
[2025-03-24T03:48:55.334+0000] {processor.py:186} INFO - Started process (PID=2680) to work on /opt/airflow/dags/saving_file.py
[2025-03-24T03:48:55.335+0000] {processor.py:914} INFO - Processing file /opt/airflow/dags/saving_file.py for tasks to queue
[2025-03-24T03:48:55.338+0000] {logging_mixin.py:190} INFO - [2025-03-24T03:48:55.337+0000] {dagbag.py:588} INFO - Filling up the DagBag from /opt/airflow/dags/saving_file.py
[2025-03-24T03:48:55.479+0000] {processor.py:925} INFO - DAG(s) 'gerar_csv_dados_abertos_cnpj' retrieved from /opt/airflow/dags/saving_file.py
[2025-03-24T03:48:55.492+0000] {logging_mixin.py:190} INFO - [2025-03-24T03:48:55.492+0000] {dag.py:3239} INFO - Sync 1 DAGs
[2025-03-24T03:48:55.503+0000] {logging_mixin.py:190} INFO - [2025-03-24T03:48:55.503+0000] {dag.py:4180} INFO - Setting next_dagrun for gerar_csv_dados_abertos_cnpj to 2025-03-23 00:00:00+00:00, run_after=2025-03-24 00:00:00+00:00
[2025-03-24T03:48:55.514+0000] {processor.py:208} INFO - Processing /opt/airflow/dags/saving_file.py took 0.184 seconds
[2025-03-24T03:49:25.716+0000] {processor.py:186} INFO - Started process (PID=2691) to work on /opt/airflow/dags/saving_file.py
[2025-03-24T03:49:25.717+0000] {processor.py:914} INFO - Processing file /opt/airflow/dags/saving_file.py for tasks to queue
[2025-03-24T03:49:25.719+0000] {logging_mixin.py:190} INFO - [2025-03-24T03:49:25.719+0000] {dagbag.py:588} INFO - Filling up the DagBag from /opt/airflow/dags/saving_file.py
[2025-03-24T03:49:25.866+0000] {processor.py:925} INFO - DAG(s) 'gerar_csv_dados_abertos_cnpj' retrieved from /opt/airflow/dags/saving_file.py
[2025-03-24T03:49:25.880+0000] {logging_mixin.py:190} INFO - [2025-03-24T03:49:25.879+0000] {dag.py:3239} INFO - Sync 1 DAGs
[2025-03-24T03:49:25.892+0000] {logging_mixin.py:190} INFO - [2025-03-24T03:49:25.892+0000] {dag.py:4180} INFO - Setting next_dagrun for gerar_csv_dados_abertos_cnpj to 2025-03-23 00:00:00+00:00, run_after=2025-03-24 00:00:00+00:00
[2025-03-24T03:49:25.904+0000] {processor.py:208} INFO - Processing /opt/airflow/dags/saving_file.py took 0.191 seconds
[2025-03-24T03:49:56.093+0000] {processor.py:186} INFO - Started process (PID=2702) to work on /opt/airflow/dags/saving_file.py
[2025-03-24T03:49:56.094+0000] {processor.py:914} INFO - Processing file /opt/airflow/dags/saving_file.py for tasks to queue
[2025-03-24T03:49:56.096+0000] {logging_mixin.py:190} INFO - [2025-03-24T03:49:56.096+0000] {dagbag.py:588} INFO - Filling up the DagBag from /opt/airflow/dags/saving_file.py
[2025-03-24T03:49:56.247+0000] {processor.py:925} INFO - DAG(s) 'gerar_csv_dados_abertos_cnpj' retrieved from /opt/airflow/dags/saving_file.py
[2025-03-24T03:49:56.260+0000] {logging_mixin.py:190} INFO - [2025-03-24T03:49:56.260+0000] {dag.py:3239} INFO - Sync 1 DAGs
[2025-03-24T03:49:56.272+0000] {logging_mixin.py:190} INFO - [2025-03-24T03:49:56.272+0000] {dag.py:4180} INFO - Setting next_dagrun for gerar_csv_dados_abertos_cnpj to 2025-03-23 00:00:00+00:00, run_after=2025-03-24 00:00:00+00:00
[2025-03-24T03:49:56.283+0000] {processor.py:208} INFO - Processing /opt/airflow/dags/saving_file.py took 0.193 seconds
[2025-03-24T03:50:26.545+0000] {processor.py:186} INFO - Started process (PID=2713) to work on /opt/airflow/dags/saving_file.py
[2025-03-24T03:50:26.546+0000] {processor.py:914} INFO - Processing file /opt/airflow/dags/saving_file.py for tasks to queue
[2025-03-24T03:50:26.548+0000] {logging_mixin.py:190} INFO - [2025-03-24T03:50:26.548+0000] {dagbag.py:588} INFO - Filling up the DagBag from /opt/airflow/dags/saving_file.py
[2025-03-24T03:50:26.688+0000] {processor.py:925} INFO - DAG(s) 'gerar_csv_dados_abertos_cnpj' retrieved from /opt/airflow/dags/saving_file.py
[2025-03-24T03:50:26.702+0000] {logging_mixin.py:190} INFO - [2025-03-24T03:50:26.701+0000] {dag.py:3239} INFO - Sync 1 DAGs
[2025-03-24T03:50:26.714+0000] {logging_mixin.py:190} INFO - [2025-03-24T03:50:26.714+0000] {dag.py:4180} INFO - Setting next_dagrun for gerar_csv_dados_abertos_cnpj to 2025-03-23 00:00:00+00:00, run_after=2025-03-24 00:00:00+00:00
[2025-03-24T03:50:26.726+0000] {processor.py:208} INFO - Processing /opt/airflow/dags/saving_file.py took 0.185 seconds
[2025-03-24T03:50:56.910+0000] {processor.py:186} INFO - Started process (PID=2724) to work on /opt/airflow/dags/saving_file.py
[2025-03-24T03:50:56.911+0000] {processor.py:914} INFO - Processing file /opt/airflow/dags/saving_file.py for tasks to queue
[2025-03-24T03:50:56.913+0000] {logging_mixin.py:190} INFO - [2025-03-24T03:50:56.913+0000] {dagbag.py:588} INFO - Filling up the DagBag from /opt/airflow/dags/saving_file.py
[2025-03-24T03:50:57.056+0000] {processor.py:925} INFO - DAG(s) 'gerar_csv_dados_abertos_cnpj' retrieved from /opt/airflow/dags/saving_file.py
[2025-03-24T03:50:57.070+0000] {logging_mixin.py:190} INFO - [2025-03-24T03:50:57.069+0000] {dag.py:3239} INFO - Sync 1 DAGs
[2025-03-24T03:50:57.082+0000] {logging_mixin.py:190} INFO - [2025-03-24T03:50:57.082+0000] {dag.py:4180} INFO - Setting next_dagrun for gerar_csv_dados_abertos_cnpj to 2025-03-23 00:00:00+00:00, run_after=2025-03-24 00:00:00+00:00
[2025-03-24T03:50:57.093+0000] {processor.py:208} INFO - Processing /opt/airflow/dags/saving_file.py took 0.186 seconds
[2025-03-24T03:51:27.291+0000] {processor.py:186} INFO - Started process (PID=2735) to work on /opt/airflow/dags/saving_file.py
[2025-03-24T03:51:27.293+0000] {processor.py:914} INFO - Processing file /opt/airflow/dags/saving_file.py for tasks to queue
[2025-03-24T03:51:27.295+0000] {logging_mixin.py:190} INFO - [2025-03-24T03:51:27.295+0000] {dagbag.py:588} INFO - Filling up the DagBag from /opt/airflow/dags/saving_file.py
[2025-03-24T03:51:27.440+0000] {processor.py:925} INFO - DAG(s) 'gerar_csv_dados_abertos_cnpj' retrieved from /opt/airflow/dags/saving_file.py
[2025-03-24T03:51:27.453+0000] {logging_mixin.py:190} INFO - [2025-03-24T03:51:27.453+0000] {dag.py:3239} INFO - Sync 1 DAGs
[2025-03-24T03:51:27.465+0000] {logging_mixin.py:190} INFO - [2025-03-24T03:51:27.465+0000] {dag.py:4180} INFO - Setting next_dagrun for gerar_csv_dados_abertos_cnpj to 2025-03-23 00:00:00+00:00, run_after=2025-03-24 00:00:00+00:00
[2025-03-24T03:51:27.476+0000] {processor.py:208} INFO - Processing /opt/airflow/dags/saving_file.py took 0.188 seconds
[2025-03-24T03:51:57.658+0000] {processor.py:186} INFO - Started process (PID=2746) to work on /opt/airflow/dags/saving_file.py
[2025-03-24T03:51:57.659+0000] {processor.py:914} INFO - Processing file /opt/airflow/dags/saving_file.py for tasks to queue
[2025-03-24T03:51:57.662+0000] {logging_mixin.py:190} INFO - [2025-03-24T03:51:57.661+0000] {dagbag.py:588} INFO - Filling up the DagBag from /opt/airflow/dags/saving_file.py
[2025-03-24T03:51:57.804+0000] {processor.py:925} INFO - DAG(s) 'gerar_csv_dados_abertos_cnpj' retrieved from /opt/airflow/dags/saving_file.py
[2025-03-24T03:51:57.816+0000] {logging_mixin.py:190} INFO - [2025-03-24T03:51:57.816+0000] {dag.py:3239} INFO - Sync 1 DAGs
[2025-03-24T03:51:57.828+0000] {logging_mixin.py:190} INFO - [2025-03-24T03:51:57.827+0000] {dag.py:4180} INFO - Setting next_dagrun for gerar_csv_dados_abertos_cnpj to 2025-03-23 00:00:00+00:00, run_after=2025-03-24 00:00:00+00:00
[2025-03-24T03:51:57.837+0000] {processor.py:208} INFO - Processing /opt/airflow/dags/saving_file.py took 0.183 seconds
[2025-03-24T03:52:28.050+0000] {processor.py:186} INFO - Started process (PID=2757) to work on /opt/airflow/dags/saving_file.py
[2025-03-24T03:52:28.051+0000] {processor.py:914} INFO - Processing file /opt/airflow/dags/saving_file.py for tasks to queue
[2025-03-24T03:52:28.053+0000] {logging_mixin.py:190} INFO - [2025-03-24T03:52:28.053+0000] {dagbag.py:588} INFO - Filling up the DagBag from /opt/airflow/dags/saving_file.py
[2025-03-24T03:52:28.197+0000] {processor.py:925} INFO - DAG(s) 'gerar_csv_dados_abertos_cnpj' retrieved from /opt/airflow/dags/saving_file.py
[2025-03-24T03:52:28.210+0000] {logging_mixin.py:190} INFO - [2025-03-24T03:52:28.210+0000] {dag.py:3239} INFO - Sync 1 DAGs
[2025-03-24T03:52:28.224+0000] {logging_mixin.py:190} INFO - [2025-03-24T03:52:28.224+0000] {dag.py:4180} INFO - Setting next_dagrun for gerar_csv_dados_abertos_cnpj to 2025-03-23 00:00:00+00:00, run_after=2025-03-24 00:00:00+00:00
[2025-03-24T03:52:28.234+0000] {processor.py:208} INFO - Processing /opt/airflow/dags/saving_file.py took 0.188 seconds
[2025-03-24T03:52:58.427+0000] {processor.py:186} INFO - Started process (PID=2768) to work on /opt/airflow/dags/saving_file.py
[2025-03-24T03:52:58.428+0000] {processor.py:914} INFO - Processing file /opt/airflow/dags/saving_file.py for tasks to queue
[2025-03-24T03:52:58.430+0000] {logging_mixin.py:190} INFO - [2025-03-24T03:52:58.429+0000] {dagbag.py:588} INFO - Filling up the DagBag from /opt/airflow/dags/saving_file.py
[2025-03-24T03:52:58.573+0000] {processor.py:925} INFO - DAG(s) 'gerar_csv_dados_abertos_cnpj' retrieved from /opt/airflow/dags/saving_file.py
[2025-03-24T03:52:58.587+0000] {logging_mixin.py:190} INFO - [2025-03-24T03:52:58.587+0000] {dag.py:3239} INFO - Sync 1 DAGs
[2025-03-24T03:52:58.600+0000] {logging_mixin.py:190} INFO - [2025-03-24T03:52:58.600+0000] {dag.py:4180} INFO - Setting next_dagrun for gerar_csv_dados_abertos_cnpj to 2025-03-23 00:00:00+00:00, run_after=2025-03-24 00:00:00+00:00
[2025-03-24T03:52:58.612+0000] {processor.py:208} INFO - Processing /opt/airflow/dags/saving_file.py took 0.189 seconds
[2025-03-24T03:53:28.798+0000] {processor.py:186} INFO - Started process (PID=2779) to work on /opt/airflow/dags/saving_file.py
[2025-03-24T03:53:28.799+0000] {processor.py:914} INFO - Processing file /opt/airflow/dags/saving_file.py for tasks to queue
[2025-03-24T03:53:28.801+0000] {logging_mixin.py:190} INFO - [2025-03-24T03:53:28.801+0000] {dagbag.py:588} INFO - Filling up the DagBag from /opt/airflow/dags/saving_file.py
[2025-03-24T03:53:28.947+0000] {processor.py:925} INFO - DAG(s) 'gerar_csv_dados_abertos_cnpj' retrieved from /opt/airflow/dags/saving_file.py
[2025-03-24T03:53:28.962+0000] {logging_mixin.py:190} INFO - [2025-03-24T03:53:28.961+0000] {dag.py:3239} INFO - Sync 1 DAGs
[2025-03-24T03:53:28.973+0000] {logging_mixin.py:190} INFO - [2025-03-24T03:53:28.973+0000] {dag.py:4180} INFO - Setting next_dagrun for gerar_csv_dados_abertos_cnpj to 2025-03-23 00:00:00+00:00, run_after=2025-03-24 00:00:00+00:00
[2025-03-24T03:53:28.984+0000] {processor.py:208} INFO - Processing /opt/airflow/dags/saving_file.py took 0.189 seconds
[2025-03-24T03:53:59.163+0000] {processor.py:186} INFO - Started process (PID=2790) to work on /opt/airflow/dags/saving_file.py
[2025-03-24T03:53:59.164+0000] {processor.py:914} INFO - Processing file /opt/airflow/dags/saving_file.py for tasks to queue
[2025-03-24T03:53:59.166+0000] {logging_mixin.py:190} INFO - [2025-03-24T03:53:59.166+0000] {dagbag.py:588} INFO - Filling up the DagBag from /opt/airflow/dags/saving_file.py
[2025-03-24T03:53:59.309+0000] {processor.py:925} INFO - DAG(s) 'gerar_csv_dados_abertos_cnpj' retrieved from /opt/airflow/dags/saving_file.py
[2025-03-24T03:53:59.321+0000] {logging_mixin.py:190} INFO - [2025-03-24T03:53:59.321+0000] {dag.py:3239} INFO - Sync 1 DAGs
[2025-03-24T03:53:59.332+0000] {logging_mixin.py:190} INFO - [2025-03-24T03:53:59.332+0000] {dag.py:4180} INFO - Setting next_dagrun for gerar_csv_dados_abertos_cnpj to 2025-03-23 00:00:00+00:00, run_after=2025-03-24 00:00:00+00:00
[2025-03-24T03:53:59.341+0000] {processor.py:208} INFO - Processing /opt/airflow/dags/saving_file.py took 0.181 seconds
[2025-03-24T03:54:29.537+0000] {processor.py:186} INFO - Started process (PID=2801) to work on /opt/airflow/dags/saving_file.py
[2025-03-24T03:54:29.538+0000] {processor.py:914} INFO - Processing file /opt/airflow/dags/saving_file.py for tasks to queue
[2025-03-24T03:54:29.540+0000] {logging_mixin.py:190} INFO - [2025-03-24T03:54:29.540+0000] {dagbag.py:588} INFO - Filling up the DagBag from /opt/airflow/dags/saving_file.py
[2025-03-24T03:54:29.684+0000] {processor.py:925} INFO - DAG(s) 'gerar_csv_dados_abertos_cnpj' retrieved from /opt/airflow/dags/saving_file.py
[2025-03-24T03:54:29.698+0000] {logging_mixin.py:190} INFO - [2025-03-24T03:54:29.698+0000] {dag.py:3239} INFO - Sync 1 DAGs
[2025-03-24T03:54:29.711+0000] {logging_mixin.py:190} INFO - [2025-03-24T03:54:29.711+0000] {dag.py:4180} INFO - Setting next_dagrun for gerar_csv_dados_abertos_cnpj to 2025-03-23 00:00:00+00:00, run_after=2025-03-24 00:00:00+00:00
[2025-03-24T03:54:29.723+0000] {processor.py:208} INFO - Processing /opt/airflow/dags/saving_file.py took 0.189 seconds
[2025-03-24T03:55:00.038+0000] {processor.py:186} INFO - Started process (PID=2812) to work on /opt/airflow/dags/saving_file.py
[2025-03-24T03:55:00.039+0000] {processor.py:914} INFO - Processing file /opt/airflow/dags/saving_file.py for tasks to queue
[2025-03-24T03:55:00.042+0000] {logging_mixin.py:190} INFO - [2025-03-24T03:55:00.041+0000] {dagbag.py:588} INFO - Filling up the DagBag from /opt/airflow/dags/saving_file.py
[2025-03-24T03:55:00.186+0000] {processor.py:925} INFO - DAG(s) 'gerar_csv_dados_abertos_cnpj' retrieved from /opt/airflow/dags/saving_file.py
[2025-03-24T03:55:00.199+0000] {logging_mixin.py:190} INFO - [2025-03-24T03:55:00.199+0000] {dag.py:3239} INFO - Sync 1 DAGs
[2025-03-24T03:55:00.210+0000] {logging_mixin.py:190} INFO - [2025-03-24T03:55:00.210+0000] {dag.py:4180} INFO - Setting next_dagrun for gerar_csv_dados_abertos_cnpj to 2025-03-23 00:00:00+00:00, run_after=2025-03-24 00:00:00+00:00
[2025-03-24T03:55:00.221+0000] {processor.py:208} INFO - Processing /opt/airflow/dags/saving_file.py took 0.188 seconds
[2025-03-24T03:55:30.478+0000] {processor.py:186} INFO - Started process (PID=2823) to work on /opt/airflow/dags/saving_file.py
[2025-03-24T03:55:30.479+0000] {processor.py:914} INFO - Processing file /opt/airflow/dags/saving_file.py for tasks to queue
[2025-03-24T03:55:30.482+0000] {logging_mixin.py:190} INFO - [2025-03-24T03:55:30.482+0000] {dagbag.py:588} INFO - Filling up the DagBag from /opt/airflow/dags/saving_file.py
[2025-03-24T03:55:30.621+0000] {processor.py:925} INFO - DAG(s) 'gerar_csv_dados_abertos_cnpj' retrieved from /opt/airflow/dags/saving_file.py
[2025-03-24T03:55:30.634+0000] {logging_mixin.py:190} INFO - [2025-03-24T03:55:30.633+0000] {dag.py:3239} INFO - Sync 1 DAGs
[2025-03-24T03:55:30.646+0000] {logging_mixin.py:190} INFO - [2025-03-24T03:55:30.646+0000] {dag.py:4180} INFO - Setting next_dagrun for gerar_csv_dados_abertos_cnpj to 2025-03-23 00:00:00+00:00, run_after=2025-03-24 00:00:00+00:00
[2025-03-24T03:55:30.656+0000] {processor.py:208} INFO - Processing /opt/airflow/dags/saving_file.py took 0.183 seconds
[2025-03-24T03:56:01.108+0000] {processor.py:186} INFO - Started process (PID=2834) to work on /opt/airflow/dags/saving_file.py
[2025-03-24T03:56:01.109+0000] {processor.py:914} INFO - Processing file /opt/airflow/dags/saving_file.py for tasks to queue
[2025-03-24T03:56:01.113+0000] {logging_mixin.py:190} INFO - [2025-03-24T03:56:01.112+0000] {dagbag.py:588} INFO - Filling up the DagBag from /opt/airflow/dags/saving_file.py
[2025-03-24T03:56:01.253+0000] {processor.py:925} INFO - DAG(s) 'gerar_csv_dados_abertos_cnpj' retrieved from /opt/airflow/dags/saving_file.py
[2025-03-24T03:56:01.268+0000] {logging_mixin.py:190} INFO - [2025-03-24T03:56:01.267+0000] {dag.py:3239} INFO - Sync 1 DAGs
[2025-03-24T03:56:01.280+0000] {logging_mixin.py:190} INFO - [2025-03-24T03:56:01.280+0000] {dag.py:4180} INFO - Setting next_dagrun for gerar_csv_dados_abertos_cnpj to 2025-03-23 00:00:00+00:00, run_after=2025-03-24 00:00:00+00:00
[2025-03-24T03:56:01.290+0000] {processor.py:208} INFO - Processing /opt/airflow/dags/saving_file.py took 0.186 seconds
[2025-03-24T03:56:31.485+0000] {processor.py:186} INFO - Started process (PID=2845) to work on /opt/airflow/dags/saving_file.py
[2025-03-24T03:56:31.486+0000] {processor.py:914} INFO - Processing file /opt/airflow/dags/saving_file.py for tasks to queue
[2025-03-24T03:56:31.488+0000] {logging_mixin.py:190} INFO - [2025-03-24T03:56:31.488+0000] {dagbag.py:588} INFO - Filling up the DagBag from /opt/airflow/dags/saving_file.py
[2025-03-24T03:56:31.627+0000] {processor.py:925} INFO - DAG(s) 'gerar_csv_dados_abertos_cnpj' retrieved from /opt/airflow/dags/saving_file.py
[2025-03-24T03:56:31.639+0000] {logging_mixin.py:190} INFO - [2025-03-24T03:56:31.639+0000] {dag.py:3239} INFO - Sync 1 DAGs
[2025-03-24T03:56:31.650+0000] {logging_mixin.py:190} INFO - [2025-03-24T03:56:31.650+0000] {dag.py:4180} INFO - Setting next_dagrun for gerar_csv_dados_abertos_cnpj to 2025-03-23 00:00:00+00:00, run_after=2025-03-24 00:00:00+00:00
[2025-03-24T03:56:31.661+0000] {processor.py:208} INFO - Processing /opt/airflow/dags/saving_file.py took 0.179 seconds
[2025-03-24T03:57:01.867+0000] {processor.py:186} INFO - Started process (PID=2856) to work on /opt/airflow/dags/saving_file.py
[2025-03-24T03:57:01.868+0000] {processor.py:914} INFO - Processing file /opt/airflow/dags/saving_file.py for tasks to queue
[2025-03-24T03:57:01.870+0000] {logging_mixin.py:190} INFO - [2025-03-24T03:57:01.870+0000] {dagbag.py:588} INFO - Filling up the DagBag from /opt/airflow/dags/saving_file.py
[2025-03-24T03:57:02.010+0000] {processor.py:925} INFO - DAG(s) 'gerar_csv_dados_abertos_cnpj' retrieved from /opt/airflow/dags/saving_file.py
[2025-03-24T03:57:02.022+0000] {logging_mixin.py:190} INFO - [2025-03-24T03:57:02.021+0000] {dag.py:3239} INFO - Sync 1 DAGs
[2025-03-24T03:57:02.035+0000] {logging_mixin.py:190} INFO - [2025-03-24T03:57:02.035+0000] {dag.py:4180} INFO - Setting next_dagrun for gerar_csv_dados_abertos_cnpj to 2025-03-23 00:00:00+00:00, run_after=2025-03-24 00:00:00+00:00
[2025-03-24T03:57:02.045+0000] {processor.py:208} INFO - Processing /opt/airflow/dags/saving_file.py took 0.181 seconds
[2025-03-24T03:57:32.254+0000] {processor.py:186} INFO - Started process (PID=2867) to work on /opt/airflow/dags/saving_file.py
[2025-03-24T03:57:32.255+0000] {processor.py:914} INFO - Processing file /opt/airflow/dags/saving_file.py for tasks to queue
[2025-03-24T03:57:32.257+0000] {logging_mixin.py:190} INFO - [2025-03-24T03:57:32.257+0000] {dagbag.py:588} INFO - Filling up the DagBag from /opt/airflow/dags/saving_file.py
[2025-03-24T03:57:32.405+0000] {processor.py:925} INFO - DAG(s) 'gerar_csv_dados_abertos_cnpj' retrieved from /opt/airflow/dags/saving_file.py
[2025-03-24T03:57:32.419+0000] {logging_mixin.py:190} INFO - [2025-03-24T03:57:32.419+0000] {dag.py:3239} INFO - Sync 1 DAGs
[2025-03-24T03:57:32.431+0000] {logging_mixin.py:190} INFO - [2025-03-24T03:57:32.431+0000] {dag.py:4180} INFO - Setting next_dagrun for gerar_csv_dados_abertos_cnpj to 2025-03-23 00:00:00+00:00, run_after=2025-03-24 00:00:00+00:00
[2025-03-24T03:57:32.442+0000] {processor.py:208} INFO - Processing /opt/airflow/dags/saving_file.py took 0.191 seconds
[2025-03-24T03:58:02.634+0000] {processor.py:186} INFO - Started process (PID=2884) to work on /opt/airflow/dags/saving_file.py
[2025-03-24T03:58:02.635+0000] {processor.py:914} INFO - Processing file /opt/airflow/dags/saving_file.py for tasks to queue
[2025-03-24T03:58:02.637+0000] {logging_mixin.py:190} INFO - [2025-03-24T03:58:02.637+0000] {dagbag.py:588} INFO - Filling up the DagBag from /opt/airflow/dags/saving_file.py
[2025-03-24T03:58:02.776+0000] {processor.py:925} INFO - DAG(s) 'gerar_csv_dados_abertos_cnpj' retrieved from /opt/airflow/dags/saving_file.py
[2025-03-24T03:58:02.789+0000] {logging_mixin.py:190} INFO - [2025-03-24T03:58:02.789+0000] {dag.py:3239} INFO - Sync 1 DAGs
[2025-03-24T03:58:02.802+0000] {logging_mixin.py:190} INFO - [2025-03-24T03:58:02.801+0000] {dag.py:4180} INFO - Setting next_dagrun for gerar_csv_dados_abertos_cnpj to 2025-03-23 00:00:00+00:00, run_after=2025-03-24 00:00:00+00:00
[2025-03-24T03:58:02.814+0000] {processor.py:208} INFO - Processing /opt/airflow/dags/saving_file.py took 0.183 seconds
[2025-03-24T03:58:33.010+0000] {processor.py:186} INFO - Started process (PID=2895) to work on /opt/airflow/dags/saving_file.py
[2025-03-24T03:58:33.012+0000] {processor.py:914} INFO - Processing file /opt/airflow/dags/saving_file.py for tasks to queue
[2025-03-24T03:58:33.014+0000] {logging_mixin.py:190} INFO - [2025-03-24T03:58:33.014+0000] {dagbag.py:588} INFO - Filling up the DagBag from /opt/airflow/dags/saving_file.py
[2025-03-24T03:58:33.162+0000] {processor.py:925} INFO - DAG(s) 'gerar_csv_dados_abertos_cnpj' retrieved from /opt/airflow/dags/saving_file.py
[2025-03-24T03:58:33.177+0000] {logging_mixin.py:190} INFO - [2025-03-24T03:58:33.176+0000] {dag.py:3239} INFO - Sync 1 DAGs
[2025-03-24T03:58:33.190+0000] {logging_mixin.py:190} INFO - [2025-03-24T03:58:33.190+0000] {dag.py:4180} INFO - Setting next_dagrun for gerar_csv_dados_abertos_cnpj to 2025-03-23 00:00:00+00:00, run_after=2025-03-24 00:00:00+00:00
[2025-03-24T03:58:33.200+0000] {processor.py:208} INFO - Processing /opt/airflow/dags/saving_file.py took 0.193 seconds
[2025-03-24T03:59:03.382+0000] {processor.py:186} INFO - Started process (PID=2906) to work on /opt/airflow/dags/saving_file.py
[2025-03-24T03:59:03.383+0000] {processor.py:914} INFO - Processing file /opt/airflow/dags/saving_file.py for tasks to queue
[2025-03-24T03:59:03.386+0000] {logging_mixin.py:190} INFO - [2025-03-24T03:59:03.386+0000] {dagbag.py:588} INFO - Filling up the DagBag from /opt/airflow/dags/saving_file.py
[2025-03-24T03:59:03.525+0000] {processor.py:925} INFO - DAG(s) 'gerar_csv_dados_abertos_cnpj' retrieved from /opt/airflow/dags/saving_file.py
[2025-03-24T03:59:03.539+0000] {logging_mixin.py:190} INFO - [2025-03-24T03:59:03.539+0000] {dag.py:3239} INFO - Sync 1 DAGs
[2025-03-24T03:59:03.551+0000] {logging_mixin.py:190} INFO - [2025-03-24T03:59:03.551+0000] {dag.py:4180} INFO - Setting next_dagrun for gerar_csv_dados_abertos_cnpj to 2025-03-23 00:00:00+00:00, run_after=2025-03-24 00:00:00+00:00
[2025-03-24T03:59:03.563+0000] {processor.py:208} INFO - Processing /opt/airflow/dags/saving_file.py took 0.183 seconds
[2025-03-24T03:59:33.762+0000] {processor.py:186} INFO - Started process (PID=2917) to work on /opt/airflow/dags/saving_file.py
[2025-03-24T03:59:33.763+0000] {processor.py:914} INFO - Processing file /opt/airflow/dags/saving_file.py for tasks to queue
[2025-03-24T03:59:33.765+0000] {logging_mixin.py:190} INFO - [2025-03-24T03:59:33.765+0000] {dagbag.py:588} INFO - Filling up the DagBag from /opt/airflow/dags/saving_file.py
[2025-03-24T03:59:33.911+0000] {processor.py:925} INFO - DAG(s) 'gerar_csv_dados_abertos_cnpj' retrieved from /opt/airflow/dags/saving_file.py
[2025-03-24T03:59:33.924+0000] {logging_mixin.py:190} INFO - [2025-03-24T03:59:33.923+0000] {dag.py:3239} INFO - Sync 1 DAGs
[2025-03-24T03:59:33.935+0000] {logging_mixin.py:190} INFO - [2025-03-24T03:59:33.935+0000] {dag.py:4180} INFO - Setting next_dagrun for gerar_csv_dados_abertos_cnpj to 2025-03-23 00:00:00+00:00, run_after=2025-03-24 00:00:00+00:00
[2025-03-24T03:59:33.945+0000] {processor.py:208} INFO - Processing /opt/airflow/dags/saving_file.py took 0.186 seconds
[2025-03-24T04:00:04.124+0000] {processor.py:186} INFO - Started process (PID=2928) to work on /opt/airflow/dags/saving_file.py
[2025-03-24T04:00:04.125+0000] {processor.py:914} INFO - Processing file /opt/airflow/dags/saving_file.py for tasks to queue
[2025-03-24T04:00:04.128+0000] {logging_mixin.py:190} INFO - [2025-03-24T04:00:04.128+0000] {dagbag.py:588} INFO - Filling up the DagBag from /opt/airflow/dags/saving_file.py
[2025-03-24T04:00:04.276+0000] {processor.py:925} INFO - DAG(s) 'gerar_csv_dados_abertos_cnpj' retrieved from /opt/airflow/dags/saving_file.py
[2025-03-24T04:00:04.291+0000] {logging_mixin.py:190} INFO - [2025-03-24T04:00:04.290+0000] {dag.py:3239} INFO - Sync 1 DAGs
[2025-03-24T04:00:04.303+0000] {logging_mixin.py:190} INFO - [2025-03-24T04:00:04.303+0000] {dag.py:4180} INFO - Setting next_dagrun for gerar_csv_dados_abertos_cnpj to 2025-03-23 00:00:00+00:00, run_after=2025-03-24 00:00:00+00:00
[2025-03-24T04:00:04.313+0000] {processor.py:208} INFO - Processing /opt/airflow/dags/saving_file.py took 0.192 seconds
[2025-03-24T04:00:34.517+0000] {processor.py:186} INFO - Started process (PID=2939) to work on /opt/airflow/dags/saving_file.py
[2025-03-24T04:00:34.518+0000] {processor.py:914} INFO - Processing file /opt/airflow/dags/saving_file.py for tasks to queue
[2025-03-24T04:00:34.520+0000] {logging_mixin.py:190} INFO - [2025-03-24T04:00:34.520+0000] {dagbag.py:588} INFO - Filling up the DagBag from /opt/airflow/dags/saving_file.py
[2025-03-24T04:00:34.661+0000] {processor.py:925} INFO - DAG(s) 'gerar_csv_dados_abertos_cnpj' retrieved from /opt/airflow/dags/saving_file.py
[2025-03-24T04:00:34.676+0000] {logging_mixin.py:190} INFO - [2025-03-24T04:00:34.675+0000] {dag.py:3239} INFO - Sync 1 DAGs
[2025-03-24T04:00:34.688+0000] {logging_mixin.py:190} INFO - [2025-03-24T04:00:34.687+0000] {dag.py:4180} INFO - Setting next_dagrun for gerar_csv_dados_abertos_cnpj to 2025-03-23 00:00:00+00:00, run_after=2025-03-24 00:00:00+00:00
[2025-03-24T04:00:34.708+0000] {processor.py:208} INFO - Processing /opt/airflow/dags/saving_file.py took 0.194 seconds
[2025-03-24T04:01:04.894+0000] {processor.py:186} INFO - Started process (PID=2950) to work on /opt/airflow/dags/saving_file.py
[2025-03-24T04:01:04.895+0000] {processor.py:914} INFO - Processing file /opt/airflow/dags/saving_file.py for tasks to queue
[2025-03-24T04:01:04.897+0000] {logging_mixin.py:190} INFO - [2025-03-24T04:01:04.897+0000] {dagbag.py:588} INFO - Filling up the DagBag from /opt/airflow/dags/saving_file.py
[2025-03-24T04:01:05.038+0000] {processor.py:925} INFO - DAG(s) 'gerar_csv_dados_abertos_cnpj' retrieved from /opt/airflow/dags/saving_file.py
[2025-03-24T04:01:05.050+0000] {logging_mixin.py:190} INFO - [2025-03-24T04:01:05.050+0000] {dag.py:3239} INFO - Sync 1 DAGs
[2025-03-24T04:01:05.062+0000] {logging_mixin.py:190} INFO - [2025-03-24T04:01:05.062+0000] {dag.py:4180} INFO - Setting next_dagrun for gerar_csv_dados_abertos_cnpj to 2025-03-23 00:00:00+00:00, run_after=2025-03-24 00:00:00+00:00
[2025-03-24T04:01:05.073+0000] {processor.py:208} INFO - Processing /opt/airflow/dags/saving_file.py took 0.182 seconds
[2025-03-24T04:01:35.279+0000] {processor.py:186} INFO - Started process (PID=2961) to work on /opt/airflow/dags/saving_file.py
[2025-03-24T04:01:35.280+0000] {processor.py:914} INFO - Processing file /opt/airflow/dags/saving_file.py for tasks to queue
[2025-03-24T04:01:35.283+0000] {logging_mixin.py:190} INFO - [2025-03-24T04:01:35.282+0000] {dagbag.py:588} INFO - Filling up the DagBag from /opt/airflow/dags/saving_file.py
[2025-03-24T04:01:35.420+0000] {processor.py:925} INFO - DAG(s) 'gerar_csv_dados_abertos_cnpj' retrieved from /opt/airflow/dags/saving_file.py
[2025-03-24T04:01:35.435+0000] {logging_mixin.py:190} INFO - [2025-03-24T04:01:35.434+0000] {dag.py:3239} INFO - Sync 1 DAGs
[2025-03-24T04:01:35.446+0000] {logging_mixin.py:190} INFO - [2025-03-24T04:01:35.446+0000] {dag.py:4180} INFO - Setting next_dagrun for gerar_csv_dados_abertos_cnpj to 2025-03-23 00:00:00+00:00, run_after=2025-03-24 00:00:00+00:00
[2025-03-24T04:01:35.457+0000] {processor.py:208} INFO - Processing /opt/airflow/dags/saving_file.py took 0.181 seconds
[2025-03-24T04:02:05.655+0000] {processor.py:186} INFO - Started process (PID=2972) to work on /opt/airflow/dags/saving_file.py
[2025-03-24T04:02:05.656+0000] {processor.py:914} INFO - Processing file /opt/airflow/dags/saving_file.py for tasks to queue
[2025-03-24T04:02:05.659+0000] {logging_mixin.py:190} INFO - [2025-03-24T04:02:05.658+0000] {dagbag.py:588} INFO - Filling up the DagBag from /opt/airflow/dags/saving_file.py
[2025-03-24T04:02:05.805+0000] {processor.py:925} INFO - DAG(s) 'gerar_csv_dados_abertos_cnpj' retrieved from /opt/airflow/dags/saving_file.py
[2025-03-24T04:02:05.819+0000] {logging_mixin.py:190} INFO - [2025-03-24T04:02:05.818+0000] {dag.py:3239} INFO - Sync 1 DAGs
[2025-03-24T04:02:05.831+0000] {logging_mixin.py:190} INFO - [2025-03-24T04:02:05.831+0000] {dag.py:4180} INFO - Setting next_dagrun for gerar_csv_dados_abertos_cnpj to 2025-03-23 00:00:00+00:00, run_after=2025-03-24 00:00:00+00:00
[2025-03-24T04:02:05.841+0000] {processor.py:208} INFO - Processing /opt/airflow/dags/saving_file.py took 0.189 seconds
[2025-03-24T04:02:36.041+0000] {processor.py:186} INFO - Started process (PID=2982) to work on /opt/airflow/dags/saving_file.py
[2025-03-24T04:02:36.042+0000] {processor.py:914} INFO - Processing file /opt/airflow/dags/saving_file.py for tasks to queue
[2025-03-24T04:02:36.044+0000] {logging_mixin.py:190} INFO - [2025-03-24T04:02:36.044+0000] {dagbag.py:588} INFO - Filling up the DagBag from /opt/airflow/dags/saving_file.py
[2025-03-24T04:02:36.183+0000] {processor.py:925} INFO - DAG(s) 'gerar_csv_dados_abertos_cnpj' retrieved from /opt/airflow/dags/saving_file.py
[2025-03-24T04:02:36.197+0000] {logging_mixin.py:190} INFO - [2025-03-24T04:02:36.197+0000] {dag.py:3239} INFO - Sync 1 DAGs
[2025-03-24T04:02:36.209+0000] {logging_mixin.py:190} INFO - [2025-03-24T04:02:36.209+0000] {dag.py:4180} INFO - Setting next_dagrun for gerar_csv_dados_abertos_cnpj to 2025-03-23 00:00:00+00:00, run_after=2025-03-24 00:00:00+00:00
[2025-03-24T04:02:36.220+0000] {processor.py:208} INFO - Processing /opt/airflow/dags/saving_file.py took 0.183 seconds
[2025-03-24T04:03:06.420+0000] {processor.py:186} INFO - Started process (PID=2993) to work on /opt/airflow/dags/saving_file.py
[2025-03-24T04:03:06.421+0000] {processor.py:914} INFO - Processing file /opt/airflow/dags/saving_file.py for tasks to queue
[2025-03-24T04:03:06.422+0000] {logging_mixin.py:190} INFO - [2025-03-24T04:03:06.422+0000] {dagbag.py:588} INFO - Filling up the DagBag from /opt/airflow/dags/saving_file.py
[2025-03-24T04:03:06.569+0000] {processor.py:925} INFO - DAG(s) 'gerar_csv_dados_abertos_cnpj' retrieved from /opt/airflow/dags/saving_file.py
[2025-03-24T04:03:06.581+0000] {logging_mixin.py:190} INFO - [2025-03-24T04:03:06.581+0000] {dag.py:3239} INFO - Sync 1 DAGs
[2025-03-24T04:03:06.593+0000] {logging_mixin.py:190} INFO - [2025-03-24T04:03:06.593+0000] {dag.py:4180} INFO - Setting next_dagrun for gerar_csv_dados_abertos_cnpj to 2025-03-23 00:00:00+00:00, run_after=2025-03-24 00:00:00+00:00
[2025-03-24T04:03:06.606+0000] {processor.py:208} INFO - Processing /opt/airflow/dags/saving_file.py took 0.190 seconds
[2025-03-24T04:03:36.800+0000] {processor.py:186} INFO - Started process (PID=3004) to work on /opt/airflow/dags/saving_file.py
[2025-03-24T04:03:36.801+0000] {processor.py:914} INFO - Processing file /opt/airflow/dags/saving_file.py for tasks to queue
[2025-03-24T04:03:36.804+0000] {logging_mixin.py:190} INFO - [2025-03-24T04:03:36.803+0000] {dagbag.py:588} INFO - Filling up the DagBag from /opt/airflow/dags/saving_file.py
[2025-03-24T04:03:36.950+0000] {processor.py:925} INFO - DAG(s) 'gerar_csv_dados_abertos_cnpj' retrieved from /opt/airflow/dags/saving_file.py
[2025-03-24T04:03:36.963+0000] {logging_mixin.py:190} INFO - [2025-03-24T04:03:36.963+0000] {dag.py:3239} INFO - Sync 1 DAGs
[2025-03-24T04:03:36.975+0000] {logging_mixin.py:190} INFO - [2025-03-24T04:03:36.975+0000] {dag.py:4180} INFO - Setting next_dagrun for gerar_csv_dados_abertos_cnpj to 2025-03-23 00:00:00+00:00, run_after=2025-03-24 00:00:00+00:00
[2025-03-24T04:03:36.998+0000] {processor.py:208} INFO - Processing /opt/airflow/dags/saving_file.py took 0.201 seconds
[2025-03-24T04:04:07.177+0000] {processor.py:186} INFO - Started process (PID=3014) to work on /opt/airflow/dags/saving_file.py
[2025-03-24T04:04:07.178+0000] {processor.py:914} INFO - Processing file /opt/airflow/dags/saving_file.py for tasks to queue
[2025-03-24T04:04:07.181+0000] {logging_mixin.py:190} INFO - [2025-03-24T04:04:07.180+0000] {dagbag.py:588} INFO - Filling up the DagBag from /opt/airflow/dags/saving_file.py
[2025-03-24T04:04:07.323+0000] {processor.py:925} INFO - DAG(s) 'gerar_csv_dados_abertos_cnpj' retrieved from /opt/airflow/dags/saving_file.py
[2025-03-24T04:04:07.336+0000] {logging_mixin.py:190} INFO - [2025-03-24T04:04:07.336+0000] {dag.py:3239} INFO - Sync 1 DAGs
[2025-03-24T04:04:07.349+0000] {logging_mixin.py:190} INFO - [2025-03-24T04:04:07.349+0000] {dag.py:4180} INFO - Setting next_dagrun for gerar_csv_dados_abertos_cnpj to 2025-03-23 00:00:00+00:00, run_after=2025-03-24 00:00:00+00:00
[2025-03-24T04:04:07.359+0000] {processor.py:208} INFO - Processing /opt/airflow/dags/saving_file.py took 0.186 seconds
[2025-03-24T04:04:37.547+0000] {processor.py:186} INFO - Started process (PID=3025) to work on /opt/airflow/dags/saving_file.py
[2025-03-24T04:04:37.548+0000] {processor.py:914} INFO - Processing file /opt/airflow/dags/saving_file.py for tasks to queue
[2025-03-24T04:04:37.550+0000] {logging_mixin.py:190} INFO - [2025-03-24T04:04:37.550+0000] {dagbag.py:588} INFO - Filling up the DagBag from /opt/airflow/dags/saving_file.py
[2025-03-24T04:04:37.693+0000] {processor.py:925} INFO - DAG(s) 'gerar_csv_dados_abertos_cnpj' retrieved from /opt/airflow/dags/saving_file.py
[2025-03-24T04:04:37.706+0000] {logging_mixin.py:190} INFO - [2025-03-24T04:04:37.706+0000] {dag.py:3239} INFO - Sync 1 DAGs
[2025-03-24T04:04:37.718+0000] {logging_mixin.py:190} INFO - [2025-03-24T04:04:37.718+0000] {dag.py:4180} INFO - Setting next_dagrun for gerar_csv_dados_abertos_cnpj to 2025-03-23 00:00:00+00:00, run_after=2025-03-24 00:00:00+00:00
[2025-03-24T04:04:37.728+0000] {processor.py:208} INFO - Processing /opt/airflow/dags/saving_file.py took 0.184 seconds
[2025-03-24T04:05:07.984+0000] {processor.py:186} INFO - Started process (PID=3036) to work on /opt/airflow/dags/saving_file.py
[2025-03-24T04:05:07.986+0000] {processor.py:914} INFO - Processing file /opt/airflow/dags/saving_file.py for tasks to queue
[2025-03-24T04:05:07.988+0000] {logging_mixin.py:190} INFO - [2025-03-24T04:05:07.988+0000] {dagbag.py:588} INFO - Filling up the DagBag from /opt/airflow/dags/saving_file.py
[2025-03-24T04:05:08.126+0000] {processor.py:925} INFO - DAG(s) 'gerar_csv_dados_abertos_cnpj' retrieved from /opt/airflow/dags/saving_file.py
[2025-03-24T04:05:08.139+0000] {logging_mixin.py:190} INFO - [2025-03-24T04:05:08.138+0000] {dag.py:3239} INFO - Sync 1 DAGs
[2025-03-24T04:05:08.149+0000] {logging_mixin.py:190} INFO - [2025-03-24T04:05:08.149+0000] {dag.py:4180} INFO - Setting next_dagrun for gerar_csv_dados_abertos_cnpj to 2025-03-23 00:00:00+00:00, run_after=2025-03-24 00:00:00+00:00
[2025-03-24T04:05:08.160+0000] {processor.py:208} INFO - Processing /opt/airflow/dags/saving_file.py took 0.179 seconds
[2025-03-24T04:05:38.359+0000] {processor.py:186} INFO - Started process (PID=3047) to work on /opt/airflow/dags/saving_file.py
[2025-03-24T04:05:38.361+0000] {processor.py:914} INFO - Processing file /opt/airflow/dags/saving_file.py for tasks to queue
[2025-03-24T04:05:38.364+0000] {logging_mixin.py:190} INFO - [2025-03-24T04:05:38.363+0000] {dagbag.py:588} INFO - Filling up the DagBag from /opt/airflow/dags/saving_file.py
[2025-03-24T04:05:38.511+0000] {processor.py:925} INFO - DAG(s) 'gerar_csv_dados_abertos_cnpj' retrieved from /opt/airflow/dags/saving_file.py
[2025-03-24T04:05:38.524+0000] {logging_mixin.py:190} INFO - [2025-03-24T04:05:38.524+0000] {dag.py:3239} INFO - Sync 1 DAGs
[2025-03-24T04:05:38.537+0000] {logging_mixin.py:190} INFO - [2025-03-24T04:05:38.537+0000] {dag.py:4180} INFO - Setting next_dagrun for gerar_csv_dados_abertos_cnpj to 2025-03-23 00:00:00+00:00, run_after=2025-03-24 00:00:00+00:00
[2025-03-24T04:05:38.549+0000] {processor.py:208} INFO - Processing /opt/airflow/dags/saving_file.py took 0.193 seconds
[2025-03-24T04:06:08.739+0000] {processor.py:186} INFO - Started process (PID=3058) to work on /opt/airflow/dags/saving_file.py
[2025-03-24T04:06:08.740+0000] {processor.py:914} INFO - Processing file /opt/airflow/dags/saving_file.py for tasks to queue
[2025-03-24T04:06:08.742+0000] {logging_mixin.py:190} INFO - [2025-03-24T04:06:08.742+0000] {dagbag.py:588} INFO - Filling up the DagBag from /opt/airflow/dags/saving_file.py
[2025-03-24T04:06:08.885+0000] {processor.py:925} INFO - DAG(s) 'gerar_csv_dados_abertos_cnpj' retrieved from /opt/airflow/dags/saving_file.py
[2025-03-24T04:06:08.897+0000] {logging_mixin.py:190} INFO - [2025-03-24T04:06:08.897+0000] {dag.py:3239} INFO - Sync 1 DAGs
[2025-03-24T04:06:08.909+0000] {logging_mixin.py:190} INFO - [2025-03-24T04:06:08.909+0000] {dag.py:4180} INFO - Setting next_dagrun for gerar_csv_dados_abertos_cnpj to 2025-03-23 00:00:00+00:00, run_after=2025-03-24 00:00:00+00:00
[2025-03-24T04:06:08.920+0000] {processor.py:208} INFO - Processing /opt/airflow/dags/saving_file.py took 0.184 seconds
[2025-03-24T04:06:39.110+0000] {processor.py:186} INFO - Started process (PID=3069) to work on /opt/airflow/dags/saving_file.py
[2025-03-24T04:06:39.111+0000] {processor.py:914} INFO - Processing file /opt/airflow/dags/saving_file.py for tasks to queue
[2025-03-24T04:06:39.113+0000] {logging_mixin.py:190} INFO - [2025-03-24T04:06:39.113+0000] {dagbag.py:588} INFO - Filling up the DagBag from /opt/airflow/dags/saving_file.py
[2025-03-24T04:06:39.257+0000] {processor.py:925} INFO - DAG(s) 'gerar_csv_dados_abertos_cnpj' retrieved from /opt/airflow/dags/saving_file.py
[2025-03-24T04:06:39.271+0000] {logging_mixin.py:190} INFO - [2025-03-24T04:06:39.271+0000] {dag.py:3239} INFO - Sync 1 DAGs
[2025-03-24T04:06:39.284+0000] {logging_mixin.py:190} INFO - [2025-03-24T04:06:39.284+0000] {dag.py:4180} INFO - Setting next_dagrun for gerar_csv_dados_abertos_cnpj to 2025-03-23 00:00:00+00:00, run_after=2025-03-24 00:00:00+00:00
[2025-03-24T04:06:39.294+0000] {processor.py:208} INFO - Processing /opt/airflow/dags/saving_file.py took 0.187 seconds
[2025-03-24T04:07:09.483+0000] {processor.py:186} INFO - Started process (PID=3080) to work on /opt/airflow/dags/saving_file.py
[2025-03-24T04:07:09.484+0000] {processor.py:914} INFO - Processing file /opt/airflow/dags/saving_file.py for tasks to queue
[2025-03-24T04:07:09.486+0000] {logging_mixin.py:190} INFO - [2025-03-24T04:07:09.486+0000] {dagbag.py:588} INFO - Filling up the DagBag from /opt/airflow/dags/saving_file.py
[2025-03-24T04:07:09.625+0000] {processor.py:925} INFO - DAG(s) 'gerar_csv_dados_abertos_cnpj' retrieved from /opt/airflow/dags/saving_file.py
[2025-03-24T04:07:09.639+0000] {logging_mixin.py:190} INFO - [2025-03-24T04:07:09.638+0000] {dag.py:3239} INFO - Sync 1 DAGs
[2025-03-24T04:07:09.650+0000] {logging_mixin.py:190} INFO - [2025-03-24T04:07:09.650+0000] {dag.py:4180} INFO - Setting next_dagrun for gerar_csv_dados_abertos_cnpj to 2025-03-23 00:00:00+00:00, run_after=2025-03-24 00:00:00+00:00
[2025-03-24T04:07:09.660+0000] {processor.py:208} INFO - Processing /opt/airflow/dags/saving_file.py took 0.180 seconds
[2025-03-24T04:07:39.849+0000] {processor.py:186} INFO - Started process (PID=3091) to work on /opt/airflow/dags/saving_file.py
[2025-03-24T04:07:39.850+0000] {processor.py:914} INFO - Processing file /opt/airflow/dags/saving_file.py for tasks to queue
[2025-03-24T04:07:39.852+0000] {logging_mixin.py:190} INFO - [2025-03-24T04:07:39.852+0000] {dagbag.py:588} INFO - Filling up the DagBag from /opt/airflow/dags/saving_file.py
[2025-03-24T04:07:39.991+0000] {processor.py:925} INFO - DAG(s) 'gerar_csv_dados_abertos_cnpj' retrieved from /opt/airflow/dags/saving_file.py
[2025-03-24T04:07:40.005+0000] {logging_mixin.py:190} INFO - [2025-03-24T04:07:40.005+0000] {dag.py:3239} INFO - Sync 1 DAGs
[2025-03-24T04:07:40.017+0000] {logging_mixin.py:190} INFO - [2025-03-24T04:07:40.016+0000] {dag.py:4180} INFO - Setting next_dagrun for gerar_csv_dados_abertos_cnpj to 2025-03-23 00:00:00+00:00, run_after=2025-03-24 00:00:00+00:00
[2025-03-24T04:07:40.027+0000] {processor.py:208} INFO - Processing /opt/airflow/dags/saving_file.py took 0.181 seconds
[2025-03-24T04:08:10.225+0000] {processor.py:186} INFO - Started process (PID=3102) to work on /opt/airflow/dags/saving_file.py
[2025-03-24T04:08:10.226+0000] {processor.py:914} INFO - Processing file /opt/airflow/dags/saving_file.py for tasks to queue
[2025-03-24T04:08:10.229+0000] {logging_mixin.py:190} INFO - [2025-03-24T04:08:10.228+0000] {dagbag.py:588} INFO - Filling up the DagBag from /opt/airflow/dags/saving_file.py
[2025-03-24T04:08:10.374+0000] {processor.py:925} INFO - DAG(s) 'gerar_csv_dados_abertos_cnpj' retrieved from /opt/airflow/dags/saving_file.py
[2025-03-24T04:08:10.387+0000] {logging_mixin.py:190} INFO - [2025-03-24T04:08:10.387+0000] {dag.py:3239} INFO - Sync 1 DAGs
[2025-03-24T04:08:10.400+0000] {logging_mixin.py:190} INFO - [2025-03-24T04:08:10.400+0000] {dag.py:4180} INFO - Setting next_dagrun for gerar_csv_dados_abertos_cnpj to 2025-03-23 00:00:00+00:00, run_after=2025-03-24 00:00:00+00:00
[2025-03-24T04:08:10.410+0000] {processor.py:208} INFO - Processing /opt/airflow/dags/saving_file.py took 0.188 seconds
[2025-03-24T04:08:40.599+0000] {processor.py:186} INFO - Started process (PID=3113) to work on /opt/airflow/dags/saving_file.py
[2025-03-24T04:08:40.600+0000] {processor.py:914} INFO - Processing file /opt/airflow/dags/saving_file.py for tasks to queue
[2025-03-24T04:08:40.602+0000] {logging_mixin.py:190} INFO - [2025-03-24T04:08:40.602+0000] {dagbag.py:588} INFO - Filling up the DagBag from /opt/airflow/dags/saving_file.py
[2025-03-24T04:08:40.747+0000] {processor.py:925} INFO - DAG(s) 'gerar_csv_dados_abertos_cnpj' retrieved from /opt/airflow/dags/saving_file.py
[2025-03-24T04:08:40.760+0000] {logging_mixin.py:190} INFO - [2025-03-24T04:08:40.760+0000] {dag.py:3239} INFO - Sync 1 DAGs
[2025-03-24T04:08:40.773+0000] {logging_mixin.py:190} INFO - [2025-03-24T04:08:40.773+0000] {dag.py:4180} INFO - Setting next_dagrun for gerar_csv_dados_abertos_cnpj to 2025-03-23 00:00:00+00:00, run_after=2025-03-24 00:00:00+00:00
[2025-03-24T04:08:40.784+0000] {processor.py:208} INFO - Processing /opt/airflow/dags/saving_file.py took 0.188 seconds
[2025-03-24T04:09:10.973+0000] {processor.py:186} INFO - Started process (PID=3124) to work on /opt/airflow/dags/saving_file.py
[2025-03-24T04:09:10.974+0000] {processor.py:914} INFO - Processing file /opt/airflow/dags/saving_file.py for tasks to queue
[2025-03-24T04:09:10.976+0000] {logging_mixin.py:190} INFO - [2025-03-24T04:09:10.976+0000] {dagbag.py:588} INFO - Filling up the DagBag from /opt/airflow/dags/saving_file.py
[2025-03-24T04:09:11.124+0000] {processor.py:925} INFO - DAG(s) 'gerar_csv_dados_abertos_cnpj' retrieved from /opt/airflow/dags/saving_file.py
[2025-03-24T04:09:11.139+0000] {logging_mixin.py:190} INFO - [2025-03-24T04:09:11.139+0000] {dag.py:3239} INFO - Sync 1 DAGs
[2025-03-24T04:09:11.153+0000] {logging_mixin.py:190} INFO - [2025-03-24T04:09:11.153+0000] {dag.py:4180} INFO - Setting next_dagrun for gerar_csv_dados_abertos_cnpj to 2025-03-23 00:00:00+00:00, run_after=2025-03-24 00:00:00+00:00
[2025-03-24T04:09:11.164+0000] {processor.py:208} INFO - Processing /opt/airflow/dags/saving_file.py took 0.194 seconds
[2025-03-24T04:09:41.345+0000] {processor.py:186} INFO - Started process (PID=3135) to work on /opt/airflow/dags/saving_file.py
[2025-03-24T04:09:41.346+0000] {processor.py:914} INFO - Processing file /opt/airflow/dags/saving_file.py for tasks to queue
[2025-03-24T04:09:41.349+0000] {logging_mixin.py:190} INFO - [2025-03-24T04:09:41.349+0000] {dagbag.py:588} INFO - Filling up the DagBag from /opt/airflow/dags/saving_file.py
[2025-03-24T04:09:41.495+0000] {processor.py:925} INFO - DAG(s) 'gerar_csv_dados_abertos_cnpj' retrieved from /opt/airflow/dags/saving_file.py
[2025-03-24T04:09:41.509+0000] {logging_mixin.py:190} INFO - [2025-03-24T04:09:41.509+0000] {dag.py:3239} INFO - Sync 1 DAGs
[2025-03-24T04:09:41.522+0000] {logging_mixin.py:190} INFO - [2025-03-24T04:09:41.522+0000] {dag.py:4180} INFO - Setting next_dagrun for gerar_csv_dados_abertos_cnpj to 2025-03-23 00:00:00+00:00, run_after=2025-03-24 00:00:00+00:00
[2025-03-24T04:09:41.534+0000] {processor.py:208} INFO - Processing /opt/airflow/dags/saving_file.py took 0.191 seconds
[2025-03-24T04:10:11.774+0000] {processor.py:186} INFO - Started process (PID=3146) to work on /opt/airflow/dags/saving_file.py
[2025-03-24T04:10:11.775+0000] {processor.py:914} INFO - Processing file /opt/airflow/dags/saving_file.py for tasks to queue
[2025-03-24T04:10:11.777+0000] {logging_mixin.py:190} INFO - [2025-03-24T04:10:11.777+0000] {dagbag.py:588} INFO - Filling up the DagBag from /opt/airflow/dags/saving_file.py
[2025-03-24T04:10:11.917+0000] {processor.py:925} INFO - DAG(s) 'gerar_csv_dados_abertos_cnpj' retrieved from /opt/airflow/dags/saving_file.py
[2025-03-24T04:10:11.931+0000] {logging_mixin.py:190} INFO - [2025-03-24T04:10:11.930+0000] {dag.py:3239} INFO - Sync 1 DAGs
[2025-03-24T04:10:11.943+0000] {logging_mixin.py:190} INFO - [2025-03-24T04:10:11.943+0000] {dag.py:4180} INFO - Setting next_dagrun for gerar_csv_dados_abertos_cnpj to 2025-03-23 00:00:00+00:00, run_after=2025-03-24 00:00:00+00:00
[2025-03-24T04:10:11.954+0000] {processor.py:208} INFO - Processing /opt/airflow/dags/saving_file.py took 0.183 seconds
[2025-03-24T04:10:42.150+0000] {processor.py:186} INFO - Started process (PID=3157) to work on /opt/airflow/dags/saving_file.py
[2025-03-24T04:10:42.151+0000] {processor.py:914} INFO - Processing file /opt/airflow/dags/saving_file.py for tasks to queue
[2025-03-24T04:10:42.153+0000] {logging_mixin.py:190} INFO - [2025-03-24T04:10:42.153+0000] {dagbag.py:588} INFO - Filling up the DagBag from /opt/airflow/dags/saving_file.py
[2025-03-24T04:10:42.298+0000] {processor.py:925} INFO - DAG(s) 'gerar_csv_dados_abertos_cnpj' retrieved from /opt/airflow/dags/saving_file.py
[2025-03-24T04:10:42.313+0000] {logging_mixin.py:190} INFO - [2025-03-24T04:10:42.312+0000] {dag.py:3239} INFO - Sync 1 DAGs
[2025-03-24T04:10:42.324+0000] {logging_mixin.py:190} INFO - [2025-03-24T04:10:42.324+0000] {dag.py:4180} INFO - Setting next_dagrun for gerar_csv_dados_abertos_cnpj to 2025-03-23 00:00:00+00:00, run_after=2025-03-24 00:00:00+00:00
[2025-03-24T04:10:42.333+0000] {processor.py:208} INFO - Processing /opt/airflow/dags/saving_file.py took 0.186 seconds
[2025-03-24T04:11:12.531+0000] {processor.py:186} INFO - Started process (PID=3168) to work on /opt/airflow/dags/saving_file.py
[2025-03-24T04:11:12.532+0000] {processor.py:914} INFO - Processing file /opt/airflow/dags/saving_file.py for tasks to queue
[2025-03-24T04:11:12.534+0000] {logging_mixin.py:190} INFO - [2025-03-24T04:11:12.534+0000] {dagbag.py:588} INFO - Filling up the DagBag from /opt/airflow/dags/saving_file.py
[2025-03-24T04:11:12.682+0000] {processor.py:925} INFO - DAG(s) 'gerar_csv_dados_abertos_cnpj' retrieved from /opt/airflow/dags/saving_file.py
[2025-03-24T04:11:12.695+0000] {logging_mixin.py:190} INFO - [2025-03-24T04:11:12.695+0000] {dag.py:3239} INFO - Sync 1 DAGs
[2025-03-24T04:11:12.707+0000] {logging_mixin.py:190} INFO - [2025-03-24T04:11:12.707+0000] {dag.py:4180} INFO - Setting next_dagrun for gerar_csv_dados_abertos_cnpj to 2025-03-23 00:00:00+00:00, run_after=2025-03-24 00:00:00+00:00
[2025-03-24T04:11:12.717+0000] {processor.py:208} INFO - Processing /opt/airflow/dags/saving_file.py took 0.188 seconds
[2025-03-24T04:11:42.903+0000] {processor.py:186} INFO - Started process (PID=3179) to work on /opt/airflow/dags/saving_file.py
[2025-03-24T04:11:42.905+0000] {processor.py:914} INFO - Processing file /opt/airflow/dags/saving_file.py for tasks to queue
[2025-03-24T04:11:42.907+0000] {logging_mixin.py:190} INFO - [2025-03-24T04:11:42.907+0000] {dagbag.py:588} INFO - Filling up the DagBag from /opt/airflow/dags/saving_file.py
[2025-03-24T04:11:43.047+0000] {processor.py:925} INFO - DAG(s) 'gerar_csv_dados_abertos_cnpj' retrieved from /opt/airflow/dags/saving_file.py
[2025-03-24T04:11:43.061+0000] {logging_mixin.py:190} INFO - [2025-03-24T04:11:43.060+0000] {dag.py:3239} INFO - Sync 1 DAGs
[2025-03-24T04:11:43.074+0000] {logging_mixin.py:190} INFO - [2025-03-24T04:11:43.074+0000] {dag.py:4180} INFO - Setting next_dagrun for gerar_csv_dados_abertos_cnpj to 2025-03-23 00:00:00+00:00, run_after=2025-03-24 00:00:00+00:00
[2025-03-24T04:11:43.085+0000] {processor.py:208} INFO - Processing /opt/airflow/dags/saving_file.py took 0.185 seconds
[2025-03-24T04:12:13.281+0000] {processor.py:186} INFO - Started process (PID=3190) to work on /opt/airflow/dags/saving_file.py
[2025-03-24T04:12:13.282+0000] {processor.py:914} INFO - Processing file /opt/airflow/dags/saving_file.py for tasks to queue
[2025-03-24T04:12:13.284+0000] {logging_mixin.py:190} INFO - [2025-03-24T04:12:13.284+0000] {dagbag.py:588} INFO - Filling up the DagBag from /opt/airflow/dags/saving_file.py
[2025-03-24T04:12:13.431+0000] {processor.py:925} INFO - DAG(s) 'gerar_csv_dados_abertos_cnpj' retrieved from /opt/airflow/dags/saving_file.py
[2025-03-24T04:12:13.446+0000] {logging_mixin.py:190} INFO - [2025-03-24T04:12:13.445+0000] {dag.py:3239} INFO - Sync 1 DAGs
[2025-03-24T04:12:13.459+0000] {logging_mixin.py:190} INFO - [2025-03-24T04:12:13.459+0000] {dag.py:4180} INFO - Setting next_dagrun for gerar_csv_dados_abertos_cnpj to 2025-03-23 00:00:00+00:00, run_after=2025-03-24 00:00:00+00:00
[2025-03-24T04:12:13.470+0000] {processor.py:208} INFO - Processing /opt/airflow/dags/saving_file.py took 0.192 seconds
[2025-03-24T04:12:43.666+0000] {processor.py:186} INFO - Started process (PID=3201) to work on /opt/airflow/dags/saving_file.py
[2025-03-24T04:12:43.667+0000] {processor.py:914} INFO - Processing file /opt/airflow/dags/saving_file.py for tasks to queue
[2025-03-24T04:12:43.670+0000] {logging_mixin.py:190} INFO - [2025-03-24T04:12:43.670+0000] {dagbag.py:588} INFO - Filling up the DagBag from /opt/airflow/dags/saving_file.py
[2025-03-24T04:12:43.816+0000] {processor.py:925} INFO - DAG(s) 'gerar_csv_dados_abertos_cnpj' retrieved from /opt/airflow/dags/saving_file.py
[2025-03-24T04:12:43.829+0000] {logging_mixin.py:190} INFO - [2025-03-24T04:12:43.829+0000] {dag.py:3239} INFO - Sync 1 DAGs
[2025-03-24T04:12:43.841+0000] {logging_mixin.py:190} INFO - [2025-03-24T04:12:43.841+0000] {dag.py:4180} INFO - Setting next_dagrun for gerar_csv_dados_abertos_cnpj to 2025-03-23 00:00:00+00:00, run_after=2025-03-24 00:00:00+00:00
[2025-03-24T04:12:43.851+0000] {processor.py:208} INFO - Processing /opt/airflow/dags/saving_file.py took 0.189 seconds
[2025-03-24T04:13:14.043+0000] {processor.py:186} INFO - Started process (PID=3212) to work on /opt/airflow/dags/saving_file.py
[2025-03-24T04:13:14.044+0000] {processor.py:914} INFO - Processing file /opt/airflow/dags/saving_file.py for tasks to queue
[2025-03-24T04:13:14.047+0000] {logging_mixin.py:190} INFO - [2025-03-24T04:13:14.047+0000] {dagbag.py:588} INFO - Filling up the DagBag from /opt/airflow/dags/saving_file.py
[2025-03-24T04:13:14.186+0000] {processor.py:925} INFO - DAG(s) 'gerar_csv_dados_abertos_cnpj' retrieved from /opt/airflow/dags/saving_file.py
[2025-03-24T04:13:14.198+0000] {logging_mixin.py:190} INFO - [2025-03-24T04:13:14.198+0000] {dag.py:3239} INFO - Sync 1 DAGs
[2025-03-24T04:13:14.209+0000] {logging_mixin.py:190} INFO - [2025-03-24T04:13:14.209+0000] {dag.py:4180} INFO - Setting next_dagrun for gerar_csv_dados_abertos_cnpj to 2025-03-23 00:00:00+00:00, run_after=2025-03-24 00:00:00+00:00
[2025-03-24T04:13:14.235+0000] {processor.py:208} INFO - Processing /opt/airflow/dags/saving_file.py took 0.195 seconds
[2025-03-24T04:13:44.425+0000] {processor.py:186} INFO - Started process (PID=3223) to work on /opt/airflow/dags/saving_file.py
[2025-03-24T04:13:44.426+0000] {processor.py:914} INFO - Processing file /opt/airflow/dags/saving_file.py for tasks to queue
[2025-03-24T04:13:44.429+0000] {logging_mixin.py:190} INFO - [2025-03-24T04:13:44.428+0000] {dagbag.py:588} INFO - Filling up the DagBag from /opt/airflow/dags/saving_file.py
[2025-03-24T04:13:44.567+0000] {processor.py:925} INFO - DAG(s) 'gerar_csv_dados_abertos_cnpj' retrieved from /opt/airflow/dags/saving_file.py
[2025-03-24T04:13:44.582+0000] {logging_mixin.py:190} INFO - [2025-03-24T04:13:44.581+0000] {dag.py:3239} INFO - Sync 1 DAGs
[2025-03-24T04:13:44.594+0000] {logging_mixin.py:190} INFO - [2025-03-24T04:13:44.593+0000] {dag.py:4180} INFO - Setting next_dagrun for gerar_csv_dados_abertos_cnpj to 2025-03-23 00:00:00+00:00, run_after=2025-03-24 00:00:00+00:00
[2025-03-24T04:13:44.604+0000] {processor.py:208} INFO - Processing /opt/airflow/dags/saving_file.py took 0.182 seconds
[2025-03-24T04:14:14.798+0000] {processor.py:186} INFO - Started process (PID=3234) to work on /opt/airflow/dags/saving_file.py
[2025-03-24T04:14:14.800+0000] {processor.py:914} INFO - Processing file /opt/airflow/dags/saving_file.py for tasks to queue
[2025-03-24T04:14:14.802+0000] {logging_mixin.py:190} INFO - [2025-03-24T04:14:14.802+0000] {dagbag.py:588} INFO - Filling up the DagBag from /opt/airflow/dags/saving_file.py
[2025-03-24T04:14:14.950+0000] {processor.py:925} INFO - DAG(s) 'gerar_csv_dados_abertos_cnpj' retrieved from /opt/airflow/dags/saving_file.py
[2025-03-24T04:14:14.964+0000] {logging_mixin.py:190} INFO - [2025-03-24T04:14:14.963+0000] {dag.py:3239} INFO - Sync 1 DAGs
[2025-03-24T04:14:14.979+0000] {logging_mixin.py:190} INFO - [2025-03-24T04:14:14.979+0000] {dag.py:4180} INFO - Setting next_dagrun for gerar_csv_dados_abertos_cnpj to 2025-03-23 00:00:00+00:00, run_after=2025-03-24 00:00:00+00:00
[2025-03-24T04:14:14.989+0000] {processor.py:208} INFO - Processing /opt/airflow/dags/saving_file.py took 0.195 seconds
[2025-03-24T04:14:45.178+0000] {processor.py:186} INFO - Started process (PID=3245) to work on /opt/airflow/dags/saving_file.py
[2025-03-24T04:14:45.179+0000] {processor.py:914} INFO - Processing file /opt/airflow/dags/saving_file.py for tasks to queue
[2025-03-24T04:14:45.182+0000] {logging_mixin.py:190} INFO - [2025-03-24T04:14:45.182+0000] {dagbag.py:588} INFO - Filling up the DagBag from /opt/airflow/dags/saving_file.py
[2025-03-24T04:14:45.330+0000] {processor.py:925} INFO - DAG(s) 'gerar_csv_dados_abertos_cnpj' retrieved from /opt/airflow/dags/saving_file.py
[2025-03-24T04:14:45.344+0000] {logging_mixin.py:190} INFO - [2025-03-24T04:14:45.344+0000] {dag.py:3239} INFO - Sync 1 DAGs
[2025-03-24T04:14:45.357+0000] {logging_mixin.py:190} INFO - [2025-03-24T04:14:45.357+0000] {dag.py:4180} INFO - Setting next_dagrun for gerar_csv_dados_abertos_cnpj to 2025-03-23 00:00:00+00:00, run_after=2025-03-24 00:00:00+00:00
[2025-03-24T04:14:45.369+0000] {processor.py:208} INFO - Processing /opt/airflow/dags/saving_file.py took 0.195 seconds
[2025-03-24T04:15:15.616+0000] {processor.py:186} INFO - Started process (PID=3256) to work on /opt/airflow/dags/saving_file.py
[2025-03-24T04:15:15.617+0000] {processor.py:914} INFO - Processing file /opt/airflow/dags/saving_file.py for tasks to queue
[2025-03-24T04:15:15.619+0000] {logging_mixin.py:190} INFO - [2025-03-24T04:15:15.619+0000] {dagbag.py:588} INFO - Filling up the DagBag from /opt/airflow/dags/saving_file.py
[2025-03-24T04:15:15.762+0000] {processor.py:925} INFO - DAG(s) 'gerar_csv_dados_abertos_cnpj' retrieved from /opt/airflow/dags/saving_file.py
[2025-03-24T04:15:15.779+0000] {logging_mixin.py:190} INFO - [2025-03-24T04:15:15.779+0000] {dag.py:3239} INFO - Sync 1 DAGs
[2025-03-24T04:15:15.791+0000] {logging_mixin.py:190} INFO - [2025-03-24T04:15:15.791+0000] {dag.py:4180} INFO - Setting next_dagrun for gerar_csv_dados_abertos_cnpj to 2025-03-23 00:00:00+00:00, run_after=2025-03-24 00:00:00+00:00
[2025-03-24T04:15:15.802+0000] {processor.py:208} INFO - Processing /opt/airflow/dags/saving_file.py took 0.189 seconds
[2025-03-24T04:15:45.993+0000] {processor.py:186} INFO - Started process (PID=3267) to work on /opt/airflow/dags/saving_file.py
[2025-03-24T04:15:45.994+0000] {processor.py:914} INFO - Processing file /opt/airflow/dags/saving_file.py for tasks to queue
[2025-03-24T04:15:45.996+0000] {logging_mixin.py:190} INFO - [2025-03-24T04:15:45.996+0000] {dagbag.py:588} INFO - Filling up the DagBag from /opt/airflow/dags/saving_file.py
[2025-03-24T04:15:46.140+0000] {processor.py:925} INFO - DAG(s) 'gerar_csv_dados_abertos_cnpj' retrieved from /opt/airflow/dags/saving_file.py
[2025-03-24T04:15:46.154+0000] {logging_mixin.py:190} INFO - [2025-03-24T04:15:46.154+0000] {dag.py:3239} INFO - Sync 1 DAGs
[2025-03-24T04:15:46.166+0000] {logging_mixin.py:190} INFO - [2025-03-24T04:15:46.166+0000] {dag.py:4180} INFO - Setting next_dagrun for gerar_csv_dados_abertos_cnpj to 2025-03-23 00:00:00+00:00, run_after=2025-03-24 00:00:00+00:00
[2025-03-24T04:15:46.175+0000] {processor.py:208} INFO - Processing /opt/airflow/dags/saving_file.py took 0.186 seconds
[2025-03-24T04:16:16.358+0000] {processor.py:186} INFO - Started process (PID=3278) to work on /opt/airflow/dags/saving_file.py
[2025-03-24T04:16:16.359+0000] {processor.py:914} INFO - Processing file /opt/airflow/dags/saving_file.py for tasks to queue
[2025-03-24T04:16:16.361+0000] {logging_mixin.py:190} INFO - [2025-03-24T04:16:16.361+0000] {dagbag.py:588} INFO - Filling up the DagBag from /opt/airflow/dags/saving_file.py
[2025-03-24T04:16:16.507+0000] {processor.py:925} INFO - DAG(s) 'gerar_csv_dados_abertos_cnpj' retrieved from /opt/airflow/dags/saving_file.py
[2025-03-24T04:16:16.520+0000] {logging_mixin.py:190} INFO - [2025-03-24T04:16:16.520+0000] {dag.py:3239} INFO - Sync 1 DAGs
[2025-03-24T04:16:16.534+0000] {logging_mixin.py:190} INFO - [2025-03-24T04:16:16.533+0000] {dag.py:4180} INFO - Setting next_dagrun for gerar_csv_dados_abertos_cnpj to 2025-03-23 00:00:00+00:00, run_after=2025-03-24 00:00:00+00:00
[2025-03-24T04:16:16.546+0000] {processor.py:208} INFO - Processing /opt/airflow/dags/saving_file.py took 0.191 seconds
[2025-03-24T04:16:46.733+0000] {processor.py:186} INFO - Started process (PID=3289) to work on /opt/airflow/dags/saving_file.py
[2025-03-24T04:16:46.734+0000] {processor.py:914} INFO - Processing file /opt/airflow/dags/saving_file.py for tasks to queue
[2025-03-24T04:16:46.736+0000] {logging_mixin.py:190} INFO - [2025-03-24T04:16:46.736+0000] {dagbag.py:588} INFO - Filling up the DagBag from /opt/airflow/dags/saving_file.py
[2025-03-24T04:16:46.885+0000] {processor.py:925} INFO - DAG(s) 'gerar_csv_dados_abertos_cnpj' retrieved from /opt/airflow/dags/saving_file.py
[2025-03-24T04:16:46.897+0000] {logging_mixin.py:190} INFO - [2025-03-24T04:16:46.897+0000] {dag.py:3239} INFO - Sync 1 DAGs
[2025-03-24T04:16:46.910+0000] {logging_mixin.py:190} INFO - [2025-03-24T04:16:46.909+0000] {dag.py:4180} INFO - Setting next_dagrun for gerar_csv_dados_abertos_cnpj to 2025-03-23 00:00:00+00:00, run_after=2025-03-24 00:00:00+00:00
[2025-03-24T04:16:46.919+0000] {processor.py:208} INFO - Processing /opt/airflow/dags/saving_file.py took 0.190 seconds
[2025-03-24T04:17:17.119+0000] {processor.py:186} INFO - Started process (PID=3300) to work on /opt/airflow/dags/saving_file.py
[2025-03-24T04:17:17.120+0000] {processor.py:914} INFO - Processing file /opt/airflow/dags/saving_file.py for tasks to queue
[2025-03-24T04:17:17.123+0000] {logging_mixin.py:190} INFO - [2025-03-24T04:17:17.123+0000] {dagbag.py:588} INFO - Filling up the DagBag from /opt/airflow/dags/saving_file.py
[2025-03-24T04:17:17.270+0000] {processor.py:925} INFO - DAG(s) 'gerar_csv_dados_abertos_cnpj' retrieved from /opt/airflow/dags/saving_file.py
[2025-03-24T04:17:17.283+0000] {logging_mixin.py:190} INFO - [2025-03-24T04:17:17.283+0000] {dag.py:3239} INFO - Sync 1 DAGs
[2025-03-24T04:17:17.296+0000] {logging_mixin.py:190} INFO - [2025-03-24T04:17:17.296+0000] {dag.py:4180} INFO - Setting next_dagrun for gerar_csv_dados_abertos_cnpj to 2025-03-23 00:00:00+00:00, run_after=2025-03-24 00:00:00+00:00
[2025-03-24T04:17:17.306+0000] {processor.py:208} INFO - Processing /opt/airflow/dags/saving_file.py took 0.190 seconds
[2025-03-24T04:17:47.504+0000] {processor.py:186} INFO - Started process (PID=3311) to work on /opt/airflow/dags/saving_file.py
[2025-03-24T04:17:47.505+0000] {processor.py:914} INFO - Processing file /opt/airflow/dags/saving_file.py for tasks to queue
[2025-03-24T04:17:47.507+0000] {logging_mixin.py:190} INFO - [2025-03-24T04:17:47.507+0000] {dagbag.py:588} INFO - Filling up the DagBag from /opt/airflow/dags/saving_file.py
[2025-03-24T04:17:47.651+0000] {processor.py:925} INFO - DAG(s) 'gerar_csv_dados_abertos_cnpj' retrieved from /opt/airflow/dags/saving_file.py
[2025-03-24T04:17:47.663+0000] {logging_mixin.py:190} INFO - [2025-03-24T04:17:47.663+0000] {dag.py:3239} INFO - Sync 1 DAGs
[2025-03-24T04:17:47.674+0000] {logging_mixin.py:190} INFO - [2025-03-24T04:17:47.674+0000] {dag.py:4180} INFO - Setting next_dagrun for gerar_csv_dados_abertos_cnpj to 2025-03-23 00:00:00+00:00, run_after=2025-03-24 00:00:00+00:00
[2025-03-24T04:17:47.685+0000] {processor.py:208} INFO - Processing /opt/airflow/dags/saving_file.py took 0.183 seconds
[2025-03-24T04:18:17.874+0000] {processor.py:186} INFO - Started process (PID=3322) to work on /opt/airflow/dags/saving_file.py
[2025-03-24T04:18:17.875+0000] {processor.py:914} INFO - Processing file /opt/airflow/dags/saving_file.py for tasks to queue
[2025-03-24T04:18:17.877+0000] {logging_mixin.py:190} INFO - [2025-03-24T04:18:17.876+0000] {dagbag.py:588} INFO - Filling up the DagBag from /opt/airflow/dags/saving_file.py
[2025-03-24T04:18:18.020+0000] {processor.py:925} INFO - DAG(s) 'gerar_csv_dados_abertos_cnpj' retrieved from /opt/airflow/dags/saving_file.py
[2025-03-24T04:18:18.033+0000] {logging_mixin.py:190} INFO - [2025-03-24T04:18:18.033+0000] {dag.py:3239} INFO - Sync 1 DAGs
[2025-03-24T04:18:18.045+0000] {logging_mixin.py:190} INFO - [2025-03-24T04:18:18.045+0000] {dag.py:4180} INFO - Setting next_dagrun for gerar_csv_dados_abertos_cnpj to 2025-03-23 00:00:00+00:00, run_after=2025-03-24 00:00:00+00:00
[2025-03-24T04:18:18.057+0000] {processor.py:208} INFO - Processing /opt/airflow/dags/saving_file.py took 0.186 seconds
[2025-03-24T04:18:48.237+0000] {processor.py:186} INFO - Started process (PID=3333) to work on /opt/airflow/dags/saving_file.py
[2025-03-24T04:18:48.238+0000] {processor.py:914} INFO - Processing file /opt/airflow/dags/saving_file.py for tasks to queue
[2025-03-24T04:18:48.240+0000] {logging_mixin.py:190} INFO - [2025-03-24T04:18:48.240+0000] {dagbag.py:588} INFO - Filling up the DagBag from /opt/airflow/dags/saving_file.py
[2025-03-24T04:18:48.381+0000] {processor.py:925} INFO - DAG(s) 'gerar_csv_dados_abertos_cnpj' retrieved from /opt/airflow/dags/saving_file.py
[2025-03-24T04:18:48.393+0000] {logging_mixin.py:190} INFO - [2025-03-24T04:18:48.393+0000] {dag.py:3239} INFO - Sync 1 DAGs
[2025-03-24T04:18:48.404+0000] {logging_mixin.py:190} INFO - [2025-03-24T04:18:48.404+0000] {dag.py:4180} INFO - Setting next_dagrun for gerar_csv_dados_abertos_cnpj to 2025-03-23 00:00:00+00:00, run_after=2025-03-24 00:00:00+00:00
[2025-03-24T04:18:48.413+0000] {processor.py:208} INFO - Processing /opt/airflow/dags/saving_file.py took 0.179 seconds
[2025-03-24T04:19:18.617+0000] {processor.py:186} INFO - Started process (PID=3344) to work on /opt/airflow/dags/saving_file.py
[2025-03-24T04:19:18.618+0000] {processor.py:914} INFO - Processing file /opt/airflow/dags/saving_file.py for tasks to queue
[2025-03-24T04:19:18.620+0000] {logging_mixin.py:190} INFO - [2025-03-24T04:19:18.620+0000] {dagbag.py:588} INFO - Filling up the DagBag from /opt/airflow/dags/saving_file.py
[2025-03-24T04:19:18.761+0000] {processor.py:925} INFO - DAG(s) 'gerar_csv_dados_abertos_cnpj' retrieved from /opt/airflow/dags/saving_file.py
[2025-03-24T04:19:18.773+0000] {logging_mixin.py:190} INFO - [2025-03-24T04:19:18.773+0000] {dag.py:3239} INFO - Sync 1 DAGs
[2025-03-24T04:19:18.784+0000] {logging_mixin.py:190} INFO - [2025-03-24T04:19:18.784+0000] {dag.py:4180} INFO - Setting next_dagrun for gerar_csv_dados_abertos_cnpj to 2025-03-23 00:00:00+00:00, run_after=2025-03-24 00:00:00+00:00
[2025-03-24T04:19:18.797+0000] {processor.py:208} INFO - Processing /opt/airflow/dags/saving_file.py took 0.183 seconds
[2025-03-24T04:19:48.991+0000] {processor.py:186} INFO - Started process (PID=3355) to work on /opt/airflow/dags/saving_file.py
[2025-03-24T04:19:48.992+0000] {processor.py:914} INFO - Processing file /opt/airflow/dags/saving_file.py for tasks to queue
[2025-03-24T04:19:48.994+0000] {logging_mixin.py:190} INFO - [2025-03-24T04:19:48.994+0000] {dagbag.py:588} INFO - Filling up the DagBag from /opt/airflow/dags/saving_file.py
[2025-03-24T04:19:49.134+0000] {processor.py:925} INFO - DAG(s) 'gerar_csv_dados_abertos_cnpj' retrieved from /opt/airflow/dags/saving_file.py
[2025-03-24T04:19:49.147+0000] {logging_mixin.py:190} INFO - [2025-03-24T04:19:49.147+0000] {dag.py:3239} INFO - Sync 1 DAGs
[2025-03-24T04:19:49.161+0000] {logging_mixin.py:190} INFO - [2025-03-24T04:19:49.161+0000] {dag.py:4180} INFO - Setting next_dagrun for gerar_csv_dados_abertos_cnpj to 2025-03-23 00:00:00+00:00, run_after=2025-03-24 00:00:00+00:00
[2025-03-24T04:19:49.171+0000] {processor.py:208} INFO - Processing /opt/airflow/dags/saving_file.py took 0.184 seconds
[2025-03-24T04:20:19.420+0000] {processor.py:186} INFO - Started process (PID=3366) to work on /opt/airflow/dags/saving_file.py
[2025-03-24T04:20:19.421+0000] {processor.py:914} INFO - Processing file /opt/airflow/dags/saving_file.py for tasks to queue
[2025-03-24T04:20:19.423+0000] {logging_mixin.py:190} INFO - [2025-03-24T04:20:19.423+0000] {dagbag.py:588} INFO - Filling up the DagBag from /opt/airflow/dags/saving_file.py
[2025-03-24T04:20:19.566+0000] {processor.py:925} INFO - DAG(s) 'gerar_csv_dados_abertos_cnpj' retrieved from /opt/airflow/dags/saving_file.py
[2025-03-24T04:20:19.580+0000] {logging_mixin.py:190} INFO - [2025-03-24T04:20:19.580+0000] {dag.py:3239} INFO - Sync 1 DAGs
[2025-03-24T04:20:19.591+0000] {logging_mixin.py:190} INFO - [2025-03-24T04:20:19.591+0000] {dag.py:4180} INFO - Setting next_dagrun for gerar_csv_dados_abertos_cnpj to 2025-03-23 00:00:00+00:00, run_after=2025-03-24 00:00:00+00:00
[2025-03-24T04:20:19.600+0000] {processor.py:208} INFO - Processing /opt/airflow/dags/saving_file.py took 0.183 seconds
[2025-03-24T04:20:49.806+0000] {processor.py:186} INFO - Started process (PID=3377) to work on /opt/airflow/dags/saving_file.py
[2025-03-24T04:20:49.807+0000] {processor.py:914} INFO - Processing file /opt/airflow/dags/saving_file.py for tasks to queue
[2025-03-24T04:20:49.809+0000] {logging_mixin.py:190} INFO - [2025-03-24T04:20:49.809+0000] {dagbag.py:588} INFO - Filling up the DagBag from /opt/airflow/dags/saving_file.py
[2025-03-24T04:20:49.952+0000] {processor.py:925} INFO - DAG(s) 'gerar_csv_dados_abertos_cnpj' retrieved from /opt/airflow/dags/saving_file.py
[2025-03-24T04:20:49.964+0000] {logging_mixin.py:190} INFO - [2025-03-24T04:20:49.964+0000] {dag.py:3239} INFO - Sync 1 DAGs
[2025-03-24T04:20:49.976+0000] {logging_mixin.py:190} INFO - [2025-03-24T04:20:49.976+0000] {dag.py:4180} INFO - Setting next_dagrun for gerar_csv_dados_abertos_cnpj to 2025-03-23 00:00:00+00:00, run_after=2025-03-24 00:00:00+00:00
[2025-03-24T04:20:49.985+0000] {processor.py:208} INFO - Processing /opt/airflow/dags/saving_file.py took 0.182 seconds
[2025-03-24T04:21:20.198+0000] {processor.py:186} INFO - Started process (PID=3388) to work on /opt/airflow/dags/saving_file.py
[2025-03-24T04:21:20.199+0000] {processor.py:914} INFO - Processing file /opt/airflow/dags/saving_file.py for tasks to queue
[2025-03-24T04:21:20.201+0000] {logging_mixin.py:190} INFO - [2025-03-24T04:21:20.201+0000] {dagbag.py:588} INFO - Filling up the DagBag from /opt/airflow/dags/saving_file.py
[2025-03-24T04:21:20.344+0000] {processor.py:925} INFO - DAG(s) 'gerar_csv_dados_abertos_cnpj' retrieved from /opt/airflow/dags/saving_file.py
[2025-03-24T04:21:20.357+0000] {logging_mixin.py:190} INFO - [2025-03-24T04:21:20.357+0000] {dag.py:3239} INFO - Sync 1 DAGs
[2025-03-24T04:21:20.369+0000] {logging_mixin.py:190} INFO - [2025-03-24T04:21:20.369+0000] {dag.py:4180} INFO - Setting next_dagrun for gerar_csv_dados_abertos_cnpj to 2025-03-23 00:00:00+00:00, run_after=2025-03-24 00:00:00+00:00
[2025-03-24T04:21:20.380+0000] {processor.py:208} INFO - Processing /opt/airflow/dags/saving_file.py took 0.185 seconds
[2025-03-24T04:21:50.578+0000] {processor.py:186} INFO - Started process (PID=3399) to work on /opt/airflow/dags/saving_file.py
[2025-03-24T04:21:50.579+0000] {processor.py:914} INFO - Processing file /opt/airflow/dags/saving_file.py for tasks to queue
[2025-03-24T04:21:50.581+0000] {logging_mixin.py:190} INFO - [2025-03-24T04:21:50.581+0000] {dagbag.py:588} INFO - Filling up the DagBag from /opt/airflow/dags/saving_file.py
[2025-03-24T04:21:50.729+0000] {processor.py:925} INFO - DAG(s) 'gerar_csv_dados_abertos_cnpj' retrieved from /opt/airflow/dags/saving_file.py
[2025-03-24T04:21:50.742+0000] {logging_mixin.py:190} INFO - [2025-03-24T04:21:50.742+0000] {dag.py:3239} INFO - Sync 1 DAGs
[2025-03-24T04:21:50.755+0000] {logging_mixin.py:190} INFO - [2025-03-24T04:21:50.754+0000] {dag.py:4180} INFO - Setting next_dagrun for gerar_csv_dados_abertos_cnpj to 2025-03-23 00:00:00+00:00, run_after=2025-03-24 00:00:00+00:00
[2025-03-24T04:21:50.765+0000] {processor.py:208} INFO - Processing /opt/airflow/dags/saving_file.py took 0.190 seconds
[2025-03-24T04:22:20.952+0000] {processor.py:186} INFO - Started process (PID=3410) to work on /opt/airflow/dags/saving_file.py
[2025-03-24T04:22:20.953+0000] {processor.py:914} INFO - Processing file /opt/airflow/dags/saving_file.py for tasks to queue
[2025-03-24T04:22:20.956+0000] {logging_mixin.py:190} INFO - [2025-03-24T04:22:20.955+0000] {dagbag.py:588} INFO - Filling up the DagBag from /opt/airflow/dags/saving_file.py
[2025-03-24T04:22:21.100+0000] {processor.py:925} INFO - DAG(s) 'gerar_csv_dados_abertos_cnpj' retrieved from /opt/airflow/dags/saving_file.py
[2025-03-24T04:22:21.112+0000] {logging_mixin.py:190} INFO - [2025-03-24T04:22:21.111+0000] {dag.py:3239} INFO - Sync 1 DAGs
[2025-03-24T04:22:21.123+0000] {logging_mixin.py:190} INFO - [2025-03-24T04:22:21.123+0000] {dag.py:4180} INFO - Setting next_dagrun for gerar_csv_dados_abertos_cnpj to 2025-03-23 00:00:00+00:00, run_after=2025-03-24 00:00:00+00:00
[2025-03-24T04:22:21.133+0000] {processor.py:208} INFO - Processing /opt/airflow/dags/saving_file.py took 0.184 seconds
[2025-03-24T04:22:51.337+0000] {processor.py:186} INFO - Started process (PID=3421) to work on /opt/airflow/dags/saving_file.py
[2025-03-24T04:22:51.338+0000] {processor.py:914} INFO - Processing file /opt/airflow/dags/saving_file.py for tasks to queue
[2025-03-24T04:22:51.341+0000] {logging_mixin.py:190} INFO - [2025-03-24T04:22:51.341+0000] {dagbag.py:588} INFO - Filling up the DagBag from /opt/airflow/dags/saving_file.py
[2025-03-24T04:22:51.484+0000] {processor.py:925} INFO - DAG(s) 'gerar_csv_dados_abertos_cnpj' retrieved from /opt/airflow/dags/saving_file.py
[2025-03-24T04:22:51.498+0000] {logging_mixin.py:190} INFO - [2025-03-24T04:22:51.497+0000] {dag.py:3239} INFO - Sync 1 DAGs
[2025-03-24T04:22:51.511+0000] {logging_mixin.py:190} INFO - [2025-03-24T04:22:51.510+0000] {dag.py:4180} INFO - Setting next_dagrun for gerar_csv_dados_abertos_cnpj to 2025-03-23 00:00:00+00:00, run_after=2025-03-24 00:00:00+00:00
[2025-03-24T04:22:51.520+0000] {processor.py:208} INFO - Processing /opt/airflow/dags/saving_file.py took 0.186 seconds
[2025-03-24T04:23:21.710+0000] {processor.py:186} INFO - Started process (PID=3432) to work on /opt/airflow/dags/saving_file.py
[2025-03-24T04:23:21.711+0000] {processor.py:914} INFO - Processing file /opt/airflow/dags/saving_file.py for tasks to queue
[2025-03-24T04:23:21.713+0000] {logging_mixin.py:190} INFO - [2025-03-24T04:23:21.713+0000] {dagbag.py:588} INFO - Filling up the DagBag from /opt/airflow/dags/saving_file.py
[2025-03-24T04:23:21.858+0000] {processor.py:925} INFO - DAG(s) 'gerar_csv_dados_abertos_cnpj' retrieved from /opt/airflow/dags/saving_file.py
[2025-03-24T04:23:21.873+0000] {logging_mixin.py:190} INFO - [2025-03-24T04:23:21.873+0000] {dag.py:3239} INFO - Sync 1 DAGs
[2025-03-24T04:23:21.887+0000] {logging_mixin.py:190} INFO - [2025-03-24T04:23:21.887+0000] {dag.py:4180} INFO - Setting next_dagrun for gerar_csv_dados_abertos_cnpj to 2025-03-23 00:00:00+00:00, run_after=2025-03-24 00:00:00+00:00
[2025-03-24T04:23:21.899+0000] {processor.py:208} INFO - Processing /opt/airflow/dags/saving_file.py took 0.192 seconds
[2025-03-24T04:23:52.104+0000] {processor.py:186} INFO - Started process (PID=3443) to work on /opt/airflow/dags/saving_file.py
[2025-03-24T04:23:52.106+0000] {processor.py:914} INFO - Processing file /opt/airflow/dags/saving_file.py for tasks to queue
[2025-03-24T04:23:52.109+0000] {logging_mixin.py:190} INFO - [2025-03-24T04:23:52.109+0000] {dagbag.py:588} INFO - Filling up the DagBag from /opt/airflow/dags/saving_file.py
[2025-03-24T04:23:52.256+0000] {processor.py:925} INFO - DAG(s) 'gerar_csv_dados_abertos_cnpj' retrieved from /opt/airflow/dags/saving_file.py
[2025-03-24T04:23:52.269+0000] {logging_mixin.py:190} INFO - [2025-03-24T04:23:52.269+0000] {dag.py:3239} INFO - Sync 1 DAGs
[2025-03-24T04:23:52.280+0000] {logging_mixin.py:190} INFO - [2025-03-24T04:23:52.279+0000] {dag.py:4180} INFO - Setting next_dagrun for gerar_csv_dados_abertos_cnpj to 2025-03-23 00:00:00+00:00, run_after=2025-03-24 00:00:00+00:00
[2025-03-24T04:23:52.290+0000] {processor.py:208} INFO - Processing /opt/airflow/dags/saving_file.py took 0.190 seconds
[2025-03-24T04:24:22.491+0000] {processor.py:186} INFO - Started process (PID=3454) to work on /opt/airflow/dags/saving_file.py
[2025-03-24T04:24:22.492+0000] {processor.py:914} INFO - Processing file /opt/airflow/dags/saving_file.py for tasks to queue
[2025-03-24T04:24:22.494+0000] {logging_mixin.py:190} INFO - [2025-03-24T04:24:22.494+0000] {dagbag.py:588} INFO - Filling up the DagBag from /opt/airflow/dags/saving_file.py
[2025-03-24T04:24:22.641+0000] {processor.py:925} INFO - DAG(s) 'gerar_csv_dados_abertos_cnpj' retrieved from /opt/airflow/dags/saving_file.py
[2025-03-24T04:24:22.655+0000] {logging_mixin.py:190} INFO - [2025-03-24T04:24:22.654+0000] {dag.py:3239} INFO - Sync 1 DAGs
[2025-03-24T04:24:22.667+0000] {logging_mixin.py:190} INFO - [2025-03-24T04:24:22.667+0000] {dag.py:4180} INFO - Setting next_dagrun for gerar_csv_dados_abertos_cnpj to 2025-03-23 00:00:00+00:00, run_after=2025-03-24 00:00:00+00:00
[2025-03-24T04:24:22.680+0000] {processor.py:208} INFO - Processing /opt/airflow/dags/saving_file.py took 0.192 seconds
[2025-03-24T04:24:52.868+0000] {processor.py:186} INFO - Started process (PID=3465) to work on /opt/airflow/dags/saving_file.py
[2025-03-24T04:24:52.869+0000] {processor.py:914} INFO - Processing file /opt/airflow/dags/saving_file.py for tasks to queue
[2025-03-24T04:24:52.871+0000] {logging_mixin.py:190} INFO - [2025-03-24T04:24:52.871+0000] {dagbag.py:588} INFO - Filling up the DagBag from /opt/airflow/dags/saving_file.py
[2025-03-24T04:24:53.019+0000] {processor.py:925} INFO - DAG(s) 'gerar_csv_dados_abertos_cnpj' retrieved from /opt/airflow/dags/saving_file.py
[2025-03-24T04:24:53.033+0000] {logging_mixin.py:190} INFO - [2025-03-24T04:24:53.033+0000] {dag.py:3239} INFO - Sync 1 DAGs
[2025-03-24T04:24:53.047+0000] {logging_mixin.py:190} INFO - [2025-03-24T04:24:53.047+0000] {dag.py:4180} INFO - Setting next_dagrun for gerar_csv_dados_abertos_cnpj to 2025-03-23 00:00:00+00:00, run_after=2025-03-24 00:00:00+00:00
[2025-03-24T04:24:53.057+0000] {processor.py:208} INFO - Processing /opt/airflow/dags/saving_file.py took 0.192 seconds
[2025-03-24T04:25:23.240+0000] {processor.py:186} INFO - Started process (PID=3476) to work on /opt/airflow/dags/saving_file.py
[2025-03-24T04:25:23.241+0000] {processor.py:914} INFO - Processing file /opt/airflow/dags/saving_file.py for tasks to queue
[2025-03-24T04:25:23.243+0000] {logging_mixin.py:190} INFO - [2025-03-24T04:25:23.243+0000] {dagbag.py:588} INFO - Filling up the DagBag from /opt/airflow/dags/saving_file.py
[2025-03-24T04:25:23.387+0000] {processor.py:925} INFO - DAG(s) 'gerar_csv_dados_abertos_cnpj' retrieved from /opt/airflow/dags/saving_file.py
[2025-03-24T04:25:23.402+0000] {logging_mixin.py:190} INFO - [2025-03-24T04:25:23.402+0000] {dag.py:3239} INFO - Sync 1 DAGs
[2025-03-24T04:25:23.415+0000] {logging_mixin.py:190} INFO - [2025-03-24T04:25:23.414+0000] {dag.py:4180} INFO - Setting next_dagrun for gerar_csv_dados_abertos_cnpj to 2025-03-23 00:00:00+00:00, run_after=2025-03-24 00:00:00+00:00
[2025-03-24T04:25:23.424+0000] {processor.py:208} INFO - Processing /opt/airflow/dags/saving_file.py took 0.187 seconds
[2025-03-24T04:25:53.613+0000] {processor.py:186} INFO - Started process (PID=3487) to work on /opt/airflow/dags/saving_file.py
[2025-03-24T04:25:53.614+0000] {processor.py:914} INFO - Processing file /opt/airflow/dags/saving_file.py for tasks to queue
[2025-03-24T04:25:53.617+0000] {logging_mixin.py:190} INFO - [2025-03-24T04:25:53.616+0000] {dagbag.py:588} INFO - Filling up the DagBag from /opt/airflow/dags/saving_file.py
[2025-03-24T04:25:53.764+0000] {processor.py:925} INFO - DAG(s) 'gerar_csv_dados_abertos_cnpj' retrieved from /opt/airflow/dags/saving_file.py
[2025-03-24T04:25:53.779+0000] {logging_mixin.py:190} INFO - [2025-03-24T04:25:53.779+0000] {dag.py:3239} INFO - Sync 1 DAGs
[2025-03-24T04:25:53.791+0000] {logging_mixin.py:190} INFO - [2025-03-24T04:25:53.791+0000] {dag.py:4180} INFO - Setting next_dagrun for gerar_csv_dados_abertos_cnpj to 2025-03-23 00:00:00+00:00, run_after=2025-03-24 00:00:00+00:00
[2025-03-24T04:25:53.803+0000] {processor.py:208} INFO - Processing /opt/airflow/dags/saving_file.py took 0.193 seconds
[2025-03-24T04:26:24.000+0000] {processor.py:186} INFO - Started process (PID=3498) to work on /opt/airflow/dags/saving_file.py
[2025-03-24T04:26:24.001+0000] {processor.py:914} INFO - Processing file /opt/airflow/dags/saving_file.py for tasks to queue
[2025-03-24T04:26:24.004+0000] {logging_mixin.py:190} INFO - [2025-03-24T04:26:24.004+0000] {dagbag.py:588} INFO - Filling up the DagBag from /opt/airflow/dags/saving_file.py
[2025-03-24T04:26:24.144+0000] {processor.py:925} INFO - DAG(s) 'gerar_csv_dados_abertos_cnpj' retrieved from /opt/airflow/dags/saving_file.py
[2025-03-24T04:26:24.156+0000] {logging_mixin.py:190} INFO - [2025-03-24T04:26:24.156+0000] {dag.py:3239} INFO - Sync 1 DAGs
[2025-03-24T04:26:24.168+0000] {logging_mixin.py:190} INFO - [2025-03-24T04:26:24.167+0000] {dag.py:4180} INFO - Setting next_dagrun for gerar_csv_dados_abertos_cnpj to 2025-03-23 00:00:00+00:00, run_after=2025-03-24 00:00:00+00:00
[2025-03-24T04:26:24.177+0000] {processor.py:208} INFO - Processing /opt/airflow/dags/saving_file.py took 0.181 seconds
[2025-03-24T04:26:54.373+0000] {processor.py:186} INFO - Started process (PID=3509) to work on /opt/airflow/dags/saving_file.py
[2025-03-24T04:26:54.374+0000] {processor.py:914} INFO - Processing file /opt/airflow/dags/saving_file.py for tasks to queue
[2025-03-24T04:26:54.376+0000] {logging_mixin.py:190} INFO - [2025-03-24T04:26:54.376+0000] {dagbag.py:588} INFO - Filling up the DagBag from /opt/airflow/dags/saving_file.py
[2025-03-24T04:26:54.518+0000] {processor.py:925} INFO - DAG(s) 'gerar_csv_dados_abertos_cnpj' retrieved from /opt/airflow/dags/saving_file.py
[2025-03-24T04:26:54.531+0000] {logging_mixin.py:190} INFO - [2025-03-24T04:26:54.531+0000] {dag.py:3239} INFO - Sync 1 DAGs
[2025-03-24T04:26:54.544+0000] {logging_mixin.py:190} INFO - [2025-03-24T04:26:54.544+0000] {dag.py:4180} INFO - Setting next_dagrun for gerar_csv_dados_abertos_cnpj to 2025-03-23 00:00:00+00:00, run_after=2025-03-24 00:00:00+00:00
[2025-03-24T04:26:54.556+0000] {processor.py:208} INFO - Processing /opt/airflow/dags/saving_file.py took 0.187 seconds
[2025-03-24T04:27:24.736+0000] {processor.py:186} INFO - Started process (PID=3520) to work on /opt/airflow/dags/saving_file.py
[2025-03-24T04:27:24.737+0000] {processor.py:914} INFO - Processing file /opt/airflow/dags/saving_file.py for tasks to queue
[2025-03-24T04:27:24.739+0000] {logging_mixin.py:190} INFO - [2025-03-24T04:27:24.739+0000] {dagbag.py:588} INFO - Filling up the DagBag from /opt/airflow/dags/saving_file.py
[2025-03-24T04:27:24.882+0000] {processor.py:925} INFO - DAG(s) 'gerar_csv_dados_abertos_cnpj' retrieved from /opt/airflow/dags/saving_file.py
[2025-03-24T04:27:24.897+0000] {logging_mixin.py:190} INFO - [2025-03-24T04:27:24.897+0000] {dag.py:3239} INFO - Sync 1 DAGs
[2025-03-24T04:27:24.910+0000] {logging_mixin.py:190} INFO - [2025-03-24T04:27:24.910+0000] {dag.py:4180} INFO - Setting next_dagrun for gerar_csv_dados_abertos_cnpj to 2025-03-23 00:00:00+00:00, run_after=2025-03-24 00:00:00+00:00
[2025-03-24T04:27:24.923+0000] {processor.py:208} INFO - Processing /opt/airflow/dags/saving_file.py took 0.190 seconds
[2025-03-24T04:27:55.103+0000] {processor.py:186} INFO - Started process (PID=3531) to work on /opt/airflow/dags/saving_file.py
[2025-03-24T04:27:55.104+0000] {processor.py:914} INFO - Processing file /opt/airflow/dags/saving_file.py for tasks to queue
[2025-03-24T04:27:55.106+0000] {logging_mixin.py:190} INFO - [2025-03-24T04:27:55.106+0000] {dagbag.py:588} INFO - Filling up the DagBag from /opt/airflow/dags/saving_file.py
[2025-03-24T04:27:55.250+0000] {processor.py:925} INFO - DAG(s) 'gerar_csv_dados_abertos_cnpj' retrieved from /opt/airflow/dags/saving_file.py
[2025-03-24T04:27:55.264+0000] {logging_mixin.py:190} INFO - [2025-03-24T04:27:55.264+0000] {dag.py:3239} INFO - Sync 1 DAGs
[2025-03-24T04:27:55.276+0000] {logging_mixin.py:190} INFO - [2025-03-24T04:27:55.276+0000] {dag.py:4180} INFO - Setting next_dagrun for gerar_csv_dados_abertos_cnpj to 2025-03-23 00:00:00+00:00, run_after=2025-03-24 00:00:00+00:00
[2025-03-24T04:27:55.286+0000] {processor.py:208} INFO - Processing /opt/airflow/dags/saving_file.py took 0.187 seconds
[2025-03-24T04:28:25.478+0000] {processor.py:186} INFO - Started process (PID=3542) to work on /opt/airflow/dags/saving_file.py
[2025-03-24T04:28:25.479+0000] {processor.py:914} INFO - Processing file /opt/airflow/dags/saving_file.py for tasks to queue
[2025-03-24T04:28:25.482+0000] {logging_mixin.py:190} INFO - [2025-03-24T04:28:25.481+0000] {dagbag.py:588} INFO - Filling up the DagBag from /opt/airflow/dags/saving_file.py
[2025-03-24T04:28:25.620+0000] {processor.py:925} INFO - DAG(s) 'gerar_csv_dados_abertos_cnpj' retrieved from /opt/airflow/dags/saving_file.py
[2025-03-24T04:28:25.633+0000] {logging_mixin.py:190} INFO - [2025-03-24T04:28:25.633+0000] {dag.py:3239} INFO - Sync 1 DAGs
[2025-03-24T04:28:25.643+0000] {logging_mixin.py:190} INFO - [2025-03-24T04:28:25.643+0000] {dag.py:4180} INFO - Setting next_dagrun for gerar_csv_dados_abertos_cnpj to 2025-03-23 00:00:00+00:00, run_after=2025-03-24 00:00:00+00:00
[2025-03-24T04:28:25.653+0000] {processor.py:208} INFO - Processing /opt/airflow/dags/saving_file.py took 0.178 seconds
[2025-03-24T04:28:55.852+0000] {processor.py:186} INFO - Started process (PID=3553) to work on /opt/airflow/dags/saving_file.py
[2025-03-24T04:28:55.853+0000] {processor.py:914} INFO - Processing file /opt/airflow/dags/saving_file.py for tasks to queue
[2025-03-24T04:28:55.856+0000] {logging_mixin.py:190} INFO - [2025-03-24T04:28:55.855+0000] {dagbag.py:588} INFO - Filling up the DagBag from /opt/airflow/dags/saving_file.py
[2025-03-24T04:28:56.001+0000] {processor.py:925} INFO - DAG(s) 'gerar_csv_dados_abertos_cnpj' retrieved from /opt/airflow/dags/saving_file.py
[2025-03-24T04:28:56.016+0000] {logging_mixin.py:190} INFO - [2025-03-24T04:28:56.015+0000] {dag.py:3239} INFO - Sync 1 DAGs
[2025-03-24T04:28:56.029+0000] {logging_mixin.py:190} INFO - [2025-03-24T04:28:56.028+0000] {dag.py:4180} INFO - Setting next_dagrun for gerar_csv_dados_abertos_cnpj to 2025-03-23 00:00:00+00:00, run_after=2025-03-24 00:00:00+00:00
[2025-03-24T04:28:56.040+0000] {processor.py:208} INFO - Processing /opt/airflow/dags/saving_file.py took 0.191 seconds
[2025-03-24T04:29:26.240+0000] {processor.py:186} INFO - Started process (PID=3564) to work on /opt/airflow/dags/saving_file.py
[2025-03-24T04:29:26.241+0000] {processor.py:914} INFO - Processing file /opt/airflow/dags/saving_file.py for tasks to queue
[2025-03-24T04:29:26.243+0000] {logging_mixin.py:190} INFO - [2025-03-24T04:29:26.243+0000] {dagbag.py:588} INFO - Filling up the DagBag from /opt/airflow/dags/saving_file.py
[2025-03-24T04:29:26.391+0000] {processor.py:925} INFO - DAG(s) 'gerar_csv_dados_abertos_cnpj' retrieved from /opt/airflow/dags/saving_file.py
[2025-03-24T04:29:26.403+0000] {logging_mixin.py:190} INFO - [2025-03-24T04:29:26.403+0000] {dag.py:3239} INFO - Sync 1 DAGs
[2025-03-24T04:29:26.415+0000] {logging_mixin.py:190} INFO - [2025-03-24T04:29:26.415+0000] {dag.py:4180} INFO - Setting next_dagrun for gerar_csv_dados_abertos_cnpj to 2025-03-23 00:00:00+00:00, run_after=2025-03-24 00:00:00+00:00
[2025-03-24T04:29:26.427+0000] {processor.py:208} INFO - Processing /opt/airflow/dags/saving_file.py took 0.191 seconds
[2025-03-24T04:29:56.621+0000] {processor.py:186} INFO - Started process (PID=3575) to work on /opt/airflow/dags/saving_file.py
[2025-03-24T04:29:56.622+0000] {processor.py:914} INFO - Processing file /opt/airflow/dags/saving_file.py for tasks to queue
[2025-03-24T04:29:56.625+0000] {logging_mixin.py:190} INFO - [2025-03-24T04:29:56.625+0000] {dagbag.py:588} INFO - Filling up the DagBag from /opt/airflow/dags/saving_file.py
[2025-03-24T04:29:56.770+0000] {processor.py:925} INFO - DAG(s) 'gerar_csv_dados_abertos_cnpj' retrieved from /opt/airflow/dags/saving_file.py
[2025-03-24T04:29:56.782+0000] {logging_mixin.py:190} INFO - [2025-03-24T04:29:56.782+0000] {dag.py:3239} INFO - Sync 1 DAGs
[2025-03-24T04:29:56.793+0000] {logging_mixin.py:190} INFO - [2025-03-24T04:29:56.793+0000] {dag.py:4180} INFO - Setting next_dagrun for gerar_csv_dados_abertos_cnpj to 2025-03-23 00:00:00+00:00, run_after=2025-03-24 00:00:00+00:00
[2025-03-24T04:29:56.804+0000] {processor.py:208} INFO - Processing /opt/airflow/dags/saving_file.py took 0.185 seconds
[2025-03-24T04:30:27.050+0000] {processor.py:186} INFO - Started process (PID=3586) to work on /opt/airflow/dags/saving_file.py
[2025-03-24T04:30:27.051+0000] {processor.py:914} INFO - Processing file /opt/airflow/dags/saving_file.py for tasks to queue
[2025-03-24T04:30:27.052+0000] {logging_mixin.py:190} INFO - [2025-03-24T04:30:27.052+0000] {dagbag.py:588} INFO - Filling up the DagBag from /opt/airflow/dags/saving_file.py
[2025-03-24T04:30:27.196+0000] {processor.py:925} INFO - DAG(s) 'gerar_csv_dados_abertos_cnpj' retrieved from /opt/airflow/dags/saving_file.py
[2025-03-24T04:30:27.209+0000] {logging_mixin.py:190} INFO - [2025-03-24T04:30:27.209+0000] {dag.py:3239} INFO - Sync 1 DAGs
[2025-03-24T04:30:27.224+0000] {logging_mixin.py:190} INFO - [2025-03-24T04:30:27.224+0000] {dag.py:4180} INFO - Setting next_dagrun for gerar_csv_dados_abertos_cnpj to 2025-03-23 00:00:00+00:00, run_after=2025-03-24 00:00:00+00:00
[2025-03-24T04:30:27.235+0000] {processor.py:208} INFO - Processing /opt/airflow/dags/saving_file.py took 0.189 seconds
[2025-03-24T04:30:57.422+0000] {processor.py:186} INFO - Started process (PID=3597) to work on /opt/airflow/dags/saving_file.py
[2025-03-24T04:30:57.423+0000] {processor.py:914} INFO - Processing file /opt/airflow/dags/saving_file.py for tasks to queue
[2025-03-24T04:30:57.426+0000] {logging_mixin.py:190} INFO - [2025-03-24T04:30:57.426+0000] {dagbag.py:588} INFO - Filling up the DagBag from /opt/airflow/dags/saving_file.py
[2025-03-24T04:30:57.573+0000] {processor.py:925} INFO - DAG(s) 'gerar_csv_dados_abertos_cnpj' retrieved from /opt/airflow/dags/saving_file.py
[2025-03-24T04:30:57.588+0000] {logging_mixin.py:190} INFO - [2025-03-24T04:30:57.588+0000] {dag.py:3239} INFO - Sync 1 DAGs
[2025-03-24T04:30:57.600+0000] {logging_mixin.py:190} INFO - [2025-03-24T04:30:57.600+0000] {dag.py:4180} INFO - Setting next_dagrun for gerar_csv_dados_abertos_cnpj to 2025-03-23 00:00:00+00:00, run_after=2025-03-24 00:00:00+00:00
[2025-03-24T04:30:57.613+0000] {processor.py:208} INFO - Processing /opt/airflow/dags/saving_file.py took 0.194 seconds
[2025-03-24T04:31:27.790+0000] {processor.py:186} INFO - Started process (PID=3608) to work on /opt/airflow/dags/saving_file.py
[2025-03-24T04:31:27.791+0000] {processor.py:914} INFO - Processing file /opt/airflow/dags/saving_file.py for tasks to queue
[2025-03-24T04:31:27.794+0000] {logging_mixin.py:190} INFO - [2025-03-24T04:31:27.794+0000] {dagbag.py:588} INFO - Filling up the DagBag from /opt/airflow/dags/saving_file.py
[2025-03-24T04:31:27.938+0000] {processor.py:925} INFO - DAG(s) 'gerar_csv_dados_abertos_cnpj' retrieved from /opt/airflow/dags/saving_file.py
[2025-03-24T04:31:27.952+0000] {logging_mixin.py:190} INFO - [2025-03-24T04:31:27.951+0000] {dag.py:3239} INFO - Sync 1 DAGs
[2025-03-24T04:31:27.965+0000] {logging_mixin.py:190} INFO - [2025-03-24T04:31:27.965+0000] {dag.py:4180} INFO - Setting next_dagrun for gerar_csv_dados_abertos_cnpj to 2025-03-23 00:00:00+00:00, run_after=2025-03-24 00:00:00+00:00
[2025-03-24T04:31:27.979+0000] {processor.py:208} INFO - Processing /opt/airflow/dags/saving_file.py took 0.191 seconds
[2025-03-24T04:31:58.161+0000] {processor.py:186} INFO - Started process (PID=3619) to work on /opt/airflow/dags/saving_file.py
[2025-03-24T04:31:58.163+0000] {processor.py:914} INFO - Processing file /opt/airflow/dags/saving_file.py for tasks to queue
[2025-03-24T04:31:58.166+0000] {logging_mixin.py:190} INFO - [2025-03-24T04:31:58.165+0000] {dagbag.py:588} INFO - Filling up the DagBag from /opt/airflow/dags/saving_file.py
[2025-03-24T04:31:58.316+0000] {processor.py:925} INFO - DAG(s) 'gerar_csv_dados_abertos_cnpj' retrieved from /opt/airflow/dags/saving_file.py
[2025-03-24T04:31:58.332+0000] {logging_mixin.py:190} INFO - [2025-03-24T04:31:58.332+0000] {dag.py:3239} INFO - Sync 1 DAGs
[2025-03-24T04:31:58.347+0000] {logging_mixin.py:190} INFO - [2025-03-24T04:31:58.346+0000] {dag.py:4180} INFO - Setting next_dagrun for gerar_csv_dados_abertos_cnpj to 2025-03-23 00:00:00+00:00, run_after=2025-03-24 00:00:00+00:00
[2025-03-24T04:31:58.358+0000] {processor.py:208} INFO - Processing /opt/airflow/dags/saving_file.py took 0.200 seconds
[2025-03-24T04:32:28.548+0000] {processor.py:186} INFO - Started process (PID=3630) to work on /opt/airflow/dags/saving_file.py
[2025-03-24T04:32:28.549+0000] {processor.py:914} INFO - Processing file /opt/airflow/dags/saving_file.py for tasks to queue
[2025-03-24T04:32:28.552+0000] {logging_mixin.py:190} INFO - [2025-03-24T04:32:28.552+0000] {dagbag.py:588} INFO - Filling up the DagBag from /opt/airflow/dags/saving_file.py
[2025-03-24T04:32:28.701+0000] {processor.py:925} INFO - DAG(s) 'gerar_csv_dados_abertos_cnpj' retrieved from /opt/airflow/dags/saving_file.py
[2025-03-24T04:32:28.715+0000] {logging_mixin.py:190} INFO - [2025-03-24T04:32:28.714+0000] {dag.py:3239} INFO - Sync 1 DAGs
[2025-03-24T04:32:28.726+0000] {logging_mixin.py:190} INFO - [2025-03-24T04:32:28.726+0000] {dag.py:4180} INFO - Setting next_dagrun for gerar_csv_dados_abertos_cnpj to 2025-03-23 00:00:00+00:00, run_after=2025-03-24 00:00:00+00:00
[2025-03-24T04:32:28.737+0000] {processor.py:208} INFO - Processing /opt/airflow/dags/saving_file.py took 0.193 seconds
[2025-03-24T04:32:58.915+0000] {processor.py:186} INFO - Started process (PID=3641) to work on /opt/airflow/dags/saving_file.py
[2025-03-24T04:32:58.917+0000] {processor.py:914} INFO - Processing file /opt/airflow/dags/saving_file.py for tasks to queue
[2025-03-24T04:32:58.919+0000] {logging_mixin.py:190} INFO - [2025-03-24T04:32:58.919+0000] {dagbag.py:588} INFO - Filling up the DagBag from /opt/airflow/dags/saving_file.py
[2025-03-24T04:32:59.063+0000] {processor.py:925} INFO - DAG(s) 'gerar_csv_dados_abertos_cnpj' retrieved from /opt/airflow/dags/saving_file.py
[2025-03-24T04:32:59.075+0000] {logging_mixin.py:190} INFO - [2025-03-24T04:32:59.075+0000] {dag.py:3239} INFO - Sync 1 DAGs
[2025-03-24T04:32:59.087+0000] {logging_mixin.py:190} INFO - [2025-03-24T04:32:59.087+0000] {dag.py:4180} INFO - Setting next_dagrun for gerar_csv_dados_abertos_cnpj to 2025-03-23 00:00:00+00:00, run_after=2025-03-24 00:00:00+00:00
[2025-03-24T04:32:59.098+0000] {processor.py:208} INFO - Processing /opt/airflow/dags/saving_file.py took 0.186 seconds
[2025-03-24T04:33:29.293+0000] {processor.py:186} INFO - Started process (PID=3652) to work on /opt/airflow/dags/saving_file.py
[2025-03-24T04:33:29.294+0000] {processor.py:914} INFO - Processing file /opt/airflow/dags/saving_file.py for tasks to queue
[2025-03-24T04:33:29.296+0000] {logging_mixin.py:190} INFO - [2025-03-24T04:33:29.296+0000] {dagbag.py:588} INFO - Filling up the DagBag from /opt/airflow/dags/saving_file.py
[2025-03-24T04:33:29.436+0000] {processor.py:925} INFO - DAG(s) 'gerar_csv_dados_abertos_cnpj' retrieved from /opt/airflow/dags/saving_file.py
[2025-03-24T04:33:29.450+0000] {logging_mixin.py:190} INFO - [2025-03-24T04:33:29.450+0000] {dag.py:3239} INFO - Sync 1 DAGs
[2025-03-24T04:33:29.463+0000] {logging_mixin.py:190} INFO - [2025-03-24T04:33:29.462+0000] {dag.py:4180} INFO - Setting next_dagrun for gerar_csv_dados_abertos_cnpj to 2025-03-23 00:00:00+00:00, run_after=2025-03-24 00:00:00+00:00
[2025-03-24T04:33:29.473+0000] {processor.py:208} INFO - Processing /opt/airflow/dags/saving_file.py took 0.184 seconds
[2025-03-24T04:33:59.664+0000] {processor.py:186} INFO - Started process (PID=3663) to work on /opt/airflow/dags/saving_file.py
[2025-03-24T04:33:59.665+0000] {processor.py:914} INFO - Processing file /opt/airflow/dags/saving_file.py for tasks to queue
[2025-03-24T04:33:59.667+0000] {logging_mixin.py:190} INFO - [2025-03-24T04:33:59.667+0000] {dagbag.py:588} INFO - Filling up the DagBag from /opt/airflow/dags/saving_file.py
[2025-03-24T04:33:59.811+0000] {processor.py:925} INFO - DAG(s) 'gerar_csv_dados_abertos_cnpj' retrieved from /opt/airflow/dags/saving_file.py
[2025-03-24T04:33:59.825+0000] {logging_mixin.py:190} INFO - [2025-03-24T04:33:59.825+0000] {dag.py:3239} INFO - Sync 1 DAGs
[2025-03-24T04:33:59.838+0000] {logging_mixin.py:190} INFO - [2025-03-24T04:33:59.838+0000] {dag.py:4180} INFO - Setting next_dagrun for gerar_csv_dados_abertos_cnpj to 2025-03-23 00:00:00+00:00, run_after=2025-03-24 00:00:00+00:00
[2025-03-24T04:33:59.850+0000] {processor.py:208} INFO - Processing /opt/airflow/dags/saving_file.py took 0.189 seconds
[2025-03-24T04:34:30.052+0000] {processor.py:186} INFO - Started process (PID=3674) to work on /opt/airflow/dags/saving_file.py
[2025-03-24T04:34:30.053+0000] {processor.py:914} INFO - Processing file /opt/airflow/dags/saving_file.py for tasks to queue
[2025-03-24T04:34:30.055+0000] {logging_mixin.py:190} INFO - [2025-03-24T04:34:30.055+0000] {dagbag.py:588} INFO - Filling up the DagBag from /opt/airflow/dags/saving_file.py
[2025-03-24T04:34:30.194+0000] {processor.py:925} INFO - DAG(s) 'gerar_csv_dados_abertos_cnpj' retrieved from /opt/airflow/dags/saving_file.py
[2025-03-24T04:34:30.207+0000] {logging_mixin.py:190} INFO - [2025-03-24T04:34:30.207+0000] {dag.py:3239} INFO - Sync 1 DAGs
[2025-03-24T04:34:30.218+0000] {logging_mixin.py:190} INFO - [2025-03-24T04:34:30.218+0000] {dag.py:4180} INFO - Setting next_dagrun for gerar_csv_dados_abertos_cnpj to 2025-03-23 00:00:00+00:00, run_after=2025-03-24 00:00:00+00:00
[2025-03-24T04:34:30.229+0000] {processor.py:208} INFO - Processing /opt/airflow/dags/saving_file.py took 0.180 seconds
[2025-03-24T04:35:00.429+0000] {processor.py:186} INFO - Started process (PID=3685) to work on /opt/airflow/dags/saving_file.py
[2025-03-24T04:35:00.430+0000] {processor.py:914} INFO - Processing file /opt/airflow/dags/saving_file.py for tasks to queue
[2025-03-24T04:35:00.431+0000] {logging_mixin.py:190} INFO - [2025-03-24T04:35:00.431+0000] {dagbag.py:588} INFO - Filling up the DagBag from /opt/airflow/dags/saving_file.py
[2025-03-24T04:35:00.579+0000] {processor.py:925} INFO - DAG(s) 'gerar_csv_dados_abertos_cnpj' retrieved from /opt/airflow/dags/saving_file.py
[2025-03-24T04:35:00.593+0000] {logging_mixin.py:190} INFO - [2025-03-24T04:35:00.593+0000] {dag.py:3239} INFO - Sync 1 DAGs
[2025-03-24T04:35:00.607+0000] {logging_mixin.py:190} INFO - [2025-03-24T04:35:00.607+0000] {dag.py:4180} INFO - Setting next_dagrun for gerar_csv_dados_abertos_cnpj to 2025-03-23 00:00:00+00:00, run_after=2025-03-24 00:00:00+00:00
[2025-03-24T04:35:00.619+0000] {processor.py:208} INFO - Processing /opt/airflow/dags/saving_file.py took 0.193 seconds
[2025-03-24T04:35:30.868+0000] {processor.py:186} INFO - Started process (PID=3696) to work on /opt/airflow/dags/saving_file.py
[2025-03-24T04:35:30.869+0000] {processor.py:914} INFO - Processing file /opt/airflow/dags/saving_file.py for tasks to queue
[2025-03-24T04:35:30.871+0000] {logging_mixin.py:190} INFO - [2025-03-24T04:35:30.871+0000] {dagbag.py:588} INFO - Filling up the DagBag from /opt/airflow/dags/saving_file.py
[2025-03-24T04:35:31.014+0000] {processor.py:925} INFO - DAG(s) 'gerar_csv_dados_abertos_cnpj' retrieved from /opt/airflow/dags/saving_file.py
[2025-03-24T04:35:31.027+0000] {logging_mixin.py:190} INFO - [2025-03-24T04:35:31.027+0000] {dag.py:3239} INFO - Sync 1 DAGs
[2025-03-24T04:35:31.040+0000] {logging_mixin.py:190} INFO - [2025-03-24T04:35:31.040+0000] {dag.py:4180} INFO - Setting next_dagrun for gerar_csv_dados_abertos_cnpj to 2025-03-23 00:00:00+00:00, run_after=2025-03-24 00:00:00+00:00
[2025-03-24T04:35:31.050+0000] {processor.py:208} INFO - Processing /opt/airflow/dags/saving_file.py took 0.185 seconds
[2025-03-24T04:36:01.245+0000] {processor.py:186} INFO - Started process (PID=3707) to work on /opt/airflow/dags/saving_file.py
[2025-03-24T04:36:01.246+0000] {processor.py:914} INFO - Processing file /opt/airflow/dags/saving_file.py for tasks to queue
[2025-03-24T04:36:01.248+0000] {logging_mixin.py:190} INFO - [2025-03-24T04:36:01.248+0000] {dagbag.py:588} INFO - Filling up the DagBag from /opt/airflow/dags/saving_file.py
[2025-03-24T04:36:01.398+0000] {processor.py:925} INFO - DAG(s) 'gerar_csv_dados_abertos_cnpj' retrieved from /opt/airflow/dags/saving_file.py
[2025-03-24T04:36:01.412+0000] {logging_mixin.py:190} INFO - [2025-03-24T04:36:01.412+0000] {dag.py:3239} INFO - Sync 1 DAGs
[2025-03-24T04:36:01.425+0000] {logging_mixin.py:190} INFO - [2025-03-24T04:36:01.425+0000] {dag.py:4180} INFO - Setting next_dagrun for gerar_csv_dados_abertos_cnpj to 2025-03-23 00:00:00+00:00, run_after=2025-03-24 00:00:00+00:00
[2025-03-24T04:36:01.438+0000] {processor.py:208} INFO - Processing /opt/airflow/dags/saving_file.py took 0.196 seconds
[2025-03-24T04:36:31.795+0000] {processor.py:186} INFO - Started process (PID=3718) to work on /opt/airflow/dags/saving_file.py
[2025-03-24T04:36:31.796+0000] {processor.py:914} INFO - Processing file /opt/airflow/dags/saving_file.py for tasks to queue
[2025-03-24T04:36:31.798+0000] {logging_mixin.py:190} INFO - [2025-03-24T04:36:31.798+0000] {dagbag.py:588} INFO - Filling up the DagBag from /opt/airflow/dags/saving_file.py
[2025-03-24T04:36:31.937+0000] {processor.py:925} INFO - DAG(s) 'gerar_csv_dados_abertos_cnpj' retrieved from /opt/airflow/dags/saving_file.py
[2025-03-24T04:36:31.951+0000] {logging_mixin.py:190} INFO - [2025-03-24T04:36:31.951+0000] {dag.py:3239} INFO - Sync 1 DAGs
[2025-03-24T04:36:31.963+0000] {logging_mixin.py:190} INFO - [2025-03-24T04:36:31.963+0000] {dag.py:4180} INFO - Setting next_dagrun for gerar_csv_dados_abertos_cnpj to 2025-03-23 00:00:00+00:00, run_after=2025-03-24 00:00:00+00:00
[2025-03-24T04:36:31.974+0000] {processor.py:208} INFO - Processing /opt/airflow/dags/saving_file.py took 0.182 seconds
[2025-03-24T04:37:02.375+0000] {processor.py:186} INFO - Started process (PID=3729) to work on /opt/airflow/dags/saving_file.py
[2025-03-24T04:37:02.376+0000] {processor.py:914} INFO - Processing file /opt/airflow/dags/saving_file.py for tasks to queue
[2025-03-24T04:37:02.379+0000] {logging_mixin.py:190} INFO - [2025-03-24T04:37:02.379+0000] {dagbag.py:588} INFO - Filling up the DagBag from /opt/airflow/dags/saving_file.py
[2025-03-24T04:37:02.519+0000] {processor.py:925} INFO - DAG(s) 'gerar_csv_dados_abertos_cnpj' retrieved from /opt/airflow/dags/saving_file.py
[2025-03-24T04:37:02.534+0000] {logging_mixin.py:190} INFO - [2025-03-24T04:37:02.534+0000] {dag.py:3239} INFO - Sync 1 DAGs
[2025-03-24T04:37:02.546+0000] {logging_mixin.py:190} INFO - [2025-03-24T04:37:02.546+0000] {dag.py:4180} INFO - Setting next_dagrun for gerar_csv_dados_abertos_cnpj to 2025-03-23 00:00:00+00:00, run_after=2025-03-24 00:00:00+00:00
[2025-03-24T04:37:02.557+0000] {processor.py:208} INFO - Processing /opt/airflow/dags/saving_file.py took 0.187 seconds
[2025-03-24T04:37:32.931+0000] {processor.py:186} INFO - Started process (PID=3740) to work on /opt/airflow/dags/saving_file.py
[2025-03-24T04:37:32.932+0000] {processor.py:914} INFO - Processing file /opt/airflow/dags/saving_file.py for tasks to queue
[2025-03-24T04:37:32.935+0000] {logging_mixin.py:190} INFO - [2025-03-24T04:37:32.935+0000] {dagbag.py:588} INFO - Filling up the DagBag from /opt/airflow/dags/saving_file.py
[2025-03-24T04:37:33.079+0000] {processor.py:925} INFO - DAG(s) 'gerar_csv_dados_abertos_cnpj' retrieved from /opt/airflow/dags/saving_file.py
[2025-03-24T04:37:33.095+0000] {logging_mixin.py:190} INFO - [2025-03-24T04:37:33.095+0000] {dag.py:3239} INFO - Sync 1 DAGs
[2025-03-24T04:37:33.106+0000] {logging_mixin.py:190} INFO - [2025-03-24T04:37:33.106+0000] {dag.py:4180} INFO - Setting next_dagrun for gerar_csv_dados_abertos_cnpj to 2025-03-23 00:00:00+00:00, run_after=2025-03-24 00:00:00+00:00
[2025-03-24T04:37:33.117+0000] {processor.py:208} INFO - Processing /opt/airflow/dags/saving_file.py took 0.189 seconds
[2025-03-24T04:38:03.306+0000] {processor.py:186} INFO - Started process (PID=3751) to work on /opt/airflow/dags/saving_file.py
[2025-03-24T04:38:03.308+0000] {processor.py:914} INFO - Processing file /opt/airflow/dags/saving_file.py for tasks to queue
[2025-03-24T04:38:03.311+0000] {logging_mixin.py:190} INFO - [2025-03-24T04:38:03.310+0000] {dagbag.py:588} INFO - Filling up the DagBag from /opt/airflow/dags/saving_file.py
[2025-03-24T04:38:03.457+0000] {processor.py:925} INFO - DAG(s) 'gerar_csv_dados_abertos_cnpj' retrieved from /opt/airflow/dags/saving_file.py
[2025-03-24T04:38:03.470+0000] {logging_mixin.py:190} INFO - [2025-03-24T04:38:03.470+0000] {dag.py:3239} INFO - Sync 1 DAGs
[2025-03-24T04:38:03.482+0000] {logging_mixin.py:190} INFO - [2025-03-24T04:38:03.482+0000] {dag.py:4180} INFO - Setting next_dagrun for gerar_csv_dados_abertos_cnpj to 2025-03-23 00:00:00+00:00, run_after=2025-03-24 00:00:00+00:00
[2025-03-24T04:38:03.495+0000] {processor.py:208} INFO - Processing /opt/airflow/dags/saving_file.py took 0.191 seconds
[2025-03-24T04:38:33.686+0000] {processor.py:186} INFO - Started process (PID=3762) to work on /opt/airflow/dags/saving_file.py
[2025-03-24T04:38:33.687+0000] {processor.py:914} INFO - Processing file /opt/airflow/dags/saving_file.py for tasks to queue
[2025-03-24T04:38:33.688+0000] {logging_mixin.py:190} INFO - [2025-03-24T04:38:33.688+0000] {dagbag.py:588} INFO - Filling up the DagBag from /opt/airflow/dags/saving_file.py
[2025-03-24T04:38:33.835+0000] {processor.py:925} INFO - DAG(s) 'gerar_csv_dados_abertos_cnpj' retrieved from /opt/airflow/dags/saving_file.py
[2025-03-24T04:38:33.847+0000] {logging_mixin.py:190} INFO - [2025-03-24T04:38:33.847+0000] {dag.py:3239} INFO - Sync 1 DAGs
[2025-03-24T04:38:33.858+0000] {logging_mixin.py:190} INFO - [2025-03-24T04:38:33.858+0000] {dag.py:4180} INFO - Setting next_dagrun for gerar_csv_dados_abertos_cnpj to 2025-03-23 00:00:00+00:00, run_after=2025-03-24 00:00:00+00:00
[2025-03-24T04:38:33.868+0000] {processor.py:208} INFO - Processing /opt/airflow/dags/saving_file.py took 0.185 seconds
[2025-03-24T04:39:04.061+0000] {processor.py:186} INFO - Started process (PID=3773) to work on /opt/airflow/dags/saving_file.py
[2025-03-24T04:39:04.062+0000] {processor.py:914} INFO - Processing file /opt/airflow/dags/saving_file.py for tasks to queue
[2025-03-24T04:39:04.064+0000] {logging_mixin.py:190} INFO - [2025-03-24T04:39:04.064+0000] {dagbag.py:588} INFO - Filling up the DagBag from /opt/airflow/dags/saving_file.py
[2025-03-24T04:39:04.208+0000] {processor.py:925} INFO - DAG(s) 'gerar_csv_dados_abertos_cnpj' retrieved from /opt/airflow/dags/saving_file.py
[2025-03-24T04:39:04.223+0000] {logging_mixin.py:190} INFO - [2025-03-24T04:39:04.223+0000] {dag.py:3239} INFO - Sync 1 DAGs
[2025-03-24T04:39:04.236+0000] {logging_mixin.py:190} INFO - [2025-03-24T04:39:04.236+0000] {dag.py:4180} INFO - Setting next_dagrun for gerar_csv_dados_abertos_cnpj to 2025-03-23 00:00:00+00:00, run_after=2025-03-24 00:00:00+00:00
[2025-03-24T04:39:04.249+0000] {processor.py:208} INFO - Processing /opt/airflow/dags/saving_file.py took 0.190 seconds
[2025-03-24T04:39:34.429+0000] {processor.py:186} INFO - Started process (PID=3784) to work on /opt/airflow/dags/saving_file.py
[2025-03-24T04:39:34.430+0000] {processor.py:914} INFO - Processing file /opt/airflow/dags/saving_file.py for tasks to queue
[2025-03-24T04:39:34.433+0000] {logging_mixin.py:190} INFO - [2025-03-24T04:39:34.432+0000] {dagbag.py:588} INFO - Filling up the DagBag from /opt/airflow/dags/saving_file.py
[2025-03-24T04:39:34.571+0000] {processor.py:925} INFO - DAG(s) 'gerar_csv_dados_abertos_cnpj' retrieved from /opt/airflow/dags/saving_file.py
[2025-03-24T04:39:34.583+0000] {logging_mixin.py:190} INFO - [2025-03-24T04:39:34.583+0000] {dag.py:3239} INFO - Sync 1 DAGs
[2025-03-24T04:39:34.595+0000] {logging_mixin.py:190} INFO - [2025-03-24T04:39:34.595+0000] {dag.py:4180} INFO - Setting next_dagrun for gerar_csv_dados_abertos_cnpj to 2025-03-23 00:00:00+00:00, run_after=2025-03-24 00:00:00+00:00
[2025-03-24T04:39:34.620+0000] {processor.py:208} INFO - Processing /opt/airflow/dags/saving_file.py took 0.194 seconds
[2025-03-24T04:40:04.799+0000] {processor.py:186} INFO - Started process (PID=3795) to work on /opt/airflow/dags/saving_file.py
[2025-03-24T04:40:04.800+0000] {processor.py:914} INFO - Processing file /opt/airflow/dags/saving_file.py for tasks to queue
[2025-03-24T04:40:04.803+0000] {logging_mixin.py:190} INFO - [2025-03-24T04:40:04.803+0000] {dagbag.py:588} INFO - Filling up the DagBag from /opt/airflow/dags/saving_file.py
[2025-03-24T04:40:04.952+0000] {processor.py:925} INFO - DAG(s) 'gerar_csv_dados_abertos_cnpj' retrieved from /opt/airflow/dags/saving_file.py
[2025-03-24T04:40:04.965+0000] {logging_mixin.py:190} INFO - [2025-03-24T04:40:04.965+0000] {dag.py:3239} INFO - Sync 1 DAGs
[2025-03-24T04:40:04.977+0000] {logging_mixin.py:190} INFO - [2025-03-24T04:40:04.977+0000] {dag.py:4180} INFO - Setting next_dagrun for gerar_csv_dados_abertos_cnpj to 2025-03-23 00:00:00+00:00, run_after=2025-03-24 00:00:00+00:00
[2025-03-24T04:40:04.990+0000] {processor.py:208} INFO - Processing /opt/airflow/dags/saving_file.py took 0.194 seconds
[2025-03-24T04:40:35.230+0000] {processor.py:186} INFO - Started process (PID=3805) to work on /opt/airflow/dags/saving_file.py
[2025-03-24T04:40:35.231+0000] {processor.py:914} INFO - Processing file /opt/airflow/dags/saving_file.py for tasks to queue
[2025-03-24T04:40:35.233+0000] {logging_mixin.py:190} INFO - [2025-03-24T04:40:35.233+0000] {dagbag.py:588} INFO - Filling up the DagBag from /opt/airflow/dags/saving_file.py
[2025-03-24T04:40:35.377+0000] {processor.py:925} INFO - DAG(s) 'gerar_csv_dados_abertos_cnpj' retrieved from /opt/airflow/dags/saving_file.py
[2025-03-24T04:40:35.391+0000] {logging_mixin.py:190} INFO - [2025-03-24T04:40:35.391+0000] {dag.py:3239} INFO - Sync 1 DAGs
[2025-03-24T04:40:35.404+0000] {logging_mixin.py:190} INFO - [2025-03-24T04:40:35.404+0000] {dag.py:4180} INFO - Setting next_dagrun for gerar_csv_dados_abertos_cnpj to 2025-03-23 00:00:00+00:00, run_after=2025-03-24 00:00:00+00:00
[2025-03-24T04:40:35.417+0000] {processor.py:208} INFO - Processing /opt/airflow/dags/saving_file.py took 0.190 seconds
[2025-03-24T04:41:05.599+0000] {processor.py:186} INFO - Started process (PID=3816) to work on /opt/airflow/dags/saving_file.py
[2025-03-24T04:41:05.600+0000] {processor.py:914} INFO - Processing file /opt/airflow/dags/saving_file.py for tasks to queue
[2025-03-24T04:41:05.602+0000] {logging_mixin.py:190} INFO - [2025-03-24T04:41:05.602+0000] {dagbag.py:588} INFO - Filling up the DagBag from /opt/airflow/dags/saving_file.py
[2025-03-24T04:41:05.750+0000] {processor.py:925} INFO - DAG(s) 'gerar_csv_dados_abertos_cnpj' retrieved from /opt/airflow/dags/saving_file.py
[2025-03-24T04:41:05.764+0000] {logging_mixin.py:190} INFO - [2025-03-24T04:41:05.764+0000] {dag.py:3239} INFO - Sync 1 DAGs
[2025-03-24T04:41:05.778+0000] {logging_mixin.py:190} INFO - [2025-03-24T04:41:05.778+0000] {dag.py:4180} INFO - Setting next_dagrun for gerar_csv_dados_abertos_cnpj to 2025-03-23 00:00:00+00:00, run_after=2025-03-24 00:00:00+00:00
[2025-03-24T04:41:05.791+0000] {processor.py:208} INFO - Processing /opt/airflow/dags/saving_file.py took 0.195 seconds
[2025-03-24T04:41:35.977+0000] {processor.py:186} INFO - Started process (PID=3833) to work on /opt/airflow/dags/saving_file.py
[2025-03-24T04:41:35.978+0000] {processor.py:914} INFO - Processing file /opt/airflow/dags/saving_file.py for tasks to queue
[2025-03-24T04:41:35.980+0000] {logging_mixin.py:190} INFO - [2025-03-24T04:41:35.980+0000] {dagbag.py:588} INFO - Filling up the DagBag from /opt/airflow/dags/saving_file.py
[2025-03-24T04:41:36.124+0000] {processor.py:925} INFO - DAG(s) 'gerar_csv_dados_abertos_cnpj' retrieved from /opt/airflow/dags/saving_file.py
[2025-03-24T04:41:36.137+0000] {logging_mixin.py:190} INFO - [2025-03-24T04:41:36.137+0000] {dag.py:3239} INFO - Sync 1 DAGs
[2025-03-24T04:41:36.150+0000] {logging_mixin.py:190} INFO - [2025-03-24T04:41:36.150+0000] {dag.py:4180} INFO - Setting next_dagrun for gerar_csv_dados_abertos_cnpj to 2025-03-23 00:00:00+00:00, run_after=2025-03-24 00:00:00+00:00
[2025-03-24T04:41:36.163+0000] {processor.py:208} INFO - Processing /opt/airflow/dags/saving_file.py took 0.189 seconds
[2025-03-24T04:42:06.361+0000] {processor.py:186} INFO - Started process (PID=3844) to work on /opt/airflow/dags/saving_file.py
[2025-03-24T04:42:06.362+0000] {processor.py:914} INFO - Processing file /opt/airflow/dags/saving_file.py for tasks to queue
[2025-03-24T04:42:06.364+0000] {logging_mixin.py:190} INFO - [2025-03-24T04:42:06.364+0000] {dagbag.py:588} INFO - Filling up the DagBag from /opt/airflow/dags/saving_file.py
[2025-03-24T04:42:06.504+0000] {processor.py:925} INFO - DAG(s) 'gerar_csv_dados_abertos_cnpj' retrieved from /opt/airflow/dags/saving_file.py
[2025-03-24T04:42:06.517+0000] {logging_mixin.py:190} INFO - [2025-03-24T04:42:06.516+0000] {dag.py:3239} INFO - Sync 1 DAGs
[2025-03-24T04:42:06.529+0000] {logging_mixin.py:190} INFO - [2025-03-24T04:42:06.529+0000] {dag.py:4180} INFO - Setting next_dagrun for gerar_csv_dados_abertos_cnpj to 2025-03-23 00:00:00+00:00, run_after=2025-03-24 00:00:00+00:00
[2025-03-24T04:42:06.540+0000] {processor.py:208} INFO - Processing /opt/airflow/dags/saving_file.py took 0.182 seconds
[2025-03-24T04:42:36.743+0000] {processor.py:186} INFO - Started process (PID=3855) to work on /opt/airflow/dags/saving_file.py
[2025-03-24T04:42:36.744+0000] {processor.py:914} INFO - Processing file /opt/airflow/dags/saving_file.py for tasks to queue
[2025-03-24T04:42:36.746+0000] {logging_mixin.py:190} INFO - [2025-03-24T04:42:36.746+0000] {dagbag.py:588} INFO - Filling up the DagBag from /opt/airflow/dags/saving_file.py
[2025-03-24T04:42:36.893+0000] {processor.py:925} INFO - DAG(s) 'gerar_csv_dados_abertos_cnpj' retrieved from /opt/airflow/dags/saving_file.py
[2025-03-24T04:42:36.906+0000] {logging_mixin.py:190} INFO - [2025-03-24T04:42:36.906+0000] {dag.py:3239} INFO - Sync 1 DAGs
[2025-03-24T04:42:36.919+0000] {logging_mixin.py:190} INFO - [2025-03-24T04:42:36.919+0000] {dag.py:4180} INFO - Setting next_dagrun for gerar_csv_dados_abertos_cnpj to 2025-03-23 00:00:00+00:00, run_after=2025-03-24 00:00:00+00:00
[2025-03-24T04:42:36.931+0000] {processor.py:208} INFO - Processing /opt/airflow/dags/saving_file.py took 0.191 seconds
[2025-03-24T04:43:07.122+0000] {processor.py:186} INFO - Started process (PID=3867) to work on /opt/airflow/dags/saving_file.py
[2025-03-24T04:43:07.123+0000] {processor.py:914} INFO - Processing file /opt/airflow/dags/saving_file.py for tasks to queue
[2025-03-24T04:43:07.125+0000] {logging_mixin.py:190} INFO - [2025-03-24T04:43:07.125+0000] {dagbag.py:588} INFO - Filling up the DagBag from /opt/airflow/dags/saving_file.py
[2025-03-24T04:43:07.274+0000] {processor.py:925} INFO - DAG(s) 'gerar_csv_dados_abertos_cnpj' retrieved from /opt/airflow/dags/saving_file.py
[2025-03-24T04:43:07.287+0000] {logging_mixin.py:190} INFO - [2025-03-24T04:43:07.287+0000] {dag.py:3239} INFO - Sync 1 DAGs
[2025-03-24T04:43:07.299+0000] {logging_mixin.py:190} INFO - [2025-03-24T04:43:07.299+0000] {dag.py:4180} INFO - Setting next_dagrun for gerar_csv_dados_abertos_cnpj to 2025-03-23 00:00:00+00:00, run_after=2025-03-24 00:00:00+00:00
[2025-03-24T04:43:07.311+0000] {processor.py:208} INFO - Processing /opt/airflow/dags/saving_file.py took 0.192 seconds
[2025-03-24T04:43:37.491+0000] {processor.py:186} INFO - Started process (PID=3878) to work on /opt/airflow/dags/saving_file.py
[2025-03-24T04:43:37.492+0000] {processor.py:914} INFO - Processing file /opt/airflow/dags/saving_file.py for tasks to queue
[2025-03-24T04:43:37.494+0000] {logging_mixin.py:190} INFO - [2025-03-24T04:43:37.494+0000] {dagbag.py:588} INFO - Filling up the DagBag from /opt/airflow/dags/saving_file.py
[2025-03-24T04:43:37.638+0000] {processor.py:925} INFO - DAG(s) 'gerar_csv_dados_abertos_cnpj' retrieved from /opt/airflow/dags/saving_file.py
[2025-03-24T04:43:37.652+0000] {logging_mixin.py:190} INFO - [2025-03-24T04:43:37.652+0000] {dag.py:3239} INFO - Sync 1 DAGs
[2025-03-24T04:43:37.665+0000] {logging_mixin.py:190} INFO - [2025-03-24T04:43:37.665+0000] {dag.py:4180} INFO - Setting next_dagrun for gerar_csv_dados_abertos_cnpj to 2025-03-23 00:00:00+00:00, run_after=2025-03-24 00:00:00+00:00
[2025-03-24T04:43:37.674+0000] {processor.py:208} INFO - Processing /opt/airflow/dags/saving_file.py took 0.186 seconds
[2025-03-24T04:44:07.864+0000] {processor.py:186} INFO - Started process (PID=3889) to work on /opt/airflow/dags/saving_file.py
[2025-03-24T04:44:07.865+0000] {processor.py:914} INFO - Processing file /opt/airflow/dags/saving_file.py for tasks to queue
[2025-03-24T04:44:07.867+0000] {logging_mixin.py:190} INFO - [2025-03-24T04:44:07.867+0000] {dagbag.py:588} INFO - Filling up the DagBag from /opt/airflow/dags/saving_file.py
[2025-03-24T04:44:08.010+0000] {processor.py:925} INFO - DAG(s) 'gerar_csv_dados_abertos_cnpj' retrieved from /opt/airflow/dags/saving_file.py
[2025-03-24T04:44:08.023+0000] {logging_mixin.py:190} INFO - [2025-03-24T04:44:08.023+0000] {dag.py:3239} INFO - Sync 1 DAGs
[2025-03-24T04:44:08.036+0000] {logging_mixin.py:190} INFO - [2025-03-24T04:44:08.036+0000] {dag.py:4180} INFO - Setting next_dagrun for gerar_csv_dados_abertos_cnpj to 2025-03-23 00:00:00+00:00, run_after=2025-03-24 00:00:00+00:00
[2025-03-24T04:44:08.047+0000] {processor.py:208} INFO - Processing /opt/airflow/dags/saving_file.py took 0.186 seconds
[2025-03-24T04:44:38.237+0000] {processor.py:186} INFO - Started process (PID=3900) to work on /opt/airflow/dags/saving_file.py
[2025-03-24T04:44:38.238+0000] {processor.py:914} INFO - Processing file /opt/airflow/dags/saving_file.py for tasks to queue
[2025-03-24T04:44:38.240+0000] {logging_mixin.py:190} INFO - [2025-03-24T04:44:38.240+0000] {dagbag.py:588} INFO - Filling up the DagBag from /opt/airflow/dags/saving_file.py
[2025-03-24T04:44:38.382+0000] {processor.py:925} INFO - DAG(s) 'gerar_csv_dados_abertos_cnpj' retrieved from /opt/airflow/dags/saving_file.py
[2025-03-24T04:44:38.395+0000] {logging_mixin.py:190} INFO - [2025-03-24T04:44:38.395+0000] {dag.py:3239} INFO - Sync 1 DAGs
[2025-03-24T04:44:38.407+0000] {logging_mixin.py:190} INFO - [2025-03-24T04:44:38.407+0000] {dag.py:4180} INFO - Setting next_dagrun for gerar_csv_dados_abertos_cnpj to 2025-03-23 00:00:00+00:00, run_after=2025-03-24 00:00:00+00:00
[2025-03-24T04:44:38.420+0000] {processor.py:208} INFO - Processing /opt/airflow/dags/saving_file.py took 0.186 seconds
[2025-03-24T04:45:08.615+0000] {processor.py:186} INFO - Started process (PID=3911) to work on /opt/airflow/dags/saving_file.py
[2025-03-24T04:45:08.616+0000] {processor.py:914} INFO - Processing file /opt/airflow/dags/saving_file.py for tasks to queue
[2025-03-24T04:45:08.618+0000] {logging_mixin.py:190} INFO - [2025-03-24T04:45:08.618+0000] {dagbag.py:588} INFO - Filling up the DagBag from /opt/airflow/dags/saving_file.py
[2025-03-24T04:45:08.763+0000] {processor.py:925} INFO - DAG(s) 'gerar_csv_dados_abertos_cnpj' retrieved from /opt/airflow/dags/saving_file.py
[2025-03-24T04:45:08.775+0000] {logging_mixin.py:190} INFO - [2025-03-24T04:45:08.775+0000] {dag.py:3239} INFO - Sync 1 DAGs
[2025-03-24T04:45:08.786+0000] {logging_mixin.py:190} INFO - [2025-03-24T04:45:08.786+0000] {dag.py:4180} INFO - Setting next_dagrun for gerar_csv_dados_abertos_cnpj to 2025-03-23 00:00:00+00:00, run_after=2025-03-24 00:00:00+00:00
[2025-03-24T04:45:08.795+0000] {processor.py:208} INFO - Processing /opt/airflow/dags/saving_file.py took 0.183 seconds
[2025-03-24T04:45:39.064+0000] {processor.py:186} INFO - Started process (PID=3922) to work on /opt/airflow/dags/saving_file.py
[2025-03-24T04:45:39.065+0000] {processor.py:914} INFO - Processing file /opt/airflow/dags/saving_file.py for tasks to queue
[2025-03-24T04:45:39.067+0000] {logging_mixin.py:190} INFO - [2025-03-24T04:45:39.066+0000] {dagbag.py:588} INFO - Filling up the DagBag from /opt/airflow/dags/saving_file.py
[2025-03-24T04:45:39.211+0000] {processor.py:925} INFO - DAG(s) 'gerar_csv_dados_abertos_cnpj' retrieved from /opt/airflow/dags/saving_file.py
[2025-03-24T04:45:39.224+0000] {logging_mixin.py:190} INFO - [2025-03-24T04:45:39.224+0000] {dag.py:3239} INFO - Sync 1 DAGs
[2025-03-24T04:45:39.236+0000] {logging_mixin.py:190} INFO - [2025-03-24T04:45:39.236+0000] {dag.py:4180} INFO - Setting next_dagrun for gerar_csv_dados_abertos_cnpj to 2025-03-23 00:00:00+00:00, run_after=2025-03-24 00:00:00+00:00
[2025-03-24T04:45:39.248+0000] {processor.py:208} INFO - Processing /opt/airflow/dags/saving_file.py took 0.189 seconds
[2025-03-24T04:46:09.436+0000] {processor.py:186} INFO - Started process (PID=3934) to work on /opt/airflow/dags/saving_file.py
[2025-03-24T04:46:09.437+0000] {processor.py:914} INFO - Processing file /opt/airflow/dags/saving_file.py for tasks to queue
[2025-03-24T04:46:09.439+0000] {logging_mixin.py:190} INFO - [2025-03-24T04:46:09.439+0000] {dagbag.py:588} INFO - Filling up the DagBag from /opt/airflow/dags/saving_file.py
[2025-03-24T04:46:09.588+0000] {processor.py:925} INFO - DAG(s) 'gerar_csv_dados_abertos_cnpj' retrieved from /opt/airflow/dags/saving_file.py
[2025-03-24T04:46:09.601+0000] {logging_mixin.py:190} INFO - [2025-03-24T04:46:09.601+0000] {dag.py:3239} INFO - Sync 1 DAGs
[2025-03-24T04:46:09.614+0000] {logging_mixin.py:190} INFO - [2025-03-24T04:46:09.614+0000] {dag.py:4180} INFO - Setting next_dagrun for gerar_csv_dados_abertos_cnpj to 2025-03-23 00:00:00+00:00, run_after=2025-03-24 00:00:00+00:00
[2025-03-24T04:46:09.624+0000] {processor.py:208} INFO - Processing /opt/airflow/dags/saving_file.py took 0.192 seconds
[2025-03-24T04:46:39.821+0000] {processor.py:186} INFO - Started process (PID=3945) to work on /opt/airflow/dags/saving_file.py
[2025-03-24T04:46:39.822+0000] {processor.py:914} INFO - Processing file /opt/airflow/dags/saving_file.py for tasks to queue
[2025-03-24T04:46:39.824+0000] {logging_mixin.py:190} INFO - [2025-03-24T04:46:39.823+0000] {dagbag.py:588} INFO - Filling up the DagBag from /opt/airflow/dags/saving_file.py
[2025-03-24T04:46:39.967+0000] {processor.py:925} INFO - DAG(s) 'gerar_csv_dados_abertos_cnpj' retrieved from /opt/airflow/dags/saving_file.py
[2025-03-24T04:46:39.981+0000] {logging_mixin.py:190} INFO - [2025-03-24T04:46:39.980+0000] {dag.py:3239} INFO - Sync 1 DAGs
[2025-03-24T04:46:39.994+0000] {logging_mixin.py:190} INFO - [2025-03-24T04:46:39.994+0000] {dag.py:4180} INFO - Setting next_dagrun for gerar_csv_dados_abertos_cnpj to 2025-03-23 00:00:00+00:00, run_after=2025-03-24 00:00:00+00:00
[2025-03-24T04:46:40.006+0000] {processor.py:208} INFO - Processing /opt/airflow/dags/saving_file.py took 0.188 seconds
[2025-03-24T04:47:10.200+0000] {processor.py:186} INFO - Started process (PID=3956) to work on /opt/airflow/dags/saving_file.py
[2025-03-24T04:47:10.201+0000] {processor.py:914} INFO - Processing file /opt/airflow/dags/saving_file.py for tasks to queue
[2025-03-24T04:47:10.203+0000] {logging_mixin.py:190} INFO - [2025-03-24T04:47:10.203+0000] {dagbag.py:588} INFO - Filling up the DagBag from /opt/airflow/dags/saving_file.py
[2025-03-24T04:47:10.348+0000] {processor.py:925} INFO - DAG(s) 'gerar_csv_dados_abertos_cnpj' retrieved from /opt/airflow/dags/saving_file.py
[2025-03-24T04:47:10.362+0000] {logging_mixin.py:190} INFO - [2025-03-24T04:47:10.362+0000] {dag.py:3239} INFO - Sync 1 DAGs
[2025-03-24T04:47:10.374+0000] {logging_mixin.py:190} INFO - [2025-03-24T04:47:10.374+0000] {dag.py:4180} INFO - Setting next_dagrun for gerar_csv_dados_abertos_cnpj to 2025-03-23 00:00:00+00:00, run_after=2025-03-24 00:00:00+00:00
[2025-03-24T04:47:10.383+0000] {processor.py:208} INFO - Processing /opt/airflow/dags/saving_file.py took 0.186 seconds
[2025-03-24T04:47:40.577+0000] {processor.py:186} INFO - Started process (PID=3967) to work on /opt/airflow/dags/saving_file.py
[2025-03-24T04:47:40.578+0000] {processor.py:914} INFO - Processing file /opt/airflow/dags/saving_file.py for tasks to queue
[2025-03-24T04:47:40.580+0000] {logging_mixin.py:190} INFO - [2025-03-24T04:47:40.580+0000] {dagbag.py:588} INFO - Filling up the DagBag from /opt/airflow/dags/saving_file.py
[2025-03-24T04:47:40.724+0000] {processor.py:925} INFO - DAG(s) 'gerar_csv_dados_abertos_cnpj' retrieved from /opt/airflow/dags/saving_file.py
[2025-03-24T04:47:40.735+0000] {logging_mixin.py:190} INFO - [2025-03-24T04:47:40.735+0000] {dag.py:3239} INFO - Sync 1 DAGs
[2025-03-24T04:47:40.746+0000] {logging_mixin.py:190} INFO - [2025-03-24T04:47:40.746+0000] {dag.py:4180} INFO - Setting next_dagrun for gerar_csv_dados_abertos_cnpj to 2025-03-23 00:00:00+00:00, run_after=2025-03-24 00:00:00+00:00
[2025-03-24T04:47:40.757+0000] {processor.py:208} INFO - Processing /opt/airflow/dags/saving_file.py took 0.183 seconds
[2025-03-24T04:48:10.951+0000] {processor.py:186} INFO - Started process (PID=3978) to work on /opt/airflow/dags/saving_file.py
[2025-03-24T04:48:10.951+0000] {processor.py:914} INFO - Processing file /opt/airflow/dags/saving_file.py for tasks to queue
[2025-03-24T04:48:10.953+0000] {logging_mixin.py:190} INFO - [2025-03-24T04:48:10.953+0000] {dagbag.py:588} INFO - Filling up the DagBag from /opt/airflow/dags/saving_file.py
[2025-03-24T04:48:11.093+0000] {processor.py:925} INFO - DAG(s) 'gerar_csv_dados_abertos_cnpj' retrieved from /opt/airflow/dags/saving_file.py
[2025-03-24T04:48:11.106+0000] {logging_mixin.py:190} INFO - [2025-03-24T04:48:11.106+0000] {dag.py:3239} INFO - Sync 1 DAGs
[2025-03-24T04:48:11.118+0000] {logging_mixin.py:190} INFO - [2025-03-24T04:48:11.118+0000] {dag.py:4180} INFO - Setting next_dagrun for gerar_csv_dados_abertos_cnpj to 2025-03-23 00:00:00+00:00, run_after=2025-03-24 00:00:00+00:00
[2025-03-24T04:48:11.129+0000] {processor.py:208} INFO - Processing /opt/airflow/dags/saving_file.py took 0.181 seconds
[2025-03-24T04:48:41.329+0000] {processor.py:186} INFO - Started process (PID=3989) to work on /opt/airflow/dags/saving_file.py
[2025-03-24T04:48:41.330+0000] {processor.py:914} INFO - Processing file /opt/airflow/dags/saving_file.py for tasks to queue
[2025-03-24T04:48:41.332+0000] {logging_mixin.py:190} INFO - [2025-03-24T04:48:41.332+0000] {dagbag.py:588} INFO - Filling up the DagBag from /opt/airflow/dags/saving_file.py
[2025-03-24T04:48:41.473+0000] {processor.py:925} INFO - DAG(s) 'gerar_csv_dados_abertos_cnpj' retrieved from /opt/airflow/dags/saving_file.py
[2025-03-24T04:48:41.486+0000] {logging_mixin.py:190} INFO - [2025-03-24T04:48:41.486+0000] {dag.py:3239} INFO - Sync 1 DAGs
[2025-03-24T04:48:41.498+0000] {logging_mixin.py:190} INFO - [2025-03-24T04:48:41.498+0000] {dag.py:4180} INFO - Setting next_dagrun for gerar_csv_dados_abertos_cnpj to 2025-03-23 00:00:00+00:00, run_after=2025-03-24 00:00:00+00:00
[2025-03-24T04:48:41.509+0000] {processor.py:208} INFO - Processing /opt/airflow/dags/saving_file.py took 0.183 seconds
[2025-03-24T04:49:11.707+0000] {processor.py:186} INFO - Started process (PID=4000) to work on /opt/airflow/dags/saving_file.py
[2025-03-24T04:49:11.708+0000] {processor.py:914} INFO - Processing file /opt/airflow/dags/saving_file.py for tasks to queue
[2025-03-24T04:49:11.710+0000] {logging_mixin.py:190} INFO - [2025-03-24T04:49:11.710+0000] {dagbag.py:588} INFO - Filling up the DagBag from /opt/airflow/dags/saving_file.py
[2025-03-24T04:49:11.855+0000] {processor.py:925} INFO - DAG(s) 'gerar_csv_dados_abertos_cnpj' retrieved from /opt/airflow/dags/saving_file.py
[2025-03-24T04:49:11.868+0000] {logging_mixin.py:190} INFO - [2025-03-24T04:49:11.868+0000] {dag.py:3239} INFO - Sync 1 DAGs
[2025-03-24T04:49:11.882+0000] {logging_mixin.py:190} INFO - [2025-03-24T04:49:11.882+0000] {dag.py:4180} INFO - Setting next_dagrun for gerar_csv_dados_abertos_cnpj to 2025-03-23 00:00:00+00:00, run_after=2025-03-24 00:00:00+00:00
[2025-03-24T04:49:11.893+0000] {processor.py:208} INFO - Processing /opt/airflow/dags/saving_file.py took 0.190 seconds
[2025-03-24T04:49:42.077+0000] {processor.py:186} INFO - Started process (PID=4011) to work on /opt/airflow/dags/saving_file.py
[2025-03-24T04:49:42.078+0000] {processor.py:914} INFO - Processing file /opt/airflow/dags/saving_file.py for tasks to queue
[2025-03-24T04:49:42.080+0000] {logging_mixin.py:190} INFO - [2025-03-24T04:49:42.080+0000] {dagbag.py:588} INFO - Filling up the DagBag from /opt/airflow/dags/saving_file.py
[2025-03-24T04:49:42.225+0000] {processor.py:925} INFO - DAG(s) 'gerar_csv_dados_abertos_cnpj' retrieved from /opt/airflow/dags/saving_file.py
[2025-03-24T04:49:42.239+0000] {logging_mixin.py:190} INFO - [2025-03-24T04:49:42.239+0000] {dag.py:3239} INFO - Sync 1 DAGs
[2025-03-24T04:49:42.255+0000] {logging_mixin.py:190} INFO - [2025-03-24T04:49:42.255+0000] {dag.py:4180} INFO - Setting next_dagrun for gerar_csv_dados_abertos_cnpj to 2025-03-23 00:00:00+00:00, run_after=2025-03-24 00:00:00+00:00
[2025-03-24T04:49:42.267+0000] {processor.py:208} INFO - Processing /opt/airflow/dags/saving_file.py took 0.193 seconds
[2025-03-24T04:50:12.535+0000] {processor.py:186} INFO - Started process (PID=4022) to work on /opt/airflow/dags/saving_file.py
[2025-03-24T04:50:12.536+0000] {processor.py:914} INFO - Processing file /opt/airflow/dags/saving_file.py for tasks to queue
[2025-03-24T04:50:12.538+0000] {logging_mixin.py:190} INFO - [2025-03-24T04:50:12.538+0000] {dagbag.py:588} INFO - Filling up the DagBag from /opt/airflow/dags/saving_file.py
[2025-03-24T04:50:12.684+0000] {processor.py:925} INFO - DAG(s) 'gerar_csv_dados_abertos_cnpj' retrieved from /opt/airflow/dags/saving_file.py
[2025-03-24T04:50:12.696+0000] {logging_mixin.py:190} INFO - [2025-03-24T04:50:12.696+0000] {dag.py:3239} INFO - Sync 1 DAGs
[2025-03-24T04:50:12.707+0000] {logging_mixin.py:190} INFO - [2025-03-24T04:50:12.707+0000] {dag.py:4180} INFO - Setting next_dagrun for gerar_csv_dados_abertos_cnpj to 2025-03-23 00:00:00+00:00, run_after=2025-03-24 00:00:00+00:00
[2025-03-24T04:50:12.724+0000] {processor.py:208} INFO - Processing /opt/airflow/dags/saving_file.py took 0.192 seconds
[2025-03-24T04:50:42.915+0000] {processor.py:186} INFO - Started process (PID=4033) to work on /opt/airflow/dags/saving_file.py
[2025-03-24T04:50:42.916+0000] {processor.py:914} INFO - Processing file /opt/airflow/dags/saving_file.py for tasks to queue
[2025-03-24T04:50:42.918+0000] {logging_mixin.py:190} INFO - [2025-03-24T04:50:42.918+0000] {dagbag.py:588} INFO - Filling up the DagBag from /opt/airflow/dags/saving_file.py
[2025-03-24T04:50:43.064+0000] {processor.py:925} INFO - DAG(s) 'gerar_csv_dados_abertos_cnpj' retrieved from /opt/airflow/dags/saving_file.py
[2025-03-24T04:50:43.078+0000] {logging_mixin.py:190} INFO - [2025-03-24T04:50:43.078+0000] {dag.py:3239} INFO - Sync 1 DAGs
[2025-03-24T04:50:43.091+0000] {logging_mixin.py:190} INFO - [2025-03-24T04:50:43.090+0000] {dag.py:4180} INFO - Setting next_dagrun for gerar_csv_dados_abertos_cnpj to 2025-03-23 00:00:00+00:00, run_after=2025-03-24 00:00:00+00:00
[2025-03-24T04:50:43.100+0000] {processor.py:208} INFO - Processing /opt/airflow/dags/saving_file.py took 0.188 seconds
[2025-03-24T04:51:13.283+0000] {processor.py:186} INFO - Started process (PID=4044) to work on /opt/airflow/dags/saving_file.py
[2025-03-24T04:51:13.284+0000] {processor.py:914} INFO - Processing file /opt/airflow/dags/saving_file.py for tasks to queue
[2025-03-24T04:51:13.288+0000] {logging_mixin.py:190} INFO - [2025-03-24T04:51:13.287+0000] {dagbag.py:588} INFO - Filling up the DagBag from /opt/airflow/dags/saving_file.py
[2025-03-24T04:51:13.432+0000] {processor.py:925} INFO - DAG(s) 'gerar_csv_dados_abertos_cnpj' retrieved from /opt/airflow/dags/saving_file.py
[2025-03-24T04:51:13.444+0000] {logging_mixin.py:190} INFO - [2025-03-24T04:51:13.444+0000] {dag.py:3239} INFO - Sync 1 DAGs
[2025-03-24T04:51:13.455+0000] {logging_mixin.py:190} INFO - [2025-03-24T04:51:13.455+0000] {dag.py:4180} INFO - Setting next_dagrun for gerar_csv_dados_abertos_cnpj to 2025-03-23 00:00:00+00:00, run_after=2025-03-24 00:00:00+00:00
[2025-03-24T04:51:13.466+0000] {processor.py:208} INFO - Processing /opt/airflow/dags/saving_file.py took 0.187 seconds
[2025-03-24T04:51:43.657+0000] {processor.py:186} INFO - Started process (PID=4055) to work on /opt/airflow/dags/saving_file.py
[2025-03-24T04:51:43.658+0000] {processor.py:914} INFO - Processing file /opt/airflow/dags/saving_file.py for tasks to queue
[2025-03-24T04:51:43.660+0000] {logging_mixin.py:190} INFO - [2025-03-24T04:51:43.659+0000] {dagbag.py:588} INFO - Filling up the DagBag from /opt/airflow/dags/saving_file.py
[2025-03-24T04:51:43.808+0000] {processor.py:925} INFO - DAG(s) 'gerar_csv_dados_abertos_cnpj' retrieved from /opt/airflow/dags/saving_file.py
[2025-03-24T04:51:43.822+0000] {logging_mixin.py:190} INFO - [2025-03-24T04:51:43.822+0000] {dag.py:3239} INFO - Sync 1 DAGs
[2025-03-24T04:51:43.835+0000] {logging_mixin.py:190} INFO - [2025-03-24T04:51:43.835+0000] {dag.py:4180} INFO - Setting next_dagrun for gerar_csv_dados_abertos_cnpj to 2025-03-23 00:00:00+00:00, run_after=2025-03-24 00:00:00+00:00
[2025-03-24T04:51:43.844+0000] {processor.py:208} INFO - Processing /opt/airflow/dags/saving_file.py took 0.191 seconds
[2025-03-24T04:52:14.033+0000] {processor.py:186} INFO - Started process (PID=4066) to work on /opt/airflow/dags/saving_file.py
[2025-03-24T04:52:14.034+0000] {processor.py:914} INFO - Processing file /opt/airflow/dags/saving_file.py for tasks to queue
[2025-03-24T04:52:14.036+0000] {logging_mixin.py:190} INFO - [2025-03-24T04:52:14.036+0000] {dagbag.py:588} INFO - Filling up the DagBag from /opt/airflow/dags/saving_file.py
[2025-03-24T04:52:14.178+0000] {processor.py:925} INFO - DAG(s) 'gerar_csv_dados_abertos_cnpj' retrieved from /opt/airflow/dags/saving_file.py
[2025-03-24T04:52:14.191+0000] {logging_mixin.py:190} INFO - [2025-03-24T04:52:14.191+0000] {dag.py:3239} INFO - Sync 1 DAGs
[2025-03-24T04:52:14.204+0000] {logging_mixin.py:190} INFO - [2025-03-24T04:52:14.204+0000] {dag.py:4180} INFO - Setting next_dagrun for gerar_csv_dados_abertos_cnpj to 2025-03-23 00:00:00+00:00, run_after=2025-03-24 00:00:00+00:00
[2025-03-24T04:52:14.218+0000] {processor.py:208} INFO - Processing /opt/airflow/dags/saving_file.py took 0.189 seconds
[2025-03-24T04:52:44.402+0000] {processor.py:186} INFO - Started process (PID=4077) to work on /opt/airflow/dags/saving_file.py
[2025-03-24T04:52:44.403+0000] {processor.py:914} INFO - Processing file /opt/airflow/dags/saving_file.py for tasks to queue
[2025-03-24T04:52:44.405+0000] {logging_mixin.py:190} INFO - [2025-03-24T04:52:44.405+0000] {dagbag.py:588} INFO - Filling up the DagBag from /opt/airflow/dags/saving_file.py
[2025-03-24T04:52:44.546+0000] {processor.py:925} INFO - DAG(s) 'gerar_csv_dados_abertos_cnpj' retrieved from /opt/airflow/dags/saving_file.py
[2025-03-24T04:52:44.559+0000] {logging_mixin.py:190} INFO - [2025-03-24T04:52:44.558+0000] {dag.py:3239} INFO - Sync 1 DAGs
[2025-03-24T04:52:44.570+0000] {logging_mixin.py:190} INFO - [2025-03-24T04:52:44.570+0000] {dag.py:4180} INFO - Setting next_dagrun for gerar_csv_dados_abertos_cnpj to 2025-03-23 00:00:00+00:00, run_after=2025-03-24 00:00:00+00:00
[2025-03-24T04:52:44.586+0000] {processor.py:208} INFO - Processing /opt/airflow/dags/saving_file.py took 0.187 seconds
[2025-03-24T04:53:14.768+0000] {processor.py:186} INFO - Started process (PID=4088) to work on /opt/airflow/dags/saving_file.py
[2025-03-24T04:53:14.769+0000] {processor.py:914} INFO - Processing file /opt/airflow/dags/saving_file.py for tasks to queue
[2025-03-24T04:53:14.772+0000] {logging_mixin.py:190} INFO - [2025-03-24T04:53:14.771+0000] {dagbag.py:588} INFO - Filling up the DagBag from /opt/airflow/dags/saving_file.py
[2025-03-24T04:53:14.914+0000] {processor.py:925} INFO - DAG(s) 'gerar_csv_dados_abertos_cnpj' retrieved from /opt/airflow/dags/saving_file.py
[2025-03-24T04:53:14.928+0000] {logging_mixin.py:190} INFO - [2025-03-24T04:53:14.928+0000] {dag.py:3239} INFO - Sync 1 DAGs
[2025-03-24T04:53:14.940+0000] {logging_mixin.py:190} INFO - [2025-03-24T04:53:14.940+0000] {dag.py:4180} INFO - Setting next_dagrun for gerar_csv_dados_abertos_cnpj to 2025-03-23 00:00:00+00:00, run_after=2025-03-24 00:00:00+00:00
[2025-03-24T04:53:14.950+0000] {processor.py:208} INFO - Processing /opt/airflow/dags/saving_file.py took 0.185 seconds
[2025-03-24T04:53:45.145+0000] {processor.py:186} INFO - Started process (PID=4099) to work on /opt/airflow/dags/saving_file.py
[2025-03-24T04:53:45.146+0000] {processor.py:914} INFO - Processing file /opt/airflow/dags/saving_file.py for tasks to queue
[2025-03-24T04:53:45.148+0000] {logging_mixin.py:190} INFO - [2025-03-24T04:53:45.148+0000] {dagbag.py:588} INFO - Filling up the DagBag from /opt/airflow/dags/saving_file.py
[2025-03-24T04:53:45.295+0000] {processor.py:925} INFO - DAG(s) 'gerar_csv_dados_abertos_cnpj' retrieved from /opt/airflow/dags/saving_file.py
[2025-03-24T04:53:45.309+0000] {logging_mixin.py:190} INFO - [2025-03-24T04:53:45.309+0000] {dag.py:3239} INFO - Sync 1 DAGs
[2025-03-24T04:53:45.321+0000] {logging_mixin.py:190} INFO - [2025-03-24T04:53:45.320+0000] {dag.py:4180} INFO - Setting next_dagrun for gerar_csv_dados_abertos_cnpj to 2025-03-23 00:00:00+00:00, run_after=2025-03-24 00:00:00+00:00
[2025-03-24T04:53:45.333+0000] {processor.py:208} INFO - Processing /opt/airflow/dags/saving_file.py took 0.191 seconds
[2025-03-24T04:54:15.527+0000] {processor.py:186} INFO - Started process (PID=4110) to work on /opt/airflow/dags/saving_file.py
[2025-03-24T04:54:15.528+0000] {processor.py:914} INFO - Processing file /opt/airflow/dags/saving_file.py for tasks to queue
[2025-03-24T04:54:15.531+0000] {logging_mixin.py:190} INFO - [2025-03-24T04:54:15.531+0000] {dagbag.py:588} INFO - Filling up the DagBag from /opt/airflow/dags/saving_file.py
[2025-03-24T04:54:15.673+0000] {processor.py:925} INFO - DAG(s) 'gerar_csv_dados_abertos_cnpj' retrieved from /opt/airflow/dags/saving_file.py
[2025-03-24T04:54:15.685+0000] {logging_mixin.py:190} INFO - [2025-03-24T04:54:15.685+0000] {dag.py:3239} INFO - Sync 1 DAGs
[2025-03-24T04:54:15.697+0000] {logging_mixin.py:190} INFO - [2025-03-24T04:54:15.697+0000] {dag.py:4180} INFO - Setting next_dagrun for gerar_csv_dados_abertos_cnpj to 2025-03-23 00:00:00+00:00, run_after=2025-03-24 00:00:00+00:00
[2025-03-24T04:54:15.706+0000] {processor.py:208} INFO - Processing /opt/airflow/dags/saving_file.py took 0.183 seconds
[2025-03-24T04:54:45.911+0000] {processor.py:186} INFO - Started process (PID=4121) to work on /opt/airflow/dags/saving_file.py
[2025-03-24T04:54:45.912+0000] {processor.py:914} INFO - Processing file /opt/airflow/dags/saving_file.py for tasks to queue
[2025-03-24T04:54:45.913+0000] {logging_mixin.py:190} INFO - [2025-03-24T04:54:45.913+0000] {dagbag.py:588} INFO - Filling up the DagBag from /opt/airflow/dags/saving_file.py
[2025-03-24T04:54:46.054+0000] {processor.py:925} INFO - DAG(s) 'gerar_csv_dados_abertos_cnpj' retrieved from /opt/airflow/dags/saving_file.py
[2025-03-24T04:54:46.067+0000] {logging_mixin.py:190} INFO - [2025-03-24T04:54:46.066+0000] {dag.py:3239} INFO - Sync 1 DAGs
[2025-03-24T04:54:46.079+0000] {logging_mixin.py:190} INFO - [2025-03-24T04:54:46.079+0000] {dag.py:4180} INFO - Setting next_dagrun for gerar_csv_dados_abertos_cnpj to 2025-03-23 00:00:00+00:00, run_after=2025-03-24 00:00:00+00:00
[2025-03-24T04:54:46.088+0000] {processor.py:208} INFO - Processing /opt/airflow/dags/saving_file.py took 0.180 seconds
[2025-03-24T04:55:16.338+0000] {processor.py:186} INFO - Started process (PID=4132) to work on /opt/airflow/dags/saving_file.py
[2025-03-24T04:55:16.340+0000] {processor.py:914} INFO - Processing file /opt/airflow/dags/saving_file.py for tasks to queue
[2025-03-24T04:55:16.342+0000] {logging_mixin.py:190} INFO - [2025-03-24T04:55:16.342+0000] {dagbag.py:588} INFO - Filling up the DagBag from /opt/airflow/dags/saving_file.py
[2025-03-24T04:55:16.482+0000] {processor.py:925} INFO - DAG(s) 'gerar_csv_dados_abertos_cnpj' retrieved from /opt/airflow/dags/saving_file.py
[2025-03-24T04:55:16.495+0000] {logging_mixin.py:190} INFO - [2025-03-24T04:55:16.495+0000] {dag.py:3239} INFO - Sync 1 DAGs
[2025-03-24T04:55:16.506+0000] {logging_mixin.py:190} INFO - [2025-03-24T04:55:16.506+0000] {dag.py:4180} INFO - Setting next_dagrun for gerar_csv_dados_abertos_cnpj to 2025-03-23 00:00:00+00:00, run_after=2025-03-24 00:00:00+00:00
[2025-03-24T04:55:16.517+0000] {processor.py:208} INFO - Processing /opt/airflow/dags/saving_file.py took 0.182 seconds
[2025-03-24T04:55:46.718+0000] {processor.py:186} INFO - Started process (PID=4143) to work on /opt/airflow/dags/saving_file.py
[2025-03-24T04:55:46.719+0000] {processor.py:914} INFO - Processing file /opt/airflow/dags/saving_file.py for tasks to queue
[2025-03-24T04:55:46.721+0000] {logging_mixin.py:190} INFO - [2025-03-24T04:55:46.721+0000] {dagbag.py:588} INFO - Filling up the DagBag from /opt/airflow/dags/saving_file.py
[2025-03-24T04:55:46.863+0000] {processor.py:925} INFO - DAG(s) 'gerar_csv_dados_abertos_cnpj' retrieved from /opt/airflow/dags/saving_file.py
[2025-03-24T04:55:46.876+0000] {logging_mixin.py:190} INFO - [2025-03-24T04:55:46.876+0000] {dag.py:3239} INFO - Sync 1 DAGs
[2025-03-24T04:55:46.886+0000] {logging_mixin.py:190} INFO - [2025-03-24T04:55:46.886+0000] {dag.py:4180} INFO - Setting next_dagrun for gerar_csv_dados_abertos_cnpj to 2025-03-23 00:00:00+00:00, run_after=2025-03-24 00:00:00+00:00
[2025-03-24T04:55:46.897+0000] {processor.py:208} INFO - Processing /opt/airflow/dags/saving_file.py took 0.182 seconds
[2025-03-24T04:56:17.098+0000] {processor.py:186} INFO - Started process (PID=4154) to work on /opt/airflow/dags/saving_file.py
[2025-03-24T04:56:17.099+0000] {processor.py:914} INFO - Processing file /opt/airflow/dags/saving_file.py for tasks to queue
[2025-03-24T04:56:17.101+0000] {logging_mixin.py:190} INFO - [2025-03-24T04:56:17.101+0000] {dagbag.py:588} INFO - Filling up the DagBag from /opt/airflow/dags/saving_file.py
[2025-03-24T04:56:17.246+0000] {processor.py:925} INFO - DAG(s) 'gerar_csv_dados_abertos_cnpj' retrieved from /opt/airflow/dags/saving_file.py
[2025-03-24T04:56:17.259+0000] {logging_mixin.py:190} INFO - [2025-03-24T04:56:17.259+0000] {dag.py:3239} INFO - Sync 1 DAGs
[2025-03-24T04:56:17.271+0000] {logging_mixin.py:190} INFO - [2025-03-24T04:56:17.271+0000] {dag.py:4180} INFO - Setting next_dagrun for gerar_csv_dados_abertos_cnpj to 2025-03-23 00:00:00+00:00, run_after=2025-03-24 00:00:00+00:00
[2025-03-24T04:56:17.282+0000] {processor.py:208} INFO - Processing /opt/airflow/dags/saving_file.py took 0.187 seconds
[2025-03-24T04:56:47.476+0000] {processor.py:186} INFO - Started process (PID=4165) to work on /opt/airflow/dags/saving_file.py
[2025-03-24T04:56:47.477+0000] {processor.py:914} INFO - Processing file /opt/airflow/dags/saving_file.py for tasks to queue
[2025-03-24T04:56:47.480+0000] {logging_mixin.py:190} INFO - [2025-03-24T04:56:47.480+0000] {dagbag.py:588} INFO - Filling up the DagBag from /opt/airflow/dags/saving_file.py
[2025-03-24T04:56:47.625+0000] {processor.py:925} INFO - DAG(s) 'gerar_csv_dados_abertos_cnpj' retrieved from /opt/airflow/dags/saving_file.py
[2025-03-24T04:56:47.639+0000] {logging_mixin.py:190} INFO - [2025-03-24T04:56:47.639+0000] {dag.py:3239} INFO - Sync 1 DAGs
[2025-03-24T04:56:47.652+0000] {logging_mixin.py:190} INFO - [2025-03-24T04:56:47.651+0000] {dag.py:4180} INFO - Setting next_dagrun for gerar_csv_dados_abertos_cnpj to 2025-03-23 00:00:00+00:00, run_after=2025-03-24 00:00:00+00:00
[2025-03-24T04:56:47.663+0000] {processor.py:208} INFO - Processing /opt/airflow/dags/saving_file.py took 0.190 seconds
[2025-03-24T04:57:17.847+0000] {processor.py:186} INFO - Started process (PID=4176) to work on /opt/airflow/dags/saving_file.py
[2025-03-24T04:57:17.848+0000] {processor.py:914} INFO - Processing file /opt/airflow/dags/saving_file.py for tasks to queue
[2025-03-24T04:57:17.851+0000] {logging_mixin.py:190} INFO - [2025-03-24T04:57:17.851+0000] {dagbag.py:588} INFO - Filling up the DagBag from /opt/airflow/dags/saving_file.py
[2025-03-24T04:57:17.989+0000] {processor.py:925} INFO - DAG(s) 'gerar_csv_dados_abertos_cnpj' retrieved from /opt/airflow/dags/saving_file.py
[2025-03-24T04:57:18.001+0000] {logging_mixin.py:190} INFO - [2025-03-24T04:57:18.000+0000] {dag.py:3239} INFO - Sync 1 DAGs
[2025-03-24T04:57:18.013+0000] {logging_mixin.py:190} INFO - [2025-03-24T04:57:18.013+0000] {dag.py:4180} INFO - Setting next_dagrun for gerar_csv_dados_abertos_cnpj to 2025-03-23 00:00:00+00:00, run_after=2025-03-24 00:00:00+00:00
[2025-03-24T04:57:18.024+0000] {processor.py:208} INFO - Processing /opt/airflow/dags/saving_file.py took 0.180 seconds
[2025-03-24T04:57:48.223+0000] {processor.py:186} INFO - Started process (PID=4187) to work on /opt/airflow/dags/saving_file.py
[2025-03-24T04:57:48.224+0000] {processor.py:914} INFO - Processing file /opt/airflow/dags/saving_file.py for tasks to queue
[2025-03-24T04:57:48.226+0000] {logging_mixin.py:190} INFO - [2025-03-24T04:57:48.226+0000] {dagbag.py:588} INFO - Filling up the DagBag from /opt/airflow/dags/saving_file.py
[2025-03-24T04:57:48.370+0000] {processor.py:925} INFO - DAG(s) 'gerar_csv_dados_abertos_cnpj' retrieved from /opt/airflow/dags/saving_file.py
[2025-03-24T04:57:48.386+0000] {logging_mixin.py:190} INFO - [2025-03-24T04:57:48.385+0000] {dag.py:3239} INFO - Sync 1 DAGs
[2025-03-24T04:57:48.400+0000] {logging_mixin.py:190} INFO - [2025-03-24T04:57:48.399+0000] {dag.py:4180} INFO - Setting next_dagrun for gerar_csv_dados_abertos_cnpj to 2025-03-23 00:00:00+00:00, run_after=2025-03-24 00:00:00+00:00
[2025-03-24T04:57:48.409+0000] {processor.py:208} INFO - Processing /opt/airflow/dags/saving_file.py took 0.190 seconds
[2025-03-24T04:58:18.587+0000] {processor.py:186} INFO - Started process (PID=4198) to work on /opt/airflow/dags/saving_file.py
[2025-03-24T04:58:18.588+0000] {processor.py:914} INFO - Processing file /opt/airflow/dags/saving_file.py for tasks to queue
[2025-03-24T04:58:18.591+0000] {logging_mixin.py:190} INFO - [2025-03-24T04:58:18.591+0000] {dagbag.py:588} INFO - Filling up the DagBag from /opt/airflow/dags/saving_file.py
[2025-03-24T04:58:18.735+0000] {processor.py:925} INFO - DAG(s) 'gerar_csv_dados_abertos_cnpj' retrieved from /opt/airflow/dags/saving_file.py
[2025-03-24T04:58:18.748+0000] {logging_mixin.py:190} INFO - [2025-03-24T04:58:18.748+0000] {dag.py:3239} INFO - Sync 1 DAGs
[2025-03-24T04:58:18.760+0000] {logging_mixin.py:190} INFO - [2025-03-24T04:58:18.760+0000] {dag.py:4180} INFO - Setting next_dagrun for gerar_csv_dados_abertos_cnpj to 2025-03-23 00:00:00+00:00, run_after=2025-03-24 00:00:00+00:00
[2025-03-24T04:58:18.772+0000] {processor.py:208} INFO - Processing /opt/airflow/dags/saving_file.py took 0.187 seconds
[2025-03-24T04:58:48.953+0000] {processor.py:186} INFO - Started process (PID=4209) to work on /opt/airflow/dags/saving_file.py
[2025-03-24T04:58:48.954+0000] {processor.py:914} INFO - Processing file /opt/airflow/dags/saving_file.py for tasks to queue
[2025-03-24T04:58:48.957+0000] {logging_mixin.py:190} INFO - [2025-03-24T04:58:48.957+0000] {dagbag.py:588} INFO - Filling up the DagBag from /opt/airflow/dags/saving_file.py
[2025-03-24T04:58:49.095+0000] {processor.py:925} INFO - DAG(s) 'gerar_csv_dados_abertos_cnpj' retrieved from /opt/airflow/dags/saving_file.py
[2025-03-24T04:58:49.107+0000] {logging_mixin.py:190} INFO - [2025-03-24T04:58:49.107+0000] {dag.py:3239} INFO - Sync 1 DAGs
[2025-03-24T04:58:49.119+0000] {logging_mixin.py:190} INFO - [2025-03-24T04:58:49.119+0000] {dag.py:4180} INFO - Setting next_dagrun for gerar_csv_dados_abertos_cnpj to 2025-03-23 00:00:00+00:00, run_after=2025-03-24 00:00:00+00:00
[2025-03-24T04:58:49.131+0000] {processor.py:208} INFO - Processing /opt/airflow/dags/saving_file.py took 0.181 seconds
[2025-03-24T04:59:19.341+0000] {processor.py:186} INFO - Started process (PID=4219) to work on /opt/airflow/dags/saving_file.py
[2025-03-24T04:59:19.341+0000] {processor.py:914} INFO - Processing file /opt/airflow/dags/saving_file.py for tasks to queue
[2025-03-24T04:59:19.344+0000] {logging_mixin.py:190} INFO - [2025-03-24T04:59:19.343+0000] {dagbag.py:588} INFO - Filling up the DagBag from /opt/airflow/dags/saving_file.py
[2025-03-24T04:59:19.487+0000] {processor.py:925} INFO - DAG(s) 'gerar_csv_dados_abertos_cnpj' retrieved from /opt/airflow/dags/saving_file.py
[2025-03-24T04:59:19.499+0000] {logging_mixin.py:190} INFO - [2025-03-24T04:59:19.499+0000] {dag.py:3239} INFO - Sync 1 DAGs
[2025-03-24T04:59:19.510+0000] {logging_mixin.py:190} INFO - [2025-03-24T04:59:19.510+0000] {dag.py:4180} INFO - Setting next_dagrun for gerar_csv_dados_abertos_cnpj to 2025-03-23 00:00:00+00:00, run_after=2025-03-24 00:00:00+00:00
[2025-03-24T04:59:19.522+0000] {processor.py:208} INFO - Processing /opt/airflow/dags/saving_file.py took 0.185 seconds
[2025-03-24T04:59:49.723+0000] {processor.py:186} INFO - Started process (PID=4230) to work on /opt/airflow/dags/saving_file.py
[2025-03-24T04:59:49.724+0000] {processor.py:914} INFO - Processing file /opt/airflow/dags/saving_file.py for tasks to queue
[2025-03-24T04:59:49.726+0000] {logging_mixin.py:190} INFO - [2025-03-24T04:59:49.726+0000] {dagbag.py:588} INFO - Filling up the DagBag from /opt/airflow/dags/saving_file.py
[2025-03-24T04:59:49.866+0000] {processor.py:925} INFO - DAG(s) 'gerar_csv_dados_abertos_cnpj' retrieved from /opt/airflow/dags/saving_file.py
[2025-03-24T04:59:49.879+0000] {logging_mixin.py:190} INFO - [2025-03-24T04:59:49.879+0000] {dag.py:3239} INFO - Sync 1 DAGs
[2025-03-24T04:59:49.892+0000] {logging_mixin.py:190} INFO - [2025-03-24T04:59:49.892+0000] {dag.py:4180} INFO - Setting next_dagrun for gerar_csv_dados_abertos_cnpj to 2025-03-23 00:00:00+00:00, run_after=2025-03-24 00:00:00+00:00
[2025-03-24T04:59:49.902+0000] {processor.py:208} INFO - Processing /opt/airflow/dags/saving_file.py took 0.182 seconds
[2025-03-24T05:00:20.141+0000] {processor.py:186} INFO - Started process (PID=4241) to work on /opt/airflow/dags/saving_file.py
[2025-03-24T05:00:20.142+0000] {processor.py:914} INFO - Processing file /opt/airflow/dags/saving_file.py for tasks to queue
[2025-03-24T05:00:20.144+0000] {logging_mixin.py:190} INFO - [2025-03-24T05:00:20.144+0000] {dagbag.py:588} INFO - Filling up the DagBag from /opt/airflow/dags/saving_file.py
[2025-03-24T05:00:20.287+0000] {processor.py:925} INFO - DAG(s) 'gerar_csv_dados_abertos_cnpj' retrieved from /opt/airflow/dags/saving_file.py
[2025-03-24T05:00:20.301+0000] {logging_mixin.py:190} INFO - [2025-03-24T05:00:20.300+0000] {dag.py:3239} INFO - Sync 1 DAGs
[2025-03-24T05:00:20.314+0000] {logging_mixin.py:190} INFO - [2025-03-24T05:00:20.313+0000] {dag.py:4180} INFO - Setting next_dagrun for gerar_csv_dados_abertos_cnpj to 2025-03-23 00:00:00+00:00, run_after=2025-03-24 00:00:00+00:00
[2025-03-24T05:00:20.324+0000] {processor.py:208} INFO - Processing /opt/airflow/dags/saving_file.py took 0.186 seconds
[2025-03-24T05:00:50.511+0000] {processor.py:186} INFO - Started process (PID=4252) to work on /opt/airflow/dags/saving_file.py
[2025-03-24T05:00:50.512+0000] {processor.py:914} INFO - Processing file /opt/airflow/dags/saving_file.py for tasks to queue
[2025-03-24T05:00:50.514+0000] {logging_mixin.py:190} INFO - [2025-03-24T05:00:50.514+0000] {dagbag.py:588} INFO - Filling up the DagBag from /opt/airflow/dags/saving_file.py
[2025-03-24T05:00:50.663+0000] {processor.py:925} INFO - DAG(s) 'gerar_csv_dados_abertos_cnpj' retrieved from /opt/airflow/dags/saving_file.py
[2025-03-24T05:00:50.676+0000] {logging_mixin.py:190} INFO - [2025-03-24T05:00:50.676+0000] {dag.py:3239} INFO - Sync 1 DAGs
[2025-03-24T05:00:50.687+0000] {logging_mixin.py:190} INFO - [2025-03-24T05:00:50.687+0000] {dag.py:4180} INFO - Setting next_dagrun for gerar_csv_dados_abertos_cnpj to 2025-03-23 00:00:00+00:00, run_after=2025-03-24 00:00:00+00:00
[2025-03-24T05:00:50.697+0000] {processor.py:208} INFO - Processing /opt/airflow/dags/saving_file.py took 0.189 seconds
[2025-03-24T05:01:20.885+0000] {processor.py:186} INFO - Started process (PID=4263) to work on /opt/airflow/dags/saving_file.py
[2025-03-24T05:01:20.886+0000] {processor.py:914} INFO - Processing file /opt/airflow/dags/saving_file.py for tasks to queue
[2025-03-24T05:01:20.888+0000] {logging_mixin.py:190} INFO - [2025-03-24T05:01:20.888+0000] {dagbag.py:588} INFO - Filling up the DagBag from /opt/airflow/dags/saving_file.py
[2025-03-24T05:01:21.037+0000] {processor.py:925} INFO - DAG(s) 'gerar_csv_dados_abertos_cnpj' retrieved from /opt/airflow/dags/saving_file.py
[2025-03-24T05:01:21.051+0000] {logging_mixin.py:190} INFO - [2025-03-24T05:01:21.051+0000] {dag.py:3239} INFO - Sync 1 DAGs
[2025-03-24T05:01:21.064+0000] {logging_mixin.py:190} INFO - [2025-03-24T05:01:21.064+0000] {dag.py:4180} INFO - Setting next_dagrun for gerar_csv_dados_abertos_cnpj to 2025-03-23 00:00:00+00:00, run_after=2025-03-24 00:00:00+00:00
[2025-03-24T05:01:21.074+0000] {processor.py:208} INFO - Processing /opt/airflow/dags/saving_file.py took 0.193 seconds
[2025-03-24T05:01:51.264+0000] {processor.py:186} INFO - Started process (PID=4274) to work on /opt/airflow/dags/saving_file.py
[2025-03-24T05:01:51.265+0000] {processor.py:914} INFO - Processing file /opt/airflow/dags/saving_file.py for tasks to queue
[2025-03-24T05:01:51.267+0000] {logging_mixin.py:190} INFO - [2025-03-24T05:01:51.266+0000] {dagbag.py:588} INFO - Filling up the DagBag from /opt/airflow/dags/saving_file.py
[2025-03-24T05:01:51.410+0000] {processor.py:925} INFO - DAG(s) 'gerar_csv_dados_abertos_cnpj' retrieved from /opt/airflow/dags/saving_file.py
[2025-03-24T05:01:51.423+0000] {logging_mixin.py:190} INFO - [2025-03-24T05:01:51.423+0000] {dag.py:3239} INFO - Sync 1 DAGs
[2025-03-24T05:01:51.434+0000] {logging_mixin.py:190} INFO - [2025-03-24T05:01:51.433+0000] {dag.py:4180} INFO - Setting next_dagrun for gerar_csv_dados_abertos_cnpj to 2025-03-23 00:00:00+00:00, run_after=2025-03-24 00:00:00+00:00
[2025-03-24T05:01:51.444+0000] {processor.py:208} INFO - Processing /opt/airflow/dags/saving_file.py took 0.184 seconds
[2025-03-24T05:02:21.639+0000] {processor.py:186} INFO - Started process (PID=4285) to work on /opt/airflow/dags/saving_file.py
[2025-03-24T05:02:21.640+0000] {processor.py:914} INFO - Processing file /opt/airflow/dags/saving_file.py for tasks to queue
[2025-03-24T05:02:21.642+0000] {logging_mixin.py:190} INFO - [2025-03-24T05:02:21.642+0000] {dagbag.py:588} INFO - Filling up the DagBag from /opt/airflow/dags/saving_file.py
[2025-03-24T05:02:21.783+0000] {processor.py:925} INFO - DAG(s) 'gerar_csv_dados_abertos_cnpj' retrieved from /opt/airflow/dags/saving_file.py
[2025-03-24T05:02:21.798+0000] {logging_mixin.py:190} INFO - [2025-03-24T05:02:21.798+0000] {dag.py:3239} INFO - Sync 1 DAGs
[2025-03-24T05:02:21.811+0000] {logging_mixin.py:190} INFO - [2025-03-24T05:02:21.811+0000] {dag.py:4180} INFO - Setting next_dagrun for gerar_csv_dados_abertos_cnpj to 2025-03-23 00:00:00+00:00, run_after=2025-03-24 00:00:00+00:00
[2025-03-24T05:02:21.822+0000] {processor.py:208} INFO - Processing /opt/airflow/dags/saving_file.py took 0.186 seconds
[2025-03-24T05:02:52.016+0000] {processor.py:186} INFO - Started process (PID=4296) to work on /opt/airflow/dags/saving_file.py
[2025-03-24T05:02:52.018+0000] {processor.py:914} INFO - Processing file /opt/airflow/dags/saving_file.py for tasks to queue
[2025-03-24T05:02:52.020+0000] {logging_mixin.py:190} INFO - [2025-03-24T05:02:52.020+0000] {dagbag.py:588} INFO - Filling up the DagBag from /opt/airflow/dags/saving_file.py
[2025-03-24T05:02:52.163+0000] {processor.py:925} INFO - DAG(s) 'gerar_csv_dados_abertos_cnpj' retrieved from /opt/airflow/dags/saving_file.py
[2025-03-24T05:02:52.177+0000] {logging_mixin.py:190} INFO - [2025-03-24T05:02:52.177+0000] {dag.py:3239} INFO - Sync 1 DAGs
[2025-03-24T05:02:52.190+0000] {logging_mixin.py:190} INFO - [2025-03-24T05:02:52.190+0000] {dag.py:4180} INFO - Setting next_dagrun for gerar_csv_dados_abertos_cnpj to 2025-03-23 00:00:00+00:00, run_after=2025-03-24 00:00:00+00:00
[2025-03-24T05:02:52.205+0000] {processor.py:208} INFO - Processing /opt/airflow/dags/saving_file.py took 0.192 seconds
[2025-03-24T05:03:22.386+0000] {processor.py:186} INFO - Started process (PID=4307) to work on /opt/airflow/dags/saving_file.py
[2025-03-24T05:03:22.388+0000] {processor.py:914} INFO - Processing file /opt/airflow/dags/saving_file.py for tasks to queue
[2025-03-24T05:03:22.391+0000] {logging_mixin.py:190} INFO - [2025-03-24T05:03:22.391+0000] {dagbag.py:588} INFO - Filling up the DagBag from /opt/airflow/dags/saving_file.py
[2025-03-24T05:03:22.535+0000] {processor.py:925} INFO - DAG(s) 'gerar_csv_dados_abertos_cnpj' retrieved from /opt/airflow/dags/saving_file.py
[2025-03-24T05:03:22.552+0000] {logging_mixin.py:190} INFO - [2025-03-24T05:03:22.552+0000] {dag.py:3239} INFO - Sync 1 DAGs
[2025-03-24T05:03:22.564+0000] {logging_mixin.py:190} INFO - [2025-03-24T05:03:22.564+0000] {dag.py:4180} INFO - Setting next_dagrun for gerar_csv_dados_abertos_cnpj to 2025-03-23 00:00:00+00:00, run_after=2025-03-24 00:00:00+00:00
[2025-03-24T05:03:22.574+0000] {processor.py:208} INFO - Processing /opt/airflow/dags/saving_file.py took 0.192 seconds
[2025-03-24T05:03:52.765+0000] {processor.py:186} INFO - Started process (PID=4318) to work on /opt/airflow/dags/saving_file.py
[2025-03-24T05:03:52.766+0000] {processor.py:914} INFO - Processing file /opt/airflow/dags/saving_file.py for tasks to queue
[2025-03-24T05:03:52.768+0000] {logging_mixin.py:190} INFO - [2025-03-24T05:03:52.768+0000] {dagbag.py:588} INFO - Filling up the DagBag from /opt/airflow/dags/saving_file.py
[2025-03-24T05:03:52.917+0000] {processor.py:925} INFO - DAG(s) 'gerar_csv_dados_abertos_cnpj' retrieved from /opt/airflow/dags/saving_file.py
[2025-03-24T05:03:52.931+0000] {logging_mixin.py:190} INFO - [2025-03-24T05:03:52.931+0000] {dag.py:3239} INFO - Sync 1 DAGs
[2025-03-24T05:03:52.944+0000] {logging_mixin.py:190} INFO - [2025-03-24T05:03:52.944+0000] {dag.py:4180} INFO - Setting next_dagrun for gerar_csv_dados_abertos_cnpj to 2025-03-23 00:00:00+00:00, run_after=2025-03-24 00:00:00+00:00
[2025-03-24T05:03:52.956+0000] {processor.py:208} INFO - Processing /opt/airflow/dags/saving_file.py took 0.195 seconds
[2025-03-24T05:04:23.151+0000] {processor.py:186} INFO - Started process (PID=4329) to work on /opt/airflow/dags/saving_file.py
[2025-03-24T05:04:23.153+0000] {processor.py:914} INFO - Processing file /opt/airflow/dags/saving_file.py for tasks to queue
[2025-03-24T05:04:23.155+0000] {logging_mixin.py:190} INFO - [2025-03-24T05:04:23.155+0000] {dagbag.py:588} INFO - Filling up the DagBag from /opt/airflow/dags/saving_file.py
[2025-03-24T05:04:23.304+0000] {processor.py:925} INFO - DAG(s) 'gerar_csv_dados_abertos_cnpj' retrieved from /opt/airflow/dags/saving_file.py
[2025-03-24T05:04:23.318+0000] {logging_mixin.py:190} INFO - [2025-03-24T05:04:23.318+0000] {dag.py:3239} INFO - Sync 1 DAGs
[2025-03-24T05:04:23.330+0000] {logging_mixin.py:190} INFO - [2025-03-24T05:04:23.330+0000] {dag.py:4180} INFO - Setting next_dagrun for gerar_csv_dados_abertos_cnpj to 2025-03-23 00:00:00+00:00, run_after=2025-03-24 00:00:00+00:00
[2025-03-24T05:04:23.342+0000] {processor.py:208} INFO - Processing /opt/airflow/dags/saving_file.py took 0.194 seconds
[2025-03-24T05:04:53.533+0000] {processor.py:186} INFO - Started process (PID=4340) to work on /opt/airflow/dags/saving_file.py
[2025-03-24T05:04:53.534+0000] {processor.py:914} INFO - Processing file /opt/airflow/dags/saving_file.py for tasks to queue
[2025-03-24T05:04:53.536+0000] {logging_mixin.py:190} INFO - [2025-03-24T05:04:53.536+0000] {dagbag.py:588} INFO - Filling up the DagBag from /opt/airflow/dags/saving_file.py
[2025-03-24T05:04:53.685+0000] {processor.py:925} INFO - DAG(s) 'gerar_csv_dados_abertos_cnpj' retrieved from /opt/airflow/dags/saving_file.py
[2025-03-24T05:04:53.699+0000] {logging_mixin.py:190} INFO - [2025-03-24T05:04:53.699+0000] {dag.py:3239} INFO - Sync 1 DAGs
[2025-03-24T05:04:53.712+0000] {logging_mixin.py:190} INFO - [2025-03-24T05:04:53.711+0000] {dag.py:4180} INFO - Setting next_dagrun for gerar_csv_dados_abertos_cnpj to 2025-03-23 00:00:00+00:00, run_after=2025-03-24 00:00:00+00:00
[2025-03-24T05:04:53.723+0000] {processor.py:208} INFO - Processing /opt/airflow/dags/saving_file.py took 0.193 seconds
[2025-03-24T05:05:23.964+0000] {processor.py:186} INFO - Started process (PID=4351) to work on /opt/airflow/dags/saving_file.py
[2025-03-24T05:05:23.965+0000] {processor.py:914} INFO - Processing file /opt/airflow/dags/saving_file.py for tasks to queue
[2025-03-24T05:05:23.968+0000] {logging_mixin.py:190} INFO - [2025-03-24T05:05:23.967+0000] {dagbag.py:588} INFO - Filling up the DagBag from /opt/airflow/dags/saving_file.py
[2025-03-24T05:05:24.115+0000] {processor.py:925} INFO - DAG(s) 'gerar_csv_dados_abertos_cnpj' retrieved from /opt/airflow/dags/saving_file.py
[2025-03-24T05:05:24.128+0000] {logging_mixin.py:190} INFO - [2025-03-24T05:05:24.128+0000] {dag.py:3239} INFO - Sync 1 DAGs
[2025-03-24T05:05:24.141+0000] {logging_mixin.py:190} INFO - [2025-03-24T05:05:24.141+0000] {dag.py:4180} INFO - Setting next_dagrun for gerar_csv_dados_abertos_cnpj to 2025-03-23 00:00:00+00:00, run_after=2025-03-24 00:00:00+00:00
[2025-03-24T05:05:24.152+0000] {processor.py:208} INFO - Processing /opt/airflow/dags/saving_file.py took 0.192 seconds
[2025-03-24T05:05:54.337+0000] {processor.py:186} INFO - Started process (PID=4362) to work on /opt/airflow/dags/saving_file.py
[2025-03-24T05:05:54.338+0000] {processor.py:914} INFO - Processing file /opt/airflow/dags/saving_file.py for tasks to queue
[2025-03-24T05:05:54.341+0000] {logging_mixin.py:190} INFO - [2025-03-24T05:05:54.340+0000] {dagbag.py:588} INFO - Filling up the DagBag from /opt/airflow/dags/saving_file.py
[2025-03-24T05:05:54.484+0000] {processor.py:925} INFO - DAG(s) 'gerar_csv_dados_abertos_cnpj' retrieved from /opt/airflow/dags/saving_file.py
[2025-03-24T05:05:54.496+0000] {logging_mixin.py:190} INFO - [2025-03-24T05:05:54.496+0000] {dag.py:3239} INFO - Sync 1 DAGs
[2025-03-24T05:05:54.507+0000] {logging_mixin.py:190} INFO - [2025-03-24T05:05:54.507+0000] {dag.py:4180} INFO - Setting next_dagrun for gerar_csv_dados_abertos_cnpj to 2025-03-23 00:00:00+00:00, run_after=2025-03-24 00:00:00+00:00
[2025-03-24T05:05:54.519+0000] {processor.py:208} INFO - Processing /opt/airflow/dags/saving_file.py took 0.185 seconds
[2025-03-24T05:06:24.705+0000] {processor.py:186} INFO - Started process (PID=4373) to work on /opt/airflow/dags/saving_file.py
[2025-03-24T05:06:24.706+0000] {processor.py:914} INFO - Processing file /opt/airflow/dags/saving_file.py for tasks to queue
[2025-03-24T05:06:24.708+0000] {logging_mixin.py:190} INFO - [2025-03-24T05:06:24.708+0000] {dagbag.py:588} INFO - Filling up the DagBag from /opt/airflow/dags/saving_file.py
[2025-03-24T05:06:24.850+0000] {processor.py:925} INFO - DAG(s) 'gerar_csv_dados_abertos_cnpj' retrieved from /opt/airflow/dags/saving_file.py
[2025-03-24T05:06:24.863+0000] {logging_mixin.py:190} INFO - [2025-03-24T05:06:24.863+0000] {dag.py:3239} INFO - Sync 1 DAGs
[2025-03-24T05:06:24.876+0000] {logging_mixin.py:190} INFO - [2025-03-24T05:06:24.876+0000] {dag.py:4180} INFO - Setting next_dagrun for gerar_csv_dados_abertos_cnpj to 2025-03-23 00:00:00+00:00, run_after=2025-03-24 00:00:00+00:00
[2025-03-24T05:06:24.886+0000] {processor.py:208} INFO - Processing /opt/airflow/dags/saving_file.py took 0.185 seconds
[2025-03-24T05:06:55.084+0000] {processor.py:186} INFO - Started process (PID=4384) to work on /opt/airflow/dags/saving_file.py
[2025-03-24T05:06:55.085+0000] {processor.py:914} INFO - Processing file /opt/airflow/dags/saving_file.py for tasks to queue
[2025-03-24T05:06:55.088+0000] {logging_mixin.py:190} INFO - [2025-03-24T05:06:55.088+0000] {dagbag.py:588} INFO - Filling up the DagBag from /opt/airflow/dags/saving_file.py
[2025-03-24T05:06:55.229+0000] {processor.py:925} INFO - DAG(s) 'gerar_csv_dados_abertos_cnpj' retrieved from /opt/airflow/dags/saving_file.py
[2025-03-24T05:06:55.242+0000] {logging_mixin.py:190} INFO - [2025-03-24T05:06:55.242+0000] {dag.py:3239} INFO - Sync 1 DAGs
[2025-03-24T05:06:55.254+0000] {logging_mixin.py:190} INFO - [2025-03-24T05:06:55.254+0000] {dag.py:4180} INFO - Setting next_dagrun for gerar_csv_dados_abertos_cnpj to 2025-03-23 00:00:00+00:00, run_after=2025-03-24 00:00:00+00:00
[2025-03-24T05:06:55.265+0000] {processor.py:208} INFO - Processing /opt/airflow/dags/saving_file.py took 0.183 seconds
[2025-03-24T05:07:25.482+0000] {processor.py:186} INFO - Started process (PID=4396) to work on /opt/airflow/dags/saving_file.py
[2025-03-24T05:07:25.483+0000] {processor.py:914} INFO - Processing file /opt/airflow/dags/saving_file.py for tasks to queue
[2025-03-24T05:07:25.486+0000] {logging_mixin.py:190} INFO - [2025-03-24T05:07:25.485+0000] {dagbag.py:588} INFO - Filling up the DagBag from /opt/airflow/dags/saving_file.py
[2025-03-24T05:07:25.628+0000] {processor.py:925} INFO - DAG(s) 'gerar_csv_dados_abertos_cnpj' retrieved from /opt/airflow/dags/saving_file.py
[2025-03-24T05:07:25.640+0000] {logging_mixin.py:190} INFO - [2025-03-24T05:07:25.640+0000] {dag.py:3239} INFO - Sync 1 DAGs
[2025-03-24T05:07:25.651+0000] {logging_mixin.py:190} INFO - [2025-03-24T05:07:25.651+0000] {dag.py:4180} INFO - Setting next_dagrun for gerar_csv_dados_abertos_cnpj to 2025-03-23 00:00:00+00:00, run_after=2025-03-24 00:00:00+00:00
[2025-03-24T05:07:25.661+0000] {processor.py:208} INFO - Processing /opt/airflow/dags/saving_file.py took 0.183 seconds
