[2025-03-29T02:07:07.385+0000] {processor.py:186} INFO - Started process (PID=71) to work on /opt/airflow/dags/saving_file.py
[2025-03-29T02:07:07.386+0000] {processor.py:914} INFO - Processing file /opt/airflow/dags/saving_file.py for tasks to queue
[2025-03-29T02:07:07.388+0000] {logging_mixin.py:190} INFO - [2025-03-29T02:07:07.388+0000] {dagbag.py:588} INFO - Filling up the DagBag from /opt/airflow/dags/saving_file.py
[2025-03-29T02:07:07.891+0000] {processor.py:925} INFO - DAG(s) 'gerar_csv_dados_abertos_cnpj' retrieved from /opt/airflow/dags/saving_file.py
[2025-03-29T02:07:07.909+0000] {logging_mixin.py:190} INFO - [2025-03-29T02:07:07.908+0000] {dag.py:3239} INFO - Sync 1 DAGs
[2025-03-29T02:07:07.921+0000] {logging_mixin.py:190} INFO - [2025-03-29T02:07:07.921+0000] {dag.py:4180} INFO - Setting next_dagrun for gerar_csv_dados_abertos_cnpj to 2025-03-28 00:00:00+00:00, run_after=2025-03-29 00:00:00+00:00
[2025-03-29T02:07:07.932+0000] {processor.py:208} INFO - Processing /opt/airflow/dags/saving_file.py took 0.551 seconds
[2025-03-29T02:07:38.158+0000] {processor.py:186} INFO - Started process (PID=82) to work on /opt/airflow/dags/saving_file.py
[2025-03-29T02:07:38.159+0000] {processor.py:914} INFO - Processing file /opt/airflow/dags/saving_file.py for tasks to queue
[2025-03-29T02:07:38.161+0000] {logging_mixin.py:190} INFO - [2025-03-29T02:07:38.160+0000] {dagbag.py:588} INFO - Filling up the DagBag from /opt/airflow/dags/saving_file.py
[2025-03-29T02:07:38.377+0000] {processor.py:925} INFO - DAG(s) 'gerar_csv_dados_abertos_cnpj' retrieved from /opt/airflow/dags/saving_file.py
[2025-03-29T02:07:38.387+0000] {logging_mixin.py:190} INFO - [2025-03-29T02:07:38.387+0000] {dag.py:3239} INFO - Sync 1 DAGs
[2025-03-29T02:07:38.396+0000] {logging_mixin.py:190} INFO - [2025-03-29T02:07:38.396+0000] {dag.py:4180} INFO - Setting next_dagrun for gerar_csv_dados_abertos_cnpj to 2025-03-28 00:00:00+00:00, run_after=2025-03-29 00:00:00+00:00
[2025-03-29T02:07:38.404+0000] {processor.py:208} INFO - Processing /opt/airflow/dags/saving_file.py took 0.248 seconds
[2025-03-29T02:08:08.614+0000] {processor.py:186} INFO - Started process (PID=93) to work on /opt/airflow/dags/saving_file.py
[2025-03-29T02:08:08.616+0000] {processor.py:914} INFO - Processing file /opt/airflow/dags/saving_file.py for tasks to queue
[2025-03-29T02:08:08.619+0000] {logging_mixin.py:190} INFO - [2025-03-29T02:08:08.618+0000] {dagbag.py:588} INFO - Filling up the DagBag from /opt/airflow/dags/saving_file.py
[2025-03-29T02:08:08.842+0000] {processor.py:925} INFO - DAG(s) 'gerar_csv_dados_abertos_cnpj' retrieved from /opt/airflow/dags/saving_file.py
[2025-03-29T02:08:08.855+0000] {logging_mixin.py:190} INFO - [2025-03-29T02:08:08.855+0000] {dag.py:3239} INFO - Sync 1 DAGs
[2025-03-29T02:08:08.865+0000] {logging_mixin.py:190} INFO - [2025-03-29T02:08:08.865+0000] {dag.py:4180} INFO - Setting next_dagrun for gerar_csv_dados_abertos_cnpj to 2025-03-28 00:00:00+00:00, run_after=2025-03-29 00:00:00+00:00
[2025-03-29T02:08:08.877+0000] {processor.py:208} INFO - Processing /opt/airflow/dags/saving_file.py took 0.266 seconds
[2025-03-29T02:08:39.135+0000] {processor.py:186} INFO - Started process (PID=104) to work on /opt/airflow/dags/saving_file.py
[2025-03-29T02:08:39.136+0000] {processor.py:914} INFO - Processing file /opt/airflow/dags/saving_file.py for tasks to queue
[2025-03-29T02:08:39.139+0000] {logging_mixin.py:190} INFO - [2025-03-29T02:08:39.138+0000] {dagbag.py:588} INFO - Filling up the DagBag from /opt/airflow/dags/saving_file.py
[2025-03-29T02:08:39.360+0000] {processor.py:925} INFO - DAG(s) 'gerar_csv_dados_abertos_cnpj' retrieved from /opt/airflow/dags/saving_file.py
[2025-03-29T02:08:39.371+0000] {logging_mixin.py:190} INFO - [2025-03-29T02:08:39.371+0000] {dag.py:3239} INFO - Sync 1 DAGs
[2025-03-29T02:08:39.381+0000] {logging_mixin.py:190} INFO - [2025-03-29T02:08:39.381+0000] {dag.py:4180} INFO - Setting next_dagrun for gerar_csv_dados_abertos_cnpj to 2025-03-28 00:00:00+00:00, run_after=2025-03-29 00:00:00+00:00
[2025-03-29T02:08:39.390+0000] {processor.py:208} INFO - Processing /opt/airflow/dags/saving_file.py took 0.258 seconds
[2025-03-29T02:09:09.612+0000] {processor.py:186} INFO - Started process (PID=115) to work on /opt/airflow/dags/saving_file.py
[2025-03-29T02:09:09.613+0000] {processor.py:914} INFO - Processing file /opt/airflow/dags/saving_file.py for tasks to queue
[2025-03-29T02:09:09.615+0000] {logging_mixin.py:190} INFO - [2025-03-29T02:09:09.615+0000] {dagbag.py:588} INFO - Filling up the DagBag from /opt/airflow/dags/saving_file.py
[2025-03-29T02:09:09.833+0000] {processor.py:925} INFO - DAG(s) 'gerar_csv_dados_abertos_cnpj' retrieved from /opt/airflow/dags/saving_file.py
[2025-03-29T02:09:09.843+0000] {logging_mixin.py:190} INFO - [2025-03-29T02:09:09.843+0000] {dag.py:3239} INFO - Sync 1 DAGs
[2025-03-29T02:09:09.853+0000] {logging_mixin.py:190} INFO - [2025-03-29T02:09:09.853+0000] {dag.py:4180} INFO - Setting next_dagrun for gerar_csv_dados_abertos_cnpj to 2025-03-28 00:00:00+00:00, run_after=2025-03-29 00:00:00+00:00
[2025-03-29T02:09:09.862+0000] {processor.py:208} INFO - Processing /opt/airflow/dags/saving_file.py took 0.254 seconds
[2025-03-29T02:09:40.061+0000] {processor.py:186} INFO - Started process (PID=126) to work on /opt/airflow/dags/saving_file.py
[2025-03-29T02:09:40.062+0000] {processor.py:914} INFO - Processing file /opt/airflow/dags/saving_file.py for tasks to queue
[2025-03-29T02:09:40.064+0000] {logging_mixin.py:190} INFO - [2025-03-29T02:09:40.064+0000] {dagbag.py:588} INFO - Filling up the DagBag from /opt/airflow/dags/saving_file.py
[2025-03-29T02:09:40.294+0000] {processor.py:925} INFO - DAG(s) 'gerar_csv_dados_abertos_cnpj' retrieved from /opt/airflow/dags/saving_file.py
[2025-03-29T02:09:40.304+0000] {logging_mixin.py:190} INFO - [2025-03-29T02:09:40.304+0000] {dag.py:3239} INFO - Sync 1 DAGs
[2025-03-29T02:09:40.315+0000] {logging_mixin.py:190} INFO - [2025-03-29T02:09:40.315+0000] {dag.py:4180} INFO - Setting next_dagrun for gerar_csv_dados_abertos_cnpj to 2025-03-28 00:00:00+00:00, run_after=2025-03-29 00:00:00+00:00
[2025-03-29T02:09:40.325+0000] {processor.py:208} INFO - Processing /opt/airflow/dags/saving_file.py took 0.267 seconds
[2025-03-29T02:10:10.519+0000] {processor.py:186} INFO - Started process (PID=137) to work on /opt/airflow/dags/saving_file.py
[2025-03-29T02:10:10.520+0000] {processor.py:914} INFO - Processing file /opt/airflow/dags/saving_file.py for tasks to queue
[2025-03-29T02:10:10.521+0000] {logging_mixin.py:190} INFO - [2025-03-29T02:10:10.521+0000] {dagbag.py:588} INFO - Filling up the DagBag from /opt/airflow/dags/saving_file.py
[2025-03-29T02:10:10.744+0000] {processor.py:925} INFO - DAG(s) 'gerar_csv_dados_abertos_cnpj' retrieved from /opt/airflow/dags/saving_file.py
[2025-03-29T02:10:10.755+0000] {logging_mixin.py:190} INFO - [2025-03-29T02:10:10.755+0000] {dag.py:3239} INFO - Sync 1 DAGs
[2025-03-29T02:10:10.766+0000] {logging_mixin.py:190} INFO - [2025-03-29T02:10:10.766+0000] {dag.py:4180} INFO - Setting next_dagrun for gerar_csv_dados_abertos_cnpj to 2025-03-28 00:00:00+00:00, run_after=2025-03-29 00:00:00+00:00
[2025-03-29T02:10:10.775+0000] {processor.py:208} INFO - Processing /opt/airflow/dags/saving_file.py took 0.259 seconds
[2025-03-29T02:10:32.636+0000] {processor.py:186} INFO - Started process (PID=71) to work on /opt/airflow/dags/saving_file.py
[2025-03-29T02:10:32.638+0000] {processor.py:914} INFO - Processing file /opt/airflow/dags/saving_file.py for tasks to queue
[2025-03-29T02:10:32.640+0000] {logging_mixin.py:190} INFO - [2025-03-29T02:10:32.639+0000] {dagbag.py:588} INFO - Filling up the DagBag from /opt/airflow/dags/saving_file.py
[2025-03-29T02:10:32.856+0000] {processor.py:925} INFO - DAG(s) 'gerar_csv_dados_abertos_cnpj' retrieved from /opt/airflow/dags/saving_file.py
[2025-03-29T02:10:32.869+0000] {logging_mixin.py:190} INFO - [2025-03-29T02:10:32.869+0000] {dag.py:3239} INFO - Sync 1 DAGs
[2025-03-29T02:10:32.880+0000] {logging_mixin.py:190} INFO - [2025-03-29T02:10:32.880+0000] {dag.py:4180} INFO - Setting next_dagrun for gerar_csv_dados_abertos_cnpj to 2025-03-28 00:00:00+00:00, run_after=2025-03-29 00:00:00+00:00
[2025-03-29T02:10:32.891+0000] {processor.py:208} INFO - Processing /opt/airflow/dags/saving_file.py took 0.257 seconds
[2025-03-29T02:11:03.100+0000] {processor.py:186} INFO - Started process (PID=82) to work on /opt/airflow/dags/saving_file.py
[2025-03-29T02:11:03.100+0000] {processor.py:914} INFO - Processing file /opt/airflow/dags/saving_file.py for tasks to queue
[2025-03-29T02:11:03.102+0000] {logging_mixin.py:190} INFO - [2025-03-29T02:11:03.102+0000] {dagbag.py:588} INFO - Filling up the DagBag from /opt/airflow/dags/saving_file.py
[2025-03-29T02:11:03.335+0000] {processor.py:925} INFO - DAG(s) 'gerar_csv_dados_abertos_cnpj' retrieved from /opt/airflow/dags/saving_file.py
[2025-03-29T02:11:03.346+0000] {logging_mixin.py:190} INFO - [2025-03-29T02:11:03.346+0000] {dag.py:3239} INFO - Sync 1 DAGs
[2025-03-29T02:11:03.357+0000] {logging_mixin.py:190} INFO - [2025-03-29T02:11:03.357+0000] {dag.py:4180} INFO - Setting next_dagrun for gerar_csv_dados_abertos_cnpj to 2025-03-28 00:00:00+00:00, run_after=2025-03-29 00:00:00+00:00
[2025-03-29T02:11:03.366+0000] {processor.py:208} INFO - Processing /opt/airflow/dags/saving_file.py took 0.269 seconds
[2025-03-29T02:11:33.581+0000] {processor.py:186} INFO - Started process (PID=93) to work on /opt/airflow/dags/saving_file.py
[2025-03-29T02:11:33.582+0000] {processor.py:914} INFO - Processing file /opt/airflow/dags/saving_file.py for tasks to queue
[2025-03-29T02:11:33.584+0000] {logging_mixin.py:190} INFO - [2025-03-29T02:11:33.584+0000] {dagbag.py:588} INFO - Filling up the DagBag from /opt/airflow/dags/saving_file.py
[2025-03-29T02:11:33.819+0000] {processor.py:925} INFO - DAG(s) 'gerar_csv_dados_abertos_cnpj' retrieved from /opt/airflow/dags/saving_file.py
[2025-03-29T02:11:33.830+0000] {logging_mixin.py:190} INFO - [2025-03-29T02:11:33.829+0000] {dag.py:3239} INFO - Sync 1 DAGs
[2025-03-29T02:11:33.840+0000] {logging_mixin.py:190} INFO - [2025-03-29T02:11:33.840+0000] {dag.py:4180} INFO - Setting next_dagrun for gerar_csv_dados_abertos_cnpj to 2025-03-28 00:00:00+00:00, run_after=2025-03-29 00:00:00+00:00
[2025-03-29T02:11:33.849+0000] {processor.py:208} INFO - Processing /opt/airflow/dags/saving_file.py took 0.273 seconds
[2025-03-29T02:12:04.044+0000] {processor.py:186} INFO - Started process (PID=104) to work on /opt/airflow/dags/saving_file.py
[2025-03-29T02:12:04.045+0000] {processor.py:914} INFO - Processing file /opt/airflow/dags/saving_file.py for tasks to queue
[2025-03-29T02:12:04.048+0000] {logging_mixin.py:190} INFO - [2025-03-29T02:12:04.047+0000] {dagbag.py:588} INFO - Filling up the DagBag from /opt/airflow/dags/saving_file.py
[2025-03-29T02:12:04.287+0000] {processor.py:925} INFO - DAG(s) 'gerar_csv_dados_abertos_cnpj' retrieved from /opt/airflow/dags/saving_file.py
[2025-03-29T02:12:04.297+0000] {logging_mixin.py:190} INFO - [2025-03-29T02:12:04.296+0000] {dag.py:3239} INFO - Sync 1 DAGs
[2025-03-29T02:12:04.306+0000] {logging_mixin.py:190} INFO - [2025-03-29T02:12:04.306+0000] {dag.py:4180} INFO - Setting next_dagrun for gerar_csv_dados_abertos_cnpj to 2025-03-28 00:00:00+00:00, run_after=2025-03-29 00:00:00+00:00
[2025-03-29T02:12:04.313+0000] {processor.py:208} INFO - Processing /opt/airflow/dags/saving_file.py took 0.273 seconds
[2025-03-29T02:12:34.521+0000] {processor.py:186} INFO - Started process (PID=115) to work on /opt/airflow/dags/saving_file.py
[2025-03-29T02:12:34.522+0000] {processor.py:914} INFO - Processing file /opt/airflow/dags/saving_file.py for tasks to queue
[2025-03-29T02:12:34.525+0000] {logging_mixin.py:190} INFO - [2025-03-29T02:12:34.525+0000] {dagbag.py:588} INFO - Filling up the DagBag from /opt/airflow/dags/saving_file.py
[2025-03-29T02:12:34.740+0000] {processor.py:925} INFO - DAG(s) 'gerar_csv_dados_abertos_cnpj' retrieved from /opt/airflow/dags/saving_file.py
[2025-03-29T02:12:34.751+0000] {logging_mixin.py:190} INFO - [2025-03-29T02:12:34.751+0000] {dag.py:3239} INFO - Sync 1 DAGs
[2025-03-29T02:12:34.761+0000] {logging_mixin.py:190} INFO - [2025-03-29T02:12:34.761+0000] {dag.py:4180} INFO - Setting next_dagrun for gerar_csv_dados_abertos_cnpj to 2025-03-28 00:00:00+00:00, run_after=2025-03-29 00:00:00+00:00
[2025-03-29T02:12:34.769+0000] {processor.py:208} INFO - Processing /opt/airflow/dags/saving_file.py took 0.251 seconds
[2025-03-29T02:13:04.973+0000] {processor.py:186} INFO - Started process (PID=125) to work on /opt/airflow/dags/saving_file.py
[2025-03-29T02:13:04.974+0000] {processor.py:914} INFO - Processing file /opt/airflow/dags/saving_file.py for tasks to queue
[2025-03-29T02:13:04.975+0000] {logging_mixin.py:190} INFO - [2025-03-29T02:13:04.975+0000] {dagbag.py:588} INFO - Filling up the DagBag from /opt/airflow/dags/saving_file.py
[2025-03-29T02:13:05.194+0000] {processor.py:925} INFO - DAG(s) 'gerar_csv_dados_abertos_cnpj' retrieved from /opt/airflow/dags/saving_file.py
[2025-03-29T02:13:05.205+0000] {logging_mixin.py:190} INFO - [2025-03-29T02:13:05.205+0000] {dag.py:3239} INFO - Sync 1 DAGs
[2025-03-29T02:13:05.215+0000] {logging_mixin.py:190} INFO - [2025-03-29T02:13:05.215+0000] {dag.py:4180} INFO - Setting next_dagrun for gerar_csv_dados_abertos_cnpj to 2025-03-28 00:00:00+00:00, run_after=2025-03-29 00:00:00+00:00
[2025-03-29T02:13:05.225+0000] {processor.py:208} INFO - Processing /opt/airflow/dags/saving_file.py took 0.255 seconds
[2025-03-29T02:13:21.218+0000] {processor.py:186} INFO - Started process (PID=71) to work on /opt/airflow/dags/saving_file.py
[2025-03-29T02:13:21.219+0000] {processor.py:914} INFO - Processing file /opt/airflow/dags/saving_file.py for tasks to queue
[2025-03-29T02:13:21.221+0000] {logging_mixin.py:190} INFO - [2025-03-29T02:13:21.221+0000] {dagbag.py:588} INFO - Filling up the DagBag from /opt/airflow/dags/saving_file.py
[2025-03-29T02:13:21.437+0000] {processor.py:925} INFO - DAG(s) 'gerar_csv_dados_abertos_cnpj' retrieved from /opt/airflow/dags/saving_file.py
[2025-03-29T02:13:21.448+0000] {logging_mixin.py:190} INFO - [2025-03-29T02:13:21.448+0000] {dag.py:3239} INFO - Sync 1 DAGs
[2025-03-29T02:13:21.459+0000] {logging_mixin.py:190} INFO - [2025-03-29T02:13:21.459+0000] {dag.py:4180} INFO - Setting next_dagrun for gerar_csv_dados_abertos_cnpj to 2025-03-28 00:00:00+00:00, run_after=2025-03-29 00:00:00+00:00
[2025-03-29T02:13:21.468+0000] {processor.py:208} INFO - Processing /opt/airflow/dags/saving_file.py took 0.253 seconds
[2025-03-29T02:13:34.163+0000] {processor.py:186} INFO - Started process (PID=65) to work on /opt/airflow/dags/saving_file.py
[2025-03-29T02:13:34.164+0000] {processor.py:914} INFO - Processing file /opt/airflow/dags/saving_file.py for tasks to queue
[2025-03-29T02:13:34.166+0000] {logging_mixin.py:190} INFO - [2025-03-29T02:13:34.166+0000] {dagbag.py:588} INFO - Filling up the DagBag from /opt/airflow/dags/saving_file.py
[2025-03-29T02:13:34.399+0000] {processor.py:925} INFO - DAG(s) 'gerar_csv_dados_abertos_cnpj' retrieved from /opt/airflow/dags/saving_file.py
[2025-03-29T02:13:34.410+0000] {logging_mixin.py:190} INFO - [2025-03-29T02:13:34.410+0000] {dag.py:3239} INFO - Sync 1 DAGs
[2025-03-29T02:13:34.420+0000] {logging_mixin.py:190} INFO - [2025-03-29T02:13:34.420+0000] {dag.py:4180} INFO - Setting next_dagrun for gerar_csv_dados_abertos_cnpj to 2025-03-28 00:00:00+00:00, run_after=2025-03-29 00:00:00+00:00
[2025-03-29T02:13:34.430+0000] {processor.py:208} INFO - Processing /opt/airflow/dags/saving_file.py took 0.269 seconds
[2025-03-29T02:14:04.671+0000] {processor.py:186} INFO - Started process (PID=76) to work on /opt/airflow/dags/saving_file.py
[2025-03-29T02:14:04.672+0000] {processor.py:914} INFO - Processing file /opt/airflow/dags/saving_file.py for tasks to queue
[2025-03-29T02:14:04.675+0000] {logging_mixin.py:190} INFO - [2025-03-29T02:14:04.674+0000] {dagbag.py:588} INFO - Filling up the DagBag from /opt/airflow/dags/saving_file.py
[2025-03-29T02:14:04.903+0000] {processor.py:925} INFO - DAG(s) 'gerar_csv_dados_abertos_cnpj' retrieved from /opt/airflow/dags/saving_file.py
[2025-03-29T02:14:04.914+0000] {logging_mixin.py:190} INFO - [2025-03-29T02:14:04.913+0000] {dag.py:3239} INFO - Sync 1 DAGs
[2025-03-29T02:14:04.925+0000] {logging_mixin.py:190} INFO - [2025-03-29T02:14:04.925+0000] {dag.py:4180} INFO - Setting next_dagrun for gerar_csv_dados_abertos_cnpj to 2025-03-28 00:00:00+00:00, run_after=2025-03-29 00:00:00+00:00
[2025-03-29T02:14:04.935+0000] {processor.py:208} INFO - Processing /opt/airflow/dags/saving_file.py took 0.267 seconds
[2025-03-29T02:14:40.028+0000] {processor.py:186} INFO - Started process (PID=65) to work on /opt/airflow/dags/saving_file.py
[2025-03-29T02:14:40.029+0000] {processor.py:914} INFO - Processing file /opt/airflow/dags/saving_file.py for tasks to queue
[2025-03-29T02:14:40.031+0000] {logging_mixin.py:190} INFO - [2025-03-29T02:14:40.031+0000] {dagbag.py:588} INFO - Filling up the DagBag from /opt/airflow/dags/saving_file.py
[2025-03-29T02:14:40.258+0000] {processor.py:925} INFO - DAG(s) 'gerar_csv_dados_abertos_cnpj' retrieved from /opt/airflow/dags/saving_file.py
[2025-03-29T02:14:40.269+0000] {logging_mixin.py:190} INFO - [2025-03-29T02:14:40.268+0000] {dag.py:3239} INFO - Sync 1 DAGs
[2025-03-29T02:14:40.278+0000] {logging_mixin.py:190} INFO - [2025-03-29T02:14:40.278+0000] {dag.py:4180} INFO - Setting next_dagrun for gerar_csv_dados_abertos_cnpj to 2025-03-28 00:00:00+00:00, run_after=2025-03-29 00:00:00+00:00
[2025-03-29T02:14:40.289+0000] {processor.py:208} INFO - Processing /opt/airflow/dags/saving_file.py took 0.264 seconds
[2025-03-29T14:40:17.073+0000] {processor.py:186} INFO - Started process (PID=71) to work on /opt/airflow/dags/saving_file.py
[2025-03-29T14:40:17.074+0000] {processor.py:914} INFO - Processing file /opt/airflow/dags/saving_file.py for tasks to queue
[2025-03-29T14:40:17.077+0000] {logging_mixin.py:190} INFO - [2025-03-29T14:40:17.077+0000] {dagbag.py:588} INFO - Filling up the DagBag from /opt/airflow/dags/saving_file.py
[2025-03-29T14:40:17.446+0000] {processor.py:925} INFO - DAG(s) 'gerar_csv_dados_abertos_cnpj' retrieved from /opt/airflow/dags/saving_file.py
[2025-03-29T14:40:17.464+0000] {logging_mixin.py:190} INFO - [2025-03-29T14:40:17.463+0000] {dag.py:3239} INFO - Sync 1 DAGs
[2025-03-29T14:40:17.479+0000] {logging_mixin.py:190} INFO - [2025-03-29T14:40:17.479+0000] {dag.py:4180} INFO - Setting next_dagrun for gerar_csv_dados_abertos_cnpj to 2025-03-28 00:00:00+00:00, run_after=2025-03-29 00:00:00+00:00
[2025-03-29T14:40:17.492+0000] {processor.py:208} INFO - Processing /opt/airflow/dags/saving_file.py took 0.422 seconds
[2025-03-29T14:40:47.737+0000] {processor.py:186} INFO - Started process (PID=82) to work on /opt/airflow/dags/saving_file.py
[2025-03-29T14:40:47.738+0000] {processor.py:914} INFO - Processing file /opt/airflow/dags/saving_file.py for tasks to queue
[2025-03-29T14:40:47.740+0000] {logging_mixin.py:190} INFO - [2025-03-29T14:40:47.739+0000] {dagbag.py:588} INFO - Filling up the DagBag from /opt/airflow/dags/saving_file.py
[2025-03-29T14:40:47.966+0000] {processor.py:925} INFO - DAG(s) 'gerar_csv_dados_abertos_cnpj' retrieved from /opt/airflow/dags/saving_file.py
[2025-03-29T14:40:47.981+0000] {logging_mixin.py:190} INFO - [2025-03-29T14:40:47.980+0000] {dag.py:3239} INFO - Sync 1 DAGs
[2025-03-29T14:40:47.991+0000] {logging_mixin.py:190} INFO - [2025-03-29T14:40:47.991+0000] {dag.py:4180} INFO - Setting next_dagrun for gerar_csv_dados_abertos_cnpj to 2025-03-28 00:00:00+00:00, run_after=2025-03-29 00:00:00+00:00
[2025-03-29T14:40:48.002+0000] {processor.py:208} INFO - Processing /opt/airflow/dags/saving_file.py took 0.267 seconds
[2025-03-29T14:41:18.221+0000] {processor.py:186} INFO - Started process (PID=93) to work on /opt/airflow/dags/saving_file.py
[2025-03-29T14:41:18.222+0000] {processor.py:914} INFO - Processing file /opt/airflow/dags/saving_file.py for tasks to queue
[2025-03-29T14:41:18.224+0000] {logging_mixin.py:190} INFO - [2025-03-29T14:41:18.224+0000] {dagbag.py:588} INFO - Filling up the DagBag from /opt/airflow/dags/saving_file.py
[2025-03-29T14:41:18.466+0000] {processor.py:925} INFO - DAG(s) 'gerar_csv_dados_abertos_cnpj' retrieved from /opt/airflow/dags/saving_file.py
[2025-03-29T14:41:18.479+0000] {logging_mixin.py:190} INFO - [2025-03-29T14:41:18.479+0000] {dag.py:3239} INFO - Sync 1 DAGs
[2025-03-29T14:41:18.500+0000] {logging_mixin.py:190} INFO - [2025-03-29T14:41:18.499+0000] {dag.py:4180} INFO - Setting next_dagrun for gerar_csv_dados_abertos_cnpj to 2025-03-28 00:00:00+00:00, run_after=2025-03-29 00:00:00+00:00
[2025-03-29T14:41:18.514+0000] {processor.py:208} INFO - Processing /opt/airflow/dags/saving_file.py took 0.296 seconds
[2025-03-29T14:41:48.676+0000] {processor.py:186} INFO - Started process (PID=104) to work on /opt/airflow/dags/saving_file.py
[2025-03-29T14:41:48.677+0000] {processor.py:914} INFO - Processing file /opt/airflow/dags/saving_file.py for tasks to queue
[2025-03-29T14:41:48.678+0000] {logging_mixin.py:190} INFO - [2025-03-29T14:41:48.678+0000] {dagbag.py:588} INFO - Filling up the DagBag from /opt/airflow/dags/saving_file.py
[2025-03-29T14:41:48.988+0000] {processor.py:925} INFO - DAG(s) 'gerar_csv_dados_abertos_cnpj' retrieved from /opt/airflow/dags/saving_file.py
[2025-03-29T14:41:49.005+0000] {logging_mixin.py:190} INFO - [2025-03-29T14:41:49.004+0000] {dag.py:3239} INFO - Sync 1 DAGs
[2025-03-29T14:41:49.018+0000] {logging_mixin.py:190} INFO - [2025-03-29T14:41:49.018+0000] {dag.py:4180} INFO - Setting next_dagrun for gerar_csv_dados_abertos_cnpj to 2025-03-28 00:00:00+00:00, run_after=2025-03-29 00:00:00+00:00
[2025-03-29T14:41:49.036+0000] {processor.py:208} INFO - Processing /opt/airflow/dags/saving_file.py took 0.364 seconds
[2025-03-29T14:42:19.240+0000] {processor.py:186} INFO - Started process (PID=115) to work on /opt/airflow/dags/saving_file.py
[2025-03-29T14:42:19.240+0000] {processor.py:914} INFO - Processing file /opt/airflow/dags/saving_file.py for tasks to queue
[2025-03-29T14:42:19.242+0000] {logging_mixin.py:190} INFO - [2025-03-29T14:42:19.242+0000] {dagbag.py:588} INFO - Filling up the DagBag from /opt/airflow/dags/saving_file.py
[2025-03-29T14:42:19.502+0000] {processor.py:925} INFO - DAG(s) 'gerar_csv_dados_abertos_cnpj' retrieved from /opt/airflow/dags/saving_file.py
[2025-03-29T14:42:19.514+0000] {logging_mixin.py:190} INFO - [2025-03-29T14:42:19.514+0000] {dag.py:3239} INFO - Sync 1 DAGs
[2025-03-29T14:42:19.525+0000] {logging_mixin.py:190} INFO - [2025-03-29T14:42:19.525+0000] {dag.py:4180} INFO - Setting next_dagrun for gerar_csv_dados_abertos_cnpj to 2025-03-28 00:00:00+00:00, run_after=2025-03-29 00:00:00+00:00
[2025-03-29T14:42:19.540+0000] {processor.py:208} INFO - Processing /opt/airflow/dags/saving_file.py took 0.303 seconds
[2025-03-29T14:42:49.711+0000] {processor.py:186} INFO - Started process (PID=126) to work on /opt/airflow/dags/saving_file.py
[2025-03-29T14:42:49.712+0000] {processor.py:914} INFO - Processing file /opt/airflow/dags/saving_file.py for tasks to queue
[2025-03-29T14:42:49.714+0000] {logging_mixin.py:190} INFO - [2025-03-29T14:42:49.714+0000] {dagbag.py:588} INFO - Filling up the DagBag from /opt/airflow/dags/saving_file.py
[2025-03-29T14:42:49.963+0000] {processor.py:925} INFO - DAG(s) 'gerar_csv_dados_abertos_cnpj' retrieved from /opt/airflow/dags/saving_file.py
[2025-03-29T14:42:49.974+0000] {logging_mixin.py:190} INFO - [2025-03-29T14:42:49.973+0000] {dag.py:3239} INFO - Sync 1 DAGs
[2025-03-29T14:42:49.984+0000] {logging_mixin.py:190} INFO - [2025-03-29T14:42:49.984+0000] {dag.py:4180} INFO - Setting next_dagrun for gerar_csv_dados_abertos_cnpj to 2025-03-28 00:00:00+00:00, run_after=2025-03-29 00:00:00+00:00
[2025-03-29T14:42:50.002+0000] {processor.py:208} INFO - Processing /opt/airflow/dags/saving_file.py took 0.296 seconds
[2025-03-29T14:43:20.192+0000] {processor.py:186} INFO - Started process (PID=137) to work on /opt/airflow/dags/saving_file.py
[2025-03-29T14:43:20.193+0000] {processor.py:914} INFO - Processing file /opt/airflow/dags/saving_file.py for tasks to queue
[2025-03-29T14:43:20.195+0000] {logging_mixin.py:190} INFO - [2025-03-29T14:43:20.195+0000] {dagbag.py:588} INFO - Filling up the DagBag from /opt/airflow/dags/saving_file.py
[2025-03-29T14:43:20.439+0000] {processor.py:925} INFO - DAG(s) 'gerar_csv_dados_abertos_cnpj' retrieved from /opt/airflow/dags/saving_file.py
[2025-03-29T14:43:20.452+0000] {logging_mixin.py:190} INFO - [2025-03-29T14:43:20.452+0000] {dag.py:3239} INFO - Sync 1 DAGs
[2025-03-29T14:43:20.465+0000] {logging_mixin.py:190} INFO - [2025-03-29T14:43:20.465+0000] {dag.py:4180} INFO - Setting next_dagrun for gerar_csv_dados_abertos_cnpj to 2025-03-28 00:00:00+00:00, run_after=2025-03-29 00:00:00+00:00
[2025-03-29T14:43:20.481+0000] {processor.py:208} INFO - Processing /opt/airflow/dags/saving_file.py took 0.292 seconds
[2025-03-29T14:43:50.672+0000] {processor.py:186} INFO - Started process (PID=148) to work on /opt/airflow/dags/saving_file.py
[2025-03-29T14:43:50.673+0000] {processor.py:914} INFO - Processing file /opt/airflow/dags/saving_file.py for tasks to queue
[2025-03-29T14:43:50.675+0000] {logging_mixin.py:190} INFO - [2025-03-29T14:43:50.675+0000] {dagbag.py:588} INFO - Filling up the DagBag from /opt/airflow/dags/saving_file.py
[2025-03-29T14:43:50.903+0000] {processor.py:925} INFO - DAG(s) 'gerar_csv_dados_abertos_cnpj' retrieved from /opt/airflow/dags/saving_file.py
[2025-03-29T14:43:50.917+0000] {logging_mixin.py:190} INFO - [2025-03-29T14:43:50.916+0000] {dag.py:3239} INFO - Sync 1 DAGs
[2025-03-29T14:43:50.930+0000] {logging_mixin.py:190} INFO - [2025-03-29T14:43:50.930+0000] {dag.py:4180} INFO - Setting next_dagrun for gerar_csv_dados_abertos_cnpj to 2025-03-28 00:00:00+00:00, run_after=2025-03-29 00:00:00+00:00
[2025-03-29T14:43:50.944+0000] {processor.py:208} INFO - Processing /opt/airflow/dags/saving_file.py took 0.274 seconds
[2025-03-29T14:44:21.157+0000] {processor.py:186} INFO - Started process (PID=159) to work on /opt/airflow/dags/saving_file.py
[2025-03-29T14:44:21.158+0000] {processor.py:914} INFO - Processing file /opt/airflow/dags/saving_file.py for tasks to queue
[2025-03-29T14:44:21.162+0000] {logging_mixin.py:190} INFO - [2025-03-29T14:44:21.162+0000] {dagbag.py:588} INFO - Filling up the DagBag from /opt/airflow/dags/saving_file.py
[2025-03-29T14:44:21.410+0000] {processor.py:925} INFO - DAG(s) 'gerar_csv_dados_abertos_cnpj' retrieved from /opt/airflow/dags/saving_file.py
[2025-03-29T14:44:21.424+0000] {logging_mixin.py:190} INFO - [2025-03-29T14:44:21.424+0000] {dag.py:3239} INFO - Sync 1 DAGs
[2025-03-29T14:44:21.436+0000] {logging_mixin.py:190} INFO - [2025-03-29T14:44:21.436+0000] {dag.py:4180} INFO - Setting next_dagrun for gerar_csv_dados_abertos_cnpj to 2025-03-28 00:00:00+00:00, run_after=2025-03-29 00:00:00+00:00
[2025-03-29T14:44:21.461+0000] {processor.py:208} INFO - Processing /opt/airflow/dags/saving_file.py took 0.306 seconds
[2025-03-29T14:44:51.630+0000] {processor.py:186} INFO - Started process (PID=170) to work on /opt/airflow/dags/saving_file.py
[2025-03-29T14:44:51.631+0000] {processor.py:914} INFO - Processing file /opt/airflow/dags/saving_file.py for tasks to queue
[2025-03-29T14:44:51.634+0000] {logging_mixin.py:190} INFO - [2025-03-29T14:44:51.634+0000] {dagbag.py:588} INFO - Filling up the DagBag from /opt/airflow/dags/saving_file.py
[2025-03-29T14:44:51.897+0000] {processor.py:925} INFO - DAG(s) 'gerar_csv_dados_abertos_cnpj' retrieved from /opt/airflow/dags/saving_file.py
[2025-03-29T14:44:51.909+0000] {logging_mixin.py:190} INFO - [2025-03-29T14:44:51.909+0000] {dag.py:3239} INFO - Sync 1 DAGs
[2025-03-29T14:44:51.925+0000] {logging_mixin.py:190} INFO - [2025-03-29T14:44:51.924+0000] {dag.py:4180} INFO - Setting next_dagrun for gerar_csv_dados_abertos_cnpj to 2025-03-28 00:00:00+00:00, run_after=2025-03-29 00:00:00+00:00
[2025-03-29T14:44:51.940+0000] {processor.py:208} INFO - Processing /opt/airflow/dags/saving_file.py took 0.313 seconds
[2025-03-29T14:45:22.189+0000] {processor.py:186} INFO - Started process (PID=181) to work on /opt/airflow/dags/saving_file.py
[2025-03-29T14:45:22.191+0000] {processor.py:914} INFO - Processing file /opt/airflow/dags/saving_file.py for tasks to queue
[2025-03-29T14:45:22.193+0000] {logging_mixin.py:190} INFO - [2025-03-29T14:45:22.193+0000] {dagbag.py:588} INFO - Filling up the DagBag from /opt/airflow/dags/saving_file.py
[2025-03-29T14:45:22.424+0000] {processor.py:925} INFO - DAG(s) 'gerar_csv_dados_abertos_cnpj' retrieved from /opt/airflow/dags/saving_file.py
[2025-03-29T14:45:22.436+0000] {logging_mixin.py:190} INFO - [2025-03-29T14:45:22.436+0000] {dag.py:3239} INFO - Sync 1 DAGs
[2025-03-29T14:45:22.447+0000] {logging_mixin.py:190} INFO - [2025-03-29T14:45:22.447+0000] {dag.py:4180} INFO - Setting next_dagrun for gerar_csv_dados_abertos_cnpj to 2025-03-28 00:00:00+00:00, run_after=2025-03-29 00:00:00+00:00
[2025-03-29T14:45:22.461+0000] {processor.py:208} INFO - Processing /opt/airflow/dags/saving_file.py took 0.274 seconds
[2025-03-29T14:45:52.668+0000] {processor.py:186} INFO - Started process (PID=192) to work on /opt/airflow/dags/saving_file.py
[2025-03-29T14:45:52.669+0000] {processor.py:914} INFO - Processing file /opt/airflow/dags/saving_file.py for tasks to queue
[2025-03-29T14:45:52.672+0000] {logging_mixin.py:190} INFO - [2025-03-29T14:45:52.672+0000] {dagbag.py:588} INFO - Filling up the DagBag from /opt/airflow/dags/saving_file.py
[2025-03-29T14:45:52.915+0000] {processor.py:925} INFO - DAG(s) 'gerar_csv_dados_abertos_cnpj' retrieved from /opt/airflow/dags/saving_file.py
[2025-03-29T14:45:52.926+0000] {logging_mixin.py:190} INFO - [2025-03-29T14:45:52.926+0000] {dag.py:3239} INFO - Sync 1 DAGs
[2025-03-29T14:45:52.936+0000] {logging_mixin.py:190} INFO - [2025-03-29T14:45:52.936+0000] {dag.py:4180} INFO - Setting next_dagrun for gerar_csv_dados_abertos_cnpj to 2025-03-28 00:00:00+00:00, run_after=2025-03-29 00:00:00+00:00
[2025-03-29T14:45:52.949+0000] {processor.py:208} INFO - Processing /opt/airflow/dags/saving_file.py took 0.286 seconds
[2025-03-29T14:46:23.145+0000] {processor.py:186} INFO - Started process (PID=202) to work on /opt/airflow/dags/saving_file.py
[2025-03-29T14:46:23.146+0000] {processor.py:914} INFO - Processing file /opt/airflow/dags/saving_file.py for tasks to queue
[2025-03-29T14:46:23.148+0000] {logging_mixin.py:190} INFO - [2025-03-29T14:46:23.147+0000] {dagbag.py:588} INFO - Filling up the DagBag from /opt/airflow/dags/saving_file.py
[2025-03-29T14:46:23.368+0000] {processor.py:925} INFO - DAG(s) 'gerar_csv_dados_abertos_cnpj' retrieved from /opt/airflow/dags/saving_file.py
[2025-03-29T14:46:23.380+0000] {logging_mixin.py:190} INFO - [2025-03-29T14:46:23.380+0000] {dag.py:3239} INFO - Sync 1 DAGs
[2025-03-29T14:46:23.394+0000] {logging_mixin.py:190} INFO - [2025-03-29T14:46:23.394+0000] {dag.py:4180} INFO - Setting next_dagrun for gerar_csv_dados_abertos_cnpj to 2025-03-28 00:00:00+00:00, run_after=2025-03-29 00:00:00+00:00
[2025-03-29T14:46:23.405+0000] {processor.py:208} INFO - Processing /opt/airflow/dags/saving_file.py took 0.264 seconds
[2025-03-29T14:46:53.605+0000] {processor.py:186} INFO - Started process (PID=213) to work on /opt/airflow/dags/saving_file.py
[2025-03-29T14:46:53.607+0000] {processor.py:914} INFO - Processing file /opt/airflow/dags/saving_file.py for tasks to queue
[2025-03-29T14:46:53.609+0000] {logging_mixin.py:190} INFO - [2025-03-29T14:46:53.609+0000] {dagbag.py:588} INFO - Filling up the DagBag from /opt/airflow/dags/saving_file.py
[2025-03-29T14:46:53.847+0000] {processor.py:925} INFO - DAG(s) 'gerar_csv_dados_abertos_cnpj' retrieved from /opt/airflow/dags/saving_file.py
[2025-03-29T14:46:53.857+0000] {logging_mixin.py:190} INFO - [2025-03-29T14:46:53.856+0000] {dag.py:3239} INFO - Sync 1 DAGs
[2025-03-29T14:46:53.867+0000] {logging_mixin.py:190} INFO - [2025-03-29T14:46:53.867+0000] {dag.py:4180} INFO - Setting next_dagrun for gerar_csv_dados_abertos_cnpj to 2025-03-28 00:00:00+00:00, run_after=2025-03-29 00:00:00+00:00
[2025-03-29T14:46:53.875+0000] {processor.py:208} INFO - Processing /opt/airflow/dags/saving_file.py took 0.274 seconds
[2025-03-29T14:47:24.114+0000] {processor.py:186} INFO - Started process (PID=224) to work on /opt/airflow/dags/saving_file.py
[2025-03-29T14:47:24.115+0000] {processor.py:914} INFO - Processing file /opt/airflow/dags/saving_file.py for tasks to queue
[2025-03-29T14:47:24.116+0000] {logging_mixin.py:190} INFO - [2025-03-29T14:47:24.116+0000] {dagbag.py:588} INFO - Filling up the DagBag from /opt/airflow/dags/saving_file.py
[2025-03-29T14:47:24.343+0000] {processor.py:925} INFO - DAG(s) 'gerar_csv_dados_abertos_cnpj' retrieved from /opt/airflow/dags/saving_file.py
[2025-03-29T14:47:24.354+0000] {logging_mixin.py:190} INFO - [2025-03-29T14:47:24.354+0000] {dag.py:3239} INFO - Sync 1 DAGs
[2025-03-29T14:47:24.364+0000] {logging_mixin.py:190} INFO - [2025-03-29T14:47:24.364+0000] {dag.py:4180} INFO - Setting next_dagrun for gerar_csv_dados_abertos_cnpj to 2025-03-28 00:00:00+00:00, run_after=2025-03-29 00:00:00+00:00
[2025-03-29T14:47:24.372+0000] {processor.py:208} INFO - Processing /opt/airflow/dags/saving_file.py took 0.261 seconds
[2025-03-29T14:47:54.619+0000] {processor.py:186} INFO - Started process (PID=235) to work on /opt/airflow/dags/saving_file.py
[2025-03-29T14:47:54.620+0000] {processor.py:914} INFO - Processing file /opt/airflow/dags/saving_file.py for tasks to queue
[2025-03-29T14:47:54.622+0000] {logging_mixin.py:190} INFO - [2025-03-29T14:47:54.621+0000] {dagbag.py:588} INFO - Filling up the DagBag from /opt/airflow/dags/saving_file.py
[2025-03-29T14:47:54.839+0000] {processor.py:925} INFO - DAG(s) 'gerar_csv_dados_abertos_cnpj' retrieved from /opt/airflow/dags/saving_file.py
[2025-03-29T14:47:54.849+0000] {logging_mixin.py:190} INFO - [2025-03-29T14:47:54.849+0000] {dag.py:3239} INFO - Sync 1 DAGs
[2025-03-29T14:47:54.860+0000] {logging_mixin.py:190} INFO - [2025-03-29T14:47:54.860+0000] {dag.py:4180} INFO - Setting next_dagrun for gerar_csv_dados_abertos_cnpj to 2025-03-28 00:00:00+00:00, run_after=2025-03-29 00:00:00+00:00
[2025-03-29T14:47:54.869+0000] {processor.py:208} INFO - Processing /opt/airflow/dags/saving_file.py took 0.254 seconds
[2025-03-29T14:48:25.117+0000] {processor.py:186} INFO - Started process (PID=246) to work on /opt/airflow/dags/saving_file.py
[2025-03-29T14:48:25.118+0000] {processor.py:914} INFO - Processing file /opt/airflow/dags/saving_file.py for tasks to queue
[2025-03-29T14:48:25.120+0000] {logging_mixin.py:190} INFO - [2025-03-29T14:48:25.120+0000] {dagbag.py:588} INFO - Filling up the DagBag from /opt/airflow/dags/saving_file.py
[2025-03-29T14:48:25.342+0000] {processor.py:925} INFO - DAG(s) 'gerar_csv_dados_abertos_cnpj' retrieved from /opt/airflow/dags/saving_file.py
[2025-03-29T14:48:25.352+0000] {logging_mixin.py:190} INFO - [2025-03-29T14:48:25.352+0000] {dag.py:3239} INFO - Sync 1 DAGs
[2025-03-29T14:48:25.363+0000] {logging_mixin.py:190} INFO - [2025-03-29T14:48:25.363+0000] {dag.py:4180} INFO - Setting next_dagrun for gerar_csv_dados_abertos_cnpj to 2025-03-28 00:00:00+00:00, run_after=2025-03-29 00:00:00+00:00
[2025-03-29T14:48:25.373+0000] {processor.py:208} INFO - Processing /opt/airflow/dags/saving_file.py took 0.259 seconds
[2025-03-29T14:48:55.638+0000] {processor.py:186} INFO - Started process (PID=257) to work on /opt/airflow/dags/saving_file.py
[2025-03-29T14:48:55.639+0000] {processor.py:914} INFO - Processing file /opt/airflow/dags/saving_file.py for tasks to queue
[2025-03-29T14:48:55.641+0000] {logging_mixin.py:190} INFO - [2025-03-29T14:48:55.641+0000] {dagbag.py:588} INFO - Filling up the DagBag from /opt/airflow/dags/saving_file.py
[2025-03-29T14:48:55.860+0000] {processor.py:925} INFO - DAG(s) 'gerar_csv_dados_abertos_cnpj' retrieved from /opt/airflow/dags/saving_file.py
[2025-03-29T14:48:55.874+0000] {logging_mixin.py:190} INFO - [2025-03-29T14:48:55.873+0000] {dag.py:3239} INFO - Sync 1 DAGs
[2025-03-29T14:48:55.885+0000] {logging_mixin.py:190} INFO - [2025-03-29T14:48:55.885+0000] {dag.py:4180} INFO - Setting next_dagrun for gerar_csv_dados_abertos_cnpj to 2025-03-28 00:00:00+00:00, run_after=2025-03-29 00:00:00+00:00
[2025-03-29T14:48:55.895+0000] {processor.py:208} INFO - Processing /opt/airflow/dags/saving_file.py took 0.261 seconds
[2025-03-29T14:49:26.096+0000] {processor.py:186} INFO - Started process (PID=268) to work on /opt/airflow/dags/saving_file.py
[2025-03-29T14:49:26.097+0000] {processor.py:914} INFO - Processing file /opt/airflow/dags/saving_file.py for tasks to queue
[2025-03-29T14:49:26.099+0000] {logging_mixin.py:190} INFO - [2025-03-29T14:49:26.099+0000] {dagbag.py:588} INFO - Filling up the DagBag from /opt/airflow/dags/saving_file.py
[2025-03-29T14:49:26.324+0000] {processor.py:925} INFO - DAG(s) 'gerar_csv_dados_abertos_cnpj' retrieved from /opt/airflow/dags/saving_file.py
[2025-03-29T14:49:26.338+0000] {logging_mixin.py:190} INFO - [2025-03-29T14:49:26.338+0000] {dag.py:3239} INFO - Sync 1 DAGs
[2025-03-29T14:49:26.349+0000] {logging_mixin.py:190} INFO - [2025-03-29T14:49:26.348+0000] {dag.py:4180} INFO - Setting next_dagrun for gerar_csv_dados_abertos_cnpj to 2025-03-28 00:00:00+00:00, run_after=2025-03-29 00:00:00+00:00
[2025-03-29T14:49:26.361+0000] {processor.py:208} INFO - Processing /opt/airflow/dags/saving_file.py took 0.269 seconds
[2025-03-29T14:49:56.570+0000] {processor.py:186} INFO - Started process (PID=279) to work on /opt/airflow/dags/saving_file.py
[2025-03-29T14:49:56.571+0000] {processor.py:914} INFO - Processing file /opt/airflow/dags/saving_file.py for tasks to queue
[2025-03-29T14:49:56.574+0000] {logging_mixin.py:190} INFO - [2025-03-29T14:49:56.574+0000] {dagbag.py:588} INFO - Filling up the DagBag from /opt/airflow/dags/saving_file.py
[2025-03-29T14:49:56.879+0000] {processor.py:925} INFO - DAG(s) 'gerar_csv_dados_abertos_cnpj' retrieved from /opt/airflow/dags/saving_file.py
[2025-03-29T14:49:56.893+0000] {logging_mixin.py:190} INFO - [2025-03-29T14:49:56.893+0000] {dag.py:3239} INFO - Sync 1 DAGs
[2025-03-29T14:49:56.906+0000] {logging_mixin.py:190} INFO - [2025-03-29T14:49:56.906+0000] {dag.py:4180} INFO - Setting next_dagrun for gerar_csv_dados_abertos_cnpj to 2025-03-28 00:00:00+00:00, run_after=2025-03-29 00:00:00+00:00
[2025-03-29T14:49:56.919+0000] {processor.py:208} INFO - Processing /opt/airflow/dags/saving_file.py took 0.352 seconds
[2025-03-29T14:50:27.091+0000] {processor.py:186} INFO - Started process (PID=290) to work on /opt/airflow/dags/saving_file.py
[2025-03-29T14:50:27.093+0000] {processor.py:914} INFO - Processing file /opt/airflow/dags/saving_file.py for tasks to queue
[2025-03-29T14:50:27.095+0000] {logging_mixin.py:190} INFO - [2025-03-29T14:50:27.095+0000] {dagbag.py:588} INFO - Filling up the DagBag from /opt/airflow/dags/saving_file.py
[2025-03-29T14:50:27.354+0000] {processor.py:925} INFO - DAG(s) 'gerar_csv_dados_abertos_cnpj' retrieved from /opt/airflow/dags/saving_file.py
[2025-03-29T14:50:27.368+0000] {logging_mixin.py:190} INFO - [2025-03-29T14:50:27.367+0000] {dag.py:3239} INFO - Sync 1 DAGs
[2025-03-29T14:50:27.380+0000] {logging_mixin.py:190} INFO - [2025-03-29T14:50:27.380+0000] {dag.py:4180} INFO - Setting next_dagrun for gerar_csv_dados_abertos_cnpj to 2025-03-28 00:00:00+00:00, run_after=2025-03-29 00:00:00+00:00
[2025-03-29T14:50:27.393+0000] {processor.py:208} INFO - Processing /opt/airflow/dags/saving_file.py took 0.305 seconds
[2025-03-29T14:50:57.584+0000] {processor.py:186} INFO - Started process (PID=302) to work on /opt/airflow/dags/saving_file.py
[2025-03-29T14:50:57.585+0000] {processor.py:914} INFO - Processing file /opt/airflow/dags/saving_file.py for tasks to queue
[2025-03-29T14:50:57.587+0000] {logging_mixin.py:190} INFO - [2025-03-29T14:50:57.587+0000] {dagbag.py:588} INFO - Filling up the DagBag from /opt/airflow/dags/saving_file.py
[2025-03-29T14:50:57.846+0000] {processor.py:925} INFO - DAG(s) 'gerar_csv_dados_abertos_cnpj' retrieved from /opt/airflow/dags/saving_file.py
[2025-03-29T14:50:57.859+0000] {logging_mixin.py:190} INFO - [2025-03-29T14:50:57.859+0000] {dag.py:3239} INFO - Sync 1 DAGs
[2025-03-29T14:50:57.874+0000] {logging_mixin.py:190} INFO - [2025-03-29T14:50:57.874+0000] {dag.py:4180} INFO - Setting next_dagrun for gerar_csv_dados_abertos_cnpj to 2025-03-28 00:00:00+00:00, run_after=2025-03-29 00:00:00+00:00
[2025-03-29T14:50:57.888+0000] {processor.py:208} INFO - Processing /opt/airflow/dags/saving_file.py took 0.306 seconds
[2025-03-29T14:51:28.076+0000] {processor.py:186} INFO - Started process (PID=313) to work on /opt/airflow/dags/saving_file.py
[2025-03-29T14:51:28.078+0000] {processor.py:914} INFO - Processing file /opt/airflow/dags/saving_file.py for tasks to queue
[2025-03-29T14:51:28.081+0000] {logging_mixin.py:190} INFO - [2025-03-29T14:51:28.081+0000] {dagbag.py:588} INFO - Filling up the DagBag from /opt/airflow/dags/saving_file.py
[2025-03-29T14:51:28.327+0000] {processor.py:925} INFO - DAG(s) 'gerar_csv_dados_abertos_cnpj' retrieved from /opt/airflow/dags/saving_file.py
[2025-03-29T14:51:28.340+0000] {logging_mixin.py:190} INFO - [2025-03-29T14:51:28.340+0000] {dag.py:3239} INFO - Sync 1 DAGs
[2025-03-29T14:51:28.353+0000] {logging_mixin.py:190} INFO - [2025-03-29T14:51:28.353+0000] {dag.py:4180} INFO - Setting next_dagrun for gerar_csv_dados_abertos_cnpj to 2025-03-28 00:00:00+00:00, run_after=2025-03-29 00:00:00+00:00
[2025-03-29T14:51:28.366+0000] {processor.py:208} INFO - Processing /opt/airflow/dags/saving_file.py took 0.294 seconds
[2025-03-29T14:51:58.555+0000] {processor.py:186} INFO - Started process (PID=324) to work on /opt/airflow/dags/saving_file.py
[2025-03-29T14:51:58.556+0000] {processor.py:914} INFO - Processing file /opt/airflow/dags/saving_file.py for tasks to queue
[2025-03-29T14:51:58.558+0000] {logging_mixin.py:190} INFO - [2025-03-29T14:51:58.558+0000] {dagbag.py:588} INFO - Filling up the DagBag from /opt/airflow/dags/saving_file.py
[2025-03-29T14:51:58.799+0000] {processor.py:925} INFO - DAG(s) 'gerar_csv_dados_abertos_cnpj' retrieved from /opt/airflow/dags/saving_file.py
[2025-03-29T14:51:58.814+0000] {logging_mixin.py:190} INFO - [2025-03-29T14:51:58.814+0000] {dag.py:3239} INFO - Sync 1 DAGs
[2025-03-29T14:51:58.826+0000] {logging_mixin.py:190} INFO - [2025-03-29T14:51:58.826+0000] {dag.py:4180} INFO - Setting next_dagrun for gerar_csv_dados_abertos_cnpj to 2025-03-28 00:00:00+00:00, run_after=2025-03-29 00:00:00+00:00
[2025-03-29T14:51:58.837+0000] {processor.py:208} INFO - Processing /opt/airflow/dags/saving_file.py took 0.285 seconds
[2025-03-29T14:52:29.034+0000] {processor.py:186} INFO - Started process (PID=335) to work on /opt/airflow/dags/saving_file.py
[2025-03-29T14:52:29.035+0000] {processor.py:914} INFO - Processing file /opt/airflow/dags/saving_file.py for tasks to queue
[2025-03-29T14:52:29.037+0000] {logging_mixin.py:190} INFO - [2025-03-29T14:52:29.037+0000] {dagbag.py:588} INFO - Filling up the DagBag from /opt/airflow/dags/saving_file.py
[2025-03-29T14:52:29.276+0000] {processor.py:925} INFO - DAG(s) 'gerar_csv_dados_abertos_cnpj' retrieved from /opt/airflow/dags/saving_file.py
[2025-03-29T14:52:29.288+0000] {logging_mixin.py:190} INFO - [2025-03-29T14:52:29.288+0000] {dag.py:3239} INFO - Sync 1 DAGs
[2025-03-29T14:52:29.299+0000] {logging_mixin.py:190} INFO - [2025-03-29T14:52:29.299+0000] {dag.py:4180} INFO - Setting next_dagrun for gerar_csv_dados_abertos_cnpj to 2025-03-28 00:00:00+00:00, run_after=2025-03-29 00:00:00+00:00
[2025-03-29T14:52:29.311+0000] {processor.py:208} INFO - Processing /opt/airflow/dags/saving_file.py took 0.280 seconds
[2025-03-29T14:52:59.501+0000] {processor.py:186} INFO - Started process (PID=346) to work on /opt/airflow/dags/saving_file.py
[2025-03-29T14:52:59.502+0000] {processor.py:914} INFO - Processing file /opt/airflow/dags/saving_file.py for tasks to queue
[2025-03-29T14:52:59.504+0000] {logging_mixin.py:190} INFO - [2025-03-29T14:52:59.504+0000] {dagbag.py:588} INFO - Filling up the DagBag from /opt/airflow/dags/saving_file.py
[2025-03-29T14:52:59.741+0000] {processor.py:925} INFO - DAG(s) 'gerar_csv_dados_abertos_cnpj' retrieved from /opt/airflow/dags/saving_file.py
[2025-03-29T14:52:59.753+0000] {logging_mixin.py:190} INFO - [2025-03-29T14:52:59.753+0000] {dag.py:3239} INFO - Sync 1 DAGs
[2025-03-29T14:52:59.765+0000] {logging_mixin.py:190} INFO - [2025-03-29T14:52:59.765+0000] {dag.py:4180} INFO - Setting next_dagrun for gerar_csv_dados_abertos_cnpj to 2025-03-28 00:00:00+00:00, run_after=2025-03-29 00:00:00+00:00
[2025-03-29T14:52:59.776+0000] {processor.py:208} INFO - Processing /opt/airflow/dags/saving_file.py took 0.278 seconds
[2025-03-29T14:53:29.968+0000] {processor.py:186} INFO - Started process (PID=357) to work on /opt/airflow/dags/saving_file.py
[2025-03-29T14:53:29.970+0000] {processor.py:914} INFO - Processing file /opt/airflow/dags/saving_file.py for tasks to queue
[2025-03-29T14:53:29.973+0000] {logging_mixin.py:190} INFO - [2025-03-29T14:53:29.973+0000] {dagbag.py:588} INFO - Filling up the DagBag from /opt/airflow/dags/saving_file.py
[2025-03-29T14:53:30.248+0000] {processor.py:925} INFO - DAG(s) 'gerar_csv_dados_abertos_cnpj' retrieved from /opt/airflow/dags/saving_file.py
[2025-03-29T14:53:30.260+0000] {logging_mixin.py:190} INFO - [2025-03-29T14:53:30.260+0000] {dag.py:3239} INFO - Sync 1 DAGs
[2025-03-29T14:53:30.270+0000] {logging_mixin.py:190} INFO - [2025-03-29T14:53:30.270+0000] {dag.py:4180} INFO - Setting next_dagrun for gerar_csv_dados_abertos_cnpj to 2025-03-28 00:00:00+00:00, run_after=2025-03-29 00:00:00+00:00
[2025-03-29T14:53:30.282+0000] {processor.py:208} INFO - Processing /opt/airflow/dags/saving_file.py took 0.317 seconds
[2025-03-29T14:54:00.464+0000] {processor.py:186} INFO - Started process (PID=368) to work on /opt/airflow/dags/saving_file.py
[2025-03-29T14:54:00.465+0000] {processor.py:914} INFO - Processing file /opt/airflow/dags/saving_file.py for tasks to queue
[2025-03-29T14:54:00.467+0000] {logging_mixin.py:190} INFO - [2025-03-29T14:54:00.467+0000] {dagbag.py:588} INFO - Filling up the DagBag from /opt/airflow/dags/saving_file.py
[2025-03-29T14:54:00.710+0000] {processor.py:925} INFO - DAG(s) 'gerar_csv_dados_abertos_cnpj' retrieved from /opt/airflow/dags/saving_file.py
[2025-03-29T14:54:00.722+0000] {logging_mixin.py:190} INFO - [2025-03-29T14:54:00.722+0000] {dag.py:3239} INFO - Sync 1 DAGs
[2025-03-29T14:54:00.733+0000] {logging_mixin.py:190} INFO - [2025-03-29T14:54:00.733+0000] {dag.py:4180} INFO - Setting next_dagrun for gerar_csv_dados_abertos_cnpj to 2025-03-28 00:00:00+00:00, run_after=2025-03-29 00:00:00+00:00
[2025-03-29T14:54:00.746+0000] {processor.py:208} INFO - Processing /opt/airflow/dags/saving_file.py took 0.285 seconds
[2025-03-29T14:54:30.928+0000] {processor.py:186} INFO - Started process (PID=379) to work on /opt/airflow/dags/saving_file.py
[2025-03-29T14:54:30.929+0000] {processor.py:914} INFO - Processing file /opt/airflow/dags/saving_file.py for tasks to queue
[2025-03-29T14:54:30.932+0000] {logging_mixin.py:190} INFO - [2025-03-29T14:54:30.932+0000] {dagbag.py:588} INFO - Filling up the DagBag from /opt/airflow/dags/saving_file.py
[2025-03-29T14:54:31.185+0000] {processor.py:925} INFO - DAG(s) 'gerar_csv_dados_abertos_cnpj' retrieved from /opt/airflow/dags/saving_file.py
[2025-03-29T14:54:31.197+0000] {logging_mixin.py:190} INFO - [2025-03-29T14:54:31.197+0000] {dag.py:3239} INFO - Sync 1 DAGs
[2025-03-29T14:54:31.210+0000] {logging_mixin.py:190} INFO - [2025-03-29T14:54:31.210+0000] {dag.py:4180} INFO - Setting next_dagrun for gerar_csv_dados_abertos_cnpj to 2025-03-28 00:00:00+00:00, run_after=2025-03-29 00:00:00+00:00
[2025-03-29T14:54:31.224+0000] {processor.py:208} INFO - Processing /opt/airflow/dags/saving_file.py took 0.299 seconds
[2025-03-29T14:55:01.401+0000] {processor.py:186} INFO - Started process (PID=390) to work on /opt/airflow/dags/saving_file.py
[2025-03-29T14:55:01.402+0000] {processor.py:914} INFO - Processing file /opt/airflow/dags/saving_file.py for tasks to queue
[2025-03-29T14:55:01.403+0000] {logging_mixin.py:190} INFO - [2025-03-29T14:55:01.403+0000] {dagbag.py:588} INFO - Filling up the DagBag from /opt/airflow/dags/saving_file.py
[2025-03-29T14:55:01.632+0000] {processor.py:925} INFO - DAG(s) 'gerar_csv_dados_abertos_cnpj' retrieved from /opt/airflow/dags/saving_file.py
[2025-03-29T14:55:01.643+0000] {logging_mixin.py:190} INFO - [2025-03-29T14:55:01.643+0000] {dag.py:3239} INFO - Sync 1 DAGs
[2025-03-29T14:55:01.656+0000] {logging_mixin.py:190} INFO - [2025-03-29T14:55:01.656+0000] {dag.py:4180} INFO - Setting next_dagrun for gerar_csv_dados_abertos_cnpj to 2025-03-28 00:00:00+00:00, run_after=2025-03-29 00:00:00+00:00
[2025-03-29T14:55:01.666+0000] {processor.py:208} INFO - Processing /opt/airflow/dags/saving_file.py took 0.269 seconds
[2025-03-29T14:55:31.948+0000] {processor.py:186} INFO - Started process (PID=401) to work on /opt/airflow/dags/saving_file.py
[2025-03-29T14:55:31.949+0000] {processor.py:914} INFO - Processing file /opt/airflow/dags/saving_file.py for tasks to queue
[2025-03-29T14:55:31.951+0000] {logging_mixin.py:190} INFO - [2025-03-29T14:55:31.950+0000] {dagbag.py:588} INFO - Filling up the DagBag from /opt/airflow/dags/saving_file.py
[2025-03-29T14:55:32.183+0000] {processor.py:925} INFO - DAG(s) 'gerar_csv_dados_abertos_cnpj' retrieved from /opt/airflow/dags/saving_file.py
[2025-03-29T14:55:32.194+0000] {logging_mixin.py:190} INFO - [2025-03-29T14:55:32.194+0000] {dag.py:3239} INFO - Sync 1 DAGs
[2025-03-29T14:55:32.206+0000] {logging_mixin.py:190} INFO - [2025-03-29T14:55:32.206+0000] {dag.py:4180} INFO - Setting next_dagrun for gerar_csv_dados_abertos_cnpj to 2025-03-28 00:00:00+00:00, run_after=2025-03-29 00:00:00+00:00
[2025-03-29T14:55:32.217+0000] {processor.py:208} INFO - Processing /opt/airflow/dags/saving_file.py took 0.273 seconds
[2025-03-29T14:56:02.413+0000] {processor.py:186} INFO - Started process (PID=412) to work on /opt/airflow/dags/saving_file.py
[2025-03-29T14:56:02.414+0000] {processor.py:914} INFO - Processing file /opt/airflow/dags/saving_file.py for tasks to queue
[2025-03-29T14:56:02.418+0000] {logging_mixin.py:190} INFO - [2025-03-29T14:56:02.418+0000] {dagbag.py:588} INFO - Filling up the DagBag from /opt/airflow/dags/saving_file.py
[2025-03-29T14:56:02.677+0000] {processor.py:925} INFO - DAG(s) 'gerar_csv_dados_abertos_cnpj' retrieved from /opt/airflow/dags/saving_file.py
[2025-03-29T14:56:02.691+0000] {logging_mixin.py:190} INFO - [2025-03-29T14:56:02.691+0000] {dag.py:3239} INFO - Sync 1 DAGs
[2025-03-29T14:56:02.701+0000] {logging_mixin.py:190} INFO - [2025-03-29T14:56:02.701+0000] {dag.py:4180} INFO - Setting next_dagrun for gerar_csv_dados_abertos_cnpj to 2025-03-28 00:00:00+00:00, run_after=2025-03-29 00:00:00+00:00
[2025-03-29T14:56:02.713+0000] {processor.py:208} INFO - Processing /opt/airflow/dags/saving_file.py took 0.303 seconds
[2025-03-29T14:56:32.913+0000] {processor.py:186} INFO - Started process (PID=423) to work on /opt/airflow/dags/saving_file.py
[2025-03-29T14:56:32.914+0000] {processor.py:914} INFO - Processing file /opt/airflow/dags/saving_file.py for tasks to queue
[2025-03-29T14:56:32.917+0000] {logging_mixin.py:190} INFO - [2025-03-29T14:56:32.917+0000] {dagbag.py:588} INFO - Filling up the DagBag from /opt/airflow/dags/saving_file.py
[2025-03-29T14:56:33.158+0000] {processor.py:925} INFO - DAG(s) 'gerar_csv_dados_abertos_cnpj' retrieved from /opt/airflow/dags/saving_file.py
[2025-03-29T14:56:33.171+0000] {logging_mixin.py:190} INFO - [2025-03-29T14:56:33.171+0000] {dag.py:3239} INFO - Sync 1 DAGs
[2025-03-29T14:56:33.183+0000] {logging_mixin.py:190} INFO - [2025-03-29T14:56:33.183+0000] {dag.py:4180} INFO - Setting next_dagrun for gerar_csv_dados_abertos_cnpj to 2025-03-28 00:00:00+00:00, run_after=2025-03-29 00:00:00+00:00
[2025-03-29T14:56:33.194+0000] {processor.py:208} INFO - Processing /opt/airflow/dags/saving_file.py took 0.285 seconds
[2025-03-29T14:57:03.383+0000] {processor.py:186} INFO - Started process (PID=434) to work on /opt/airflow/dags/saving_file.py
[2025-03-29T14:57:03.384+0000] {processor.py:914} INFO - Processing file /opt/airflow/dags/saving_file.py for tasks to queue
[2025-03-29T14:57:03.387+0000] {logging_mixin.py:190} INFO - [2025-03-29T14:57:03.386+0000] {dagbag.py:588} INFO - Filling up the DagBag from /opt/airflow/dags/saving_file.py
[2025-03-29T14:57:03.622+0000] {processor.py:925} INFO - DAG(s) 'gerar_csv_dados_abertos_cnpj' retrieved from /opt/airflow/dags/saving_file.py
[2025-03-29T14:57:03.633+0000] {logging_mixin.py:190} INFO - [2025-03-29T14:57:03.633+0000] {dag.py:3239} INFO - Sync 1 DAGs
[2025-03-29T14:57:03.645+0000] {logging_mixin.py:190} INFO - [2025-03-29T14:57:03.645+0000] {dag.py:4180} INFO - Setting next_dagrun for gerar_csv_dados_abertos_cnpj to 2025-03-28 00:00:00+00:00, run_after=2025-03-29 00:00:00+00:00
[2025-03-29T14:57:03.656+0000] {processor.py:208} INFO - Processing /opt/airflow/dags/saving_file.py took 0.276 seconds
[2025-03-29T14:57:33.854+0000] {processor.py:186} INFO - Started process (PID=445) to work on /opt/airflow/dags/saving_file.py
[2025-03-29T14:57:33.855+0000] {processor.py:914} INFO - Processing file /opt/airflow/dags/saving_file.py for tasks to queue
[2025-03-29T14:57:33.858+0000] {logging_mixin.py:190} INFO - [2025-03-29T14:57:33.858+0000] {dagbag.py:588} INFO - Filling up the DagBag from /opt/airflow/dags/saving_file.py
[2025-03-29T14:57:34.103+0000] {processor.py:925} INFO - DAG(s) 'gerar_csv_dados_abertos_cnpj' retrieved from /opt/airflow/dags/saving_file.py
[2025-03-29T14:57:34.117+0000] {logging_mixin.py:190} INFO - [2025-03-29T14:57:34.117+0000] {dag.py:3239} INFO - Sync 1 DAGs
[2025-03-29T14:57:34.129+0000] {logging_mixin.py:190} INFO - [2025-03-29T14:57:34.129+0000] {dag.py:4180} INFO - Setting next_dagrun for gerar_csv_dados_abertos_cnpj to 2025-03-28 00:00:00+00:00, run_after=2025-03-29 00:00:00+00:00
[2025-03-29T14:57:34.140+0000] {processor.py:208} INFO - Processing /opt/airflow/dags/saving_file.py took 0.291 seconds
[2025-03-29T14:58:04.353+0000] {processor.py:186} INFO - Started process (PID=456) to work on /opt/airflow/dags/saving_file.py
[2025-03-29T14:58:04.354+0000] {processor.py:914} INFO - Processing file /opt/airflow/dags/saving_file.py for tasks to queue
[2025-03-29T14:58:04.357+0000] {logging_mixin.py:190} INFO - [2025-03-29T14:58:04.356+0000] {dagbag.py:588} INFO - Filling up the DagBag from /opt/airflow/dags/saving_file.py
[2025-03-29T14:58:04.595+0000] {processor.py:925} INFO - DAG(s) 'gerar_csv_dados_abertos_cnpj' retrieved from /opt/airflow/dags/saving_file.py
[2025-03-29T14:58:04.606+0000] {logging_mixin.py:190} INFO - [2025-03-29T14:58:04.606+0000] {dag.py:3239} INFO - Sync 1 DAGs
[2025-03-29T14:58:04.617+0000] {logging_mixin.py:190} INFO - [2025-03-29T14:58:04.616+0000] {dag.py:4180} INFO - Setting next_dagrun for gerar_csv_dados_abertos_cnpj to 2025-03-28 00:00:00+00:00, run_after=2025-03-29 00:00:00+00:00
[2025-03-29T14:58:04.626+0000] {processor.py:208} INFO - Processing /opt/airflow/dags/saving_file.py took 0.276 seconds
[2025-03-29T14:58:34.826+0000] {processor.py:186} INFO - Started process (PID=467) to work on /opt/airflow/dags/saving_file.py
[2025-03-29T14:58:34.827+0000] {processor.py:914} INFO - Processing file /opt/airflow/dags/saving_file.py for tasks to queue
[2025-03-29T14:58:34.829+0000] {logging_mixin.py:190} INFO - [2025-03-29T14:58:34.829+0000] {dagbag.py:588} INFO - Filling up the DagBag from /opt/airflow/dags/saving_file.py
[2025-03-29T14:58:35.070+0000] {processor.py:925} INFO - DAG(s) 'gerar_csv_dados_abertos_cnpj' retrieved from /opt/airflow/dags/saving_file.py
[2025-03-29T14:58:35.081+0000] {logging_mixin.py:190} INFO - [2025-03-29T14:58:35.081+0000] {dag.py:3239} INFO - Sync 1 DAGs
[2025-03-29T14:58:35.091+0000] {logging_mixin.py:190} INFO - [2025-03-29T14:58:35.091+0000] {dag.py:4180} INFO - Setting next_dagrun for gerar_csv_dados_abertos_cnpj to 2025-03-28 00:00:00+00:00, run_after=2025-03-29 00:00:00+00:00
[2025-03-29T14:58:35.101+0000] {processor.py:208} INFO - Processing /opt/airflow/dags/saving_file.py took 0.280 seconds
[2025-03-29T14:59:05.365+0000] {processor.py:186} INFO - Started process (PID=478) to work on /opt/airflow/dags/saving_file.py
[2025-03-29T14:59:05.366+0000] {processor.py:914} INFO - Processing file /opt/airflow/dags/saving_file.py for tasks to queue
[2025-03-29T14:59:05.369+0000] {logging_mixin.py:190} INFO - [2025-03-29T14:59:05.368+0000] {dagbag.py:588} INFO - Filling up the DagBag from /opt/airflow/dags/saving_file.py
[2025-03-29T14:59:05.518+0000] {processor.py:925} INFO - DAG(s) 'gerar_csv_dados_abertos_cnpj' retrieved from /opt/airflow/dags/saving_file.py
[2025-03-29T14:59:05.533+0000] {logging_mixin.py:190} INFO - [2025-03-29T14:59:05.533+0000] {dag.py:3239} INFO - Sync 1 DAGs
[2025-03-29T14:59:05.548+0000] {logging_mixin.py:190} INFO - [2025-03-29T14:59:05.547+0000] {dag.py:4180} INFO - Setting next_dagrun for gerar_csv_dados_abertos_cnpj to 2025-03-28 00:00:00+00:00, run_after=2025-03-29 00:00:00+00:00
[2025-03-29T14:59:05.560+0000] {processor.py:208} INFO - Processing /opt/airflow/dags/saving_file.py took 0.198 seconds
[2025-03-29T14:59:35.753+0000] {processor.py:186} INFO - Started process (PID=489) to work on /opt/airflow/dags/saving_file.py
[2025-03-29T14:59:35.754+0000] {processor.py:914} INFO - Processing file /opt/airflow/dags/saving_file.py for tasks to queue
[2025-03-29T14:59:35.757+0000] {logging_mixin.py:190} INFO - [2025-03-29T14:59:35.756+0000] {dagbag.py:588} INFO - Filling up the DagBag from /opt/airflow/dags/saving_file.py
[2025-03-29T14:59:35.936+0000] {processor.py:925} INFO - DAG(s) 'gerar_csv_dados_abertos_cnpj' retrieved from /opt/airflow/dags/saving_file.py
[2025-03-29T14:59:35.954+0000] {logging_mixin.py:190} INFO - [2025-03-29T14:59:35.954+0000] {dag.py:3239} INFO - Sync 1 DAGs
[2025-03-29T14:59:35.970+0000] {logging_mixin.py:190} INFO - [2025-03-29T14:59:35.970+0000] {dag.py:4180} INFO - Setting next_dagrun for gerar_csv_dados_abertos_cnpj to 2025-03-28 00:00:00+00:00, run_after=2025-03-29 00:00:00+00:00
[2025-03-29T14:59:35.983+0000] {processor.py:208} INFO - Processing /opt/airflow/dags/saving_file.py took 0.233 seconds
[2025-03-29T15:00:06.160+0000] {processor.py:186} INFO - Started process (PID=500) to work on /opt/airflow/dags/saving_file.py
[2025-03-29T15:00:06.161+0000] {processor.py:914} INFO - Processing file /opt/airflow/dags/saving_file.py for tasks to queue
[2025-03-29T15:00:06.164+0000] {logging_mixin.py:190} INFO - [2025-03-29T15:00:06.164+0000] {dagbag.py:588} INFO - Filling up the DagBag from /opt/airflow/dags/saving_file.py
[2025-03-29T15:00:06.329+0000] {processor.py:925} INFO - DAG(s) 'gerar_csv_dados_abertos_cnpj' retrieved from /opt/airflow/dags/saving_file.py
[2025-03-29T15:00:06.349+0000] {logging_mixin.py:190} INFO - [2025-03-29T15:00:06.348+0000] {dag.py:3239} INFO - Sync 1 DAGs
[2025-03-29T15:00:06.364+0000] {logging_mixin.py:190} INFO - [2025-03-29T15:00:06.364+0000] {dag.py:4180} INFO - Setting next_dagrun for gerar_csv_dados_abertos_cnpj to 2025-03-28 00:00:00+00:00, run_after=2025-03-29 00:00:00+00:00
[2025-03-29T15:00:06.376+0000] {processor.py:208} INFO - Processing /opt/airflow/dags/saving_file.py took 0.220 seconds
[2025-03-29T15:00:36.654+0000] {processor.py:186} INFO - Started process (PID=511) to work on /opt/airflow/dags/saving_file.py
[2025-03-29T15:00:36.656+0000] {processor.py:914} INFO - Processing file /opt/airflow/dags/saving_file.py for tasks to queue
[2025-03-29T15:00:36.658+0000] {logging_mixin.py:190} INFO - [2025-03-29T15:00:36.658+0000] {dagbag.py:588} INFO - Filling up the DagBag from /opt/airflow/dags/saving_file.py
[2025-03-29T15:00:36.819+0000] {processor.py:925} INFO - DAG(s) 'gerar_csv_dados_abertos_cnpj' retrieved from /opt/airflow/dags/saving_file.py
[2025-03-29T15:00:36.834+0000] {logging_mixin.py:190} INFO - [2025-03-29T15:00:36.834+0000] {dag.py:3239} INFO - Sync 1 DAGs
[2025-03-29T15:00:36.847+0000] {logging_mixin.py:190} INFO - [2025-03-29T15:00:36.847+0000] {dag.py:4180} INFO - Setting next_dagrun for gerar_csv_dados_abertos_cnpj to 2025-03-28 00:00:00+00:00, run_after=2025-03-29 00:00:00+00:00
[2025-03-29T15:00:36.859+0000] {processor.py:208} INFO - Processing /opt/airflow/dags/saving_file.py took 0.208 seconds
[2025-03-29T15:01:07.052+0000] {processor.py:186} INFO - Started process (PID=522) to work on /opt/airflow/dags/saving_file.py
[2025-03-29T15:01:07.054+0000] {processor.py:914} INFO - Processing file /opt/airflow/dags/saving_file.py for tasks to queue
[2025-03-29T15:01:07.056+0000] {logging_mixin.py:190} INFO - [2025-03-29T15:01:07.056+0000] {dagbag.py:588} INFO - Filling up the DagBag from /opt/airflow/dags/saving_file.py
[2025-03-29T15:01:07.219+0000] {processor.py:925} INFO - DAG(s) 'gerar_csv_dados_abertos_cnpj' retrieved from /opt/airflow/dags/saving_file.py
[2025-03-29T15:01:07.234+0000] {logging_mixin.py:190} INFO - [2025-03-29T15:01:07.234+0000] {dag.py:3239} INFO - Sync 1 DAGs
[2025-03-29T15:01:07.248+0000] {logging_mixin.py:190} INFO - [2025-03-29T15:01:07.248+0000] {dag.py:4180} INFO - Setting next_dagrun for gerar_csv_dados_abertos_cnpj to 2025-03-28 00:00:00+00:00, run_after=2025-03-29 00:00:00+00:00
[2025-03-29T15:01:07.261+0000] {processor.py:208} INFO - Processing /opt/airflow/dags/saving_file.py took 0.212 seconds
[2025-03-29T15:01:37.468+0000] {processor.py:186} INFO - Started process (PID=533) to work on /opt/airflow/dags/saving_file.py
[2025-03-29T15:01:37.469+0000] {processor.py:914} INFO - Processing file /opt/airflow/dags/saving_file.py for tasks to queue
[2025-03-29T15:01:37.472+0000] {logging_mixin.py:190} INFO - [2025-03-29T15:01:37.471+0000] {dagbag.py:588} INFO - Filling up the DagBag from /opt/airflow/dags/saving_file.py
[2025-03-29T15:01:37.645+0000] {processor.py:925} INFO - DAG(s) 'gerar_csv_dados_abertos_cnpj' retrieved from /opt/airflow/dags/saving_file.py
[2025-03-29T15:01:37.665+0000] {logging_mixin.py:190} INFO - [2025-03-29T15:01:37.665+0000] {dag.py:3239} INFO - Sync 1 DAGs
[2025-03-29T15:01:37.680+0000] {logging_mixin.py:190} INFO - [2025-03-29T15:01:37.679+0000] {dag.py:4180} INFO - Setting next_dagrun for gerar_csv_dados_abertos_cnpj to 2025-03-28 00:00:00+00:00, run_after=2025-03-29 00:00:00+00:00
[2025-03-29T15:01:37.692+0000] {processor.py:208} INFO - Processing /opt/airflow/dags/saving_file.py took 0.228 seconds
[2025-03-29T15:02:07.890+0000] {processor.py:186} INFO - Started process (PID=544) to work on /opt/airflow/dags/saving_file.py
[2025-03-29T15:02:07.891+0000] {processor.py:914} INFO - Processing file /opt/airflow/dags/saving_file.py for tasks to queue
[2025-03-29T15:02:07.894+0000] {logging_mixin.py:190} INFO - [2025-03-29T15:02:07.893+0000] {dagbag.py:588} INFO - Filling up the DagBag from /opt/airflow/dags/saving_file.py
[2025-03-29T15:02:08.051+0000] {processor.py:925} INFO - DAG(s) 'gerar_csv_dados_abertos_cnpj' retrieved from /opt/airflow/dags/saving_file.py
[2025-03-29T15:02:08.067+0000] {logging_mixin.py:190} INFO - [2025-03-29T15:02:08.066+0000] {dag.py:3239} INFO - Sync 1 DAGs
[2025-03-29T15:02:08.081+0000] {logging_mixin.py:190} INFO - [2025-03-29T15:02:08.081+0000] {dag.py:4180} INFO - Setting next_dagrun for gerar_csv_dados_abertos_cnpj to 2025-03-28 00:00:00+00:00, run_after=2025-03-29 00:00:00+00:00
[2025-03-29T15:02:08.095+0000] {processor.py:208} INFO - Processing /opt/airflow/dags/saving_file.py took 0.208 seconds
[2025-03-29T15:02:38.295+0000] {processor.py:186} INFO - Started process (PID=555) to work on /opt/airflow/dags/saving_file.py
[2025-03-29T15:02:38.297+0000] {processor.py:914} INFO - Processing file /opt/airflow/dags/saving_file.py for tasks to queue
[2025-03-29T15:02:38.299+0000] {logging_mixin.py:190} INFO - [2025-03-29T15:02:38.299+0000] {dagbag.py:588} INFO - Filling up the DagBag from /opt/airflow/dags/saving_file.py
[2025-03-29T15:02:38.455+0000] {processor.py:925} INFO - DAG(s) 'gerar_csv_dados_abertos_cnpj' retrieved from /opt/airflow/dags/saving_file.py
[2025-03-29T15:02:38.471+0000] {logging_mixin.py:190} INFO - [2025-03-29T15:02:38.471+0000] {dag.py:3239} INFO - Sync 1 DAGs
[2025-03-29T15:02:38.487+0000] {logging_mixin.py:190} INFO - [2025-03-29T15:02:38.487+0000] {dag.py:4180} INFO - Setting next_dagrun for gerar_csv_dados_abertos_cnpj to 2025-03-28 00:00:00+00:00, run_after=2025-03-29 00:00:00+00:00
[2025-03-29T15:02:38.514+0000] {processor.py:208} INFO - Processing /opt/airflow/dags/saving_file.py took 0.222 seconds
[2025-03-29T15:03:08.692+0000] {processor.py:186} INFO - Started process (PID=566) to work on /opt/airflow/dags/saving_file.py
[2025-03-29T15:03:08.693+0000] {processor.py:914} INFO - Processing file /opt/airflow/dags/saving_file.py for tasks to queue
[2025-03-29T15:03:08.696+0000] {logging_mixin.py:190} INFO - [2025-03-29T15:03:08.695+0000] {dagbag.py:588} INFO - Filling up the DagBag from /opt/airflow/dags/saving_file.py
[2025-03-29T15:03:08.861+0000] {processor.py:925} INFO - DAG(s) 'gerar_csv_dados_abertos_cnpj' retrieved from /opt/airflow/dags/saving_file.py
[2025-03-29T15:03:08.876+0000] {logging_mixin.py:190} INFO - [2025-03-29T15:03:08.876+0000] {dag.py:3239} INFO - Sync 1 DAGs
[2025-03-29T15:03:08.890+0000] {logging_mixin.py:190} INFO - [2025-03-29T15:03:08.890+0000] {dag.py:4180} INFO - Setting next_dagrun for gerar_csv_dados_abertos_cnpj to 2025-03-28 00:00:00+00:00, run_after=2025-03-29 00:00:00+00:00
[2025-03-29T15:03:08.918+0000] {processor.py:208} INFO - Processing /opt/airflow/dags/saving_file.py took 0.229 seconds
[2025-03-29T15:03:39.093+0000] {processor.py:186} INFO - Started process (PID=577) to work on /opt/airflow/dags/saving_file.py
[2025-03-29T15:03:39.094+0000] {processor.py:914} INFO - Processing file /opt/airflow/dags/saving_file.py for tasks to queue
[2025-03-29T15:03:39.097+0000] {logging_mixin.py:190} INFO - [2025-03-29T15:03:39.096+0000] {dagbag.py:588} INFO - Filling up the DagBag from /opt/airflow/dags/saving_file.py
[2025-03-29T15:03:39.251+0000] {processor.py:925} INFO - DAG(s) 'gerar_csv_dados_abertos_cnpj' retrieved from /opt/airflow/dags/saving_file.py
[2025-03-29T15:03:39.265+0000] {logging_mixin.py:190} INFO - [2025-03-29T15:03:39.264+0000] {dag.py:3239} INFO - Sync 1 DAGs
[2025-03-29T15:03:39.277+0000] {logging_mixin.py:190} INFO - [2025-03-29T15:03:39.277+0000] {dag.py:4180} INFO - Setting next_dagrun for gerar_csv_dados_abertos_cnpj to 2025-03-28 00:00:00+00:00, run_after=2025-03-29 00:00:00+00:00
[2025-03-29T15:03:39.293+0000] {processor.py:208} INFO - Processing /opt/airflow/dags/saving_file.py took 0.203 seconds
[2025-03-29T15:04:09.491+0000] {processor.py:186} INFO - Started process (PID=588) to work on /opt/airflow/dags/saving_file.py
[2025-03-29T15:04:09.492+0000] {processor.py:914} INFO - Processing file /opt/airflow/dags/saving_file.py for tasks to queue
[2025-03-29T15:04:09.495+0000] {logging_mixin.py:190} INFO - [2025-03-29T15:04:09.494+0000] {dagbag.py:588} INFO - Filling up the DagBag from /opt/airflow/dags/saving_file.py
[2025-03-29T15:04:09.656+0000] {processor.py:925} INFO - DAG(s) 'gerar_csv_dados_abertos_cnpj' retrieved from /opt/airflow/dags/saving_file.py
[2025-03-29T15:04:09.672+0000] {logging_mixin.py:190} INFO - [2025-03-29T15:04:09.672+0000] {dag.py:3239} INFO - Sync 1 DAGs
[2025-03-29T15:04:09.687+0000] {logging_mixin.py:190} INFO - [2025-03-29T15:04:09.687+0000] {dag.py:4180} INFO - Setting next_dagrun for gerar_csv_dados_abertos_cnpj to 2025-03-28 00:00:00+00:00, run_after=2025-03-29 00:00:00+00:00
[2025-03-29T15:04:09.700+0000] {processor.py:208} INFO - Processing /opt/airflow/dags/saving_file.py took 0.212 seconds
[2025-03-29T15:04:39.912+0000] {processor.py:186} INFO - Started process (PID=599) to work on /opt/airflow/dags/saving_file.py
[2025-03-29T15:04:39.913+0000] {processor.py:914} INFO - Processing file /opt/airflow/dags/saving_file.py for tasks to queue
[2025-03-29T15:04:39.916+0000] {logging_mixin.py:190} INFO - [2025-03-29T15:04:39.915+0000] {dagbag.py:588} INFO - Filling up the DagBag from /opt/airflow/dags/saving_file.py
[2025-03-29T15:04:40.072+0000] {processor.py:925} INFO - DAG(s) 'gerar_csv_dados_abertos_cnpj' retrieved from /opt/airflow/dags/saving_file.py
[2025-03-29T15:04:40.089+0000] {logging_mixin.py:190} INFO - [2025-03-29T15:04:40.088+0000] {dag.py:3239} INFO - Sync 1 DAGs
[2025-03-29T15:04:40.104+0000] {logging_mixin.py:190} INFO - [2025-03-29T15:04:40.104+0000] {dag.py:4180} INFO - Setting next_dagrun for gerar_csv_dados_abertos_cnpj to 2025-03-28 00:00:00+00:00, run_after=2025-03-29 00:00:00+00:00
[2025-03-29T15:04:40.122+0000] {processor.py:208} INFO - Processing /opt/airflow/dags/saving_file.py took 0.213 seconds
[2025-03-29T15:05:10.315+0000] {processor.py:186} INFO - Started process (PID=610) to work on /opt/airflow/dags/saving_file.py
[2025-03-29T15:05:10.316+0000] {processor.py:914} INFO - Processing file /opt/airflow/dags/saving_file.py for tasks to queue
[2025-03-29T15:05:10.318+0000] {logging_mixin.py:190} INFO - [2025-03-29T15:05:10.318+0000] {dagbag.py:588} INFO - Filling up the DagBag from /opt/airflow/dags/saving_file.py
[2025-03-29T15:05:10.468+0000] {processor.py:925} INFO - DAG(s) 'gerar_csv_dados_abertos_cnpj' retrieved from /opt/airflow/dags/saving_file.py
[2025-03-29T15:05:10.481+0000] {logging_mixin.py:190} INFO - [2025-03-29T15:05:10.481+0000] {dag.py:3239} INFO - Sync 1 DAGs
[2025-03-29T15:05:10.495+0000] {logging_mixin.py:190} INFO - [2025-03-29T15:05:10.494+0000] {dag.py:4180} INFO - Setting next_dagrun for gerar_csv_dados_abertos_cnpj to 2025-03-28 00:00:00+00:00, run_after=2025-03-29 00:00:00+00:00
[2025-03-29T15:05:10.506+0000] {processor.py:208} INFO - Processing /opt/airflow/dags/saving_file.py took 0.194 seconds
[2025-03-29T15:05:40.781+0000] {processor.py:186} INFO - Started process (PID=621) to work on /opt/airflow/dags/saving_file.py
[2025-03-29T15:05:40.782+0000] {processor.py:914} INFO - Processing file /opt/airflow/dags/saving_file.py for tasks to queue
[2025-03-29T15:05:40.785+0000] {logging_mixin.py:190} INFO - [2025-03-29T15:05:40.785+0000] {dagbag.py:588} INFO - Filling up the DagBag from /opt/airflow/dags/saving_file.py
[2025-03-29T15:05:40.936+0000] {processor.py:925} INFO - DAG(s) 'gerar_csv_dados_abertos_cnpj' retrieved from /opt/airflow/dags/saving_file.py
[2025-03-29T15:05:40.953+0000] {logging_mixin.py:190} INFO - [2025-03-29T15:05:40.952+0000] {dag.py:3239} INFO - Sync 1 DAGs
[2025-03-29T15:05:40.966+0000] {logging_mixin.py:190} INFO - [2025-03-29T15:05:40.966+0000] {dag.py:4180} INFO - Setting next_dagrun for gerar_csv_dados_abertos_cnpj to 2025-03-28 00:00:00+00:00, run_after=2025-03-29 00:00:00+00:00
[2025-03-29T15:05:40.984+0000] {processor.py:208} INFO - Processing /opt/airflow/dags/saving_file.py took 0.207 seconds
[2025-03-29T15:06:11.191+0000] {processor.py:186} INFO - Started process (PID=632) to work on /opt/airflow/dags/saving_file.py
[2025-03-29T15:06:11.192+0000] {processor.py:914} INFO - Processing file /opt/airflow/dags/saving_file.py for tasks to queue
[2025-03-29T15:06:11.195+0000] {logging_mixin.py:190} INFO - [2025-03-29T15:06:11.194+0000] {dagbag.py:588} INFO - Filling up the DagBag from /opt/airflow/dags/saving_file.py
[2025-03-29T15:06:11.342+0000] {processor.py:925} INFO - DAG(s) 'gerar_csv_dados_abertos_cnpj' retrieved from /opt/airflow/dags/saving_file.py
[2025-03-29T15:06:11.358+0000] {logging_mixin.py:190} INFO - [2025-03-29T15:06:11.357+0000] {dag.py:3239} INFO - Sync 1 DAGs
[2025-03-29T15:06:11.372+0000] {logging_mixin.py:190} INFO - [2025-03-29T15:06:11.372+0000] {dag.py:4180} INFO - Setting next_dagrun for gerar_csv_dados_abertos_cnpj to 2025-03-28 00:00:00+00:00, run_after=2025-03-29 00:00:00+00:00
[2025-03-29T15:06:11.384+0000] {processor.py:208} INFO - Processing /opt/airflow/dags/saving_file.py took 0.197 seconds
[2025-03-29T15:06:41.608+0000] {processor.py:186} INFO - Started process (PID=643) to work on /opt/airflow/dags/saving_file.py
[2025-03-29T15:06:41.609+0000] {processor.py:914} INFO - Processing file /opt/airflow/dags/saving_file.py for tasks to queue
[2025-03-29T15:06:41.611+0000] {logging_mixin.py:190} INFO - [2025-03-29T15:06:41.611+0000] {dagbag.py:588} INFO - Filling up the DagBag from /opt/airflow/dags/saving_file.py
[2025-03-29T15:06:41.770+0000] {processor.py:925} INFO - DAG(s) 'gerar_csv_dados_abertos_cnpj' retrieved from /opt/airflow/dags/saving_file.py
[2025-03-29T15:06:41.832+0000] {logging_mixin.py:190} INFO - [2025-03-29T15:06:41.831+0000] {dag.py:3239} INFO - Sync 1 DAGs
[2025-03-29T15:06:41.845+0000] {logging_mixin.py:190} INFO - [2025-03-29T15:06:41.845+0000] {dag.py:4180} INFO - Setting next_dagrun for gerar_csv_dados_abertos_cnpj to 2025-03-28 00:00:00+00:00, run_after=2025-03-29 00:00:00+00:00
[2025-03-29T15:06:41.857+0000] {processor.py:208} INFO - Processing /opt/airflow/dags/saving_file.py took 0.253 seconds
[2025-03-29T15:07:12.056+0000] {processor.py:186} INFO - Started process (PID=654) to work on /opt/airflow/dags/saving_file.py
[2025-03-29T15:07:12.057+0000] {processor.py:914} INFO - Processing file /opt/airflow/dags/saving_file.py for tasks to queue
[2025-03-29T15:07:12.059+0000] {logging_mixin.py:190} INFO - [2025-03-29T15:07:12.059+0000] {dagbag.py:588} INFO - Filling up the DagBag from /opt/airflow/dags/saving_file.py
[2025-03-29T15:07:12.206+0000] {processor.py:925} INFO - DAG(s) 'gerar_csv_dados_abertos_cnpj' retrieved from /opt/airflow/dags/saving_file.py
[2025-03-29T15:07:12.223+0000] {logging_mixin.py:190} INFO - [2025-03-29T15:07:12.222+0000] {dag.py:3239} INFO - Sync 1 DAGs
[2025-03-29T15:07:12.236+0000] {logging_mixin.py:190} INFO - [2025-03-29T15:07:12.236+0000] {dag.py:4180} INFO - Setting next_dagrun for gerar_csv_dados_abertos_cnpj to 2025-03-28 00:00:00+00:00, run_after=2025-03-29 00:00:00+00:00
[2025-03-29T15:07:12.264+0000] {processor.py:208} INFO - Processing /opt/airflow/dags/saving_file.py took 0.212 seconds
[2025-03-29T15:07:42.444+0000] {processor.py:186} INFO - Started process (PID=665) to work on /opt/airflow/dags/saving_file.py
[2025-03-29T15:07:42.446+0000] {processor.py:914} INFO - Processing file /opt/airflow/dags/saving_file.py for tasks to queue
[2025-03-29T15:07:42.448+0000] {logging_mixin.py:190} INFO - [2025-03-29T15:07:42.448+0000] {dagbag.py:588} INFO - Filling up the DagBag from /opt/airflow/dags/saving_file.py
[2025-03-29T15:07:42.603+0000] {processor.py:925} INFO - DAG(s) 'gerar_csv_dados_abertos_cnpj' retrieved from /opt/airflow/dags/saving_file.py
[2025-03-29T15:07:42.616+0000] {logging_mixin.py:190} INFO - [2025-03-29T15:07:42.616+0000] {dag.py:3239} INFO - Sync 1 DAGs
[2025-03-29T15:07:42.631+0000] {logging_mixin.py:190} INFO - [2025-03-29T15:07:42.631+0000] {dag.py:4180} INFO - Setting next_dagrun for gerar_csv_dados_abertos_cnpj to 2025-03-28 00:00:00+00:00, run_after=2025-03-29 00:00:00+00:00
[2025-03-29T15:07:42.646+0000] {processor.py:208} INFO - Processing /opt/airflow/dags/saving_file.py took 0.205 seconds
[2025-03-29T15:08:12.854+0000] {processor.py:186} INFO - Started process (PID=676) to work on /opt/airflow/dags/saving_file.py
[2025-03-29T15:08:12.855+0000] {processor.py:914} INFO - Processing file /opt/airflow/dags/saving_file.py for tasks to queue
[2025-03-29T15:08:12.859+0000] {logging_mixin.py:190} INFO - [2025-03-29T15:08:12.859+0000] {dagbag.py:588} INFO - Filling up the DagBag from /opt/airflow/dags/saving_file.py
[2025-03-29T15:08:13.010+0000] {processor.py:925} INFO - DAG(s) 'gerar_csv_dados_abertos_cnpj' retrieved from /opt/airflow/dags/saving_file.py
[2025-03-29T15:08:13.026+0000] {logging_mixin.py:190} INFO - [2025-03-29T15:08:13.026+0000] {dag.py:3239} INFO - Sync 1 DAGs
[2025-03-29T15:08:13.042+0000] {logging_mixin.py:190} INFO - [2025-03-29T15:08:13.042+0000] {dag.py:4180} INFO - Setting next_dagrun for gerar_csv_dados_abertos_cnpj to 2025-03-28 00:00:00+00:00, run_after=2025-03-29 00:00:00+00:00
[2025-03-29T15:08:13.056+0000] {processor.py:208} INFO - Processing /opt/airflow/dags/saving_file.py took 0.204 seconds
[2025-03-29T15:08:43.254+0000] {processor.py:186} INFO - Started process (PID=687) to work on /opt/airflow/dags/saving_file.py
[2025-03-29T15:08:43.256+0000] {processor.py:914} INFO - Processing file /opt/airflow/dags/saving_file.py for tasks to queue
[2025-03-29T15:08:43.259+0000] {logging_mixin.py:190} INFO - [2025-03-29T15:08:43.259+0000] {dagbag.py:588} INFO - Filling up the DagBag from /opt/airflow/dags/saving_file.py
[2025-03-29T15:08:43.429+0000] {processor.py:925} INFO - DAG(s) 'gerar_csv_dados_abertos_cnpj' retrieved from /opt/airflow/dags/saving_file.py
[2025-03-29T15:08:43.451+0000] {logging_mixin.py:190} INFO - [2025-03-29T15:08:43.450+0000] {dag.py:3239} INFO - Sync 1 DAGs
[2025-03-29T15:08:43.466+0000] {logging_mixin.py:190} INFO - [2025-03-29T15:08:43.466+0000] {dag.py:4180} INFO - Setting next_dagrun for gerar_csv_dados_abertos_cnpj to 2025-03-28 00:00:00+00:00, run_after=2025-03-29 00:00:00+00:00
[2025-03-29T15:08:43.479+0000] {processor.py:208} INFO - Processing /opt/airflow/dags/saving_file.py took 0.227 seconds
[2025-03-29T15:09:13.664+0000] {processor.py:186} INFO - Started process (PID=698) to work on /opt/airflow/dags/saving_file.py
[2025-03-29T15:09:13.665+0000] {processor.py:914} INFO - Processing file /opt/airflow/dags/saving_file.py for tasks to queue
[2025-03-29T15:09:13.668+0000] {logging_mixin.py:190} INFO - [2025-03-29T15:09:13.668+0000] {dagbag.py:588} INFO - Filling up the DagBag from /opt/airflow/dags/saving_file.py
[2025-03-29T15:09:13.821+0000] {processor.py:925} INFO - DAG(s) 'gerar_csv_dados_abertos_cnpj' retrieved from /opt/airflow/dags/saving_file.py
[2025-03-29T15:09:13.836+0000] {logging_mixin.py:190} INFO - [2025-03-29T15:09:13.836+0000] {dag.py:3239} INFO - Sync 1 DAGs
[2025-03-29T15:09:13.849+0000] {logging_mixin.py:190} INFO - [2025-03-29T15:09:13.849+0000] {dag.py:4180} INFO - Setting next_dagrun for gerar_csv_dados_abertos_cnpj to 2025-03-28 00:00:00+00:00, run_after=2025-03-29 00:00:00+00:00
[2025-03-29T15:09:13.866+0000] {processor.py:208} INFO - Processing /opt/airflow/dags/saving_file.py took 0.205 seconds
[2025-03-29T15:09:44.075+0000] {processor.py:186} INFO - Started process (PID=709) to work on /opt/airflow/dags/saving_file.py
[2025-03-29T15:09:44.076+0000] {processor.py:914} INFO - Processing file /opt/airflow/dags/saving_file.py for tasks to queue
[2025-03-29T15:09:44.079+0000] {logging_mixin.py:190} INFO - [2025-03-29T15:09:44.079+0000] {dagbag.py:588} INFO - Filling up the DagBag from /opt/airflow/dags/saving_file.py
[2025-03-29T15:09:44.235+0000] {processor.py:925} INFO - DAG(s) 'gerar_csv_dados_abertos_cnpj' retrieved from /opt/airflow/dags/saving_file.py
[2025-03-29T15:09:44.250+0000] {logging_mixin.py:190} INFO - [2025-03-29T15:09:44.249+0000] {dag.py:3239} INFO - Sync 1 DAGs
[2025-03-29T15:09:44.263+0000] {logging_mixin.py:190} INFO - [2025-03-29T15:09:44.263+0000] {dag.py:4180} INFO - Setting next_dagrun for gerar_csv_dados_abertos_cnpj to 2025-03-28 00:00:00+00:00, run_after=2025-03-29 00:00:00+00:00
[2025-03-29T15:09:44.276+0000] {processor.py:208} INFO - Processing /opt/airflow/dags/saving_file.py took 0.204 seconds
[2025-03-29T15:10:14.476+0000] {processor.py:186} INFO - Started process (PID=720) to work on /opt/airflow/dags/saving_file.py
[2025-03-29T15:10:14.477+0000] {processor.py:914} INFO - Processing file /opt/airflow/dags/saving_file.py for tasks to queue
[2025-03-29T15:10:14.479+0000] {logging_mixin.py:190} INFO - [2025-03-29T15:10:14.479+0000] {dagbag.py:588} INFO - Filling up the DagBag from /opt/airflow/dags/saving_file.py
[2025-03-29T15:10:14.628+0000] {processor.py:925} INFO - DAG(s) 'gerar_csv_dados_abertos_cnpj' retrieved from /opt/airflow/dags/saving_file.py
[2025-03-29T15:10:14.642+0000] {logging_mixin.py:190} INFO - [2025-03-29T15:10:14.642+0000] {dag.py:3239} INFO - Sync 1 DAGs
[2025-03-29T15:10:14.656+0000] {logging_mixin.py:190} INFO - [2025-03-29T15:10:14.655+0000] {dag.py:4180} INFO - Setting next_dagrun for gerar_csv_dados_abertos_cnpj to 2025-03-28 00:00:00+00:00, run_after=2025-03-29 00:00:00+00:00
[2025-03-29T15:10:14.667+0000] {processor.py:208} INFO - Processing /opt/airflow/dags/saving_file.py took 0.195 seconds
[2025-03-29T15:10:44.921+0000] {processor.py:186} INFO - Started process (PID=731) to work on /opt/airflow/dags/saving_file.py
[2025-03-29T15:10:44.922+0000] {processor.py:914} INFO - Processing file /opt/airflow/dags/saving_file.py for tasks to queue
[2025-03-29T15:10:44.924+0000] {logging_mixin.py:190} INFO - [2025-03-29T15:10:44.924+0000] {dagbag.py:588} INFO - Filling up the DagBag from /opt/airflow/dags/saving_file.py
[2025-03-29T15:10:45.082+0000] {processor.py:925} INFO - DAG(s) 'gerar_csv_dados_abertos_cnpj' retrieved from /opt/airflow/dags/saving_file.py
[2025-03-29T15:10:45.098+0000] {logging_mixin.py:190} INFO - [2025-03-29T15:10:45.097+0000] {dag.py:3239} INFO - Sync 1 DAGs
[2025-03-29T15:10:45.113+0000] {logging_mixin.py:190} INFO - [2025-03-29T15:10:45.112+0000] {dag.py:4180} INFO - Setting next_dagrun for gerar_csv_dados_abertos_cnpj to 2025-03-28 00:00:00+00:00, run_after=2025-03-29 00:00:00+00:00
[2025-03-29T15:10:45.126+0000] {processor.py:208} INFO - Processing /opt/airflow/dags/saving_file.py took 0.208 seconds
[2025-03-29T15:11:15.339+0000] {processor.py:186} INFO - Started process (PID=742) to work on /opt/airflow/dags/saving_file.py
[2025-03-29T15:11:15.340+0000] {processor.py:914} INFO - Processing file /opt/airflow/dags/saving_file.py for tasks to queue
[2025-03-29T15:11:15.343+0000] {logging_mixin.py:190} INFO - [2025-03-29T15:11:15.343+0000] {dagbag.py:588} INFO - Filling up the DagBag from /opt/airflow/dags/saving_file.py
[2025-03-29T15:11:15.514+0000] {processor.py:925} INFO - DAG(s) 'gerar_csv_dados_abertos_cnpj' retrieved from /opt/airflow/dags/saving_file.py
[2025-03-29T15:11:15.532+0000] {logging_mixin.py:190} INFO - [2025-03-29T15:11:15.532+0000] {dag.py:3239} INFO - Sync 1 DAGs
[2025-03-29T15:11:15.548+0000] {logging_mixin.py:190} INFO - [2025-03-29T15:11:15.548+0000] {dag.py:4180} INFO - Setting next_dagrun for gerar_csv_dados_abertos_cnpj to 2025-03-28 00:00:00+00:00, run_after=2025-03-29 00:00:00+00:00
[2025-03-29T15:11:15.562+0000] {processor.py:208} INFO - Processing /opt/airflow/dags/saving_file.py took 0.226 seconds
[2025-03-29T15:11:45.770+0000] {processor.py:186} INFO - Started process (PID=753) to work on /opt/airflow/dags/saving_file.py
[2025-03-29T15:11:45.771+0000] {processor.py:914} INFO - Processing file /opt/airflow/dags/saving_file.py for tasks to queue
[2025-03-29T15:11:45.773+0000] {logging_mixin.py:190} INFO - [2025-03-29T15:11:45.773+0000] {dagbag.py:588} INFO - Filling up the DagBag from /opt/airflow/dags/saving_file.py
[2025-03-29T15:11:45.920+0000] {processor.py:925} INFO - DAG(s) 'gerar_csv_dados_abertos_cnpj' retrieved from /opt/airflow/dags/saving_file.py
[2025-03-29T15:11:45.934+0000] {logging_mixin.py:190} INFO - [2025-03-29T15:11:45.934+0000] {dag.py:3239} INFO - Sync 1 DAGs
[2025-03-29T15:11:45.947+0000] {logging_mixin.py:190} INFO - [2025-03-29T15:11:45.947+0000] {dag.py:4180} INFO - Setting next_dagrun for gerar_csv_dados_abertos_cnpj to 2025-03-28 00:00:00+00:00, run_after=2025-03-29 00:00:00+00:00
[2025-03-29T15:11:45.961+0000] {processor.py:208} INFO - Processing /opt/airflow/dags/saving_file.py took 0.194 seconds
[2025-03-29T15:12:16.158+0000] {processor.py:186} INFO - Started process (PID=764) to work on /opt/airflow/dags/saving_file.py
[2025-03-29T15:12:16.159+0000] {processor.py:914} INFO - Processing file /opt/airflow/dags/saving_file.py for tasks to queue
[2025-03-29T15:12:16.162+0000] {logging_mixin.py:190} INFO - [2025-03-29T15:12:16.162+0000] {dagbag.py:588} INFO - Filling up the DagBag from /opt/airflow/dags/saving_file.py
[2025-03-29T15:12:16.325+0000] {processor.py:925} INFO - DAG(s) 'gerar_csv_dados_abertos_cnpj' retrieved from /opt/airflow/dags/saving_file.py
[2025-03-29T15:12:16.343+0000] {logging_mixin.py:190} INFO - [2025-03-29T15:12:16.342+0000] {dag.py:3239} INFO - Sync 1 DAGs
[2025-03-29T15:12:16.358+0000] {logging_mixin.py:190} INFO - [2025-03-29T15:12:16.358+0000] {dag.py:4180} INFO - Setting next_dagrun for gerar_csv_dados_abertos_cnpj to 2025-03-28 00:00:00+00:00, run_after=2025-03-29 00:00:00+00:00
[2025-03-29T15:12:16.374+0000] {processor.py:208} INFO - Processing /opt/airflow/dags/saving_file.py took 0.220 seconds
[2025-03-29T15:12:46.558+0000] {processor.py:186} INFO - Started process (PID=775) to work on /opt/airflow/dags/saving_file.py
[2025-03-29T15:12:46.560+0000] {processor.py:914} INFO - Processing file /opt/airflow/dags/saving_file.py for tasks to queue
[2025-03-29T15:12:46.563+0000] {logging_mixin.py:190} INFO - [2025-03-29T15:12:46.563+0000] {dagbag.py:588} INFO - Filling up the DagBag from /opt/airflow/dags/saving_file.py
[2025-03-29T15:12:46.731+0000] {processor.py:925} INFO - DAG(s) 'gerar_csv_dados_abertos_cnpj' retrieved from /opt/airflow/dags/saving_file.py
[2025-03-29T15:12:46.749+0000] {logging_mixin.py:190} INFO - [2025-03-29T15:12:46.748+0000] {dag.py:3239} INFO - Sync 1 DAGs
[2025-03-29T15:12:46.765+0000] {logging_mixin.py:190} INFO - [2025-03-29T15:12:46.765+0000] {dag.py:4180} INFO - Setting next_dagrun for gerar_csv_dados_abertos_cnpj to 2025-03-28 00:00:00+00:00, run_after=2025-03-29 00:00:00+00:00
[2025-03-29T15:12:46.782+0000] {processor.py:208} INFO - Processing /opt/airflow/dags/saving_file.py took 0.228 seconds
[2025-03-29T15:13:16.987+0000] {processor.py:186} INFO - Started process (PID=787) to work on /opt/airflow/dags/saving_file.py
[2025-03-29T15:13:16.988+0000] {processor.py:914} INFO - Processing file /opt/airflow/dags/saving_file.py for tasks to queue
[2025-03-29T15:13:16.992+0000] {logging_mixin.py:190} INFO - [2025-03-29T15:13:16.992+0000] {dagbag.py:588} INFO - Filling up the DagBag from /opt/airflow/dags/saving_file.py
[2025-03-29T15:13:17.160+0000] {processor.py:925} INFO - DAG(s) 'gerar_csv_dados_abertos_cnpj' retrieved from /opt/airflow/dags/saving_file.py
[2025-03-29T15:13:17.176+0000] {logging_mixin.py:190} INFO - [2025-03-29T15:13:17.176+0000] {dag.py:3239} INFO - Sync 1 DAGs
[2025-03-29T15:13:17.193+0000] {logging_mixin.py:190} INFO - [2025-03-29T15:13:17.192+0000] {dag.py:4180} INFO - Setting next_dagrun for gerar_csv_dados_abertos_cnpj to 2025-03-28 00:00:00+00:00, run_after=2025-03-29 00:00:00+00:00
[2025-03-29T15:13:17.207+0000] {processor.py:208} INFO - Processing /opt/airflow/dags/saving_file.py took 0.223 seconds
[2025-03-29T15:13:47.416+0000] {processor.py:186} INFO - Started process (PID=798) to work on /opt/airflow/dags/saving_file.py
[2025-03-29T15:13:47.417+0000] {processor.py:914} INFO - Processing file /opt/airflow/dags/saving_file.py for tasks to queue
[2025-03-29T15:13:47.419+0000] {logging_mixin.py:190} INFO - [2025-03-29T15:13:47.419+0000] {dagbag.py:588} INFO - Filling up the DagBag from /opt/airflow/dags/saving_file.py
[2025-03-29T15:13:47.565+0000] {processor.py:925} INFO - DAG(s) 'gerar_csv_dados_abertos_cnpj' retrieved from /opt/airflow/dags/saving_file.py
[2025-03-29T15:13:47.583+0000] {logging_mixin.py:190} INFO - [2025-03-29T15:13:47.582+0000] {dag.py:3239} INFO - Sync 1 DAGs
[2025-03-29T15:13:47.598+0000] {logging_mixin.py:190} INFO - [2025-03-29T15:13:47.597+0000] {dag.py:4180} INFO - Setting next_dagrun for gerar_csv_dados_abertos_cnpj to 2025-03-28 00:00:00+00:00, run_after=2025-03-29 00:00:00+00:00
[2025-03-29T15:13:47.613+0000] {processor.py:208} INFO - Processing /opt/airflow/dags/saving_file.py took 0.201 seconds
[2025-03-29T15:14:17.813+0000] {processor.py:186} INFO - Started process (PID=809) to work on /opt/airflow/dags/saving_file.py
[2025-03-29T15:14:17.814+0000] {processor.py:914} INFO - Processing file /opt/airflow/dags/saving_file.py for tasks to queue
[2025-03-29T15:14:17.817+0000] {logging_mixin.py:190} INFO - [2025-03-29T15:14:17.817+0000] {dagbag.py:588} INFO - Filling up the DagBag from /opt/airflow/dags/saving_file.py
[2025-03-29T15:14:17.950+0000] {processor.py:925} INFO - DAG(s) 'gerar_csv_dados_abertos_cnpj' retrieved from /opt/airflow/dags/saving_file.py
[2025-03-29T15:14:17.964+0000] {logging_mixin.py:190} INFO - [2025-03-29T15:14:17.964+0000] {dag.py:3239} INFO - Sync 1 DAGs
[2025-03-29T15:14:17.976+0000] {logging_mixin.py:190} INFO - [2025-03-29T15:14:17.976+0000] {dag.py:4180} INFO - Setting next_dagrun for gerar_csv_dados_abertos_cnpj to 2025-03-28 00:00:00+00:00, run_after=2025-03-29 00:00:00+00:00
[2025-03-29T15:14:17.987+0000] {processor.py:208} INFO - Processing /opt/airflow/dags/saving_file.py took 0.177 seconds
[2025-03-29T15:14:48.169+0000] {processor.py:186} INFO - Started process (PID=820) to work on /opt/airflow/dags/saving_file.py
[2025-03-29T15:14:48.170+0000] {processor.py:914} INFO - Processing file /opt/airflow/dags/saving_file.py for tasks to queue
[2025-03-29T15:14:48.172+0000] {logging_mixin.py:190} INFO - [2025-03-29T15:14:48.171+0000] {dagbag.py:588} INFO - Filling up the DagBag from /opt/airflow/dags/saving_file.py
[2025-03-29T15:14:48.315+0000] {processor.py:925} INFO - DAG(s) 'gerar_csv_dados_abertos_cnpj' retrieved from /opt/airflow/dags/saving_file.py
[2025-03-29T15:14:48.330+0000] {logging_mixin.py:190} INFO - [2025-03-29T15:14:48.329+0000] {dag.py:3239} INFO - Sync 1 DAGs
[2025-03-29T15:14:48.341+0000] {logging_mixin.py:190} INFO - [2025-03-29T15:14:48.341+0000] {dag.py:4180} INFO - Setting next_dagrun for gerar_csv_dados_abertos_cnpj to 2025-03-28 00:00:00+00:00, run_after=2025-03-29 00:00:00+00:00
[2025-03-29T15:14:48.354+0000] {processor.py:208} INFO - Processing /opt/airflow/dags/saving_file.py took 0.188 seconds
[2025-03-29T15:15:18.554+0000] {processor.py:186} INFO - Started process (PID=831) to work on /opt/airflow/dags/saving_file.py
[2025-03-29T15:15:18.556+0000] {processor.py:914} INFO - Processing file /opt/airflow/dags/saving_file.py for tasks to queue
[2025-03-29T15:15:18.558+0000] {logging_mixin.py:190} INFO - [2025-03-29T15:15:18.558+0000] {dagbag.py:588} INFO - Filling up the DagBag from /opt/airflow/dags/saving_file.py
[2025-03-29T15:15:18.699+0000] {processor.py:925} INFO - DAG(s) 'gerar_csv_dados_abertos_cnpj' retrieved from /opt/airflow/dags/saving_file.py
[2025-03-29T15:15:18.712+0000] {logging_mixin.py:190} INFO - [2025-03-29T15:15:18.712+0000] {dag.py:3239} INFO - Sync 1 DAGs
[2025-03-29T15:15:18.724+0000] {logging_mixin.py:190} INFO - [2025-03-29T15:15:18.724+0000] {dag.py:4180} INFO - Setting next_dagrun for gerar_csv_dados_abertos_cnpj to 2025-03-28 00:00:00+00:00, run_after=2025-03-29 00:00:00+00:00
[2025-03-29T15:15:18.734+0000] {processor.py:208} INFO - Processing /opt/airflow/dags/saving_file.py took 0.183 seconds
[2025-03-29T15:15:49.014+0000] {processor.py:186} INFO - Started process (PID=842) to work on /opt/airflow/dags/saving_file.py
[2025-03-29T15:15:49.015+0000] {processor.py:914} INFO - Processing file /opt/airflow/dags/saving_file.py for tasks to queue
[2025-03-29T15:15:49.017+0000] {logging_mixin.py:190} INFO - [2025-03-29T15:15:49.017+0000] {dagbag.py:588} INFO - Filling up the DagBag from /opt/airflow/dags/saving_file.py
[2025-03-29T15:15:49.155+0000] {processor.py:925} INFO - DAG(s) 'gerar_csv_dados_abertos_cnpj' retrieved from /opt/airflow/dags/saving_file.py
[2025-03-29T15:15:49.167+0000] {logging_mixin.py:190} INFO - [2025-03-29T15:15:49.166+0000] {dag.py:3239} INFO - Sync 1 DAGs
[2025-03-29T15:15:49.178+0000] {logging_mixin.py:190} INFO - [2025-03-29T15:15:49.178+0000] {dag.py:4180} INFO - Setting next_dagrun for gerar_csv_dados_abertos_cnpj to 2025-03-28 00:00:00+00:00, run_after=2025-03-29 00:00:00+00:00
[2025-03-29T15:15:49.187+0000] {processor.py:208} INFO - Processing /opt/airflow/dags/saving_file.py took 0.177 seconds
[2025-03-29T15:16:19.400+0000] {processor.py:186} INFO - Started process (PID=853) to work on /opt/airflow/dags/saving_file.py
[2025-03-29T15:16:19.401+0000] {processor.py:914} INFO - Processing file /opt/airflow/dags/saving_file.py for tasks to queue
[2025-03-29T15:16:19.403+0000] {logging_mixin.py:190} INFO - [2025-03-29T15:16:19.403+0000] {dagbag.py:588} INFO - Filling up the DagBag from /opt/airflow/dags/saving_file.py
[2025-03-29T15:16:19.541+0000] {processor.py:925} INFO - DAG(s) 'gerar_csv_dados_abertos_cnpj' retrieved from /opt/airflow/dags/saving_file.py
[2025-03-29T15:16:19.553+0000] {logging_mixin.py:190} INFO - [2025-03-29T15:16:19.553+0000] {dag.py:3239} INFO - Sync 1 DAGs
[2025-03-29T15:16:19.567+0000] {logging_mixin.py:190} INFO - [2025-03-29T15:16:19.567+0000] {dag.py:4180} INFO - Setting next_dagrun for gerar_csv_dados_abertos_cnpj to 2025-03-28 00:00:00+00:00, run_after=2025-03-29 00:00:00+00:00
[2025-03-29T15:16:19.577+0000] {processor.py:208} INFO - Processing /opt/airflow/dags/saving_file.py took 0.180 seconds
[2025-03-29T15:16:49.788+0000] {processor.py:186} INFO - Started process (PID=870) to work on /opt/airflow/dags/saving_file.py
[2025-03-29T15:16:49.788+0000] {processor.py:914} INFO - Processing file /opt/airflow/dags/saving_file.py for tasks to queue
[2025-03-29T15:16:49.791+0000] {logging_mixin.py:190} INFO - [2025-03-29T15:16:49.791+0000] {dagbag.py:588} INFO - Filling up the DagBag from /opt/airflow/dags/saving_file.py
[2025-03-29T15:16:49.930+0000] {processor.py:925} INFO - DAG(s) 'gerar_csv_dados_abertos_cnpj' retrieved from /opt/airflow/dags/saving_file.py
[2025-03-29T15:16:49.943+0000] {logging_mixin.py:190} INFO - [2025-03-29T15:16:49.943+0000] {dag.py:3239} INFO - Sync 1 DAGs
[2025-03-29T15:16:49.955+0000] {logging_mixin.py:190} INFO - [2025-03-29T15:16:49.955+0000] {dag.py:4180} INFO - Setting next_dagrun for gerar_csv_dados_abertos_cnpj to 2025-03-28 00:00:00+00:00, run_after=2025-03-29 00:00:00+00:00
[2025-03-29T15:16:49.966+0000] {processor.py:208} INFO - Processing /opt/airflow/dags/saving_file.py took 0.181 seconds
[2025-03-29T15:17:20.190+0000] {processor.py:186} INFO - Started process (PID=881) to work on /opt/airflow/dags/saving_file.py
[2025-03-29T15:17:20.192+0000] {processor.py:914} INFO - Processing file /opt/airflow/dags/saving_file.py for tasks to queue
[2025-03-29T15:17:20.195+0000] {logging_mixin.py:190} INFO - [2025-03-29T15:17:20.194+0000] {dagbag.py:588} INFO - Filling up the DagBag from /opt/airflow/dags/saving_file.py
[2025-03-29T15:17:20.336+0000] {processor.py:925} INFO - DAG(s) 'gerar_csv_dados_abertos_cnpj' retrieved from /opt/airflow/dags/saving_file.py
[2025-03-29T15:17:20.351+0000] {logging_mixin.py:190} INFO - [2025-03-29T15:17:20.350+0000] {dag.py:3239} INFO - Sync 1 DAGs
[2025-03-29T15:17:20.363+0000] {logging_mixin.py:190} INFO - [2025-03-29T15:17:20.362+0000] {dag.py:4180} INFO - Setting next_dagrun for gerar_csv_dados_abertos_cnpj to 2025-03-28 00:00:00+00:00, run_after=2025-03-29 00:00:00+00:00
[2025-03-29T15:17:20.372+0000] {processor.py:208} INFO - Processing /opt/airflow/dags/saving_file.py took 0.184 seconds
[2025-03-29T15:17:50.560+0000] {processor.py:186} INFO - Started process (PID=892) to work on /opt/airflow/dags/saving_file.py
[2025-03-29T15:17:50.562+0000] {processor.py:914} INFO - Processing file /opt/airflow/dags/saving_file.py for tasks to queue
[2025-03-29T15:17:50.563+0000] {logging_mixin.py:190} INFO - [2025-03-29T15:17:50.563+0000] {dagbag.py:588} INFO - Filling up the DagBag from /opt/airflow/dags/saving_file.py
[2025-03-29T15:17:50.713+0000] {processor.py:925} INFO - DAG(s) 'gerar_csv_dados_abertos_cnpj' retrieved from /opt/airflow/dags/saving_file.py
[2025-03-29T15:17:50.728+0000] {logging_mixin.py:190} INFO - [2025-03-29T15:17:50.727+0000] {dag.py:3239} INFO - Sync 1 DAGs
[2025-03-29T15:17:50.740+0000] {logging_mixin.py:190} INFO - [2025-03-29T15:17:50.740+0000] {dag.py:4180} INFO - Setting next_dagrun for gerar_csv_dados_abertos_cnpj to 2025-03-28 00:00:00+00:00, run_after=2025-03-29 00:00:00+00:00
[2025-03-29T15:17:50.751+0000] {processor.py:208} INFO - Processing /opt/airflow/dags/saving_file.py took 0.194 seconds
[2025-03-29T15:18:20.949+0000] {processor.py:186} INFO - Started process (PID=903) to work on /opt/airflow/dags/saving_file.py
[2025-03-29T15:18:20.950+0000] {processor.py:914} INFO - Processing file /opt/airflow/dags/saving_file.py for tasks to queue
[2025-03-29T15:18:20.952+0000] {logging_mixin.py:190} INFO - [2025-03-29T15:18:20.952+0000] {dagbag.py:588} INFO - Filling up the DagBag from /opt/airflow/dags/saving_file.py
[2025-03-29T15:18:21.094+0000] {processor.py:925} INFO - DAG(s) 'gerar_csv_dados_abertos_cnpj' retrieved from /opt/airflow/dags/saving_file.py
[2025-03-29T15:18:21.106+0000] {logging_mixin.py:190} INFO - [2025-03-29T15:18:21.106+0000] {dag.py:3239} INFO - Sync 1 DAGs
[2025-03-29T15:18:21.118+0000] {logging_mixin.py:190} INFO - [2025-03-29T15:18:21.118+0000] {dag.py:4180} INFO - Setting next_dagrun for gerar_csv_dados_abertos_cnpj to 2025-03-28 00:00:00+00:00, run_after=2025-03-29 00:00:00+00:00
[2025-03-29T15:18:21.129+0000] {processor.py:208} INFO - Processing /opt/airflow/dags/saving_file.py took 0.183 seconds
[2025-03-29T15:18:51.324+0000] {processor.py:186} INFO - Started process (PID=914) to work on /opt/airflow/dags/saving_file.py
[2025-03-29T15:18:51.325+0000] {processor.py:914} INFO - Processing file /opt/airflow/dags/saving_file.py for tasks to queue
[2025-03-29T15:18:51.327+0000] {logging_mixin.py:190} INFO - [2025-03-29T15:18:51.327+0000] {dagbag.py:588} INFO - Filling up the DagBag from /opt/airflow/dags/saving_file.py
[2025-03-29T15:18:51.476+0000] {processor.py:925} INFO - DAG(s) 'gerar_csv_dados_abertos_cnpj' retrieved from /opt/airflow/dags/saving_file.py
[2025-03-29T15:18:51.489+0000] {logging_mixin.py:190} INFO - [2025-03-29T15:18:51.489+0000] {dag.py:3239} INFO - Sync 1 DAGs
[2025-03-29T15:18:51.502+0000] {logging_mixin.py:190} INFO - [2025-03-29T15:18:51.502+0000] {dag.py:4180} INFO - Setting next_dagrun for gerar_csv_dados_abertos_cnpj to 2025-03-28 00:00:00+00:00, run_after=2025-03-29 00:00:00+00:00
[2025-03-29T15:18:51.513+0000] {processor.py:208} INFO - Processing /opt/airflow/dags/saving_file.py took 0.194 seconds
[2025-03-29T15:19:21.686+0000] {processor.py:186} INFO - Started process (PID=925) to work on /opt/airflow/dags/saving_file.py
[2025-03-29T15:19:21.687+0000] {processor.py:914} INFO - Processing file /opt/airflow/dags/saving_file.py for tasks to queue
[2025-03-29T15:19:21.689+0000] {logging_mixin.py:190} INFO - [2025-03-29T15:19:21.688+0000] {dagbag.py:588} INFO - Filling up the DagBag from /opt/airflow/dags/saving_file.py
[2025-03-29T15:19:21.829+0000] {processor.py:925} INFO - DAG(s) 'gerar_csv_dados_abertos_cnpj' retrieved from /opt/airflow/dags/saving_file.py
[2025-03-29T15:19:21.842+0000] {logging_mixin.py:190} INFO - [2025-03-29T15:19:21.842+0000] {dag.py:3239} INFO - Sync 1 DAGs
[2025-03-29T15:19:21.853+0000] {logging_mixin.py:190} INFO - [2025-03-29T15:19:21.853+0000] {dag.py:4180} INFO - Setting next_dagrun for gerar_csv_dados_abertos_cnpj to 2025-03-28 00:00:00+00:00, run_after=2025-03-29 00:00:00+00:00
[2025-03-29T15:19:21.862+0000] {processor.py:208} INFO - Processing /opt/airflow/dags/saving_file.py took 0.179 seconds
[2025-03-29T15:19:52.053+0000] {processor.py:186} INFO - Started process (PID=936) to work on /opt/airflow/dags/saving_file.py
[2025-03-29T15:19:52.054+0000] {processor.py:914} INFO - Processing file /opt/airflow/dags/saving_file.py for tasks to queue
[2025-03-29T15:19:52.057+0000] {logging_mixin.py:190} INFO - [2025-03-29T15:19:52.057+0000] {dagbag.py:588} INFO - Filling up the DagBag from /opt/airflow/dags/saving_file.py
[2025-03-29T15:19:52.201+0000] {processor.py:925} INFO - DAG(s) 'gerar_csv_dados_abertos_cnpj' retrieved from /opt/airflow/dags/saving_file.py
[2025-03-29T15:19:52.213+0000] {logging_mixin.py:190} INFO - [2025-03-29T15:19:52.213+0000] {dag.py:3239} INFO - Sync 1 DAGs
[2025-03-29T15:19:52.224+0000] {logging_mixin.py:190} INFO - [2025-03-29T15:19:52.224+0000] {dag.py:4180} INFO - Setting next_dagrun for gerar_csv_dados_abertos_cnpj to 2025-03-28 00:00:00+00:00, run_after=2025-03-29 00:00:00+00:00
[2025-03-29T15:19:52.234+0000] {processor.py:208} INFO - Processing /opt/airflow/dags/saving_file.py took 0.185 seconds
[2025-03-29T15:20:22.488+0000] {processor.py:186} INFO - Started process (PID=947) to work on /opt/airflow/dags/saving_file.py
[2025-03-29T15:20:22.489+0000] {processor.py:914} INFO - Processing file /opt/airflow/dags/saving_file.py for tasks to queue
[2025-03-29T15:20:22.492+0000] {logging_mixin.py:190} INFO - [2025-03-29T15:20:22.492+0000] {dagbag.py:588} INFO - Filling up the DagBag from /opt/airflow/dags/saving_file.py
[2025-03-29T15:20:22.636+0000] {processor.py:925} INFO - DAG(s) 'gerar_csv_dados_abertos_cnpj' retrieved from /opt/airflow/dags/saving_file.py
[2025-03-29T15:20:22.650+0000] {logging_mixin.py:190} INFO - [2025-03-29T15:20:22.650+0000] {dag.py:3239} INFO - Sync 1 DAGs
[2025-03-29T15:20:22.664+0000] {logging_mixin.py:190} INFO - [2025-03-29T15:20:22.664+0000] {dag.py:4180} INFO - Setting next_dagrun for gerar_csv_dados_abertos_cnpj to 2025-03-28 00:00:00+00:00, run_after=2025-03-29 00:00:00+00:00
[2025-03-29T15:20:22.677+0000] {processor.py:208} INFO - Processing /opt/airflow/dags/saving_file.py took 0.192 seconds
[2025-03-29T15:20:52.859+0000] {processor.py:186} INFO - Started process (PID=958) to work on /opt/airflow/dags/saving_file.py
[2025-03-29T15:20:52.859+0000] {processor.py:914} INFO - Processing file /opt/airflow/dags/saving_file.py for tasks to queue
[2025-03-29T15:20:52.861+0000] {logging_mixin.py:190} INFO - [2025-03-29T15:20:52.861+0000] {dagbag.py:588} INFO - Filling up the DagBag from /opt/airflow/dags/saving_file.py
[2025-03-29T15:20:53.003+0000] {processor.py:925} INFO - DAG(s) 'gerar_csv_dados_abertos_cnpj' retrieved from /opt/airflow/dags/saving_file.py
[2025-03-29T15:20:53.015+0000] {logging_mixin.py:190} INFO - [2025-03-29T15:20:53.015+0000] {dag.py:3239} INFO - Sync 1 DAGs
[2025-03-29T15:20:53.027+0000] {logging_mixin.py:190} INFO - [2025-03-29T15:20:53.027+0000] {dag.py:4180} INFO - Setting next_dagrun for gerar_csv_dados_abertos_cnpj to 2025-03-28 00:00:00+00:00, run_after=2025-03-29 00:00:00+00:00
[2025-03-29T15:20:53.039+0000] {processor.py:208} INFO - Processing /opt/airflow/dags/saving_file.py took 0.183 seconds
[2025-03-29T15:21:23.237+0000] {processor.py:186} INFO - Started process (PID=969) to work on /opt/airflow/dags/saving_file.py
[2025-03-29T15:21:23.238+0000] {processor.py:914} INFO - Processing file /opt/airflow/dags/saving_file.py for tasks to queue
[2025-03-29T15:21:23.242+0000] {logging_mixin.py:190} INFO - [2025-03-29T15:21:23.241+0000] {dagbag.py:588} INFO - Filling up the DagBag from /opt/airflow/dags/saving_file.py
[2025-03-29T15:21:23.380+0000] {processor.py:925} INFO - DAG(s) 'gerar_csv_dados_abertos_cnpj' retrieved from /opt/airflow/dags/saving_file.py
[2025-03-29T15:21:23.396+0000] {logging_mixin.py:190} INFO - [2025-03-29T15:21:23.396+0000] {dag.py:3239} INFO - Sync 1 DAGs
[2025-03-29T15:21:23.410+0000] {logging_mixin.py:190} INFO - [2025-03-29T15:21:23.409+0000] {dag.py:4180} INFO - Setting next_dagrun for gerar_csv_dados_abertos_cnpj to 2025-03-28 00:00:00+00:00, run_after=2025-03-29 00:00:00+00:00
[2025-03-29T15:21:23.422+0000] {processor.py:208} INFO - Processing /opt/airflow/dags/saving_file.py took 0.188 seconds
[2025-03-29T15:21:53.612+0000] {processor.py:186} INFO - Started process (PID=979) to work on /opt/airflow/dags/saving_file.py
[2025-03-29T15:21:53.613+0000] {processor.py:914} INFO - Processing file /opt/airflow/dags/saving_file.py for tasks to queue
[2025-03-29T15:21:53.615+0000] {logging_mixin.py:190} INFO - [2025-03-29T15:21:53.615+0000] {dagbag.py:588} INFO - Filling up the DagBag from /opt/airflow/dags/saving_file.py
[2025-03-29T15:21:53.753+0000] {processor.py:925} INFO - DAG(s) 'gerar_csv_dados_abertos_cnpj' retrieved from /opt/airflow/dags/saving_file.py
[2025-03-29T15:21:53.767+0000] {logging_mixin.py:190} INFO - [2025-03-29T15:21:53.767+0000] {dag.py:3239} INFO - Sync 1 DAGs
[2025-03-29T15:21:53.783+0000] {logging_mixin.py:190} INFO - [2025-03-29T15:21:53.783+0000] {dag.py:4180} INFO - Setting next_dagrun for gerar_csv_dados_abertos_cnpj to 2025-03-28 00:00:00+00:00, run_after=2025-03-29 00:00:00+00:00
[2025-03-29T15:21:53.799+0000] {processor.py:208} INFO - Processing /opt/airflow/dags/saving_file.py took 0.190 seconds
[2025-03-29T15:22:23.975+0000] {processor.py:186} INFO - Started process (PID=990) to work on /opt/airflow/dags/saving_file.py
[2025-03-29T15:22:23.976+0000] {processor.py:914} INFO - Processing file /opt/airflow/dags/saving_file.py for tasks to queue
[2025-03-29T15:22:23.979+0000] {logging_mixin.py:190} INFO - [2025-03-29T15:22:23.979+0000] {dagbag.py:588} INFO - Filling up the DagBag from /opt/airflow/dags/saving_file.py
[2025-03-29T15:22:24.128+0000] {processor.py:925} INFO - DAG(s) 'gerar_csv_dados_abertos_cnpj' retrieved from /opt/airflow/dags/saving_file.py
[2025-03-29T15:22:24.144+0000] {logging_mixin.py:190} INFO - [2025-03-29T15:22:24.144+0000] {dag.py:3239} INFO - Sync 1 DAGs
[2025-03-29T15:22:24.158+0000] {logging_mixin.py:190} INFO - [2025-03-29T15:22:24.158+0000] {dag.py:4180} INFO - Setting next_dagrun for gerar_csv_dados_abertos_cnpj to 2025-03-28 00:00:00+00:00, run_after=2025-03-29 00:00:00+00:00
[2025-03-29T15:22:24.171+0000] {processor.py:208} INFO - Processing /opt/airflow/dags/saving_file.py took 0.199 seconds
[2025-03-29T15:22:54.356+0000] {processor.py:186} INFO - Started process (PID=1001) to work on /opt/airflow/dags/saving_file.py
[2025-03-29T15:22:54.356+0000] {processor.py:914} INFO - Processing file /opt/airflow/dags/saving_file.py for tasks to queue
[2025-03-29T15:22:54.359+0000] {logging_mixin.py:190} INFO - [2025-03-29T15:22:54.359+0000] {dagbag.py:588} INFO - Filling up the DagBag from /opt/airflow/dags/saving_file.py
[2025-03-29T15:22:54.496+0000] {processor.py:925} INFO - DAG(s) 'gerar_csv_dados_abertos_cnpj' retrieved from /opt/airflow/dags/saving_file.py
[2025-03-29T15:22:54.509+0000] {logging_mixin.py:190} INFO - [2025-03-29T15:22:54.509+0000] {dag.py:3239} INFO - Sync 1 DAGs
[2025-03-29T15:22:54.523+0000] {logging_mixin.py:190} INFO - [2025-03-29T15:22:54.523+0000] {dag.py:4180} INFO - Setting next_dagrun for gerar_csv_dados_abertos_cnpj to 2025-03-28 00:00:00+00:00, run_after=2025-03-29 00:00:00+00:00
[2025-03-29T15:22:54.536+0000] {processor.py:208} INFO - Processing /opt/airflow/dags/saving_file.py took 0.183 seconds
[2025-03-29T15:23:24.710+0000] {processor.py:186} INFO - Started process (PID=1012) to work on /opt/airflow/dags/saving_file.py
[2025-03-29T15:23:24.710+0000] {processor.py:914} INFO - Processing file /opt/airflow/dags/saving_file.py for tasks to queue
[2025-03-29T15:23:24.712+0000] {logging_mixin.py:190} INFO - [2025-03-29T15:23:24.712+0000] {dagbag.py:588} INFO - Filling up the DagBag from /opt/airflow/dags/saving_file.py
[2025-03-29T15:23:24.855+0000] {processor.py:925} INFO - DAG(s) 'gerar_csv_dados_abertos_cnpj' retrieved from /opt/airflow/dags/saving_file.py
[2025-03-29T15:23:24.867+0000] {logging_mixin.py:190} INFO - [2025-03-29T15:23:24.867+0000] {dag.py:3239} INFO - Sync 1 DAGs
[2025-03-29T15:23:24.879+0000] {logging_mixin.py:190} INFO - [2025-03-29T15:23:24.878+0000] {dag.py:4180} INFO - Setting next_dagrun for gerar_csv_dados_abertos_cnpj to 2025-03-28 00:00:00+00:00, run_after=2025-03-29 00:00:00+00:00
[2025-03-29T15:23:24.889+0000] {processor.py:208} INFO - Processing /opt/airflow/dags/saving_file.py took 0.183 seconds
[2025-03-29T15:23:55.088+0000] {processor.py:186} INFO - Started process (PID=1023) to work on /opt/airflow/dags/saving_file.py
[2025-03-29T15:23:55.088+0000] {processor.py:914} INFO - Processing file /opt/airflow/dags/saving_file.py for tasks to queue
[2025-03-29T15:23:55.090+0000] {logging_mixin.py:190} INFO - [2025-03-29T15:23:55.090+0000] {dagbag.py:588} INFO - Filling up the DagBag from /opt/airflow/dags/saving_file.py
[2025-03-29T15:23:55.234+0000] {processor.py:925} INFO - DAG(s) 'gerar_csv_dados_abertos_cnpj' retrieved from /opt/airflow/dags/saving_file.py
[2025-03-29T15:23:55.247+0000] {logging_mixin.py:190} INFO - [2025-03-29T15:23:55.247+0000] {dag.py:3239} INFO - Sync 1 DAGs
[2025-03-29T15:23:55.260+0000] {logging_mixin.py:190} INFO - [2025-03-29T15:23:55.260+0000] {dag.py:4180} INFO - Setting next_dagrun for gerar_csv_dados_abertos_cnpj to 2025-03-28 00:00:00+00:00, run_after=2025-03-29 00:00:00+00:00
[2025-03-29T15:23:55.272+0000] {processor.py:208} INFO - Processing /opt/airflow/dags/saving_file.py took 0.188 seconds
[2025-03-29T15:24:25.446+0000] {processor.py:186} INFO - Started process (PID=1034) to work on /opt/airflow/dags/saving_file.py
[2025-03-29T15:24:25.447+0000] {processor.py:914} INFO - Processing file /opt/airflow/dags/saving_file.py for tasks to queue
[2025-03-29T15:24:25.450+0000] {logging_mixin.py:190} INFO - [2025-03-29T15:24:25.449+0000] {dagbag.py:588} INFO - Filling up the DagBag from /opt/airflow/dags/saving_file.py
[2025-03-29T15:24:25.592+0000] {processor.py:925} INFO - DAG(s) 'gerar_csv_dados_abertos_cnpj' retrieved from /opt/airflow/dags/saving_file.py
[2025-03-29T15:24:25.606+0000] {logging_mixin.py:190} INFO - [2025-03-29T15:24:25.606+0000] {dag.py:3239} INFO - Sync 1 DAGs
[2025-03-29T15:24:25.618+0000] {logging_mixin.py:190} INFO - [2025-03-29T15:24:25.618+0000] {dag.py:4180} INFO - Setting next_dagrun for gerar_csv_dados_abertos_cnpj to 2025-03-28 00:00:00+00:00, run_after=2025-03-29 00:00:00+00:00
[2025-03-29T15:24:25.628+0000] {processor.py:208} INFO - Processing /opt/airflow/dags/saving_file.py took 0.185 seconds
[2025-03-29T15:24:55.829+0000] {processor.py:186} INFO - Started process (PID=1045) to work on /opt/airflow/dags/saving_file.py
[2025-03-29T15:24:55.830+0000] {processor.py:914} INFO - Processing file /opt/airflow/dags/saving_file.py for tasks to queue
[2025-03-29T15:24:55.832+0000] {logging_mixin.py:190} INFO - [2025-03-29T15:24:55.832+0000] {dagbag.py:588} INFO - Filling up the DagBag from /opt/airflow/dags/saving_file.py
[2025-03-29T15:24:55.974+0000] {processor.py:925} INFO - DAG(s) 'gerar_csv_dados_abertos_cnpj' retrieved from /opt/airflow/dags/saving_file.py
[2025-03-29T15:24:55.989+0000] {logging_mixin.py:190} INFO - [2025-03-29T15:24:55.988+0000] {dag.py:3239} INFO - Sync 1 DAGs
[2025-03-29T15:24:56.002+0000] {logging_mixin.py:190} INFO - [2025-03-29T15:24:56.001+0000] {dag.py:4180} INFO - Setting next_dagrun for gerar_csv_dados_abertos_cnpj to 2025-03-28 00:00:00+00:00, run_after=2025-03-29 00:00:00+00:00
[2025-03-29T15:24:56.012+0000] {processor.py:208} INFO - Processing /opt/airflow/dags/saving_file.py took 0.186 seconds
[2025-03-29T15:25:26.279+0000] {processor.py:186} INFO - Started process (PID=1056) to work on /opt/airflow/dags/saving_file.py
[2025-03-29T15:25:26.280+0000] {processor.py:914} INFO - Processing file /opt/airflow/dags/saving_file.py for tasks to queue
[2025-03-29T15:25:26.281+0000] {logging_mixin.py:190} INFO - [2025-03-29T15:25:26.281+0000] {dagbag.py:588} INFO - Filling up the DagBag from /opt/airflow/dags/saving_file.py
[2025-03-29T15:25:26.421+0000] {processor.py:925} INFO - DAG(s) 'gerar_csv_dados_abertos_cnpj' retrieved from /opt/airflow/dags/saving_file.py
[2025-03-29T15:25:26.435+0000] {logging_mixin.py:190} INFO - [2025-03-29T15:25:26.434+0000] {dag.py:3239} INFO - Sync 1 DAGs
[2025-03-29T15:25:26.448+0000] {logging_mixin.py:190} INFO - [2025-03-29T15:25:26.448+0000] {dag.py:4180} INFO - Setting next_dagrun for gerar_csv_dados_abertos_cnpj to 2025-03-28 00:00:00+00:00, run_after=2025-03-29 00:00:00+00:00
[2025-03-29T15:25:26.459+0000] {processor.py:208} INFO - Processing /opt/airflow/dags/saving_file.py took 0.183 seconds
[2025-03-29T15:25:56.649+0000] {processor.py:186} INFO - Started process (PID=1067) to work on /opt/airflow/dags/saving_file.py
[2025-03-29T15:25:56.650+0000] {processor.py:914} INFO - Processing file /opt/airflow/dags/saving_file.py for tasks to queue
[2025-03-29T15:25:56.652+0000] {logging_mixin.py:190} INFO - [2025-03-29T15:25:56.652+0000] {dagbag.py:588} INFO - Filling up the DagBag from /opt/airflow/dags/saving_file.py
[2025-03-29T15:25:56.794+0000] {processor.py:925} INFO - DAG(s) 'gerar_csv_dados_abertos_cnpj' retrieved from /opt/airflow/dags/saving_file.py
[2025-03-29T15:25:56.808+0000] {logging_mixin.py:190} INFO - [2025-03-29T15:25:56.808+0000] {dag.py:3239} INFO - Sync 1 DAGs
[2025-03-29T15:25:56.819+0000] {logging_mixin.py:190} INFO - [2025-03-29T15:25:56.819+0000] {dag.py:4180} INFO - Setting next_dagrun for gerar_csv_dados_abertos_cnpj to 2025-03-28 00:00:00+00:00, run_after=2025-03-29 00:00:00+00:00
[2025-03-29T15:25:56.830+0000] {processor.py:208} INFO - Processing /opt/airflow/dags/saving_file.py took 0.184 seconds
[2025-03-29T15:26:27.020+0000] {processor.py:186} INFO - Started process (PID=1078) to work on /opt/airflow/dags/saving_file.py
[2025-03-29T15:26:27.021+0000] {processor.py:914} INFO - Processing file /opt/airflow/dags/saving_file.py for tasks to queue
[2025-03-29T15:26:27.024+0000] {logging_mixin.py:190} INFO - [2025-03-29T15:26:27.024+0000] {dagbag.py:588} INFO - Filling up the DagBag from /opt/airflow/dags/saving_file.py
[2025-03-29T15:26:27.163+0000] {processor.py:925} INFO - DAG(s) 'gerar_csv_dados_abertos_cnpj' retrieved from /opt/airflow/dags/saving_file.py
[2025-03-29T15:26:27.176+0000] {logging_mixin.py:190} INFO - [2025-03-29T15:26:27.176+0000] {dag.py:3239} INFO - Sync 1 DAGs
[2025-03-29T15:26:27.189+0000] {logging_mixin.py:190} INFO - [2025-03-29T15:26:27.189+0000] {dag.py:4180} INFO - Setting next_dagrun for gerar_csv_dados_abertos_cnpj to 2025-03-28 00:00:00+00:00, run_after=2025-03-29 00:00:00+00:00
[2025-03-29T15:26:27.201+0000] {processor.py:208} INFO - Processing /opt/airflow/dags/saving_file.py took 0.185 seconds
[2025-03-29T15:26:57.384+0000] {processor.py:186} INFO - Started process (PID=1089) to work on /opt/airflow/dags/saving_file.py
[2025-03-29T15:26:57.385+0000] {processor.py:914} INFO - Processing file /opt/airflow/dags/saving_file.py for tasks to queue
[2025-03-29T15:26:57.387+0000] {logging_mixin.py:190} INFO - [2025-03-29T15:26:57.386+0000] {dagbag.py:588} INFO - Filling up the DagBag from /opt/airflow/dags/saving_file.py
[2025-03-29T15:26:57.526+0000] {processor.py:925} INFO - DAG(s) 'gerar_csv_dados_abertos_cnpj' retrieved from /opt/airflow/dags/saving_file.py
[2025-03-29T15:26:57.540+0000] {logging_mixin.py:190} INFO - [2025-03-29T15:26:57.540+0000] {dag.py:3239} INFO - Sync 1 DAGs
[2025-03-29T15:26:57.553+0000] {logging_mixin.py:190} INFO - [2025-03-29T15:26:57.552+0000] {dag.py:4180} INFO - Setting next_dagrun for gerar_csv_dados_abertos_cnpj to 2025-03-28 00:00:00+00:00, run_after=2025-03-29 00:00:00+00:00
[2025-03-29T15:26:57.562+0000] {processor.py:208} INFO - Processing /opt/airflow/dags/saving_file.py took 0.181 seconds
[2025-03-29T15:27:27.762+0000] {processor.py:186} INFO - Started process (PID=1100) to work on /opt/airflow/dags/saving_file.py
[2025-03-29T15:27:27.763+0000] {processor.py:914} INFO - Processing file /opt/airflow/dags/saving_file.py for tasks to queue
[2025-03-29T15:27:27.765+0000] {logging_mixin.py:190} INFO - [2025-03-29T15:27:27.765+0000] {dagbag.py:588} INFO - Filling up the DagBag from /opt/airflow/dags/saving_file.py
[2025-03-29T15:27:27.907+0000] {processor.py:925} INFO - DAG(s) 'gerar_csv_dados_abertos_cnpj' retrieved from /opt/airflow/dags/saving_file.py
[2025-03-29T15:27:27.922+0000] {logging_mixin.py:190} INFO - [2025-03-29T15:27:27.922+0000] {dag.py:3239} INFO - Sync 1 DAGs
[2025-03-29T15:27:27.938+0000] {logging_mixin.py:190} INFO - [2025-03-29T15:27:27.938+0000] {dag.py:4180} INFO - Setting next_dagrun for gerar_csv_dados_abertos_cnpj to 2025-03-28 00:00:00+00:00, run_after=2025-03-29 00:00:00+00:00
[2025-03-29T15:27:27.949+0000] {processor.py:208} INFO - Processing /opt/airflow/dags/saving_file.py took 0.192 seconds
[2025-03-29T15:27:58.162+0000] {processor.py:186} INFO - Started process (PID=1111) to work on /opt/airflow/dags/saving_file.py
[2025-03-29T15:27:58.163+0000] {processor.py:914} INFO - Processing file /opt/airflow/dags/saving_file.py for tasks to queue
[2025-03-29T15:27:58.166+0000] {logging_mixin.py:190} INFO - [2025-03-29T15:27:58.166+0000] {dagbag.py:588} INFO - Filling up the DagBag from /opt/airflow/dags/saving_file.py
[2025-03-29T15:27:58.305+0000] {processor.py:925} INFO - DAG(s) 'gerar_csv_dados_abertos_cnpj' retrieved from /opt/airflow/dags/saving_file.py
[2025-03-29T15:27:58.319+0000] {logging_mixin.py:190} INFO - [2025-03-29T15:27:58.319+0000] {dag.py:3239} INFO - Sync 1 DAGs
[2025-03-29T15:27:58.334+0000] {logging_mixin.py:190} INFO - [2025-03-29T15:27:58.333+0000] {dag.py:4180} INFO - Setting next_dagrun for gerar_csv_dados_abertos_cnpj to 2025-03-28 00:00:00+00:00, run_after=2025-03-29 00:00:00+00:00
[2025-03-29T15:27:58.344+0000] {processor.py:208} INFO - Processing /opt/airflow/dags/saving_file.py took 0.185 seconds
[2025-03-29T15:28:28.538+0000] {processor.py:186} INFO - Started process (PID=1122) to work on /opt/airflow/dags/saving_file.py
[2025-03-29T15:28:28.538+0000] {processor.py:914} INFO - Processing file /opt/airflow/dags/saving_file.py for tasks to queue
[2025-03-29T15:28:28.541+0000] {logging_mixin.py:190} INFO - [2025-03-29T15:28:28.541+0000] {dagbag.py:588} INFO - Filling up the DagBag from /opt/airflow/dags/saving_file.py
[2025-03-29T15:28:28.685+0000] {processor.py:925} INFO - DAG(s) 'gerar_csv_dados_abertos_cnpj' retrieved from /opt/airflow/dags/saving_file.py
[2025-03-29T15:28:28.697+0000] {logging_mixin.py:190} INFO - [2025-03-29T15:28:28.697+0000] {dag.py:3239} INFO - Sync 1 DAGs
[2025-03-29T15:28:28.710+0000] {logging_mixin.py:190} INFO - [2025-03-29T15:28:28.710+0000] {dag.py:4180} INFO - Setting next_dagrun for gerar_csv_dados_abertos_cnpj to 2025-03-28 00:00:00+00:00, run_after=2025-03-29 00:00:00+00:00
[2025-03-29T15:28:28.724+0000] {processor.py:208} INFO - Processing /opt/airflow/dags/saving_file.py took 0.189 seconds
[2025-03-29T15:28:58.903+0000] {processor.py:186} INFO - Started process (PID=1133) to work on /opt/airflow/dags/saving_file.py
[2025-03-29T15:28:58.904+0000] {processor.py:914} INFO - Processing file /opt/airflow/dags/saving_file.py for tasks to queue
[2025-03-29T15:28:58.907+0000] {logging_mixin.py:190} INFO - [2025-03-29T15:28:58.907+0000] {dagbag.py:588} INFO - Filling up the DagBag from /opt/airflow/dags/saving_file.py
[2025-03-29T15:28:59.049+0000] {processor.py:925} INFO - DAG(s) 'gerar_csv_dados_abertos_cnpj' retrieved from /opt/airflow/dags/saving_file.py
[2025-03-29T15:28:59.063+0000] {logging_mixin.py:190} INFO - [2025-03-29T15:28:59.063+0000] {dag.py:3239} INFO - Sync 1 DAGs
[2025-03-29T15:28:59.079+0000] {logging_mixin.py:190} INFO - [2025-03-29T15:28:59.079+0000] {dag.py:4180} INFO - Setting next_dagrun for gerar_csv_dados_abertos_cnpj to 2025-03-28 00:00:00+00:00, run_after=2025-03-29 00:00:00+00:00
[2025-03-29T15:28:59.090+0000] {processor.py:208} INFO - Processing /opt/airflow/dags/saving_file.py took 0.190 seconds
[2025-03-29T15:29:29.266+0000] {processor.py:186} INFO - Started process (PID=1144) to work on /opt/airflow/dags/saving_file.py
[2025-03-29T15:29:29.267+0000] {processor.py:914} INFO - Processing file /opt/airflow/dags/saving_file.py for tasks to queue
[2025-03-29T15:29:29.269+0000] {logging_mixin.py:190} INFO - [2025-03-29T15:29:29.269+0000] {dagbag.py:588} INFO - Filling up the DagBag from /opt/airflow/dags/saving_file.py
[2025-03-29T15:29:29.409+0000] {processor.py:925} INFO - DAG(s) 'gerar_csv_dados_abertos_cnpj' retrieved from /opt/airflow/dags/saving_file.py
[2025-03-29T15:29:29.422+0000] {logging_mixin.py:190} INFO - [2025-03-29T15:29:29.422+0000] {dag.py:3239} INFO - Sync 1 DAGs
[2025-03-29T15:29:29.435+0000] {logging_mixin.py:190} INFO - [2025-03-29T15:29:29.434+0000] {dag.py:4180} INFO - Setting next_dagrun for gerar_csv_dados_abertos_cnpj to 2025-03-28 00:00:00+00:00, run_after=2025-03-29 00:00:00+00:00
[2025-03-29T15:29:29.445+0000] {processor.py:208} INFO - Processing /opt/airflow/dags/saving_file.py took 0.181 seconds
[2025-03-29T15:29:59.644+0000] {processor.py:186} INFO - Started process (PID=1155) to work on /opt/airflow/dags/saving_file.py
[2025-03-29T15:29:59.645+0000] {processor.py:914} INFO - Processing file /opt/airflow/dags/saving_file.py for tasks to queue
[2025-03-29T15:29:59.647+0000] {logging_mixin.py:190} INFO - [2025-03-29T15:29:59.647+0000] {dagbag.py:588} INFO - Filling up the DagBag from /opt/airflow/dags/saving_file.py
[2025-03-29T15:29:59.787+0000] {processor.py:925} INFO - DAG(s) 'gerar_csv_dados_abertos_cnpj' retrieved from /opt/airflow/dags/saving_file.py
[2025-03-29T15:29:59.800+0000] {logging_mixin.py:190} INFO - [2025-03-29T15:29:59.800+0000] {dag.py:3239} INFO - Sync 1 DAGs
[2025-03-29T15:29:59.815+0000] {logging_mixin.py:190} INFO - [2025-03-29T15:29:59.815+0000] {dag.py:4180} INFO - Setting next_dagrun for gerar_csv_dados_abertos_cnpj to 2025-03-28 00:00:00+00:00, run_after=2025-03-29 00:00:00+00:00
[2025-03-29T15:29:59.828+0000] {processor.py:208} INFO - Processing /opt/airflow/dags/saving_file.py took 0.187 seconds
[2025-03-29T15:30:30.065+0000] {processor.py:186} INFO - Started process (PID=1166) to work on /opt/airflow/dags/saving_file.py
[2025-03-29T15:30:30.066+0000] {processor.py:914} INFO - Processing file /opt/airflow/dags/saving_file.py for tasks to queue
[2025-03-29T15:30:30.069+0000] {logging_mixin.py:190} INFO - [2025-03-29T15:30:30.069+0000] {dagbag.py:588} INFO - Filling up the DagBag from /opt/airflow/dags/saving_file.py
[2025-03-29T15:30:30.209+0000] {processor.py:925} INFO - DAG(s) 'gerar_csv_dados_abertos_cnpj' retrieved from /opt/airflow/dags/saving_file.py
[2025-03-29T15:30:30.225+0000] {logging_mixin.py:190} INFO - [2025-03-29T15:30:30.224+0000] {dag.py:3239} INFO - Sync 1 DAGs
[2025-03-29T15:30:30.239+0000] {logging_mixin.py:190} INFO - [2025-03-29T15:30:30.239+0000] {dag.py:4180} INFO - Setting next_dagrun for gerar_csv_dados_abertos_cnpj to 2025-03-28 00:00:00+00:00, run_after=2025-03-29 00:00:00+00:00
[2025-03-29T15:30:30.251+0000] {processor.py:208} INFO - Processing /opt/airflow/dags/saving_file.py took 0.190 seconds
[2025-03-29T15:31:00.440+0000] {processor.py:186} INFO - Started process (PID=1177) to work on /opt/airflow/dags/saving_file.py
[2025-03-29T15:31:00.442+0000] {processor.py:914} INFO - Processing file /opt/airflow/dags/saving_file.py for tasks to queue
[2025-03-29T15:31:00.443+0000] {logging_mixin.py:190} INFO - [2025-03-29T15:31:00.443+0000] {dagbag.py:588} INFO - Filling up the DagBag from /opt/airflow/dags/saving_file.py
[2025-03-29T15:31:00.588+0000] {processor.py:925} INFO - DAG(s) 'gerar_csv_dados_abertos_cnpj' retrieved from /opt/airflow/dags/saving_file.py
[2025-03-29T15:31:00.603+0000] {logging_mixin.py:190} INFO - [2025-03-29T15:31:00.602+0000] {dag.py:3239} INFO - Sync 1 DAGs
[2025-03-29T15:31:00.615+0000] {logging_mixin.py:190} INFO - [2025-03-29T15:31:00.615+0000] {dag.py:4180} INFO - Setting next_dagrun for gerar_csv_dados_abertos_cnpj to 2025-03-28 00:00:00+00:00, run_after=2025-03-29 00:00:00+00:00
[2025-03-29T15:31:00.626+0000] {processor.py:208} INFO - Processing /opt/airflow/dags/saving_file.py took 0.188 seconds
[2025-03-29T15:31:30.808+0000] {processor.py:186} INFO - Started process (PID=1188) to work on /opt/airflow/dags/saving_file.py
[2025-03-29T15:31:30.809+0000] {processor.py:914} INFO - Processing file /opt/airflow/dags/saving_file.py for tasks to queue
[2025-03-29T15:31:30.812+0000] {logging_mixin.py:190} INFO - [2025-03-29T15:31:30.812+0000] {dagbag.py:588} INFO - Filling up the DagBag from /opt/airflow/dags/saving_file.py
[2025-03-29T15:31:30.954+0000] {processor.py:925} INFO - DAG(s) 'gerar_csv_dados_abertos_cnpj' retrieved from /opt/airflow/dags/saving_file.py
[2025-03-29T15:31:30.970+0000] {logging_mixin.py:190} INFO - [2025-03-29T15:31:30.969+0000] {dag.py:3239} INFO - Sync 1 DAGs
[2025-03-29T15:31:30.981+0000] {logging_mixin.py:190} INFO - [2025-03-29T15:31:30.981+0000] {dag.py:4180} INFO - Setting next_dagrun for gerar_csv_dados_abertos_cnpj to 2025-03-28 00:00:00+00:00, run_after=2025-03-29 00:00:00+00:00
[2025-03-29T15:31:30.992+0000] {processor.py:208} INFO - Processing /opt/airflow/dags/saving_file.py took 0.187 seconds
[2025-03-29T15:32:01.181+0000] {processor.py:186} INFO - Started process (PID=1199) to work on /opt/airflow/dags/saving_file.py
[2025-03-29T15:32:01.182+0000] {processor.py:914} INFO - Processing file /opt/airflow/dags/saving_file.py for tasks to queue
[2025-03-29T15:32:01.185+0000] {logging_mixin.py:190} INFO - [2025-03-29T15:32:01.185+0000] {dagbag.py:588} INFO - Filling up the DagBag from /opt/airflow/dags/saving_file.py
[2025-03-29T15:32:01.325+0000] {processor.py:925} INFO - DAG(s) 'gerar_csv_dados_abertos_cnpj' retrieved from /opt/airflow/dags/saving_file.py
[2025-03-29T15:32:01.339+0000] {logging_mixin.py:190} INFO - [2025-03-29T15:32:01.338+0000] {dag.py:3239} INFO - Sync 1 DAGs
[2025-03-29T15:32:01.352+0000] {logging_mixin.py:190} INFO - [2025-03-29T15:32:01.351+0000] {dag.py:4180} INFO - Setting next_dagrun for gerar_csv_dados_abertos_cnpj to 2025-03-28 00:00:00+00:00, run_after=2025-03-29 00:00:00+00:00
[2025-03-29T15:32:01.362+0000] {processor.py:208} INFO - Processing /opt/airflow/dags/saving_file.py took 0.184 seconds
[2025-03-29T15:32:31.551+0000] {processor.py:186} INFO - Started process (PID=1210) to work on /opt/airflow/dags/saving_file.py
[2025-03-29T15:32:31.552+0000] {processor.py:914} INFO - Processing file /opt/airflow/dags/saving_file.py for tasks to queue
[2025-03-29T15:32:31.554+0000] {logging_mixin.py:190} INFO - [2025-03-29T15:32:31.554+0000] {dagbag.py:588} INFO - Filling up the DagBag from /opt/airflow/dags/saving_file.py
[2025-03-29T15:32:31.699+0000] {processor.py:925} INFO - DAG(s) 'gerar_csv_dados_abertos_cnpj' retrieved from /opt/airflow/dags/saving_file.py
[2025-03-29T15:32:31.712+0000] {logging_mixin.py:190} INFO - [2025-03-29T15:32:31.711+0000] {dag.py:3239} INFO - Sync 1 DAGs
[2025-03-29T15:32:31.724+0000] {logging_mixin.py:190} INFO - [2025-03-29T15:32:31.724+0000] {dag.py:4180} INFO - Setting next_dagrun for gerar_csv_dados_abertos_cnpj to 2025-03-28 00:00:00+00:00, run_after=2025-03-29 00:00:00+00:00
[2025-03-29T15:32:31.734+0000] {processor.py:208} INFO - Processing /opt/airflow/dags/saving_file.py took 0.186 seconds
[2025-03-29T15:33:01.931+0000] {processor.py:186} INFO - Started process (PID=1221) to work on /opt/airflow/dags/saving_file.py
[2025-03-29T15:33:01.932+0000] {processor.py:914} INFO - Processing file /opt/airflow/dags/saving_file.py for tasks to queue
[2025-03-29T15:33:01.936+0000] {logging_mixin.py:190} INFO - [2025-03-29T15:33:01.935+0000] {dagbag.py:588} INFO - Filling up the DagBag from /opt/airflow/dags/saving_file.py
[2025-03-29T15:33:02.074+0000] {processor.py:925} INFO - DAG(s) 'gerar_csv_dados_abertos_cnpj' retrieved from /opt/airflow/dags/saving_file.py
[2025-03-29T15:33:02.090+0000] {logging_mixin.py:190} INFO - [2025-03-29T15:33:02.089+0000] {dag.py:3239} INFO - Sync 1 DAGs
[2025-03-29T15:33:02.102+0000] {logging_mixin.py:190} INFO - [2025-03-29T15:33:02.102+0000] {dag.py:4180} INFO - Setting next_dagrun for gerar_csv_dados_abertos_cnpj to 2025-03-28 00:00:00+00:00, run_after=2025-03-29 00:00:00+00:00
[2025-03-29T15:33:02.117+0000] {processor.py:208} INFO - Processing /opt/airflow/dags/saving_file.py took 0.189 seconds
[2025-03-29T15:33:32.313+0000] {processor.py:186} INFO - Started process (PID=1232) to work on /opt/airflow/dags/saving_file.py
[2025-03-29T15:33:32.314+0000] {processor.py:914} INFO - Processing file /opt/airflow/dags/saving_file.py for tasks to queue
[2025-03-29T15:33:32.316+0000] {logging_mixin.py:190} INFO - [2025-03-29T15:33:32.316+0000] {dagbag.py:588} INFO - Filling up the DagBag from /opt/airflow/dags/saving_file.py
[2025-03-29T15:33:32.457+0000] {processor.py:925} INFO - DAG(s) 'gerar_csv_dados_abertos_cnpj' retrieved from /opt/airflow/dags/saving_file.py
[2025-03-29T15:33:32.471+0000] {logging_mixin.py:190} INFO - [2025-03-29T15:33:32.471+0000] {dag.py:3239} INFO - Sync 1 DAGs
[2025-03-29T15:33:32.486+0000] {logging_mixin.py:190} INFO - [2025-03-29T15:33:32.485+0000] {dag.py:4180} INFO - Setting next_dagrun for gerar_csv_dados_abertos_cnpj to 2025-03-28 00:00:00+00:00, run_after=2025-03-29 00:00:00+00:00
[2025-03-29T15:33:32.499+0000] {processor.py:208} INFO - Processing /opt/airflow/dags/saving_file.py took 0.188 seconds
[2025-03-29T15:34:02.680+0000] {processor.py:186} INFO - Started process (PID=1243) to work on /opt/airflow/dags/saving_file.py
[2025-03-29T15:34:02.681+0000] {processor.py:914} INFO - Processing file /opt/airflow/dags/saving_file.py for tasks to queue
[2025-03-29T15:34:02.684+0000] {logging_mixin.py:190} INFO - [2025-03-29T15:34:02.684+0000] {dagbag.py:588} INFO - Filling up the DagBag from /opt/airflow/dags/saving_file.py
[2025-03-29T15:34:02.828+0000] {processor.py:925} INFO - DAG(s) 'gerar_csv_dados_abertos_cnpj' retrieved from /opt/airflow/dags/saving_file.py
[2025-03-29T15:34:02.843+0000] {logging_mixin.py:190} INFO - [2025-03-29T15:34:02.843+0000] {dag.py:3239} INFO - Sync 1 DAGs
[2025-03-29T15:34:02.857+0000] {logging_mixin.py:190} INFO - [2025-03-29T15:34:02.857+0000] {dag.py:4180} INFO - Setting next_dagrun for gerar_csv_dados_abertos_cnpj to 2025-03-28 00:00:00+00:00, run_after=2025-03-29 00:00:00+00:00
[2025-03-29T15:34:02.870+0000] {processor.py:208} INFO - Processing /opt/airflow/dags/saving_file.py took 0.193 seconds
[2025-03-29T15:34:33.051+0000] {processor.py:186} INFO - Started process (PID=1254) to work on /opt/airflow/dags/saving_file.py
[2025-03-29T15:34:33.052+0000] {processor.py:914} INFO - Processing file /opt/airflow/dags/saving_file.py for tasks to queue
[2025-03-29T15:34:33.054+0000] {logging_mixin.py:190} INFO - [2025-03-29T15:34:33.054+0000] {dagbag.py:588} INFO - Filling up the DagBag from /opt/airflow/dags/saving_file.py
[2025-03-29T15:34:33.195+0000] {processor.py:925} INFO - DAG(s) 'gerar_csv_dados_abertos_cnpj' retrieved from /opt/airflow/dags/saving_file.py
[2025-03-29T15:34:33.210+0000] {logging_mixin.py:190} INFO - [2025-03-29T15:34:33.209+0000] {dag.py:3239} INFO - Sync 1 DAGs
[2025-03-29T15:34:33.223+0000] {logging_mixin.py:190} INFO - [2025-03-29T15:34:33.223+0000] {dag.py:4180} INFO - Setting next_dagrun for gerar_csv_dados_abertos_cnpj to 2025-03-28 00:00:00+00:00, run_after=2025-03-29 00:00:00+00:00
[2025-03-29T15:34:33.236+0000] {processor.py:208} INFO - Processing /opt/airflow/dags/saving_file.py took 0.188 seconds
[2025-03-29T15:35:03.414+0000] {processor.py:186} INFO - Started process (PID=1265) to work on /opt/airflow/dags/saving_file.py
[2025-03-29T15:35:03.415+0000] {processor.py:914} INFO - Processing file /opt/airflow/dags/saving_file.py for tasks to queue
[2025-03-29T15:35:03.417+0000] {logging_mixin.py:190} INFO - [2025-03-29T15:35:03.417+0000] {dagbag.py:588} INFO - Filling up the DagBag from /opt/airflow/dags/saving_file.py
[2025-03-29T15:35:03.563+0000] {processor.py:925} INFO - DAG(s) 'gerar_csv_dados_abertos_cnpj' retrieved from /opt/airflow/dags/saving_file.py
[2025-03-29T15:35:03.576+0000] {logging_mixin.py:190} INFO - [2025-03-29T15:35:03.576+0000] {dag.py:3239} INFO - Sync 1 DAGs
[2025-03-29T15:35:03.590+0000] {logging_mixin.py:190} INFO - [2025-03-29T15:35:03.590+0000] {dag.py:4180} INFO - Setting next_dagrun for gerar_csv_dados_abertos_cnpj to 2025-03-28 00:00:00+00:00, run_after=2025-03-29 00:00:00+00:00
[2025-03-29T15:35:03.604+0000] {processor.py:208} INFO - Processing /opt/airflow/dags/saving_file.py took 0.193 seconds
[2025-03-29T15:35:33.847+0000] {processor.py:186} INFO - Started process (PID=1276) to work on /opt/airflow/dags/saving_file.py
[2025-03-29T15:35:33.849+0000] {processor.py:914} INFO - Processing file /opt/airflow/dags/saving_file.py for tasks to queue
[2025-03-29T15:35:33.851+0000] {logging_mixin.py:190} INFO - [2025-03-29T15:35:33.851+0000] {dagbag.py:588} INFO - Filling up the DagBag from /opt/airflow/dags/saving_file.py
[2025-03-29T15:35:33.991+0000] {processor.py:925} INFO - DAG(s) 'gerar_csv_dados_abertos_cnpj' retrieved from /opt/airflow/dags/saving_file.py
[2025-03-29T15:35:34.007+0000] {logging_mixin.py:190} INFO - [2025-03-29T15:35:34.007+0000] {dag.py:3239} INFO - Sync 1 DAGs
[2025-03-29T15:35:34.019+0000] {logging_mixin.py:190} INFO - [2025-03-29T15:35:34.019+0000] {dag.py:4180} INFO - Setting next_dagrun for gerar_csv_dados_abertos_cnpj to 2025-03-28 00:00:00+00:00, run_after=2025-03-29 00:00:00+00:00
[2025-03-29T15:35:34.032+0000] {processor.py:208} INFO - Processing /opt/airflow/dags/saving_file.py took 0.188 seconds
[2025-03-29T15:36:04.223+0000] {processor.py:186} INFO - Started process (PID=1287) to work on /opt/airflow/dags/saving_file.py
[2025-03-29T15:36:04.224+0000] {processor.py:914} INFO - Processing file /opt/airflow/dags/saving_file.py for tasks to queue
[2025-03-29T15:36:04.226+0000] {logging_mixin.py:190} INFO - [2025-03-29T15:36:04.226+0000] {dagbag.py:588} INFO - Filling up the DagBag from /opt/airflow/dags/saving_file.py
[2025-03-29T15:36:04.366+0000] {processor.py:925} INFO - DAG(s) 'gerar_csv_dados_abertos_cnpj' retrieved from /opt/airflow/dags/saving_file.py
[2025-03-29T15:36:04.379+0000] {logging_mixin.py:190} INFO - [2025-03-29T15:36:04.379+0000] {dag.py:3239} INFO - Sync 1 DAGs
[2025-03-29T15:36:04.394+0000] {logging_mixin.py:190} INFO - [2025-03-29T15:36:04.394+0000] {dag.py:4180} INFO - Setting next_dagrun for gerar_csv_dados_abertos_cnpj to 2025-03-28 00:00:00+00:00, run_after=2025-03-29 00:00:00+00:00
[2025-03-29T15:36:04.408+0000] {processor.py:208} INFO - Processing /opt/airflow/dags/saving_file.py took 0.188 seconds
[2025-03-29T15:36:34.594+0000] {processor.py:186} INFO - Started process (PID=1298) to work on /opt/airflow/dags/saving_file.py
[2025-03-29T15:36:34.594+0000] {processor.py:914} INFO - Processing file /opt/airflow/dags/saving_file.py for tasks to queue
[2025-03-29T15:36:34.596+0000] {logging_mixin.py:190} INFO - [2025-03-29T15:36:34.596+0000] {dagbag.py:588} INFO - Filling up the DagBag from /opt/airflow/dags/saving_file.py
[2025-03-29T15:36:34.740+0000] {processor.py:925} INFO - DAG(s) 'gerar_csv_dados_abertos_cnpj' retrieved from /opt/airflow/dags/saving_file.py
[2025-03-29T15:36:34.754+0000] {logging_mixin.py:190} INFO - [2025-03-29T15:36:34.753+0000] {dag.py:3239} INFO - Sync 1 DAGs
[2025-03-29T15:36:34.768+0000] {logging_mixin.py:190} INFO - [2025-03-29T15:36:34.768+0000] {dag.py:4180} INFO - Setting next_dagrun for gerar_csv_dados_abertos_cnpj to 2025-03-28 00:00:00+00:00, run_after=2025-03-29 00:00:00+00:00
[2025-03-29T15:36:34.779+0000] {processor.py:208} INFO - Processing /opt/airflow/dags/saving_file.py took 0.190 seconds
[2025-03-29T15:37:04.959+0000] {processor.py:186} INFO - Started process (PID=1309) to work on /opt/airflow/dags/saving_file.py
[2025-03-29T15:37:04.961+0000] {processor.py:914} INFO - Processing file /opt/airflow/dags/saving_file.py for tasks to queue
[2025-03-29T15:37:04.962+0000] {logging_mixin.py:190} INFO - [2025-03-29T15:37:04.962+0000] {dagbag.py:588} INFO - Filling up the DagBag from /opt/airflow/dags/saving_file.py
[2025-03-29T15:37:05.104+0000] {processor.py:925} INFO - DAG(s) 'gerar_csv_dados_abertos_cnpj' retrieved from /opt/airflow/dags/saving_file.py
[2025-03-29T15:37:05.117+0000] {logging_mixin.py:190} INFO - [2025-03-29T15:37:05.117+0000] {dag.py:3239} INFO - Sync 1 DAGs
[2025-03-29T15:37:05.128+0000] {logging_mixin.py:190} INFO - [2025-03-29T15:37:05.128+0000] {dag.py:4180} INFO - Setting next_dagrun for gerar_csv_dados_abertos_cnpj to 2025-03-28 00:00:00+00:00, run_after=2025-03-29 00:00:00+00:00
[2025-03-29T15:37:05.139+0000] {processor.py:208} INFO - Processing /opt/airflow/dags/saving_file.py took 0.184 seconds
[2025-03-29T15:37:35.324+0000] {processor.py:186} INFO - Started process (PID=1320) to work on /opt/airflow/dags/saving_file.py
[2025-03-29T15:37:35.326+0000] {processor.py:914} INFO - Processing file /opt/airflow/dags/saving_file.py for tasks to queue
[2025-03-29T15:37:35.328+0000] {logging_mixin.py:190} INFO - [2025-03-29T15:37:35.328+0000] {dagbag.py:588} INFO - Filling up the DagBag from /opt/airflow/dags/saving_file.py
[2025-03-29T15:37:35.471+0000] {processor.py:925} INFO - DAG(s) 'gerar_csv_dados_abertos_cnpj' retrieved from /opt/airflow/dags/saving_file.py
[2025-03-29T15:37:35.483+0000] {logging_mixin.py:190} INFO - [2025-03-29T15:37:35.483+0000] {dag.py:3239} INFO - Sync 1 DAGs
[2025-03-29T15:37:35.496+0000] {logging_mixin.py:190} INFO - [2025-03-29T15:37:35.496+0000] {dag.py:4180} INFO - Setting next_dagrun for gerar_csv_dados_abertos_cnpj to 2025-03-28 00:00:00+00:00, run_after=2025-03-29 00:00:00+00:00
[2025-03-29T15:37:35.507+0000] {processor.py:208} INFO - Processing /opt/airflow/dags/saving_file.py took 0.186 seconds
[2025-03-29T15:38:05.686+0000] {processor.py:186} INFO - Started process (PID=1331) to work on /opt/airflow/dags/saving_file.py
[2025-03-29T15:38:05.687+0000] {processor.py:914} INFO - Processing file /opt/airflow/dags/saving_file.py for tasks to queue
[2025-03-29T15:38:05.690+0000] {logging_mixin.py:190} INFO - [2025-03-29T15:38:05.689+0000] {dagbag.py:588} INFO - Filling up the DagBag from /opt/airflow/dags/saving_file.py
[2025-03-29T15:38:05.831+0000] {processor.py:925} INFO - DAG(s) 'gerar_csv_dados_abertos_cnpj' retrieved from /opt/airflow/dags/saving_file.py
[2025-03-29T15:38:05.844+0000] {logging_mixin.py:190} INFO - [2025-03-29T15:38:05.844+0000] {dag.py:3239} INFO - Sync 1 DAGs
[2025-03-29T15:38:05.857+0000] {logging_mixin.py:190} INFO - [2025-03-29T15:38:05.857+0000] {dag.py:4180} INFO - Setting next_dagrun for gerar_csv_dados_abertos_cnpj to 2025-03-28 00:00:00+00:00, run_after=2025-03-29 00:00:00+00:00
[2025-03-29T15:38:05.867+0000] {processor.py:208} INFO - Processing /opt/airflow/dags/saving_file.py took 0.184 seconds
[2025-03-29T15:38:36.054+0000] {processor.py:186} INFO - Started process (PID=1342) to work on /opt/airflow/dags/saving_file.py
[2025-03-29T15:38:36.055+0000] {processor.py:914} INFO - Processing file /opt/airflow/dags/saving_file.py for tasks to queue
[2025-03-29T15:38:36.057+0000] {logging_mixin.py:190} INFO - [2025-03-29T15:38:36.057+0000] {dagbag.py:588} INFO - Filling up the DagBag from /opt/airflow/dags/saving_file.py
[2025-03-29T15:38:36.197+0000] {processor.py:925} INFO - DAG(s) 'gerar_csv_dados_abertos_cnpj' retrieved from /opt/airflow/dags/saving_file.py
[2025-03-29T15:38:36.211+0000] {logging_mixin.py:190} INFO - [2025-03-29T15:38:36.211+0000] {dag.py:3239} INFO - Sync 1 DAGs
[2025-03-29T15:38:36.224+0000] {logging_mixin.py:190} INFO - [2025-03-29T15:38:36.224+0000] {dag.py:4180} INFO - Setting next_dagrun for gerar_csv_dados_abertos_cnpj to 2025-03-28 00:00:00+00:00, run_after=2025-03-29 00:00:00+00:00
[2025-03-29T15:38:36.234+0000] {processor.py:208} INFO - Processing /opt/airflow/dags/saving_file.py took 0.183 seconds
[2025-03-29T15:39:06.426+0000] {processor.py:186} INFO - Started process (PID=1353) to work on /opt/airflow/dags/saving_file.py
[2025-03-29T15:39:06.427+0000] {processor.py:914} INFO - Processing file /opt/airflow/dags/saving_file.py for tasks to queue
[2025-03-29T15:39:06.429+0000] {logging_mixin.py:190} INFO - [2025-03-29T15:39:06.429+0000] {dagbag.py:588} INFO - Filling up the DagBag from /opt/airflow/dags/saving_file.py
[2025-03-29T15:39:06.573+0000] {processor.py:925} INFO - DAG(s) 'gerar_csv_dados_abertos_cnpj' retrieved from /opt/airflow/dags/saving_file.py
[2025-03-29T15:39:06.587+0000] {logging_mixin.py:190} INFO - [2025-03-29T15:39:06.587+0000] {dag.py:3239} INFO - Sync 1 DAGs
[2025-03-29T15:39:06.600+0000] {logging_mixin.py:190} INFO - [2025-03-29T15:39:06.600+0000] {dag.py:4180} INFO - Setting next_dagrun for gerar_csv_dados_abertos_cnpj to 2025-03-28 00:00:00+00:00, run_after=2025-03-29 00:00:00+00:00
[2025-03-29T15:39:06.611+0000] {processor.py:208} INFO - Processing /opt/airflow/dags/saving_file.py took 0.188 seconds
[2025-03-29T15:39:36.802+0000] {processor.py:186} INFO - Started process (PID=1364) to work on /opt/airflow/dags/saving_file.py
[2025-03-29T15:39:36.803+0000] {processor.py:914} INFO - Processing file /opt/airflow/dags/saving_file.py for tasks to queue
[2025-03-29T15:39:36.805+0000] {logging_mixin.py:190} INFO - [2025-03-29T15:39:36.805+0000] {dagbag.py:588} INFO - Filling up the DagBag from /opt/airflow/dags/saving_file.py
[2025-03-29T15:39:36.949+0000] {processor.py:925} INFO - DAG(s) 'gerar_csv_dados_abertos_cnpj' retrieved from /opt/airflow/dags/saving_file.py
[2025-03-29T15:39:36.965+0000] {logging_mixin.py:190} INFO - [2025-03-29T15:39:36.965+0000] {dag.py:3239} INFO - Sync 1 DAGs
[2025-03-29T15:39:36.978+0000] {logging_mixin.py:190} INFO - [2025-03-29T15:39:36.978+0000] {dag.py:4180} INFO - Setting next_dagrun for gerar_csv_dados_abertos_cnpj to 2025-03-28 00:00:00+00:00, run_after=2025-03-29 00:00:00+00:00
[2025-03-29T15:39:36.989+0000] {processor.py:208} INFO - Processing /opt/airflow/dags/saving_file.py took 0.190 seconds
[2025-03-29T15:40:07.172+0000] {processor.py:186} INFO - Started process (PID=1375) to work on /opt/airflow/dags/saving_file.py
[2025-03-29T15:40:07.173+0000] {processor.py:914} INFO - Processing file /opt/airflow/dags/saving_file.py for tasks to queue
[2025-03-29T15:40:07.175+0000] {logging_mixin.py:190} INFO - [2025-03-29T15:40:07.175+0000] {dagbag.py:588} INFO - Filling up the DagBag from /opt/airflow/dags/saving_file.py
[2025-03-29T15:40:07.320+0000] {processor.py:925} INFO - DAG(s) 'gerar_csv_dados_abertos_cnpj' retrieved from /opt/airflow/dags/saving_file.py
[2025-03-29T15:40:07.333+0000] {logging_mixin.py:190} INFO - [2025-03-29T15:40:07.333+0000] {dag.py:3239} INFO - Sync 1 DAGs
[2025-03-29T15:40:07.346+0000] {logging_mixin.py:190} INFO - [2025-03-29T15:40:07.345+0000] {dag.py:4180} INFO - Setting next_dagrun for gerar_csv_dados_abertos_cnpj to 2025-03-28 00:00:00+00:00, run_after=2025-03-29 00:00:00+00:00
[2025-03-29T15:40:07.358+0000] {processor.py:208} INFO - Processing /opt/airflow/dags/saving_file.py took 0.189 seconds
[2025-03-29T15:40:37.634+0000] {processor.py:186} INFO - Started process (PID=1386) to work on /opt/airflow/dags/saving_file.py
[2025-03-29T15:40:37.635+0000] {processor.py:914} INFO - Processing file /opt/airflow/dags/saving_file.py for tasks to queue
[2025-03-29T15:40:37.637+0000] {logging_mixin.py:190} INFO - [2025-03-29T15:40:37.637+0000] {dagbag.py:588} INFO - Filling up the DagBag from /opt/airflow/dags/saving_file.py
[2025-03-29T15:40:37.778+0000] {processor.py:925} INFO - DAG(s) 'gerar_csv_dados_abertos_cnpj' retrieved from /opt/airflow/dags/saving_file.py
[2025-03-29T15:40:37.791+0000] {logging_mixin.py:190} INFO - [2025-03-29T15:40:37.790+0000] {dag.py:3239} INFO - Sync 1 DAGs
[2025-03-29T15:40:37.803+0000] {logging_mixin.py:190} INFO - [2025-03-29T15:40:37.803+0000] {dag.py:4180} INFO - Setting next_dagrun for gerar_csv_dados_abertos_cnpj to 2025-03-28 00:00:00+00:00, run_after=2025-03-29 00:00:00+00:00
[2025-03-29T15:40:37.812+0000] {processor.py:208} INFO - Processing /opt/airflow/dags/saving_file.py took 0.182 seconds
[2025-03-29T15:41:08.006+0000] {processor.py:186} INFO - Started process (PID=1397) to work on /opt/airflow/dags/saving_file.py
[2025-03-29T15:41:08.007+0000] {processor.py:914} INFO - Processing file /opt/airflow/dags/saving_file.py for tasks to queue
[2025-03-29T15:41:08.010+0000] {logging_mixin.py:190} INFO - [2025-03-29T15:41:08.009+0000] {dagbag.py:588} INFO - Filling up the DagBag from /opt/airflow/dags/saving_file.py
[2025-03-29T15:41:08.148+0000] {processor.py:925} INFO - DAG(s) 'gerar_csv_dados_abertos_cnpj' retrieved from /opt/airflow/dags/saving_file.py
[2025-03-29T15:41:08.163+0000] {logging_mixin.py:190} INFO - [2025-03-29T15:41:08.163+0000] {dag.py:3239} INFO - Sync 1 DAGs
[2025-03-29T15:41:08.175+0000] {logging_mixin.py:190} INFO - [2025-03-29T15:41:08.175+0000] {dag.py:4180} INFO - Setting next_dagrun for gerar_csv_dados_abertos_cnpj to 2025-03-28 00:00:00+00:00, run_after=2025-03-29 00:00:00+00:00
[2025-03-29T15:41:08.187+0000] {processor.py:208} INFO - Processing /opt/airflow/dags/saving_file.py took 0.183 seconds
[2025-03-29T15:41:38.385+0000] {processor.py:186} INFO - Started process (PID=1408) to work on /opt/airflow/dags/saving_file.py
[2025-03-29T15:41:38.386+0000] {processor.py:914} INFO - Processing file /opt/airflow/dags/saving_file.py for tasks to queue
[2025-03-29T15:41:38.389+0000] {logging_mixin.py:190} INFO - [2025-03-29T15:41:38.389+0000] {dagbag.py:588} INFO - Filling up the DagBag from /opt/airflow/dags/saving_file.py
[2025-03-29T15:41:38.534+0000] {processor.py:925} INFO - DAG(s) 'gerar_csv_dados_abertos_cnpj' retrieved from /opt/airflow/dags/saving_file.py
[2025-03-29T15:41:38.548+0000] {logging_mixin.py:190} INFO - [2025-03-29T15:41:38.547+0000] {dag.py:3239} INFO - Sync 1 DAGs
[2025-03-29T15:41:38.560+0000] {logging_mixin.py:190} INFO - [2025-03-29T15:41:38.560+0000] {dag.py:4180} INFO - Setting next_dagrun for gerar_csv_dados_abertos_cnpj to 2025-03-28 00:00:00+00:00, run_after=2025-03-29 00:00:00+00:00
[2025-03-29T15:41:38.573+0000] {processor.py:208} INFO - Processing /opt/airflow/dags/saving_file.py took 0.192 seconds
[2025-03-29T15:42:08.764+0000] {processor.py:186} INFO - Started process (PID=1419) to work on /opt/airflow/dags/saving_file.py
[2025-03-29T15:42:08.765+0000] {processor.py:914} INFO - Processing file /opt/airflow/dags/saving_file.py for tasks to queue
[2025-03-29T15:42:08.768+0000] {logging_mixin.py:190} INFO - [2025-03-29T15:42:08.768+0000] {dagbag.py:588} INFO - Filling up the DagBag from /opt/airflow/dags/saving_file.py
[2025-03-29T15:42:08.911+0000] {processor.py:925} INFO - DAG(s) 'gerar_csv_dados_abertos_cnpj' retrieved from /opt/airflow/dags/saving_file.py
[2025-03-29T15:42:08.924+0000] {logging_mixin.py:190} INFO - [2025-03-29T15:42:08.924+0000] {dag.py:3239} INFO - Sync 1 DAGs
[2025-03-29T15:42:08.936+0000] {logging_mixin.py:190} INFO - [2025-03-29T15:42:08.935+0000] {dag.py:4180} INFO - Setting next_dagrun for gerar_csv_dados_abertos_cnpj to 2025-03-28 00:00:00+00:00, run_after=2025-03-29 00:00:00+00:00
[2025-03-29T15:42:08.946+0000] {processor.py:208} INFO - Processing /opt/airflow/dags/saving_file.py took 0.185 seconds
[2025-03-29T15:42:39.132+0000] {processor.py:186} INFO - Started process (PID=1430) to work on /opt/airflow/dags/saving_file.py
[2025-03-29T15:42:39.133+0000] {processor.py:914} INFO - Processing file /opt/airflow/dags/saving_file.py for tasks to queue
[2025-03-29T15:42:39.135+0000] {logging_mixin.py:190} INFO - [2025-03-29T15:42:39.135+0000] {dagbag.py:588} INFO - Filling up the DagBag from /opt/airflow/dags/saving_file.py
[2025-03-29T15:42:39.278+0000] {processor.py:925} INFO - DAG(s) 'gerar_csv_dados_abertos_cnpj' retrieved from /opt/airflow/dags/saving_file.py
[2025-03-29T15:42:39.291+0000] {logging_mixin.py:190} INFO - [2025-03-29T15:42:39.291+0000] {dag.py:3239} INFO - Sync 1 DAGs
[2025-03-29T15:42:39.302+0000] {logging_mixin.py:190} INFO - [2025-03-29T15:42:39.302+0000] {dag.py:4180} INFO - Setting next_dagrun for gerar_csv_dados_abertos_cnpj to 2025-03-28 00:00:00+00:00, run_after=2025-03-29 00:00:00+00:00
[2025-03-29T15:42:39.315+0000] {processor.py:208} INFO - Processing /opt/airflow/dags/saving_file.py took 0.186 seconds
[2025-03-29T15:43:09.501+0000] {processor.py:186} INFO - Started process (PID=1441) to work on /opt/airflow/dags/saving_file.py
[2025-03-29T15:43:09.502+0000] {processor.py:914} INFO - Processing file /opt/airflow/dags/saving_file.py for tasks to queue
[2025-03-29T15:43:09.504+0000] {logging_mixin.py:190} INFO - [2025-03-29T15:43:09.504+0000] {dagbag.py:588} INFO - Filling up the DagBag from /opt/airflow/dags/saving_file.py
[2025-03-29T15:43:09.645+0000] {processor.py:925} INFO - DAG(s) 'gerar_csv_dados_abertos_cnpj' retrieved from /opt/airflow/dags/saving_file.py
[2025-03-29T15:43:09.660+0000] {logging_mixin.py:190} INFO - [2025-03-29T15:43:09.659+0000] {dag.py:3239} INFO - Sync 1 DAGs
[2025-03-29T15:43:09.673+0000] {logging_mixin.py:190} INFO - [2025-03-29T15:43:09.672+0000] {dag.py:4180} INFO - Setting next_dagrun for gerar_csv_dados_abertos_cnpj to 2025-03-28 00:00:00+00:00, run_after=2025-03-29 00:00:00+00:00
[2025-03-29T15:43:09.683+0000] {processor.py:208} INFO - Processing /opt/airflow/dags/saving_file.py took 0.185 seconds
[2025-03-29T15:43:39.885+0000] {processor.py:186} INFO - Started process (PID=1452) to work on /opt/airflow/dags/saving_file.py
[2025-03-29T15:43:39.886+0000] {processor.py:914} INFO - Processing file /opt/airflow/dags/saving_file.py for tasks to queue
[2025-03-29T15:43:39.889+0000] {logging_mixin.py:190} INFO - [2025-03-29T15:43:39.889+0000] {dagbag.py:588} INFO - Filling up the DagBag from /opt/airflow/dags/saving_file.py
[2025-03-29T15:43:40.030+0000] {processor.py:925} INFO - DAG(s) 'gerar_csv_dados_abertos_cnpj' retrieved from /opt/airflow/dags/saving_file.py
[2025-03-29T15:43:40.045+0000] {logging_mixin.py:190} INFO - [2025-03-29T15:43:40.045+0000] {dag.py:3239} INFO - Sync 1 DAGs
[2025-03-29T15:43:40.059+0000] {logging_mixin.py:190} INFO - [2025-03-29T15:43:40.059+0000] {dag.py:4180} INFO - Setting next_dagrun for gerar_csv_dados_abertos_cnpj to 2025-03-28 00:00:00+00:00, run_after=2025-03-29 00:00:00+00:00
[2025-03-29T15:43:40.070+0000] {processor.py:208} INFO - Processing /opt/airflow/dags/saving_file.py took 0.188 seconds
[2025-03-29T15:44:10.266+0000] {processor.py:186} INFO - Started process (PID=1463) to work on /opt/airflow/dags/saving_file.py
[2025-03-29T15:44:10.267+0000] {processor.py:914} INFO - Processing file /opt/airflow/dags/saving_file.py for tasks to queue
[2025-03-29T15:44:10.269+0000] {logging_mixin.py:190} INFO - [2025-03-29T15:44:10.269+0000] {dagbag.py:588} INFO - Filling up the DagBag from /opt/airflow/dags/saving_file.py
[2025-03-29T15:44:10.412+0000] {processor.py:925} INFO - DAG(s) 'gerar_csv_dados_abertos_cnpj' retrieved from /opt/airflow/dags/saving_file.py
[2025-03-29T15:44:10.426+0000] {logging_mixin.py:190} INFO - [2025-03-29T15:44:10.425+0000] {dag.py:3239} INFO - Sync 1 DAGs
[2025-03-29T15:44:10.438+0000] {logging_mixin.py:190} INFO - [2025-03-29T15:44:10.438+0000] {dag.py:4180} INFO - Setting next_dagrun for gerar_csv_dados_abertos_cnpj to 2025-03-28 00:00:00+00:00, run_after=2025-03-29 00:00:00+00:00
[2025-03-29T15:44:10.454+0000] {processor.py:208} INFO - Processing /opt/airflow/dags/saving_file.py took 0.191 seconds
[2025-03-29T15:44:40.647+0000] {processor.py:186} INFO - Started process (PID=1474) to work on /opt/airflow/dags/saving_file.py
[2025-03-29T15:44:40.647+0000] {processor.py:914} INFO - Processing file /opt/airflow/dags/saving_file.py for tasks to queue
[2025-03-29T15:44:40.650+0000] {logging_mixin.py:190} INFO - [2025-03-29T15:44:40.650+0000] {dagbag.py:588} INFO - Filling up the DagBag from /opt/airflow/dags/saving_file.py
[2025-03-29T15:44:40.792+0000] {processor.py:925} INFO - DAG(s) 'gerar_csv_dados_abertos_cnpj' retrieved from /opt/airflow/dags/saving_file.py
[2025-03-29T15:44:40.805+0000] {logging_mixin.py:190} INFO - [2025-03-29T15:44:40.805+0000] {dag.py:3239} INFO - Sync 1 DAGs
[2025-03-29T15:44:40.816+0000] {logging_mixin.py:190} INFO - [2025-03-29T15:44:40.816+0000] {dag.py:4180} INFO - Setting next_dagrun for gerar_csv_dados_abertos_cnpj to 2025-03-28 00:00:00+00:00, run_after=2025-03-29 00:00:00+00:00
[2025-03-29T15:44:40.830+0000] {processor.py:208} INFO - Processing /opt/airflow/dags/saving_file.py took 0.186 seconds
[2025-03-29T15:45:11.025+0000] {processor.py:186} INFO - Started process (PID=1485) to work on /opt/airflow/dags/saving_file.py
[2025-03-29T15:45:11.027+0000] {processor.py:914} INFO - Processing file /opt/airflow/dags/saving_file.py for tasks to queue
[2025-03-29T15:45:11.028+0000] {logging_mixin.py:190} INFO - [2025-03-29T15:45:11.028+0000] {dagbag.py:588} INFO - Filling up the DagBag from /opt/airflow/dags/saving_file.py
[2025-03-29T15:45:11.191+0000] {processor.py:925} INFO - DAG(s) 'gerar_csv_dados_abertos_cnpj' retrieved from /opt/airflow/dags/saving_file.py
[2025-03-29T15:45:11.204+0000] {logging_mixin.py:190} INFO - [2025-03-29T15:45:11.204+0000] {dag.py:3239} INFO - Sync 1 DAGs
[2025-03-29T15:45:11.217+0000] {logging_mixin.py:190} INFO - [2025-03-29T15:45:11.217+0000] {dag.py:4180} INFO - Setting next_dagrun for gerar_csv_dados_abertos_cnpj to 2025-03-28 00:00:00+00:00, run_after=2025-03-29 00:00:00+00:00
[2025-03-29T15:45:11.231+0000] {processor.py:208} INFO - Processing /opt/airflow/dags/saving_file.py took 0.210 seconds
[2025-03-29T15:45:41.473+0000] {processor.py:186} INFO - Started process (PID=1496) to work on /opt/airflow/dags/saving_file.py
[2025-03-29T15:45:41.475+0000] {processor.py:914} INFO - Processing file /opt/airflow/dags/saving_file.py for tasks to queue
[2025-03-29T15:45:41.477+0000] {logging_mixin.py:190} INFO - [2025-03-29T15:45:41.477+0000] {dagbag.py:588} INFO - Filling up the DagBag from /opt/airflow/dags/saving_file.py
[2025-03-29T15:45:41.619+0000] {processor.py:925} INFO - DAG(s) 'gerar_csv_dados_abertos_cnpj' retrieved from /opt/airflow/dags/saving_file.py
[2025-03-29T15:45:41.634+0000] {logging_mixin.py:190} INFO - [2025-03-29T15:45:41.633+0000] {dag.py:3239} INFO - Sync 1 DAGs
[2025-03-29T15:45:41.646+0000] {logging_mixin.py:190} INFO - [2025-03-29T15:45:41.646+0000] {dag.py:4180} INFO - Setting next_dagrun for gerar_csv_dados_abertos_cnpj to 2025-03-28 00:00:00+00:00, run_after=2025-03-29 00:00:00+00:00
[2025-03-29T15:45:41.657+0000] {processor.py:208} INFO - Processing /opt/airflow/dags/saving_file.py took 0.187 seconds
[2025-03-29T15:46:11.843+0000] {processor.py:186} INFO - Started process (PID=1507) to work on /opt/airflow/dags/saving_file.py
[2025-03-29T15:46:11.843+0000] {processor.py:914} INFO - Processing file /opt/airflow/dags/saving_file.py for tasks to queue
[2025-03-29T15:46:11.846+0000] {logging_mixin.py:190} INFO - [2025-03-29T15:46:11.846+0000] {dagbag.py:588} INFO - Filling up the DagBag from /opt/airflow/dags/saving_file.py
[2025-03-29T15:46:11.986+0000] {processor.py:925} INFO - DAG(s) 'gerar_csv_dados_abertos_cnpj' retrieved from /opt/airflow/dags/saving_file.py
[2025-03-29T15:46:11.998+0000] {logging_mixin.py:190} INFO - [2025-03-29T15:46:11.997+0000] {dag.py:3239} INFO - Sync 1 DAGs
[2025-03-29T15:46:12.011+0000] {logging_mixin.py:190} INFO - [2025-03-29T15:46:12.011+0000] {dag.py:4180} INFO - Setting next_dagrun for gerar_csv_dados_abertos_cnpj to 2025-03-28 00:00:00+00:00, run_after=2025-03-29 00:00:00+00:00
[2025-03-29T15:46:12.024+0000] {processor.py:208} INFO - Processing /opt/airflow/dags/saving_file.py took 0.185 seconds
[2025-03-29T15:46:42.218+0000] {processor.py:186} INFO - Started process (PID=1518) to work on /opt/airflow/dags/saving_file.py
[2025-03-29T15:46:42.219+0000] {processor.py:914} INFO - Processing file /opt/airflow/dags/saving_file.py for tasks to queue
[2025-03-29T15:46:42.222+0000] {logging_mixin.py:190} INFO - [2025-03-29T15:46:42.221+0000] {dagbag.py:588} INFO - Filling up the DagBag from /opt/airflow/dags/saving_file.py
[2025-03-29T15:46:42.383+0000] {processor.py:925} INFO - DAG(s) 'gerar_csv_dados_abertos_cnpj' retrieved from /opt/airflow/dags/saving_file.py
[2025-03-29T15:46:42.398+0000] {logging_mixin.py:190} INFO - [2025-03-29T15:46:42.398+0000] {dag.py:3239} INFO - Sync 1 DAGs
[2025-03-29T15:46:42.413+0000] {logging_mixin.py:190} INFO - [2025-03-29T15:46:42.413+0000] {dag.py:4180} INFO - Setting next_dagrun for gerar_csv_dados_abertos_cnpj to 2025-03-28 00:00:00+00:00, run_after=2025-03-29 00:00:00+00:00
[2025-03-29T15:46:42.424+0000] {processor.py:208} INFO - Processing /opt/airflow/dags/saving_file.py took 0.209 seconds
[2025-03-29T15:47:12.586+0000] {processor.py:186} INFO - Started process (PID=1529) to work on /opt/airflow/dags/saving_file.py
[2025-03-29T15:47:12.587+0000] {processor.py:914} INFO - Processing file /opt/airflow/dags/saving_file.py for tasks to queue
[2025-03-29T15:47:12.589+0000] {logging_mixin.py:190} INFO - [2025-03-29T15:47:12.589+0000] {dagbag.py:588} INFO - Filling up the DagBag from /opt/airflow/dags/saving_file.py
[2025-03-29T15:47:12.730+0000] {processor.py:925} INFO - DAG(s) 'gerar_csv_dados_abertos_cnpj' retrieved from /opt/airflow/dags/saving_file.py
[2025-03-29T15:47:12.743+0000] {logging_mixin.py:190} INFO - [2025-03-29T15:47:12.743+0000] {dag.py:3239} INFO - Sync 1 DAGs
[2025-03-29T15:47:12.754+0000] {logging_mixin.py:190} INFO - [2025-03-29T15:47:12.754+0000] {dag.py:4180} INFO - Setting next_dagrun for gerar_csv_dados_abertos_cnpj to 2025-03-28 00:00:00+00:00, run_after=2025-03-29 00:00:00+00:00
[2025-03-29T15:47:12.765+0000] {processor.py:208} INFO - Processing /opt/airflow/dags/saving_file.py took 0.182 seconds
[2025-03-29T15:47:42.962+0000] {processor.py:186} INFO - Started process (PID=1540) to work on /opt/airflow/dags/saving_file.py
[2025-03-29T15:47:42.963+0000] {processor.py:914} INFO - Processing file /opt/airflow/dags/saving_file.py for tasks to queue
[2025-03-29T15:47:42.965+0000] {logging_mixin.py:190} INFO - [2025-03-29T15:47:42.964+0000] {dagbag.py:588} INFO - Filling up the DagBag from /opt/airflow/dags/saving_file.py
[2025-03-29T15:47:43.108+0000] {processor.py:925} INFO - DAG(s) 'gerar_csv_dados_abertos_cnpj' retrieved from /opt/airflow/dags/saving_file.py
[2025-03-29T15:47:43.120+0000] {logging_mixin.py:190} INFO - [2025-03-29T15:47:43.120+0000] {dag.py:3239} INFO - Sync 1 DAGs
[2025-03-29T15:47:43.132+0000] {logging_mixin.py:190} INFO - [2025-03-29T15:47:43.132+0000] {dag.py:4180} INFO - Setting next_dagrun for gerar_csv_dados_abertos_cnpj to 2025-03-28 00:00:00+00:00, run_after=2025-03-29 00:00:00+00:00
[2025-03-29T15:47:43.142+0000] {processor.py:208} INFO - Processing /opt/airflow/dags/saving_file.py took 0.184 seconds
[2025-03-29T15:48:13.332+0000] {processor.py:186} INFO - Started process (PID=1551) to work on /opt/airflow/dags/saving_file.py
[2025-03-29T15:48:13.332+0000] {processor.py:914} INFO - Processing file /opt/airflow/dags/saving_file.py for tasks to queue
[2025-03-29T15:48:13.334+0000] {logging_mixin.py:190} INFO - [2025-03-29T15:48:13.334+0000] {dagbag.py:588} INFO - Filling up the DagBag from /opt/airflow/dags/saving_file.py
[2025-03-29T15:48:13.474+0000] {processor.py:925} INFO - DAG(s) 'gerar_csv_dados_abertos_cnpj' retrieved from /opt/airflow/dags/saving_file.py
[2025-03-29T15:48:13.486+0000] {logging_mixin.py:190} INFO - [2025-03-29T15:48:13.486+0000] {dag.py:3239} INFO - Sync 1 DAGs
[2025-03-29T15:48:13.499+0000] {logging_mixin.py:190} INFO - [2025-03-29T15:48:13.499+0000] {dag.py:4180} INFO - Setting next_dagrun for gerar_csv_dados_abertos_cnpj to 2025-03-28 00:00:00+00:00, run_after=2025-03-29 00:00:00+00:00
[2025-03-29T15:48:13.510+0000] {processor.py:208} INFO - Processing /opt/airflow/dags/saving_file.py took 0.181 seconds
[2025-03-29T15:48:43.713+0000] {processor.py:186} INFO - Started process (PID=1562) to work on /opt/airflow/dags/saving_file.py
[2025-03-29T15:48:43.715+0000] {processor.py:914} INFO - Processing file /opt/airflow/dags/saving_file.py for tasks to queue
[2025-03-29T15:48:43.717+0000] {logging_mixin.py:190} INFO - [2025-03-29T15:48:43.716+0000] {dagbag.py:588} INFO - Filling up the DagBag from /opt/airflow/dags/saving_file.py
[2025-03-29T15:48:43.868+0000] {processor.py:925} INFO - DAG(s) 'gerar_csv_dados_abertos_cnpj' retrieved from /opt/airflow/dags/saving_file.py
[2025-03-29T15:48:43.883+0000] {logging_mixin.py:190} INFO - [2025-03-29T15:48:43.882+0000] {dag.py:3239} INFO - Sync 1 DAGs
[2025-03-29T15:48:43.896+0000] {logging_mixin.py:190} INFO - [2025-03-29T15:48:43.895+0000] {dag.py:4180} INFO - Setting next_dagrun for gerar_csv_dados_abertos_cnpj to 2025-03-28 00:00:00+00:00, run_after=2025-03-29 00:00:00+00:00
[2025-03-29T15:48:43.907+0000] {processor.py:208} INFO - Processing /opt/airflow/dags/saving_file.py took 0.196 seconds
[2025-03-29T15:49:14.087+0000] {processor.py:186} INFO - Started process (PID=1573) to work on /opt/airflow/dags/saving_file.py
[2025-03-29T15:49:14.088+0000] {processor.py:914} INFO - Processing file /opt/airflow/dags/saving_file.py for tasks to queue
[2025-03-29T15:49:14.089+0000] {logging_mixin.py:190} INFO - [2025-03-29T15:49:14.089+0000] {dagbag.py:588} INFO - Filling up the DagBag from /opt/airflow/dags/saving_file.py
[2025-03-29T15:49:14.237+0000] {processor.py:925} INFO - DAG(s) 'gerar_csv_dados_abertos_cnpj' retrieved from /opt/airflow/dags/saving_file.py
[2025-03-29T15:49:14.251+0000] {logging_mixin.py:190} INFO - [2025-03-29T15:49:14.251+0000] {dag.py:3239} INFO - Sync 1 DAGs
[2025-03-29T15:49:14.263+0000] {logging_mixin.py:190} INFO - [2025-03-29T15:49:14.263+0000] {dag.py:4180} INFO - Setting next_dagrun for gerar_csv_dados_abertos_cnpj to 2025-03-28 00:00:00+00:00, run_after=2025-03-29 00:00:00+00:00
[2025-03-29T15:49:14.274+0000] {processor.py:208} INFO - Processing /opt/airflow/dags/saving_file.py took 0.190 seconds
[2025-03-29T15:49:44.466+0000] {processor.py:186} INFO - Started process (PID=1584) to work on /opt/airflow/dags/saving_file.py
[2025-03-29T15:49:44.467+0000] {processor.py:914} INFO - Processing file /opt/airflow/dags/saving_file.py for tasks to queue
[2025-03-29T15:49:44.470+0000] {logging_mixin.py:190} INFO - [2025-03-29T15:49:44.470+0000] {dagbag.py:588} INFO - Filling up the DagBag from /opt/airflow/dags/saving_file.py
[2025-03-29T15:49:44.611+0000] {processor.py:925} INFO - DAG(s) 'gerar_csv_dados_abertos_cnpj' retrieved from /opt/airflow/dags/saving_file.py
[2025-03-29T15:49:44.625+0000] {logging_mixin.py:190} INFO - [2025-03-29T15:49:44.625+0000] {dag.py:3239} INFO - Sync 1 DAGs
[2025-03-29T15:49:44.638+0000] {logging_mixin.py:190} INFO - [2025-03-29T15:49:44.638+0000] {dag.py:4180} INFO - Setting next_dagrun for gerar_csv_dados_abertos_cnpj to 2025-03-28 00:00:00+00:00, run_after=2025-03-29 00:00:00+00:00
[2025-03-29T15:49:44.648+0000] {processor.py:208} INFO - Processing /opt/airflow/dags/saving_file.py took 0.185 seconds
[2025-03-29T15:50:14.832+0000] {processor.py:186} INFO - Started process (PID=1595) to work on /opt/airflow/dags/saving_file.py
[2025-03-29T15:50:14.833+0000] {processor.py:914} INFO - Processing file /opt/airflow/dags/saving_file.py for tasks to queue
[2025-03-29T15:50:14.834+0000] {logging_mixin.py:190} INFO - [2025-03-29T15:50:14.834+0000] {dagbag.py:588} INFO - Filling up the DagBag from /opt/airflow/dags/saving_file.py
[2025-03-29T15:50:14.982+0000] {processor.py:925} INFO - DAG(s) 'gerar_csv_dados_abertos_cnpj' retrieved from /opt/airflow/dags/saving_file.py
[2025-03-29T15:50:14.997+0000] {logging_mixin.py:190} INFO - [2025-03-29T15:50:14.996+0000] {dag.py:3239} INFO - Sync 1 DAGs
[2025-03-29T15:50:15.009+0000] {logging_mixin.py:190} INFO - [2025-03-29T15:50:15.009+0000] {dag.py:4180} INFO - Setting next_dagrun for gerar_csv_dados_abertos_cnpj to 2025-03-28 00:00:00+00:00, run_after=2025-03-29 00:00:00+00:00
[2025-03-29T15:50:15.020+0000] {processor.py:208} INFO - Processing /opt/airflow/dags/saving_file.py took 0.191 seconds
[2025-03-29T15:50:45.255+0000] {processor.py:186} INFO - Started process (PID=1606) to work on /opt/airflow/dags/saving_file.py
[2025-03-29T15:50:45.257+0000] {processor.py:914} INFO - Processing file /opt/airflow/dags/saving_file.py for tasks to queue
[2025-03-29T15:50:45.259+0000] {logging_mixin.py:190} INFO - [2025-03-29T15:50:45.259+0000] {dagbag.py:588} INFO - Filling up the DagBag from /opt/airflow/dags/saving_file.py
[2025-03-29T15:50:45.401+0000] {processor.py:925} INFO - DAG(s) 'gerar_csv_dados_abertos_cnpj' retrieved from /opt/airflow/dags/saving_file.py
[2025-03-29T15:50:45.414+0000] {logging_mixin.py:190} INFO - [2025-03-29T15:50:45.414+0000] {dag.py:3239} INFO - Sync 1 DAGs
[2025-03-29T15:50:45.427+0000] {logging_mixin.py:190} INFO - [2025-03-29T15:50:45.427+0000] {dag.py:4180} INFO - Setting next_dagrun for gerar_csv_dados_abertos_cnpj to 2025-03-28 00:00:00+00:00, run_after=2025-03-29 00:00:00+00:00
[2025-03-29T15:50:45.438+0000] {processor.py:208} INFO - Processing /opt/airflow/dags/saving_file.py took 0.186 seconds
[2025-03-29T15:51:15.630+0000] {processor.py:186} INFO - Started process (PID=1617) to work on /opt/airflow/dags/saving_file.py
[2025-03-29T15:51:15.631+0000] {processor.py:914} INFO - Processing file /opt/airflow/dags/saving_file.py for tasks to queue
[2025-03-29T15:51:15.633+0000] {logging_mixin.py:190} INFO - [2025-03-29T15:51:15.633+0000] {dagbag.py:588} INFO - Filling up the DagBag from /opt/airflow/dags/saving_file.py
[2025-03-29T15:51:15.777+0000] {processor.py:925} INFO - DAG(s) 'gerar_csv_dados_abertos_cnpj' retrieved from /opt/airflow/dags/saving_file.py
[2025-03-29T15:51:15.791+0000] {logging_mixin.py:190} INFO - [2025-03-29T15:51:15.791+0000] {dag.py:3239} INFO - Sync 1 DAGs
[2025-03-29T15:51:15.804+0000] {logging_mixin.py:190} INFO - [2025-03-29T15:51:15.804+0000] {dag.py:4180} INFO - Setting next_dagrun for gerar_csv_dados_abertos_cnpj to 2025-03-28 00:00:00+00:00, run_after=2025-03-29 00:00:00+00:00
[2025-03-29T15:51:15.815+0000] {processor.py:208} INFO - Processing /opt/airflow/dags/saving_file.py took 0.188 seconds
[2025-03-29T15:51:45.998+0000] {processor.py:186} INFO - Started process (PID=1628) to work on /opt/airflow/dags/saving_file.py
[2025-03-29T15:51:45.999+0000] {processor.py:914} INFO - Processing file /opt/airflow/dags/saving_file.py for tasks to queue
[2025-03-29T15:51:46.001+0000] {logging_mixin.py:190} INFO - [2025-03-29T15:51:46.001+0000] {dagbag.py:588} INFO - Filling up the DagBag from /opt/airflow/dags/saving_file.py
[2025-03-29T15:51:46.146+0000] {processor.py:925} INFO - DAG(s) 'gerar_csv_dados_abertos_cnpj' retrieved from /opt/airflow/dags/saving_file.py
[2025-03-29T15:51:46.161+0000] {logging_mixin.py:190} INFO - [2025-03-29T15:51:46.161+0000] {dag.py:3239} INFO - Sync 1 DAGs
[2025-03-29T15:51:46.174+0000] {logging_mixin.py:190} INFO - [2025-03-29T15:51:46.174+0000] {dag.py:4180} INFO - Setting next_dagrun for gerar_csv_dados_abertos_cnpj to 2025-03-28 00:00:00+00:00, run_after=2025-03-29 00:00:00+00:00
[2025-03-29T15:51:46.184+0000] {processor.py:208} INFO - Processing /opt/airflow/dags/saving_file.py took 0.189 seconds
[2025-03-29T15:52:16.373+0000] {processor.py:186} INFO - Started process (PID=1639) to work on /opt/airflow/dags/saving_file.py
[2025-03-29T15:52:16.374+0000] {processor.py:914} INFO - Processing file /opt/airflow/dags/saving_file.py for tasks to queue
[2025-03-29T15:52:16.377+0000] {logging_mixin.py:190} INFO - [2025-03-29T15:52:16.377+0000] {dagbag.py:588} INFO - Filling up the DagBag from /opt/airflow/dags/saving_file.py
[2025-03-29T15:52:16.526+0000] {processor.py:925} INFO - DAG(s) 'gerar_csv_dados_abertos_cnpj' retrieved from /opt/airflow/dags/saving_file.py
[2025-03-29T15:52:16.539+0000] {logging_mixin.py:190} INFO - [2025-03-29T15:52:16.538+0000] {dag.py:3239} INFO - Sync 1 DAGs
[2025-03-29T15:52:16.551+0000] {logging_mixin.py:190} INFO - [2025-03-29T15:52:16.551+0000] {dag.py:4180} INFO - Setting next_dagrun for gerar_csv_dados_abertos_cnpj to 2025-03-28 00:00:00+00:00, run_after=2025-03-29 00:00:00+00:00
[2025-03-29T15:52:16.562+0000] {processor.py:208} INFO - Processing /opt/airflow/dags/saving_file.py took 0.192 seconds
[2025-03-29T15:52:46.758+0000] {processor.py:186} INFO - Started process (PID=1650) to work on /opt/airflow/dags/saving_file.py
[2025-03-29T15:52:46.759+0000] {processor.py:914} INFO - Processing file /opt/airflow/dags/saving_file.py for tasks to queue
[2025-03-29T15:52:46.761+0000] {logging_mixin.py:190} INFO - [2025-03-29T15:52:46.761+0000] {dagbag.py:588} INFO - Filling up the DagBag from /opt/airflow/dags/saving_file.py
[2025-03-29T15:52:46.899+0000] {processor.py:925} INFO - DAG(s) 'gerar_csv_dados_abertos_cnpj' retrieved from /opt/airflow/dags/saving_file.py
[2025-03-29T15:52:46.915+0000] {logging_mixin.py:190} INFO - [2025-03-29T15:52:46.915+0000] {dag.py:3239} INFO - Sync 1 DAGs
[2025-03-29T15:52:46.928+0000] {logging_mixin.py:190} INFO - [2025-03-29T15:52:46.928+0000] {dag.py:4180} INFO - Setting next_dagrun for gerar_csv_dados_abertos_cnpj to 2025-03-28 00:00:00+00:00, run_after=2025-03-29 00:00:00+00:00
[2025-03-29T15:52:46.939+0000] {processor.py:208} INFO - Processing /opt/airflow/dags/saving_file.py took 0.184 seconds
[2025-03-29T15:53:17.123+0000] {processor.py:186} INFO - Started process (PID=1661) to work on /opt/airflow/dags/saving_file.py
[2025-03-29T15:53:17.124+0000] {processor.py:914} INFO - Processing file /opt/airflow/dags/saving_file.py for tasks to queue
[2025-03-29T15:53:17.126+0000] {logging_mixin.py:190} INFO - [2025-03-29T15:53:17.126+0000] {dagbag.py:588} INFO - Filling up the DagBag from /opt/airflow/dags/saving_file.py
[2025-03-29T15:53:17.278+0000] {processor.py:925} INFO - DAG(s) 'gerar_csv_dados_abertos_cnpj' retrieved from /opt/airflow/dags/saving_file.py
[2025-03-29T15:53:17.295+0000] {logging_mixin.py:190} INFO - [2025-03-29T15:53:17.295+0000] {dag.py:3239} INFO - Sync 1 DAGs
[2025-03-29T15:53:17.307+0000] {logging_mixin.py:190} INFO - [2025-03-29T15:53:17.307+0000] {dag.py:4180} INFO - Setting next_dagrun for gerar_csv_dados_abertos_cnpj to 2025-03-28 00:00:00+00:00, run_after=2025-03-29 00:00:00+00:00
[2025-03-29T15:53:17.321+0000] {processor.py:208} INFO - Processing /opt/airflow/dags/saving_file.py took 0.201 seconds
[2025-03-29T15:53:47.518+0000] {processor.py:186} INFO - Started process (PID=1672) to work on /opt/airflow/dags/saving_file.py
[2025-03-29T15:53:47.520+0000] {processor.py:914} INFO - Processing file /opt/airflow/dags/saving_file.py for tasks to queue
[2025-03-29T15:53:47.522+0000] {logging_mixin.py:190} INFO - [2025-03-29T15:53:47.522+0000] {dagbag.py:588} INFO - Filling up the DagBag from /opt/airflow/dags/saving_file.py
[2025-03-29T15:53:47.664+0000] {processor.py:925} INFO - DAG(s) 'gerar_csv_dados_abertos_cnpj' retrieved from /opt/airflow/dags/saving_file.py
[2025-03-29T15:53:47.678+0000] {logging_mixin.py:190} INFO - [2025-03-29T15:53:47.678+0000] {dag.py:3239} INFO - Sync 1 DAGs
[2025-03-29T15:53:47.690+0000] {logging_mixin.py:190} INFO - [2025-03-29T15:53:47.690+0000] {dag.py:4180} INFO - Setting next_dagrun for gerar_csv_dados_abertos_cnpj to 2025-03-28 00:00:00+00:00, run_after=2025-03-29 00:00:00+00:00
[2025-03-29T15:53:47.701+0000] {processor.py:208} INFO - Processing /opt/airflow/dags/saving_file.py took 0.185 seconds
[2025-03-29T15:54:17.898+0000] {processor.py:186} INFO - Started process (PID=1683) to work on /opt/airflow/dags/saving_file.py
[2025-03-29T15:54:17.899+0000] {processor.py:914} INFO - Processing file /opt/airflow/dags/saving_file.py for tasks to queue
[2025-03-29T15:54:17.902+0000] {logging_mixin.py:190} INFO - [2025-03-29T15:54:17.901+0000] {dagbag.py:588} INFO - Filling up the DagBag from /opt/airflow/dags/saving_file.py
[2025-03-29T15:54:18.047+0000] {processor.py:925} INFO - DAG(s) 'gerar_csv_dados_abertos_cnpj' retrieved from /opt/airflow/dags/saving_file.py
[2025-03-29T15:54:18.059+0000] {logging_mixin.py:190} INFO - [2025-03-29T15:54:18.059+0000] {dag.py:3239} INFO - Sync 1 DAGs
[2025-03-29T15:54:18.072+0000] {logging_mixin.py:190} INFO - [2025-03-29T15:54:18.071+0000] {dag.py:4180} INFO - Setting next_dagrun for gerar_csv_dados_abertos_cnpj to 2025-03-28 00:00:00+00:00, run_after=2025-03-29 00:00:00+00:00
[2025-03-29T15:54:18.082+0000] {processor.py:208} INFO - Processing /opt/airflow/dags/saving_file.py took 0.187 seconds
[2025-03-29T15:54:48.276+0000] {processor.py:186} INFO - Started process (PID=1694) to work on /opt/airflow/dags/saving_file.py
[2025-03-29T15:54:48.277+0000] {processor.py:914} INFO - Processing file /opt/airflow/dags/saving_file.py for tasks to queue
[2025-03-29T15:54:48.279+0000] {logging_mixin.py:190} INFO - [2025-03-29T15:54:48.279+0000] {dagbag.py:588} INFO - Filling up the DagBag from /opt/airflow/dags/saving_file.py
[2025-03-29T15:54:48.424+0000] {processor.py:925} INFO - DAG(s) 'gerar_csv_dados_abertos_cnpj' retrieved from /opt/airflow/dags/saving_file.py
[2025-03-29T15:54:48.438+0000] {logging_mixin.py:190} INFO - [2025-03-29T15:54:48.438+0000] {dag.py:3239} INFO - Sync 1 DAGs
[2025-03-29T15:54:48.451+0000] {logging_mixin.py:190} INFO - [2025-03-29T15:54:48.451+0000] {dag.py:4180} INFO - Setting next_dagrun for gerar_csv_dados_abertos_cnpj to 2025-03-28 00:00:00+00:00, run_after=2025-03-29 00:00:00+00:00
[2025-03-29T15:54:48.461+0000] {processor.py:208} INFO - Processing /opt/airflow/dags/saving_file.py took 0.189 seconds
[2025-03-29T15:55:18.650+0000] {processor.py:186} INFO - Started process (PID=1705) to work on /opt/airflow/dags/saving_file.py
[2025-03-29T15:55:18.651+0000] {processor.py:914} INFO - Processing file /opt/airflow/dags/saving_file.py for tasks to queue
[2025-03-29T15:55:18.654+0000] {logging_mixin.py:190} INFO - [2025-03-29T15:55:18.654+0000] {dagbag.py:588} INFO - Filling up the DagBag from /opt/airflow/dags/saving_file.py
[2025-03-29T15:55:18.809+0000] {processor.py:925} INFO - DAG(s) 'gerar_csv_dados_abertos_cnpj' retrieved from /opt/airflow/dags/saving_file.py
[2025-03-29T15:55:18.821+0000] {logging_mixin.py:190} INFO - [2025-03-29T15:55:18.821+0000] {dag.py:3239} INFO - Sync 1 DAGs
[2025-03-29T15:55:18.834+0000] {logging_mixin.py:190} INFO - [2025-03-29T15:55:18.833+0000] {dag.py:4180} INFO - Setting next_dagrun for gerar_csv_dados_abertos_cnpj to 2025-03-28 00:00:00+00:00, run_after=2025-03-29 00:00:00+00:00
[2025-03-29T15:55:18.844+0000] {processor.py:208} INFO - Processing /opt/airflow/dags/saving_file.py took 0.196 seconds
[2025-03-29T15:55:49.114+0000] {processor.py:186} INFO - Started process (PID=1716) to work on /opt/airflow/dags/saving_file.py
[2025-03-29T15:55:49.115+0000] {processor.py:914} INFO - Processing file /opt/airflow/dags/saving_file.py for tasks to queue
[2025-03-29T15:55:49.118+0000] {logging_mixin.py:190} INFO - [2025-03-29T15:55:49.118+0000] {dagbag.py:588} INFO - Filling up the DagBag from /opt/airflow/dags/saving_file.py
[2025-03-29T15:55:49.259+0000] {processor.py:925} INFO - DAG(s) 'gerar_csv_dados_abertos_cnpj' retrieved from /opt/airflow/dags/saving_file.py
[2025-03-29T15:55:49.274+0000] {logging_mixin.py:190} INFO - [2025-03-29T15:55:49.273+0000] {dag.py:3239} INFO - Sync 1 DAGs
[2025-03-29T15:55:49.286+0000] {logging_mixin.py:190} INFO - [2025-03-29T15:55:49.286+0000] {dag.py:4180} INFO - Setting next_dagrun for gerar_csv_dados_abertos_cnpj to 2025-03-28 00:00:00+00:00, run_after=2025-03-29 00:00:00+00:00
[2025-03-29T15:55:49.299+0000] {processor.py:208} INFO - Processing /opt/airflow/dags/saving_file.py took 0.187 seconds
[2025-03-29T15:56:19.487+0000] {processor.py:186} INFO - Started process (PID=1727) to work on /opt/airflow/dags/saving_file.py
[2025-03-29T15:56:19.489+0000] {processor.py:914} INFO - Processing file /opt/airflow/dags/saving_file.py for tasks to queue
[2025-03-29T15:56:19.491+0000] {logging_mixin.py:190} INFO - [2025-03-29T15:56:19.491+0000] {dagbag.py:588} INFO - Filling up the DagBag from /opt/airflow/dags/saving_file.py
[2025-03-29T15:56:19.646+0000] {processor.py:925} INFO - DAG(s) 'gerar_csv_dados_abertos_cnpj' retrieved from /opt/airflow/dags/saving_file.py
[2025-03-29T15:56:19.660+0000] {logging_mixin.py:190} INFO - [2025-03-29T15:56:19.660+0000] {dag.py:3239} INFO - Sync 1 DAGs
[2025-03-29T15:56:19.674+0000] {logging_mixin.py:190} INFO - [2025-03-29T15:56:19.674+0000] {dag.py:4180} INFO - Setting next_dagrun for gerar_csv_dados_abertos_cnpj to 2025-03-28 00:00:00+00:00, run_after=2025-03-29 00:00:00+00:00
[2025-03-29T15:56:19.687+0000] {processor.py:208} INFO - Processing /opt/airflow/dags/saving_file.py took 0.202 seconds
[2025-03-29T15:56:49.864+0000] {processor.py:186} INFO - Started process (PID=1738) to work on /opt/airflow/dags/saving_file.py
[2025-03-29T15:56:49.865+0000] {processor.py:914} INFO - Processing file /opt/airflow/dags/saving_file.py for tasks to queue
[2025-03-29T15:56:49.867+0000] {logging_mixin.py:190} INFO - [2025-03-29T15:56:49.867+0000] {dagbag.py:588} INFO - Filling up the DagBag from /opt/airflow/dags/saving_file.py
[2025-03-29T15:56:50.015+0000] {processor.py:925} INFO - DAG(s) 'gerar_csv_dados_abertos_cnpj' retrieved from /opt/airflow/dags/saving_file.py
[2025-03-29T15:56:50.029+0000] {logging_mixin.py:190} INFO - [2025-03-29T15:56:50.028+0000] {dag.py:3239} INFO - Sync 1 DAGs
[2025-03-29T15:56:50.044+0000] {logging_mixin.py:190} INFO - [2025-03-29T15:56:50.044+0000] {dag.py:4180} INFO - Setting next_dagrun for gerar_csv_dados_abertos_cnpj to 2025-03-28 00:00:00+00:00, run_after=2025-03-29 00:00:00+00:00
[2025-03-29T15:56:50.060+0000] {processor.py:208} INFO - Processing /opt/airflow/dags/saving_file.py took 0.200 seconds
[2025-03-29T15:57:20.236+0000] {processor.py:186} INFO - Started process (PID=1749) to work on /opt/airflow/dags/saving_file.py
[2025-03-29T15:57:20.237+0000] {processor.py:914} INFO - Processing file /opt/airflow/dags/saving_file.py for tasks to queue
[2025-03-29T15:57:20.239+0000] {logging_mixin.py:190} INFO - [2025-03-29T15:57:20.239+0000] {dagbag.py:588} INFO - Filling up the DagBag from /opt/airflow/dags/saving_file.py
[2025-03-29T15:57:20.379+0000] {processor.py:925} INFO - DAG(s) 'gerar_csv_dados_abertos_cnpj' retrieved from /opt/airflow/dags/saving_file.py
[2025-03-29T15:57:20.393+0000] {logging_mixin.py:190} INFO - [2025-03-29T15:57:20.392+0000] {dag.py:3239} INFO - Sync 1 DAGs
[2025-03-29T15:57:20.405+0000] {logging_mixin.py:190} INFO - [2025-03-29T15:57:20.405+0000] {dag.py:4180} INFO - Setting next_dagrun for gerar_csv_dados_abertos_cnpj to 2025-03-28 00:00:00+00:00, run_after=2025-03-29 00:00:00+00:00
[2025-03-29T15:57:20.420+0000] {processor.py:208} INFO - Processing /opt/airflow/dags/saving_file.py took 0.188 seconds
[2025-03-29T15:57:50.601+0000] {processor.py:186} INFO - Started process (PID=1760) to work on /opt/airflow/dags/saving_file.py
[2025-03-29T15:57:50.602+0000] {processor.py:914} INFO - Processing file /opt/airflow/dags/saving_file.py for tasks to queue
[2025-03-29T15:57:50.605+0000] {logging_mixin.py:190} INFO - [2025-03-29T15:57:50.605+0000] {dagbag.py:588} INFO - Filling up the DagBag from /opt/airflow/dags/saving_file.py
[2025-03-29T15:57:50.748+0000] {processor.py:925} INFO - DAG(s) 'gerar_csv_dados_abertos_cnpj' retrieved from /opt/airflow/dags/saving_file.py
[2025-03-29T15:57:50.761+0000] {logging_mixin.py:190} INFO - [2025-03-29T15:57:50.761+0000] {dag.py:3239} INFO - Sync 1 DAGs
[2025-03-29T15:57:50.774+0000] {logging_mixin.py:190} INFO - [2025-03-29T15:57:50.774+0000] {dag.py:4180} INFO - Setting next_dagrun for gerar_csv_dados_abertos_cnpj to 2025-03-28 00:00:00+00:00, run_after=2025-03-29 00:00:00+00:00
[2025-03-29T15:57:50.788+0000] {processor.py:208} INFO - Processing /opt/airflow/dags/saving_file.py took 0.190 seconds
[2025-03-29T15:58:20.968+0000] {processor.py:186} INFO - Started process (PID=1771) to work on /opt/airflow/dags/saving_file.py
[2025-03-29T15:58:20.969+0000] {processor.py:914} INFO - Processing file /opt/airflow/dags/saving_file.py for tasks to queue
[2025-03-29T15:58:20.971+0000] {logging_mixin.py:190} INFO - [2025-03-29T15:58:20.971+0000] {dagbag.py:588} INFO - Filling up the DagBag from /opt/airflow/dags/saving_file.py
[2025-03-29T15:58:21.112+0000] {processor.py:925} INFO - DAG(s) 'gerar_csv_dados_abertos_cnpj' retrieved from /opt/airflow/dags/saving_file.py
[2025-03-29T15:58:21.125+0000] {logging_mixin.py:190} INFO - [2025-03-29T15:58:21.124+0000] {dag.py:3239} INFO - Sync 1 DAGs
[2025-03-29T15:58:21.138+0000] {logging_mixin.py:190} INFO - [2025-03-29T15:58:21.138+0000] {dag.py:4180} INFO - Setting next_dagrun for gerar_csv_dados_abertos_cnpj to 2025-03-28 00:00:00+00:00, run_after=2025-03-29 00:00:00+00:00
[2025-03-29T15:58:21.149+0000] {processor.py:208} INFO - Processing /opt/airflow/dags/saving_file.py took 0.185 seconds
[2025-03-29T15:58:51.330+0000] {processor.py:186} INFO - Started process (PID=1782) to work on /opt/airflow/dags/saving_file.py
[2025-03-29T15:58:51.332+0000] {processor.py:914} INFO - Processing file /opt/airflow/dags/saving_file.py for tasks to queue
[2025-03-29T15:58:51.334+0000] {logging_mixin.py:190} INFO - [2025-03-29T15:58:51.333+0000] {dagbag.py:588} INFO - Filling up the DagBag from /opt/airflow/dags/saving_file.py
[2025-03-29T15:58:51.473+0000] {processor.py:925} INFO - DAG(s) 'gerar_csv_dados_abertos_cnpj' retrieved from /opt/airflow/dags/saving_file.py
[2025-03-29T15:58:51.486+0000] {logging_mixin.py:190} INFO - [2025-03-29T15:58:51.486+0000] {dag.py:3239} INFO - Sync 1 DAGs
[2025-03-29T15:58:51.499+0000] {logging_mixin.py:190} INFO - [2025-03-29T15:58:51.499+0000] {dag.py:4180} INFO - Setting next_dagrun for gerar_csv_dados_abertos_cnpj to 2025-03-28 00:00:00+00:00, run_after=2025-03-29 00:00:00+00:00
[2025-03-29T15:58:51.512+0000] {processor.py:208} INFO - Processing /opt/airflow/dags/saving_file.py took 0.186 seconds
[2025-03-29T15:59:21.697+0000] {processor.py:186} INFO - Started process (PID=1793) to work on /opt/airflow/dags/saving_file.py
[2025-03-29T15:59:21.697+0000] {processor.py:914} INFO - Processing file /opt/airflow/dags/saving_file.py for tasks to queue
[2025-03-29T15:59:21.699+0000] {logging_mixin.py:190} INFO - [2025-03-29T15:59:21.699+0000] {dagbag.py:588} INFO - Filling up the DagBag from /opt/airflow/dags/saving_file.py
[2025-03-29T15:59:21.839+0000] {processor.py:925} INFO - DAG(s) 'gerar_csv_dados_abertos_cnpj' retrieved from /opt/airflow/dags/saving_file.py
[2025-03-29T15:59:21.851+0000] {logging_mixin.py:190} INFO - [2025-03-29T15:59:21.851+0000] {dag.py:3239} INFO - Sync 1 DAGs
[2025-03-29T15:59:21.865+0000] {logging_mixin.py:190} INFO - [2025-03-29T15:59:21.865+0000] {dag.py:4180} INFO - Setting next_dagrun for gerar_csv_dados_abertos_cnpj to 2025-03-28 00:00:00+00:00, run_after=2025-03-29 00:00:00+00:00
[2025-03-29T15:59:21.876+0000] {processor.py:208} INFO - Processing /opt/airflow/dags/saving_file.py took 0.183 seconds
[2025-03-29T15:59:52.071+0000] {processor.py:186} INFO - Started process (PID=1804) to work on /opt/airflow/dags/saving_file.py
[2025-03-29T15:59:52.072+0000] {processor.py:914} INFO - Processing file /opt/airflow/dags/saving_file.py for tasks to queue
[2025-03-29T15:59:52.075+0000] {logging_mixin.py:190} INFO - [2025-03-29T15:59:52.074+0000] {dagbag.py:588} INFO - Filling up the DagBag from /opt/airflow/dags/saving_file.py
[2025-03-29T15:59:52.232+0000] {processor.py:925} INFO - DAG(s) 'gerar_csv_dados_abertos_cnpj' retrieved from /opt/airflow/dags/saving_file.py
[2025-03-29T15:59:52.245+0000] {logging_mixin.py:190} INFO - [2025-03-29T15:59:52.244+0000] {dag.py:3239} INFO - Sync 1 DAGs
[2025-03-29T15:59:52.257+0000] {logging_mixin.py:190} INFO - [2025-03-29T15:59:52.257+0000] {dag.py:4180} INFO - Setting next_dagrun for gerar_csv_dados_abertos_cnpj to 2025-03-28 00:00:00+00:00, run_after=2025-03-29 00:00:00+00:00
[2025-03-29T15:59:52.269+0000] {processor.py:208} INFO - Processing /opt/airflow/dags/saving_file.py took 0.202 seconds
[2025-03-29T16:00:22.459+0000] {processor.py:186} INFO - Started process (PID=1815) to work on /opt/airflow/dags/saving_file.py
[2025-03-29T16:00:22.459+0000] {processor.py:914} INFO - Processing file /opt/airflow/dags/saving_file.py for tasks to queue
[2025-03-29T16:00:22.462+0000] {logging_mixin.py:190} INFO - [2025-03-29T16:00:22.461+0000] {dagbag.py:588} INFO - Filling up the DagBag from /opt/airflow/dags/saving_file.py
[2025-03-29T16:00:22.608+0000] {processor.py:925} INFO - DAG(s) 'gerar_csv_dados_abertos_cnpj' retrieved from /opt/airflow/dags/saving_file.py
[2025-03-29T16:00:22.624+0000] {logging_mixin.py:190} INFO - [2025-03-29T16:00:22.623+0000] {dag.py:3239} INFO - Sync 1 DAGs
[2025-03-29T16:00:22.637+0000] {logging_mixin.py:190} INFO - [2025-03-29T16:00:22.637+0000] {dag.py:4180} INFO - Setting next_dagrun for gerar_csv_dados_abertos_cnpj to 2025-03-28 00:00:00+00:00, run_after=2025-03-29 00:00:00+00:00
[2025-03-29T16:00:22.654+0000] {processor.py:208} INFO - Processing /opt/airflow/dags/saving_file.py took 0.199 seconds
[2025-03-29T16:00:52.895+0000] {processor.py:186} INFO - Started process (PID=1832) to work on /opt/airflow/dags/saving_file.py
[2025-03-29T16:00:52.896+0000] {processor.py:914} INFO - Processing file /opt/airflow/dags/saving_file.py for tasks to queue
[2025-03-29T16:00:52.898+0000] {logging_mixin.py:190} INFO - [2025-03-29T16:00:52.897+0000] {dagbag.py:588} INFO - Filling up the DagBag from /opt/airflow/dags/saving_file.py
[2025-03-29T16:00:53.048+0000] {processor.py:925} INFO - DAG(s) 'gerar_csv_dados_abertos_cnpj' retrieved from /opt/airflow/dags/saving_file.py
[2025-03-29T16:00:53.067+0000] {logging_mixin.py:190} INFO - [2025-03-29T16:00:53.067+0000] {dag.py:3239} INFO - Sync 1 DAGs
[2025-03-29T16:00:53.079+0000] {logging_mixin.py:190} INFO - [2025-03-29T16:00:53.079+0000] {dag.py:4180} INFO - Setting next_dagrun for gerar_csv_dados_abertos_cnpj to 2025-03-28 00:00:00+00:00, run_after=2025-03-29 00:00:00+00:00
[2025-03-29T16:00:53.093+0000] {processor.py:208} INFO - Processing /opt/airflow/dags/saving_file.py took 0.201 seconds
[2025-03-29T16:01:23.274+0000] {processor.py:186} INFO - Started process (PID=1843) to work on /opt/airflow/dags/saving_file.py
[2025-03-29T16:01:23.275+0000] {processor.py:914} INFO - Processing file /opt/airflow/dags/saving_file.py for tasks to queue
[2025-03-29T16:01:23.280+0000] {logging_mixin.py:190} INFO - [2025-03-29T16:01:23.279+0000] {dagbag.py:588} INFO - Filling up the DagBag from /opt/airflow/dags/saving_file.py
[2025-03-29T16:01:23.420+0000] {processor.py:925} INFO - DAG(s) 'gerar_csv_dados_abertos_cnpj' retrieved from /opt/airflow/dags/saving_file.py
[2025-03-29T16:01:23.434+0000] {logging_mixin.py:190} INFO - [2025-03-29T16:01:23.433+0000] {dag.py:3239} INFO - Sync 1 DAGs
[2025-03-29T16:01:23.447+0000] {logging_mixin.py:190} INFO - [2025-03-29T16:01:23.447+0000] {dag.py:4180} INFO - Setting next_dagrun for gerar_csv_dados_abertos_cnpj to 2025-03-28 00:00:00+00:00, run_after=2025-03-29 00:00:00+00:00
[2025-03-29T16:01:23.458+0000] {processor.py:208} INFO - Processing /opt/airflow/dags/saving_file.py took 0.188 seconds
[2025-03-29T16:01:53.648+0000] {processor.py:186} INFO - Started process (PID=1854) to work on /opt/airflow/dags/saving_file.py
[2025-03-29T16:01:53.649+0000] {processor.py:914} INFO - Processing file /opt/airflow/dags/saving_file.py for tasks to queue
[2025-03-29T16:01:53.652+0000] {logging_mixin.py:190} INFO - [2025-03-29T16:01:53.652+0000] {dagbag.py:588} INFO - Filling up the DagBag from /opt/airflow/dags/saving_file.py
[2025-03-29T16:01:53.794+0000] {processor.py:925} INFO - DAG(s) 'gerar_csv_dados_abertos_cnpj' retrieved from /opt/airflow/dags/saving_file.py
[2025-03-29T16:01:53.808+0000] {logging_mixin.py:190} INFO - [2025-03-29T16:01:53.807+0000] {dag.py:3239} INFO - Sync 1 DAGs
[2025-03-29T16:01:53.822+0000] {logging_mixin.py:190} INFO - [2025-03-29T16:01:53.822+0000] {dag.py:4180} INFO - Setting next_dagrun for gerar_csv_dados_abertos_cnpj to 2025-03-28 00:00:00+00:00, run_after=2025-03-29 00:00:00+00:00
[2025-03-29T16:01:53.834+0000] {processor.py:208} INFO - Processing /opt/airflow/dags/saving_file.py took 0.189 seconds
[2025-03-29T16:02:24.024+0000] {processor.py:186} INFO - Started process (PID=1865) to work on /opt/airflow/dags/saving_file.py
[2025-03-29T16:02:24.025+0000] {processor.py:914} INFO - Processing file /opt/airflow/dags/saving_file.py for tasks to queue
[2025-03-29T16:02:24.028+0000] {logging_mixin.py:190} INFO - [2025-03-29T16:02:24.028+0000] {dagbag.py:588} INFO - Filling up the DagBag from /opt/airflow/dags/saving_file.py
[2025-03-29T16:02:24.167+0000] {processor.py:925} INFO - DAG(s) 'gerar_csv_dados_abertos_cnpj' retrieved from /opt/airflow/dags/saving_file.py
[2025-03-29T16:02:24.181+0000] {logging_mixin.py:190} INFO - [2025-03-29T16:02:24.181+0000] {dag.py:3239} INFO - Sync 1 DAGs
[2025-03-29T16:02:24.196+0000] {logging_mixin.py:190} INFO - [2025-03-29T16:02:24.195+0000] {dag.py:4180} INFO - Setting next_dagrun for gerar_csv_dados_abertos_cnpj to 2025-03-28 00:00:00+00:00, run_after=2025-03-29 00:00:00+00:00
[2025-03-29T16:02:24.206+0000] {processor.py:208} INFO - Processing /opt/airflow/dags/saving_file.py took 0.184 seconds
[2025-03-29T16:02:54.399+0000] {processor.py:186} INFO - Started process (PID=1876) to work on /opt/airflow/dags/saving_file.py
[2025-03-29T16:02:54.400+0000] {processor.py:914} INFO - Processing file /opt/airflow/dags/saving_file.py for tasks to queue
[2025-03-29T16:02:54.403+0000] {logging_mixin.py:190} INFO - [2025-03-29T16:02:54.402+0000] {dagbag.py:588} INFO - Filling up the DagBag from /opt/airflow/dags/saving_file.py
[2025-03-29T16:02:54.545+0000] {processor.py:925} INFO - DAG(s) 'gerar_csv_dados_abertos_cnpj' retrieved from /opt/airflow/dags/saving_file.py
[2025-03-29T16:02:54.561+0000] {logging_mixin.py:190} INFO - [2025-03-29T16:02:54.561+0000] {dag.py:3239} INFO - Sync 1 DAGs
[2025-03-29T16:02:54.575+0000] {logging_mixin.py:190} INFO - [2025-03-29T16:02:54.575+0000] {dag.py:4180} INFO - Setting next_dagrun for gerar_csv_dados_abertos_cnpj to 2025-03-28 00:00:00+00:00, run_after=2025-03-29 00:00:00+00:00
[2025-03-29T16:02:54.586+0000] {processor.py:208} INFO - Processing /opt/airflow/dags/saving_file.py took 0.190 seconds
[2025-03-29T16:03:24.777+0000] {processor.py:186} INFO - Started process (PID=1887) to work on /opt/airflow/dags/saving_file.py
[2025-03-29T16:03:24.779+0000] {processor.py:914} INFO - Processing file /opt/airflow/dags/saving_file.py for tasks to queue
[2025-03-29T16:03:24.781+0000] {logging_mixin.py:190} INFO - [2025-03-29T16:03:24.780+0000] {dagbag.py:588} INFO - Filling up the DagBag from /opt/airflow/dags/saving_file.py
[2025-03-29T16:03:24.924+0000] {processor.py:925} INFO - DAG(s) 'gerar_csv_dados_abertos_cnpj' retrieved from /opt/airflow/dags/saving_file.py
[2025-03-29T16:03:24.939+0000] {logging_mixin.py:190} INFO - [2025-03-29T16:03:24.939+0000] {dag.py:3239} INFO - Sync 1 DAGs
[2025-03-29T16:03:24.951+0000] {logging_mixin.py:190} INFO - [2025-03-29T16:03:24.951+0000] {dag.py:4180} INFO - Setting next_dagrun for gerar_csv_dados_abertos_cnpj to 2025-03-28 00:00:00+00:00, run_after=2025-03-29 00:00:00+00:00
[2025-03-29T16:03:24.964+0000] {processor.py:208} INFO - Processing /opt/airflow/dags/saving_file.py took 0.189 seconds
[2025-03-29T16:03:55.122+0000] {processor.py:186} INFO - Started process (PID=1898) to work on /opt/airflow/dags/saving_file.py
[2025-03-29T16:03:55.122+0000] {processor.py:914} INFO - Processing file /opt/airflow/dags/saving_file.py for tasks to queue
[2025-03-29T16:03:55.124+0000] {logging_mixin.py:190} INFO - [2025-03-29T16:03:55.124+0000] {dagbag.py:588} INFO - Filling up the DagBag from /opt/airflow/dags/saving_file.py
[2025-03-29T16:03:55.267+0000] {processor.py:925} INFO - DAG(s) 'gerar_csv_dados_abertos_cnpj' retrieved from /opt/airflow/dags/saving_file.py
[2025-03-29T16:03:55.280+0000] {logging_mixin.py:190} INFO - [2025-03-29T16:03:55.280+0000] {dag.py:3239} INFO - Sync 1 DAGs
[2025-03-29T16:03:55.291+0000] {logging_mixin.py:190} INFO - [2025-03-29T16:03:55.291+0000] {dag.py:4180} INFO - Setting next_dagrun for gerar_csv_dados_abertos_cnpj to 2025-03-28 00:00:00+00:00, run_after=2025-03-29 00:00:00+00:00
[2025-03-29T16:03:55.305+0000] {processor.py:208} INFO - Processing /opt/airflow/dags/saving_file.py took 0.187 seconds
[2025-03-29T16:04:25.507+0000] {processor.py:186} INFO - Started process (PID=1909) to work on /opt/airflow/dags/saving_file.py
[2025-03-29T16:04:25.508+0000] {processor.py:914} INFO - Processing file /opt/airflow/dags/saving_file.py for tasks to queue
[2025-03-29T16:04:25.511+0000] {logging_mixin.py:190} INFO - [2025-03-29T16:04:25.511+0000] {dagbag.py:588} INFO - Filling up the DagBag from /opt/airflow/dags/saving_file.py
[2025-03-29T16:04:25.654+0000] {processor.py:925} INFO - DAG(s) 'gerar_csv_dados_abertos_cnpj' retrieved from /opt/airflow/dags/saving_file.py
[2025-03-29T16:04:25.668+0000] {logging_mixin.py:190} INFO - [2025-03-29T16:04:25.668+0000] {dag.py:3239} INFO - Sync 1 DAGs
[2025-03-29T16:04:25.682+0000] {logging_mixin.py:190} INFO - [2025-03-29T16:04:25.682+0000] {dag.py:4180} INFO - Setting next_dagrun for gerar_csv_dados_abertos_cnpj to 2025-03-28 00:00:00+00:00, run_after=2025-03-29 00:00:00+00:00
[2025-03-29T16:04:25.696+0000] {processor.py:208} INFO - Processing /opt/airflow/dags/saving_file.py took 0.191 seconds
[2025-03-29T16:04:55.876+0000] {processor.py:186} INFO - Started process (PID=1920) to work on /opt/airflow/dags/saving_file.py
[2025-03-29T16:04:55.877+0000] {processor.py:914} INFO - Processing file /opt/airflow/dags/saving_file.py for tasks to queue
[2025-03-29T16:04:55.880+0000] {logging_mixin.py:190} INFO - [2025-03-29T16:04:55.880+0000] {dagbag.py:588} INFO - Filling up the DagBag from /opt/airflow/dags/saving_file.py
[2025-03-29T16:04:56.022+0000] {processor.py:925} INFO - DAG(s) 'gerar_csv_dados_abertos_cnpj' retrieved from /opt/airflow/dags/saving_file.py
[2025-03-29T16:04:56.034+0000] {logging_mixin.py:190} INFO - [2025-03-29T16:04:56.034+0000] {dag.py:3239} INFO - Sync 1 DAGs
[2025-03-29T16:04:56.047+0000] {logging_mixin.py:190} INFO - [2025-03-29T16:04:56.047+0000] {dag.py:4180} INFO - Setting next_dagrun for gerar_csv_dados_abertos_cnpj to 2025-03-28 00:00:00+00:00, run_after=2025-03-29 00:00:00+00:00
[2025-03-29T16:04:56.060+0000] {processor.py:208} INFO - Processing /opt/airflow/dags/saving_file.py took 0.187 seconds
[2025-03-29T16:05:26.290+0000] {processor.py:186} INFO - Started process (PID=1931) to work on /opt/airflow/dags/saving_file.py
[2025-03-29T16:05:26.291+0000] {processor.py:914} INFO - Processing file /opt/airflow/dags/saving_file.py for tasks to queue
[2025-03-29T16:05:26.293+0000] {logging_mixin.py:190} INFO - [2025-03-29T16:05:26.293+0000] {dagbag.py:588} INFO - Filling up the DagBag from /opt/airflow/dags/saving_file.py
[2025-03-29T16:05:26.436+0000] {processor.py:925} INFO - DAG(s) 'gerar_csv_dados_abertos_cnpj' retrieved from /opt/airflow/dags/saving_file.py
[2025-03-29T16:05:26.449+0000] {logging_mixin.py:190} INFO - [2025-03-29T16:05:26.448+0000] {dag.py:3239} INFO - Sync 1 DAGs
[2025-03-29T16:05:26.460+0000] {logging_mixin.py:190} INFO - [2025-03-29T16:05:26.460+0000] {dag.py:4180} INFO - Setting next_dagrun for gerar_csv_dados_abertos_cnpj to 2025-03-28 00:00:00+00:00, run_after=2025-03-29 00:00:00+00:00
[2025-03-29T16:05:26.470+0000] {processor.py:208} INFO - Processing /opt/airflow/dags/saving_file.py took 0.183 seconds
[2025-03-29T16:05:56.661+0000] {processor.py:186} INFO - Started process (PID=1942) to work on /opt/airflow/dags/saving_file.py
[2025-03-29T16:05:56.661+0000] {processor.py:914} INFO - Processing file /opt/airflow/dags/saving_file.py for tasks to queue
[2025-03-29T16:05:56.663+0000] {logging_mixin.py:190} INFO - [2025-03-29T16:05:56.663+0000] {dagbag.py:588} INFO - Filling up the DagBag from /opt/airflow/dags/saving_file.py
[2025-03-29T16:05:56.805+0000] {processor.py:925} INFO - DAG(s) 'gerar_csv_dados_abertos_cnpj' retrieved from /opt/airflow/dags/saving_file.py
[2025-03-29T16:05:56.821+0000] {logging_mixin.py:190} INFO - [2025-03-29T16:05:56.820+0000] {dag.py:3239} INFO - Sync 1 DAGs
[2025-03-29T16:05:56.833+0000] {logging_mixin.py:190} INFO - [2025-03-29T16:05:56.832+0000] {dag.py:4180} INFO - Setting next_dagrun for gerar_csv_dados_abertos_cnpj to 2025-03-28 00:00:00+00:00, run_after=2025-03-29 00:00:00+00:00
[2025-03-29T16:05:56.845+0000] {processor.py:208} INFO - Processing /opt/airflow/dags/saving_file.py took 0.188 seconds
[2025-03-29T16:06:27.025+0000] {processor.py:186} INFO - Started process (PID=1953) to work on /opt/airflow/dags/saving_file.py
[2025-03-29T16:06:27.025+0000] {processor.py:914} INFO - Processing file /opt/airflow/dags/saving_file.py for tasks to queue
[2025-03-29T16:06:27.027+0000] {logging_mixin.py:190} INFO - [2025-03-29T16:06:27.027+0000] {dagbag.py:588} INFO - Filling up the DagBag from /opt/airflow/dags/saving_file.py
[2025-03-29T16:06:27.174+0000] {processor.py:925} INFO - DAG(s) 'gerar_csv_dados_abertos_cnpj' retrieved from /opt/airflow/dags/saving_file.py
[2025-03-29T16:06:27.189+0000] {logging_mixin.py:190} INFO - [2025-03-29T16:06:27.188+0000] {dag.py:3239} INFO - Sync 1 DAGs
[2025-03-29T16:06:27.200+0000] {logging_mixin.py:190} INFO - [2025-03-29T16:06:27.200+0000] {dag.py:4180} INFO - Setting next_dagrun for gerar_csv_dados_abertos_cnpj to 2025-03-28 00:00:00+00:00, run_after=2025-03-29 00:00:00+00:00
[2025-03-29T16:06:27.210+0000] {processor.py:208} INFO - Processing /opt/airflow/dags/saving_file.py took 0.188 seconds
[2025-03-29T16:06:57.411+0000] {processor.py:186} INFO - Started process (PID=1964) to work on /opt/airflow/dags/saving_file.py
[2025-03-29T16:06:57.413+0000] {processor.py:914} INFO - Processing file /opt/airflow/dags/saving_file.py for tasks to queue
[2025-03-29T16:06:57.415+0000] {logging_mixin.py:190} INFO - [2025-03-29T16:06:57.414+0000] {dagbag.py:588} INFO - Filling up the DagBag from /opt/airflow/dags/saving_file.py
[2025-03-29T16:06:57.562+0000] {processor.py:925} INFO - DAG(s) 'gerar_csv_dados_abertos_cnpj' retrieved from /opt/airflow/dags/saving_file.py
[2025-03-29T16:06:57.577+0000] {logging_mixin.py:190} INFO - [2025-03-29T16:06:57.577+0000] {dag.py:3239} INFO - Sync 1 DAGs
[2025-03-29T16:06:57.590+0000] {logging_mixin.py:190} INFO - [2025-03-29T16:06:57.590+0000] {dag.py:4180} INFO - Setting next_dagrun for gerar_csv_dados_abertos_cnpj to 2025-03-28 00:00:00+00:00, run_after=2025-03-29 00:00:00+00:00
[2025-03-29T16:06:57.602+0000] {processor.py:208} INFO - Processing /opt/airflow/dags/saving_file.py took 0.194 seconds
[2025-03-29T16:07:27.772+0000] {processor.py:186} INFO - Started process (PID=1975) to work on /opt/airflow/dags/saving_file.py
[2025-03-29T16:07:27.773+0000] {processor.py:914} INFO - Processing file /opt/airflow/dags/saving_file.py for tasks to queue
[2025-03-29T16:07:27.774+0000] {logging_mixin.py:190} INFO - [2025-03-29T16:07:27.774+0000] {dagbag.py:588} INFO - Filling up the DagBag from /opt/airflow/dags/saving_file.py
[2025-03-29T16:07:27.921+0000] {processor.py:925} INFO - DAG(s) 'gerar_csv_dados_abertos_cnpj' retrieved from /opt/airflow/dags/saving_file.py
[2025-03-29T16:07:27.935+0000] {logging_mixin.py:190} INFO - [2025-03-29T16:07:27.934+0000] {dag.py:3239} INFO - Sync 1 DAGs
[2025-03-29T16:07:27.948+0000] {logging_mixin.py:190} INFO - [2025-03-29T16:07:27.947+0000] {dag.py:4180} INFO - Setting next_dagrun for gerar_csv_dados_abertos_cnpj to 2025-03-28 00:00:00+00:00, run_after=2025-03-29 00:00:00+00:00
[2025-03-29T16:07:27.957+0000] {processor.py:208} INFO - Processing /opt/airflow/dags/saving_file.py took 0.188 seconds
[2025-03-29T16:07:58.158+0000] {processor.py:186} INFO - Started process (PID=1986) to work on /opt/airflow/dags/saving_file.py
[2025-03-29T16:07:58.159+0000] {processor.py:914} INFO - Processing file /opt/airflow/dags/saving_file.py for tasks to queue
[2025-03-29T16:07:58.160+0000] {logging_mixin.py:190} INFO - [2025-03-29T16:07:58.160+0000] {dagbag.py:588} INFO - Filling up the DagBag from /opt/airflow/dags/saving_file.py
[2025-03-29T16:07:58.301+0000] {processor.py:925} INFO - DAG(s) 'gerar_csv_dados_abertos_cnpj' retrieved from /opt/airflow/dags/saving_file.py
[2025-03-29T16:07:58.315+0000] {logging_mixin.py:190} INFO - [2025-03-29T16:07:58.314+0000] {dag.py:3239} INFO - Sync 1 DAGs
[2025-03-29T16:07:58.328+0000] {logging_mixin.py:190} INFO - [2025-03-29T16:07:58.328+0000] {dag.py:4180} INFO - Setting next_dagrun for gerar_csv_dados_abertos_cnpj to 2025-03-28 00:00:00+00:00, run_after=2025-03-29 00:00:00+00:00
[2025-03-29T16:07:58.339+0000] {processor.py:208} INFO - Processing /opt/airflow/dags/saving_file.py took 0.184 seconds
[2025-03-29T16:08:28.520+0000] {processor.py:186} INFO - Started process (PID=1997) to work on /opt/airflow/dags/saving_file.py
[2025-03-29T16:08:28.521+0000] {processor.py:914} INFO - Processing file /opt/airflow/dags/saving_file.py for tasks to queue
[2025-03-29T16:08:28.523+0000] {logging_mixin.py:190} INFO - [2025-03-29T16:08:28.523+0000] {dagbag.py:588} INFO - Filling up the DagBag from /opt/airflow/dags/saving_file.py
[2025-03-29T16:08:28.666+0000] {processor.py:925} INFO - DAG(s) 'gerar_csv_dados_abertos_cnpj' retrieved from /opt/airflow/dags/saving_file.py
[2025-03-29T16:08:28.679+0000] {logging_mixin.py:190} INFO - [2025-03-29T16:08:28.678+0000] {dag.py:3239} INFO - Sync 1 DAGs
[2025-03-29T16:08:28.691+0000] {logging_mixin.py:190} INFO - [2025-03-29T16:08:28.691+0000] {dag.py:4180} INFO - Setting next_dagrun for gerar_csv_dados_abertos_cnpj to 2025-03-28 00:00:00+00:00, run_after=2025-03-29 00:00:00+00:00
[2025-03-29T16:08:28.701+0000] {processor.py:208} INFO - Processing /opt/airflow/dags/saving_file.py took 0.184 seconds
[2025-03-29T16:08:58.889+0000] {processor.py:186} INFO - Started process (PID=2008) to work on /opt/airflow/dags/saving_file.py
[2025-03-29T16:08:58.890+0000] {processor.py:914} INFO - Processing file /opt/airflow/dags/saving_file.py for tasks to queue
[2025-03-29T16:08:58.892+0000] {logging_mixin.py:190} INFO - [2025-03-29T16:08:58.891+0000] {dagbag.py:588} INFO - Filling up the DagBag from /opt/airflow/dags/saving_file.py
[2025-03-29T16:08:59.032+0000] {processor.py:925} INFO - DAG(s) 'gerar_csv_dados_abertos_cnpj' retrieved from /opt/airflow/dags/saving_file.py
[2025-03-29T16:08:59.045+0000] {logging_mixin.py:190} INFO - [2025-03-29T16:08:59.045+0000] {dag.py:3239} INFO - Sync 1 DAGs
[2025-03-29T16:08:59.058+0000] {logging_mixin.py:190} INFO - [2025-03-29T16:08:59.058+0000] {dag.py:4180} INFO - Setting next_dagrun for gerar_csv_dados_abertos_cnpj to 2025-03-28 00:00:00+00:00, run_after=2025-03-29 00:00:00+00:00
[2025-03-29T16:08:59.069+0000] {processor.py:208} INFO - Processing /opt/airflow/dags/saving_file.py took 0.183 seconds
[2025-03-29T16:09:29.254+0000] {processor.py:186} INFO - Started process (PID=2019) to work on /opt/airflow/dags/saving_file.py
[2025-03-29T16:09:29.255+0000] {processor.py:914} INFO - Processing file /opt/airflow/dags/saving_file.py for tasks to queue
[2025-03-29T16:09:29.257+0000] {logging_mixin.py:190} INFO - [2025-03-29T16:09:29.257+0000] {dagbag.py:588} INFO - Filling up the DagBag from /opt/airflow/dags/saving_file.py
[2025-03-29T16:09:29.399+0000] {processor.py:925} INFO - DAG(s) 'gerar_csv_dados_abertos_cnpj' retrieved from /opt/airflow/dags/saving_file.py
[2025-03-29T16:09:29.411+0000] {logging_mixin.py:190} INFO - [2025-03-29T16:09:29.411+0000] {dag.py:3239} INFO - Sync 1 DAGs
[2025-03-29T16:09:29.423+0000] {logging_mixin.py:190} INFO - [2025-03-29T16:09:29.422+0000] {dag.py:4180} INFO - Setting next_dagrun for gerar_csv_dados_abertos_cnpj to 2025-03-28 00:00:00+00:00, run_after=2025-03-29 00:00:00+00:00
[2025-03-29T16:09:29.432+0000] {processor.py:208} INFO - Processing /opt/airflow/dags/saving_file.py took 0.181 seconds
[2025-03-29T16:09:59.620+0000] {processor.py:186} INFO - Started process (PID=2029) to work on /opt/airflow/dags/saving_file.py
[2025-03-29T16:09:59.621+0000] {processor.py:914} INFO - Processing file /opt/airflow/dags/saving_file.py for tasks to queue
[2025-03-29T16:09:59.624+0000] {logging_mixin.py:190} INFO - [2025-03-29T16:09:59.624+0000] {dagbag.py:588} INFO - Filling up the DagBag from /opt/airflow/dags/saving_file.py
[2025-03-29T16:09:59.765+0000] {processor.py:925} INFO - DAG(s) 'gerar_csv_dados_abertos_cnpj' retrieved from /opt/airflow/dags/saving_file.py
[2025-03-29T16:09:59.778+0000] {logging_mixin.py:190} INFO - [2025-03-29T16:09:59.778+0000] {dag.py:3239} INFO - Sync 1 DAGs
[2025-03-29T16:09:59.790+0000] {logging_mixin.py:190} INFO - [2025-03-29T16:09:59.790+0000] {dag.py:4180} INFO - Setting next_dagrun for gerar_csv_dados_abertos_cnpj to 2025-03-28 00:00:00+00:00, run_after=2025-03-29 00:00:00+00:00
[2025-03-29T16:09:59.799+0000] {processor.py:208} INFO - Processing /opt/airflow/dags/saving_file.py took 0.182 seconds
[2025-03-29T16:10:30.049+0000] {processor.py:186} INFO - Started process (PID=2040) to work on /opt/airflow/dags/saving_file.py
[2025-03-29T16:10:30.050+0000] {processor.py:914} INFO - Processing file /opt/airflow/dags/saving_file.py for tasks to queue
[2025-03-29T16:10:30.053+0000] {logging_mixin.py:190} INFO - [2025-03-29T16:10:30.052+0000] {dagbag.py:588} INFO - Filling up the DagBag from /opt/airflow/dags/saving_file.py
[2025-03-29T16:10:30.195+0000] {processor.py:925} INFO - DAG(s) 'gerar_csv_dados_abertos_cnpj' retrieved from /opt/airflow/dags/saving_file.py
[2025-03-29T16:10:30.209+0000] {logging_mixin.py:190} INFO - [2025-03-29T16:10:30.209+0000] {dag.py:3239} INFO - Sync 1 DAGs
[2025-03-29T16:10:30.222+0000] {logging_mixin.py:190} INFO - [2025-03-29T16:10:30.222+0000] {dag.py:4180} INFO - Setting next_dagrun for gerar_csv_dados_abertos_cnpj to 2025-03-28 00:00:00+00:00, run_after=2025-03-29 00:00:00+00:00
[2025-03-29T16:10:30.232+0000] {processor.py:208} INFO - Processing /opt/airflow/dags/saving_file.py took 0.185 seconds
[2025-03-29T16:11:00.416+0000] {processor.py:186} INFO - Started process (PID=2051) to work on /opt/airflow/dags/saving_file.py
[2025-03-29T16:11:00.417+0000] {processor.py:914} INFO - Processing file /opt/airflow/dags/saving_file.py for tasks to queue
[2025-03-29T16:11:00.419+0000] {logging_mixin.py:190} INFO - [2025-03-29T16:11:00.419+0000] {dagbag.py:588} INFO - Filling up the DagBag from /opt/airflow/dags/saving_file.py
[2025-03-29T16:11:00.574+0000] {processor.py:925} INFO - DAG(s) 'gerar_csv_dados_abertos_cnpj' retrieved from /opt/airflow/dags/saving_file.py
[2025-03-29T16:11:00.589+0000] {logging_mixin.py:190} INFO - [2025-03-29T16:11:00.589+0000] {dag.py:3239} INFO - Sync 1 DAGs
[2025-03-29T16:11:00.602+0000] {logging_mixin.py:190} INFO - [2025-03-29T16:11:00.601+0000] {dag.py:4180} INFO - Setting next_dagrun for gerar_csv_dados_abertos_cnpj to 2025-03-28 00:00:00+00:00, run_after=2025-03-29 00:00:00+00:00
[2025-03-29T16:11:00.613+0000] {processor.py:208} INFO - Processing /opt/airflow/dags/saving_file.py took 0.201 seconds
[2025-03-29T16:11:30.801+0000] {processor.py:186} INFO - Started process (PID=2062) to work on /opt/airflow/dags/saving_file.py
[2025-03-29T16:11:30.803+0000] {processor.py:914} INFO - Processing file /opt/airflow/dags/saving_file.py for tasks to queue
[2025-03-29T16:11:30.805+0000] {logging_mixin.py:190} INFO - [2025-03-29T16:11:30.805+0000] {dagbag.py:588} INFO - Filling up the DagBag from /opt/airflow/dags/saving_file.py
[2025-03-29T16:11:30.955+0000] {processor.py:925} INFO - DAG(s) 'gerar_csv_dados_abertos_cnpj' retrieved from /opt/airflow/dags/saving_file.py
[2025-03-29T16:11:30.968+0000] {logging_mixin.py:190} INFO - [2025-03-29T16:11:30.968+0000] {dag.py:3239} INFO - Sync 1 DAGs
[2025-03-29T16:11:30.980+0000] {logging_mixin.py:190} INFO - [2025-03-29T16:11:30.980+0000] {dag.py:4180} INFO - Setting next_dagrun for gerar_csv_dados_abertos_cnpj to 2025-03-28 00:00:00+00:00, run_after=2025-03-29 00:00:00+00:00
[2025-03-29T16:11:30.991+0000] {processor.py:208} INFO - Processing /opt/airflow/dags/saving_file.py took 0.192 seconds
[2025-03-29T16:12:01.181+0000] {processor.py:186} INFO - Started process (PID=2073) to work on /opt/airflow/dags/saving_file.py
[2025-03-29T16:12:01.182+0000] {processor.py:914} INFO - Processing file /opt/airflow/dags/saving_file.py for tasks to queue
[2025-03-29T16:12:01.185+0000] {logging_mixin.py:190} INFO - [2025-03-29T16:12:01.185+0000] {dagbag.py:588} INFO - Filling up the DagBag from /opt/airflow/dags/saving_file.py
[2025-03-29T16:12:01.324+0000] {processor.py:925} INFO - DAG(s) 'gerar_csv_dados_abertos_cnpj' retrieved from /opt/airflow/dags/saving_file.py
[2025-03-29T16:12:01.337+0000] {logging_mixin.py:190} INFO - [2025-03-29T16:12:01.337+0000] {dag.py:3239} INFO - Sync 1 DAGs
[2025-03-29T16:12:01.348+0000] {logging_mixin.py:190} INFO - [2025-03-29T16:12:01.348+0000] {dag.py:4180} INFO - Setting next_dagrun for gerar_csv_dados_abertos_cnpj to 2025-03-28 00:00:00+00:00, run_after=2025-03-29 00:00:00+00:00
[2025-03-29T16:12:01.358+0000] {processor.py:208} INFO - Processing /opt/airflow/dags/saving_file.py took 0.179 seconds
[2025-03-29T16:12:31.555+0000] {processor.py:186} INFO - Started process (PID=2084) to work on /opt/airflow/dags/saving_file.py
[2025-03-29T16:12:31.556+0000] {processor.py:914} INFO - Processing file /opt/airflow/dags/saving_file.py for tasks to queue
[2025-03-29T16:12:31.559+0000] {logging_mixin.py:190} INFO - [2025-03-29T16:12:31.559+0000] {dagbag.py:588} INFO - Filling up the DagBag from /opt/airflow/dags/saving_file.py
[2025-03-29T16:12:31.705+0000] {processor.py:925} INFO - DAG(s) 'gerar_csv_dados_abertos_cnpj' retrieved from /opt/airflow/dags/saving_file.py
[2025-03-29T16:12:31.719+0000] {logging_mixin.py:190} INFO - [2025-03-29T16:12:31.719+0000] {dag.py:3239} INFO - Sync 1 DAGs
[2025-03-29T16:12:31.733+0000] {logging_mixin.py:190} INFO - [2025-03-29T16:12:31.733+0000] {dag.py:4180} INFO - Setting next_dagrun for gerar_csv_dados_abertos_cnpj to 2025-03-28 00:00:00+00:00, run_after=2025-03-29 00:00:00+00:00
[2025-03-29T16:12:31.744+0000] {processor.py:208} INFO - Processing /opt/airflow/dags/saving_file.py took 0.191 seconds
[2025-03-29T16:13:01.927+0000] {processor.py:186} INFO - Started process (PID=2095) to work on /opt/airflow/dags/saving_file.py
[2025-03-29T16:13:01.928+0000] {processor.py:914} INFO - Processing file /opt/airflow/dags/saving_file.py for tasks to queue
[2025-03-29T16:13:01.931+0000] {logging_mixin.py:190} INFO - [2025-03-29T16:13:01.931+0000] {dagbag.py:588} INFO - Filling up the DagBag from /opt/airflow/dags/saving_file.py
[2025-03-29T16:13:02.070+0000] {processor.py:925} INFO - DAG(s) 'gerar_csv_dados_abertos_cnpj' retrieved from /opt/airflow/dags/saving_file.py
[2025-03-29T16:13:02.082+0000] {logging_mixin.py:190} INFO - [2025-03-29T16:13:02.082+0000] {dag.py:3239} INFO - Sync 1 DAGs
[2025-03-29T16:13:02.095+0000] {logging_mixin.py:190} INFO - [2025-03-29T16:13:02.094+0000] {dag.py:4180} INFO - Setting next_dagrun for gerar_csv_dados_abertos_cnpj to 2025-03-28 00:00:00+00:00, run_after=2025-03-29 00:00:00+00:00
[2025-03-29T16:13:02.104+0000] {processor.py:208} INFO - Processing /opt/airflow/dags/saving_file.py took 0.180 seconds
[2025-03-29T16:13:32.300+0000] {processor.py:186} INFO - Started process (PID=2106) to work on /opt/airflow/dags/saving_file.py
[2025-03-29T16:13:32.301+0000] {processor.py:914} INFO - Processing file /opt/airflow/dags/saving_file.py for tasks to queue
[2025-03-29T16:13:32.302+0000] {logging_mixin.py:190} INFO - [2025-03-29T16:13:32.302+0000] {dagbag.py:588} INFO - Filling up the DagBag from /opt/airflow/dags/saving_file.py
[2025-03-29T16:13:32.451+0000] {processor.py:925} INFO - DAG(s) 'gerar_csv_dados_abertos_cnpj' retrieved from /opt/airflow/dags/saving_file.py
[2025-03-29T16:13:32.465+0000] {logging_mixin.py:190} INFO - [2025-03-29T16:13:32.465+0000] {dag.py:3239} INFO - Sync 1 DAGs
[2025-03-29T16:13:32.478+0000] {logging_mixin.py:190} INFO - [2025-03-29T16:13:32.478+0000] {dag.py:4180} INFO - Setting next_dagrun for gerar_csv_dados_abertos_cnpj to 2025-03-28 00:00:00+00:00, run_after=2025-03-29 00:00:00+00:00
[2025-03-29T16:13:32.489+0000] {processor.py:208} INFO - Processing /opt/airflow/dags/saving_file.py took 0.192 seconds
[2025-03-29T16:14:02.691+0000] {processor.py:186} INFO - Started process (PID=2117) to work on /opt/airflow/dags/saving_file.py
[2025-03-29T16:14:02.692+0000] {processor.py:914} INFO - Processing file /opt/airflow/dags/saving_file.py for tasks to queue
[2025-03-29T16:14:02.694+0000] {logging_mixin.py:190} INFO - [2025-03-29T16:14:02.693+0000] {dagbag.py:588} INFO - Filling up the DagBag from /opt/airflow/dags/saving_file.py
[2025-03-29T16:14:02.841+0000] {processor.py:925} INFO - DAG(s) 'gerar_csv_dados_abertos_cnpj' retrieved from /opt/airflow/dags/saving_file.py
[2025-03-29T16:14:02.861+0000] {logging_mixin.py:190} INFO - [2025-03-29T16:14:02.861+0000] {dag.py:3239} INFO - Sync 1 DAGs
[2025-03-29T16:14:02.881+0000] {logging_mixin.py:190} INFO - [2025-03-29T16:14:02.881+0000] {dag.py:4180} INFO - Setting next_dagrun for gerar_csv_dados_abertos_cnpj to 2025-03-28 00:00:00+00:00, run_after=2025-03-29 00:00:00+00:00
[2025-03-29T16:14:02.897+0000] {processor.py:208} INFO - Processing /opt/airflow/dags/saving_file.py took 0.209 seconds
[2025-03-29T16:14:33.084+0000] {processor.py:186} INFO - Started process (PID=2128) to work on /opt/airflow/dags/saving_file.py
[2025-03-29T16:14:33.085+0000] {processor.py:914} INFO - Processing file /opt/airflow/dags/saving_file.py for tasks to queue
[2025-03-29T16:14:33.087+0000] {logging_mixin.py:190} INFO - [2025-03-29T16:14:33.087+0000] {dagbag.py:588} INFO - Filling up the DagBag from /opt/airflow/dags/saving_file.py
[2025-03-29T16:14:33.234+0000] {processor.py:925} INFO - DAG(s) 'gerar_csv_dados_abertos_cnpj' retrieved from /opt/airflow/dags/saving_file.py
[2025-03-29T16:14:33.249+0000] {logging_mixin.py:190} INFO - [2025-03-29T16:14:33.248+0000] {dag.py:3239} INFO - Sync 1 DAGs
[2025-03-29T16:14:33.261+0000] {logging_mixin.py:190} INFO - [2025-03-29T16:14:33.260+0000] {dag.py:4180} INFO - Setting next_dagrun for gerar_csv_dados_abertos_cnpj to 2025-03-28 00:00:00+00:00, run_after=2025-03-29 00:00:00+00:00
[2025-03-29T16:14:33.270+0000] {processor.py:208} INFO - Processing /opt/airflow/dags/saving_file.py took 0.189 seconds
[2025-03-29T16:15:03.468+0000] {processor.py:186} INFO - Started process (PID=2139) to work on /opt/airflow/dags/saving_file.py
[2025-03-29T16:15:03.469+0000] {processor.py:914} INFO - Processing file /opt/airflow/dags/saving_file.py for tasks to queue
[2025-03-29T16:15:03.472+0000] {logging_mixin.py:190} INFO - [2025-03-29T16:15:03.472+0000] {dagbag.py:588} INFO - Filling up the DagBag from /opt/airflow/dags/saving_file.py
[2025-03-29T16:15:03.612+0000] {processor.py:925} INFO - DAG(s) 'gerar_csv_dados_abertos_cnpj' retrieved from /opt/airflow/dags/saving_file.py
[2025-03-29T16:15:03.626+0000] {logging_mixin.py:190} INFO - [2025-03-29T16:15:03.626+0000] {dag.py:3239} INFO - Sync 1 DAGs
[2025-03-29T16:15:03.638+0000] {logging_mixin.py:190} INFO - [2025-03-29T16:15:03.638+0000] {dag.py:4180} INFO - Setting next_dagrun for gerar_csv_dados_abertos_cnpj to 2025-03-28 00:00:00+00:00, run_after=2025-03-29 00:00:00+00:00
[2025-03-29T16:15:03.649+0000] {processor.py:208} INFO - Processing /opt/airflow/dags/saving_file.py took 0.184 seconds
[2025-03-29T16:15:33.890+0000] {processor.py:186} INFO - Started process (PID=2150) to work on /opt/airflow/dags/saving_file.py
[2025-03-29T16:15:33.891+0000] {processor.py:914} INFO - Processing file /opt/airflow/dags/saving_file.py for tasks to queue
[2025-03-29T16:15:33.893+0000] {logging_mixin.py:190} INFO - [2025-03-29T16:15:33.893+0000] {dagbag.py:588} INFO - Filling up the DagBag from /opt/airflow/dags/saving_file.py
[2025-03-29T16:15:34.037+0000] {processor.py:925} INFO - DAG(s) 'gerar_csv_dados_abertos_cnpj' retrieved from /opt/airflow/dags/saving_file.py
[2025-03-29T16:15:34.049+0000] {logging_mixin.py:190} INFO - [2025-03-29T16:15:34.049+0000] {dag.py:3239} INFO - Sync 1 DAGs
[2025-03-29T16:15:34.063+0000] {logging_mixin.py:190} INFO - [2025-03-29T16:15:34.063+0000] {dag.py:4180} INFO - Setting next_dagrun for gerar_csv_dados_abertos_cnpj to 2025-03-28 00:00:00+00:00, run_after=2025-03-29 00:00:00+00:00
[2025-03-29T16:15:34.074+0000] {processor.py:208} INFO - Processing /opt/airflow/dags/saving_file.py took 0.187 seconds
[2025-03-29T16:16:04.265+0000] {processor.py:186} INFO - Started process (PID=2161) to work on /opt/airflow/dags/saving_file.py
[2025-03-29T16:16:04.266+0000] {processor.py:914} INFO - Processing file /opt/airflow/dags/saving_file.py for tasks to queue
[2025-03-29T16:16:04.268+0000] {logging_mixin.py:190} INFO - [2025-03-29T16:16:04.267+0000] {dagbag.py:588} INFO - Filling up the DagBag from /opt/airflow/dags/saving_file.py
[2025-03-29T16:16:04.420+0000] {processor.py:925} INFO - DAG(s) 'gerar_csv_dados_abertos_cnpj' retrieved from /opt/airflow/dags/saving_file.py
[2025-03-29T16:16:04.433+0000] {logging_mixin.py:190} INFO - [2025-03-29T16:16:04.433+0000] {dag.py:3239} INFO - Sync 1 DAGs
[2025-03-29T16:16:04.445+0000] {logging_mixin.py:190} INFO - [2025-03-29T16:16:04.445+0000] {dag.py:4180} INFO - Setting next_dagrun for gerar_csv_dados_abertos_cnpj to 2025-03-28 00:00:00+00:00, run_after=2025-03-29 00:00:00+00:00
[2025-03-29T16:16:04.456+0000] {processor.py:208} INFO - Processing /opt/airflow/dags/saving_file.py took 0.194 seconds
[2025-03-29T16:16:34.644+0000] {processor.py:186} INFO - Started process (PID=2172) to work on /opt/airflow/dags/saving_file.py
[2025-03-29T16:16:34.645+0000] {processor.py:914} INFO - Processing file /opt/airflow/dags/saving_file.py for tasks to queue
[2025-03-29T16:16:34.648+0000] {logging_mixin.py:190} INFO - [2025-03-29T16:16:34.647+0000] {dagbag.py:588} INFO - Filling up the DagBag from /opt/airflow/dags/saving_file.py
[2025-03-29T16:16:34.794+0000] {processor.py:925} INFO - DAG(s) 'gerar_csv_dados_abertos_cnpj' retrieved from /opt/airflow/dags/saving_file.py
[2025-03-29T16:16:34.808+0000] {logging_mixin.py:190} INFO - [2025-03-29T16:16:34.807+0000] {dag.py:3239} INFO - Sync 1 DAGs
[2025-03-29T16:16:34.820+0000] {logging_mixin.py:190} INFO - [2025-03-29T16:16:34.820+0000] {dag.py:4180} INFO - Setting next_dagrun for gerar_csv_dados_abertos_cnpj to 2025-03-28 00:00:00+00:00, run_after=2025-03-29 00:00:00+00:00
[2025-03-29T16:16:34.830+0000] {processor.py:208} INFO - Processing /opt/airflow/dags/saving_file.py took 0.189 seconds
[2025-03-29T16:17:05.021+0000] {processor.py:186} INFO - Started process (PID=2183) to work on /opt/airflow/dags/saving_file.py
[2025-03-29T16:17:05.022+0000] {processor.py:914} INFO - Processing file /opt/airflow/dags/saving_file.py for tasks to queue
[2025-03-29T16:17:05.024+0000] {logging_mixin.py:190} INFO - [2025-03-29T16:17:05.024+0000] {dagbag.py:588} INFO - Filling up the DagBag from /opt/airflow/dags/saving_file.py
[2025-03-29T16:17:05.176+0000] {processor.py:925} INFO - DAG(s) 'gerar_csv_dados_abertos_cnpj' retrieved from /opt/airflow/dags/saving_file.py
[2025-03-29T16:17:05.190+0000] {logging_mixin.py:190} INFO - [2025-03-29T16:17:05.190+0000] {dag.py:3239} INFO - Sync 1 DAGs
[2025-03-29T16:17:05.203+0000] {logging_mixin.py:190} INFO - [2025-03-29T16:17:05.203+0000] {dag.py:4180} INFO - Setting next_dagrun for gerar_csv_dados_abertos_cnpj to 2025-03-28 00:00:00+00:00, run_after=2025-03-29 00:00:00+00:00
[2025-03-29T16:17:05.215+0000] {processor.py:208} INFO - Processing /opt/airflow/dags/saving_file.py took 0.196 seconds
[2025-03-29T16:17:35.397+0000] {processor.py:186} INFO - Started process (PID=2194) to work on /opt/airflow/dags/saving_file.py
[2025-03-29T16:17:35.398+0000] {processor.py:914} INFO - Processing file /opt/airflow/dags/saving_file.py for tasks to queue
[2025-03-29T16:17:35.400+0000] {logging_mixin.py:190} INFO - [2025-03-29T16:17:35.400+0000] {dagbag.py:588} INFO - Filling up the DagBag from /opt/airflow/dags/saving_file.py
[2025-03-29T16:17:35.545+0000] {processor.py:925} INFO - DAG(s) 'gerar_csv_dados_abertos_cnpj' retrieved from /opt/airflow/dags/saving_file.py
[2025-03-29T16:17:35.559+0000] {logging_mixin.py:190} INFO - [2025-03-29T16:17:35.559+0000] {dag.py:3239} INFO - Sync 1 DAGs
[2025-03-29T16:17:35.570+0000] {logging_mixin.py:190} INFO - [2025-03-29T16:17:35.570+0000] {dag.py:4180} INFO - Setting next_dagrun for gerar_csv_dados_abertos_cnpj to 2025-03-28 00:00:00+00:00, run_after=2025-03-29 00:00:00+00:00
[2025-03-29T16:17:35.581+0000] {processor.py:208} INFO - Processing /opt/airflow/dags/saving_file.py took 0.187 seconds
[2025-03-29T16:18:05.764+0000] {processor.py:186} INFO - Started process (PID=2205) to work on /opt/airflow/dags/saving_file.py
[2025-03-29T16:18:05.765+0000] {processor.py:914} INFO - Processing file /opt/airflow/dags/saving_file.py for tasks to queue
[2025-03-29T16:18:05.768+0000] {logging_mixin.py:190} INFO - [2025-03-29T16:18:05.768+0000] {dagbag.py:588} INFO - Filling up the DagBag from /opt/airflow/dags/saving_file.py
[2025-03-29T16:18:05.915+0000] {processor.py:925} INFO - DAG(s) 'gerar_csv_dados_abertos_cnpj' retrieved from /opt/airflow/dags/saving_file.py
[2025-03-29T16:18:05.929+0000] {logging_mixin.py:190} INFO - [2025-03-29T16:18:05.929+0000] {dag.py:3239} INFO - Sync 1 DAGs
[2025-03-29T16:18:05.942+0000] {logging_mixin.py:190} INFO - [2025-03-29T16:18:05.942+0000] {dag.py:4180} INFO - Setting next_dagrun for gerar_csv_dados_abertos_cnpj to 2025-03-28 00:00:00+00:00, run_after=2025-03-29 00:00:00+00:00
[2025-03-29T16:18:05.953+0000] {processor.py:208} INFO - Processing /opt/airflow/dags/saving_file.py took 0.192 seconds
[2025-03-29T16:18:36.140+0000] {processor.py:186} INFO - Started process (PID=2216) to work on /opt/airflow/dags/saving_file.py
[2025-03-29T16:18:36.141+0000] {processor.py:914} INFO - Processing file /opt/airflow/dags/saving_file.py for tasks to queue
[2025-03-29T16:18:36.144+0000] {logging_mixin.py:190} INFO - [2025-03-29T16:18:36.144+0000] {dagbag.py:588} INFO - Filling up the DagBag from /opt/airflow/dags/saving_file.py
[2025-03-29T16:18:36.293+0000] {processor.py:925} INFO - DAG(s) 'gerar_csv_dados_abertos_cnpj' retrieved from /opt/airflow/dags/saving_file.py
[2025-03-29T16:18:36.305+0000] {logging_mixin.py:190} INFO - [2025-03-29T16:18:36.305+0000] {dag.py:3239} INFO - Sync 1 DAGs
[2025-03-29T16:18:36.317+0000] {logging_mixin.py:190} INFO - [2025-03-29T16:18:36.317+0000] {dag.py:4180} INFO - Setting next_dagrun for gerar_csv_dados_abertos_cnpj to 2025-03-28 00:00:00+00:00, run_after=2025-03-29 00:00:00+00:00
[2025-03-29T16:18:36.326+0000] {processor.py:208} INFO - Processing /opt/airflow/dags/saving_file.py took 0.189 seconds
[2025-03-29T16:19:06.531+0000] {processor.py:186} INFO - Started process (PID=2227) to work on /opt/airflow/dags/saving_file.py
[2025-03-29T16:19:06.532+0000] {processor.py:914} INFO - Processing file /opt/airflow/dags/saving_file.py for tasks to queue
[2025-03-29T16:19:06.534+0000] {logging_mixin.py:190} INFO - [2025-03-29T16:19:06.534+0000] {dagbag.py:588} INFO - Filling up the DagBag from /opt/airflow/dags/saving_file.py
[2025-03-29T16:19:06.675+0000] {processor.py:925} INFO - DAG(s) 'gerar_csv_dados_abertos_cnpj' retrieved from /opt/airflow/dags/saving_file.py
[2025-03-29T16:19:06.690+0000] {logging_mixin.py:190} INFO - [2025-03-29T16:19:06.690+0000] {dag.py:3239} INFO - Sync 1 DAGs
[2025-03-29T16:19:06.703+0000] {logging_mixin.py:190} INFO - [2025-03-29T16:19:06.703+0000] {dag.py:4180} INFO - Setting next_dagrun for gerar_csv_dados_abertos_cnpj to 2025-03-28 00:00:00+00:00, run_after=2025-03-29 00:00:00+00:00
[2025-03-29T16:19:06.712+0000] {processor.py:208} INFO - Processing /opt/airflow/dags/saving_file.py took 0.184 seconds
[2025-03-29T16:19:36.912+0000] {processor.py:186} INFO - Started process (PID=2238) to work on /opt/airflow/dags/saving_file.py
[2025-03-29T16:19:36.913+0000] {processor.py:914} INFO - Processing file /opt/airflow/dags/saving_file.py for tasks to queue
[2025-03-29T16:19:36.917+0000] {logging_mixin.py:190} INFO - [2025-03-29T16:19:36.916+0000] {dagbag.py:588} INFO - Filling up the DagBag from /opt/airflow/dags/saving_file.py
[2025-03-29T16:19:37.062+0000] {processor.py:925} INFO - DAG(s) 'gerar_csv_dados_abertos_cnpj' retrieved from /opt/airflow/dags/saving_file.py
[2025-03-29T16:19:37.074+0000] {logging_mixin.py:190} INFO - [2025-03-29T16:19:37.074+0000] {dag.py:3239} INFO - Sync 1 DAGs
[2025-03-29T16:19:37.087+0000] {logging_mixin.py:190} INFO - [2025-03-29T16:19:37.087+0000] {dag.py:4180} INFO - Setting next_dagrun for gerar_csv_dados_abertos_cnpj to 2025-03-28 00:00:00+00:00, run_after=2025-03-29 00:00:00+00:00
[2025-03-29T16:19:37.097+0000] {processor.py:208} INFO - Processing /opt/airflow/dags/saving_file.py took 0.188 seconds
[2025-03-29T16:20:07.289+0000] {processor.py:186} INFO - Started process (PID=2249) to work on /opt/airflow/dags/saving_file.py
[2025-03-29T16:20:07.291+0000] {processor.py:914} INFO - Processing file /opt/airflow/dags/saving_file.py for tasks to queue
[2025-03-29T16:20:07.292+0000] {logging_mixin.py:190} INFO - [2025-03-29T16:20:07.292+0000] {dagbag.py:588} INFO - Filling up the DagBag from /opt/airflow/dags/saving_file.py
[2025-03-29T16:20:07.434+0000] {processor.py:925} INFO - DAG(s) 'gerar_csv_dados_abertos_cnpj' retrieved from /opt/airflow/dags/saving_file.py
[2025-03-29T16:20:07.446+0000] {logging_mixin.py:190} INFO - [2025-03-29T16:20:07.445+0000] {dag.py:3239} INFO - Sync 1 DAGs
[2025-03-29T16:20:07.458+0000] {logging_mixin.py:190} INFO - [2025-03-29T16:20:07.458+0000] {dag.py:4180} INFO - Setting next_dagrun for gerar_csv_dados_abertos_cnpj to 2025-03-28 00:00:00+00:00, run_after=2025-03-29 00:00:00+00:00
[2025-03-29T16:20:07.469+0000] {processor.py:208} INFO - Processing /opt/airflow/dags/saving_file.py took 0.183 seconds
[2025-03-29T16:20:37.720+0000] {processor.py:186} INFO - Started process (PID=2260) to work on /opt/airflow/dags/saving_file.py
[2025-03-29T16:20:37.722+0000] {processor.py:914} INFO - Processing file /opt/airflow/dags/saving_file.py for tasks to queue
[2025-03-29T16:20:37.724+0000] {logging_mixin.py:190} INFO - [2025-03-29T16:20:37.723+0000] {dagbag.py:588} INFO - Filling up the DagBag from /opt/airflow/dags/saving_file.py
[2025-03-29T16:20:37.867+0000] {processor.py:925} INFO - DAG(s) 'gerar_csv_dados_abertos_cnpj' retrieved from /opt/airflow/dags/saving_file.py
[2025-03-29T16:20:37.882+0000] {logging_mixin.py:190} INFO - [2025-03-29T16:20:37.882+0000] {dag.py:3239} INFO - Sync 1 DAGs
[2025-03-29T16:20:37.896+0000] {logging_mixin.py:190} INFO - [2025-03-29T16:20:37.896+0000] {dag.py:4180} INFO - Setting next_dagrun for gerar_csv_dados_abertos_cnpj to 2025-03-28 00:00:00+00:00, run_after=2025-03-29 00:00:00+00:00
[2025-03-29T16:20:37.906+0000] {processor.py:208} INFO - Processing /opt/airflow/dags/saving_file.py took 0.188 seconds
[2025-03-29T16:21:08.093+0000] {processor.py:186} INFO - Started process (PID=2271) to work on /opt/airflow/dags/saving_file.py
[2025-03-29T16:21:08.094+0000] {processor.py:914} INFO - Processing file /opt/airflow/dags/saving_file.py for tasks to queue
[2025-03-29T16:21:08.097+0000] {logging_mixin.py:190} INFO - [2025-03-29T16:21:08.097+0000] {dagbag.py:588} INFO - Filling up the DagBag from /opt/airflow/dags/saving_file.py
[2025-03-29T16:21:08.236+0000] {processor.py:925} INFO - DAG(s) 'gerar_csv_dados_abertos_cnpj' retrieved from /opt/airflow/dags/saving_file.py
[2025-03-29T16:21:08.250+0000] {logging_mixin.py:190} INFO - [2025-03-29T16:21:08.249+0000] {dag.py:3239} INFO - Sync 1 DAGs
[2025-03-29T16:21:08.263+0000] {logging_mixin.py:190} INFO - [2025-03-29T16:21:08.263+0000] {dag.py:4180} INFO - Setting next_dagrun for gerar_csv_dados_abertos_cnpj to 2025-03-28 00:00:00+00:00, run_after=2025-03-29 00:00:00+00:00
[2025-03-29T16:21:08.273+0000] {processor.py:208} INFO - Processing /opt/airflow/dags/saving_file.py took 0.183 seconds
[2025-03-29T16:21:38.474+0000] {processor.py:186} INFO - Started process (PID=2282) to work on /opt/airflow/dags/saving_file.py
[2025-03-29T16:21:38.476+0000] {processor.py:914} INFO - Processing file /opt/airflow/dags/saving_file.py for tasks to queue
[2025-03-29T16:21:38.477+0000] {logging_mixin.py:190} INFO - [2025-03-29T16:21:38.477+0000] {dagbag.py:588} INFO - Filling up the DagBag from /opt/airflow/dags/saving_file.py
[2025-03-29T16:21:38.616+0000] {processor.py:925} INFO - DAG(s) 'gerar_csv_dados_abertos_cnpj' retrieved from /opt/airflow/dags/saving_file.py
[2025-03-29T16:21:38.629+0000] {logging_mixin.py:190} INFO - [2025-03-29T16:21:38.629+0000] {dag.py:3239} INFO - Sync 1 DAGs
[2025-03-29T16:21:38.640+0000] {logging_mixin.py:190} INFO - [2025-03-29T16:21:38.640+0000] {dag.py:4180} INFO - Setting next_dagrun for gerar_csv_dados_abertos_cnpj to 2025-03-28 00:00:00+00:00, run_after=2025-03-29 00:00:00+00:00
[2025-03-29T16:21:38.650+0000] {processor.py:208} INFO - Processing /opt/airflow/dags/saving_file.py took 0.179 seconds
[2025-03-29T16:22:08.835+0000] {processor.py:186} INFO - Started process (PID=2293) to work on /opt/airflow/dags/saving_file.py
[2025-03-29T16:22:08.836+0000] {processor.py:914} INFO - Processing file /opt/airflow/dags/saving_file.py for tasks to queue
[2025-03-29T16:22:08.838+0000] {logging_mixin.py:190} INFO - [2025-03-29T16:22:08.838+0000] {dagbag.py:588} INFO - Filling up the DagBag from /opt/airflow/dags/saving_file.py
[2025-03-29T16:22:08.983+0000] {processor.py:925} INFO - DAG(s) 'gerar_csv_dados_abertos_cnpj' retrieved from /opt/airflow/dags/saving_file.py
[2025-03-29T16:22:08.997+0000] {logging_mixin.py:190} INFO - [2025-03-29T16:22:08.997+0000] {dag.py:3239} INFO - Sync 1 DAGs
[2025-03-29T16:22:09.011+0000] {logging_mixin.py:190} INFO - [2025-03-29T16:22:09.011+0000] {dag.py:4180} INFO - Setting next_dagrun for gerar_csv_dados_abertos_cnpj to 2025-03-28 00:00:00+00:00, run_after=2025-03-29 00:00:00+00:00
[2025-03-29T16:22:09.022+0000] {processor.py:208} INFO - Processing /opt/airflow/dags/saving_file.py took 0.190 seconds
[2025-03-29T16:22:39.220+0000] {processor.py:186} INFO - Started process (PID=2304) to work on /opt/airflow/dags/saving_file.py
[2025-03-29T16:22:39.221+0000] {processor.py:914} INFO - Processing file /opt/airflow/dags/saving_file.py for tasks to queue
[2025-03-29T16:22:39.223+0000] {logging_mixin.py:190} INFO - [2025-03-29T16:22:39.223+0000] {dagbag.py:588} INFO - Filling up the DagBag from /opt/airflow/dags/saving_file.py
[2025-03-29T16:22:39.367+0000] {processor.py:925} INFO - DAG(s) 'gerar_csv_dados_abertos_cnpj' retrieved from /opt/airflow/dags/saving_file.py
[2025-03-29T16:22:39.382+0000] {logging_mixin.py:190} INFO - [2025-03-29T16:22:39.382+0000] {dag.py:3239} INFO - Sync 1 DAGs
[2025-03-29T16:22:39.395+0000] {logging_mixin.py:190} INFO - [2025-03-29T16:22:39.395+0000] {dag.py:4180} INFO - Setting next_dagrun for gerar_csv_dados_abertos_cnpj to 2025-03-28 00:00:00+00:00, run_after=2025-03-29 00:00:00+00:00
[2025-03-29T16:22:39.406+0000] {processor.py:208} INFO - Processing /opt/airflow/dags/saving_file.py took 0.188 seconds
[2025-03-29T16:23:09.623+0000] {processor.py:186} INFO - Started process (PID=2315) to work on /opt/airflow/dags/saving_file.py
[2025-03-29T16:23:09.624+0000] {processor.py:914} INFO - Processing file /opt/airflow/dags/saving_file.py for tasks to queue
[2025-03-29T16:23:09.626+0000] {logging_mixin.py:190} INFO - [2025-03-29T16:23:09.626+0000] {dagbag.py:588} INFO - Filling up the DagBag from /opt/airflow/dags/saving_file.py
[2025-03-29T16:23:09.786+0000] {processor.py:925} INFO - DAG(s) 'gerar_csv_dados_abertos_cnpj' retrieved from /opt/airflow/dags/saving_file.py
[2025-03-29T16:23:09.800+0000] {logging_mixin.py:190} INFO - [2025-03-29T16:23:09.800+0000] {dag.py:3239} INFO - Sync 1 DAGs
[2025-03-29T16:23:09.813+0000] {logging_mixin.py:190} INFO - [2025-03-29T16:23:09.812+0000] {dag.py:4180} INFO - Setting next_dagrun for gerar_csv_dados_abertos_cnpj to 2025-03-28 00:00:00+00:00, run_after=2025-03-29 00:00:00+00:00
[2025-03-29T16:23:09.827+0000] {processor.py:208} INFO - Processing /opt/airflow/dags/saving_file.py took 0.207 seconds
[2025-03-29T16:23:40.035+0000] {processor.py:186} INFO - Started process (PID=2326) to work on /opt/airflow/dags/saving_file.py
[2025-03-29T16:23:40.036+0000] {processor.py:914} INFO - Processing file /opt/airflow/dags/saving_file.py for tasks to queue
[2025-03-29T16:23:40.038+0000] {logging_mixin.py:190} INFO - [2025-03-29T16:23:40.038+0000] {dagbag.py:588} INFO - Filling up the DagBag from /opt/airflow/dags/saving_file.py
[2025-03-29T16:23:40.234+0000] {processor.py:925} INFO - DAG(s) 'gerar_csv_dados_abertos_cnpj' retrieved from /opt/airflow/dags/saving_file.py
[2025-03-29T16:23:40.251+0000] {logging_mixin.py:190} INFO - [2025-03-29T16:23:40.251+0000] {dag.py:3239} INFO - Sync 1 DAGs
[2025-03-29T16:23:40.267+0000] {logging_mixin.py:190} INFO - [2025-03-29T16:23:40.267+0000] {dag.py:4180} INFO - Setting next_dagrun for gerar_csv_dados_abertos_cnpj to 2025-03-28 00:00:00+00:00, run_after=2025-03-29 00:00:00+00:00
[2025-03-29T16:23:40.280+0000] {processor.py:208} INFO - Processing /opt/airflow/dags/saving_file.py took 0.248 seconds
[2025-03-29T16:24:10.479+0000] {processor.py:186} INFO - Started process (PID=2337) to work on /opt/airflow/dags/saving_file.py
[2025-03-29T16:24:10.480+0000] {processor.py:914} INFO - Processing file /opt/airflow/dags/saving_file.py for tasks to queue
[2025-03-29T16:24:10.481+0000] {logging_mixin.py:190} INFO - [2025-03-29T16:24:10.481+0000] {dagbag.py:588} INFO - Filling up the DagBag from /opt/airflow/dags/saving_file.py
[2025-03-29T16:24:10.635+0000] {processor.py:925} INFO - DAG(s) 'gerar_csv_dados_abertos_cnpj' retrieved from /opt/airflow/dags/saving_file.py
[2025-03-29T16:24:10.652+0000] {logging_mixin.py:190} INFO - [2025-03-29T16:24:10.652+0000] {dag.py:3239} INFO - Sync 1 DAGs
[2025-03-29T16:24:10.667+0000] {logging_mixin.py:190} INFO - [2025-03-29T16:24:10.666+0000] {dag.py:4180} INFO - Setting next_dagrun for gerar_csv_dados_abertos_cnpj to 2025-03-28 00:00:00+00:00, run_after=2025-03-29 00:00:00+00:00
[2025-03-29T16:24:10.679+0000] {processor.py:208} INFO - Processing /opt/airflow/dags/saving_file.py took 0.203 seconds
[2025-03-29T16:24:40.866+0000] {processor.py:186} INFO - Started process (PID=2348) to work on /opt/airflow/dags/saving_file.py
[2025-03-29T16:24:40.867+0000] {processor.py:914} INFO - Processing file /opt/airflow/dags/saving_file.py for tasks to queue
[2025-03-29T16:24:40.870+0000] {logging_mixin.py:190} INFO - [2025-03-29T16:24:40.869+0000] {dagbag.py:588} INFO - Filling up the DagBag from /opt/airflow/dags/saving_file.py
[2025-03-29T16:24:41.036+0000] {processor.py:925} INFO - DAG(s) 'gerar_csv_dados_abertos_cnpj' retrieved from /opt/airflow/dags/saving_file.py
[2025-03-29T16:24:41.050+0000] {logging_mixin.py:190} INFO - [2025-03-29T16:24:41.050+0000] {dag.py:3239} INFO - Sync 1 DAGs
[2025-03-29T16:24:41.063+0000] {logging_mixin.py:190} INFO - [2025-03-29T16:24:41.063+0000] {dag.py:4180} INFO - Setting next_dagrun for gerar_csv_dados_abertos_cnpj to 2025-03-28 00:00:00+00:00, run_after=2025-03-29 00:00:00+00:00
[2025-03-29T16:24:41.074+0000] {processor.py:208} INFO - Processing /opt/airflow/dags/saving_file.py took 0.211 seconds
[2025-03-29T16:25:11.264+0000] {processor.py:186} INFO - Started process (PID=2359) to work on /opt/airflow/dags/saving_file.py
[2025-03-29T16:25:11.265+0000] {processor.py:914} INFO - Processing file /opt/airflow/dags/saving_file.py for tasks to queue
[2025-03-29T16:25:11.267+0000] {logging_mixin.py:190} INFO - [2025-03-29T16:25:11.267+0000] {dagbag.py:588} INFO - Filling up the DagBag from /opt/airflow/dags/saving_file.py
[2025-03-29T16:25:11.414+0000] {processor.py:925} INFO - DAG(s) 'gerar_csv_dados_abertos_cnpj' retrieved from /opt/airflow/dags/saving_file.py
[2025-03-29T16:25:11.428+0000] {logging_mixin.py:190} INFO - [2025-03-29T16:25:11.428+0000] {dag.py:3239} INFO - Sync 1 DAGs
[2025-03-29T16:25:11.442+0000] {logging_mixin.py:190} INFO - [2025-03-29T16:25:11.442+0000] {dag.py:4180} INFO - Setting next_dagrun for gerar_csv_dados_abertos_cnpj to 2025-03-28 00:00:00+00:00, run_after=2025-03-29 00:00:00+00:00
[2025-03-29T16:25:11.455+0000] {processor.py:208} INFO - Processing /opt/airflow/dags/saving_file.py took 0.194 seconds
[2025-03-29T16:25:41.643+0000] {processor.py:186} INFO - Started process (PID=2370) to work on /opt/airflow/dags/saving_file.py
[2025-03-29T16:25:41.644+0000] {processor.py:914} INFO - Processing file /opt/airflow/dags/saving_file.py for tasks to queue
[2025-03-29T16:25:41.646+0000] {logging_mixin.py:190} INFO - [2025-03-29T16:25:41.646+0000] {dagbag.py:588} INFO - Filling up the DagBag from /opt/airflow/dags/saving_file.py
[2025-03-29T16:25:41.794+0000] {processor.py:925} INFO - DAG(s) 'gerar_csv_dados_abertos_cnpj' retrieved from /opt/airflow/dags/saving_file.py
[2025-03-29T16:25:41.808+0000] {logging_mixin.py:190} INFO - [2025-03-29T16:25:41.808+0000] {dag.py:3239} INFO - Sync 1 DAGs
[2025-03-29T16:25:41.822+0000] {logging_mixin.py:190} INFO - [2025-03-29T16:25:41.821+0000] {dag.py:4180} INFO - Setting next_dagrun for gerar_csv_dados_abertos_cnpj to 2025-03-28 00:00:00+00:00, run_after=2025-03-29 00:00:00+00:00
[2025-03-29T16:25:41.835+0000] {processor.py:208} INFO - Processing /opt/airflow/dags/saving_file.py took 0.195 seconds
[2025-03-29T16:26:12.021+0000] {processor.py:186} INFO - Started process (PID=2381) to work on /opt/airflow/dags/saving_file.py
[2025-03-29T16:26:12.022+0000] {processor.py:914} INFO - Processing file /opt/airflow/dags/saving_file.py for tasks to queue
[2025-03-29T16:26:12.024+0000] {logging_mixin.py:190} INFO - [2025-03-29T16:26:12.024+0000] {dagbag.py:588} INFO - Filling up the DagBag from /opt/airflow/dags/saving_file.py
[2025-03-29T16:26:12.167+0000] {processor.py:925} INFO - DAG(s) 'gerar_csv_dados_abertos_cnpj' retrieved from /opt/airflow/dags/saving_file.py
[2025-03-29T16:26:12.180+0000] {logging_mixin.py:190} INFO - [2025-03-29T16:26:12.180+0000] {dag.py:3239} INFO - Sync 1 DAGs
[2025-03-29T16:26:12.194+0000] {logging_mixin.py:190} INFO - [2025-03-29T16:26:12.193+0000] {dag.py:4180} INFO - Setting next_dagrun for gerar_csv_dados_abertos_cnpj to 2025-03-28 00:00:00+00:00, run_after=2025-03-29 00:00:00+00:00
[2025-03-29T16:26:12.209+0000] {processor.py:208} INFO - Processing /opt/airflow/dags/saving_file.py took 0.191 seconds
[2025-03-29T16:26:42.392+0000] {processor.py:186} INFO - Started process (PID=2392) to work on /opt/airflow/dags/saving_file.py
[2025-03-29T16:26:42.392+0000] {processor.py:914} INFO - Processing file /opt/airflow/dags/saving_file.py for tasks to queue
[2025-03-29T16:26:42.395+0000] {logging_mixin.py:190} INFO - [2025-03-29T16:26:42.395+0000] {dagbag.py:588} INFO - Filling up the DagBag from /opt/airflow/dags/saving_file.py
[2025-03-29T16:26:42.536+0000] {processor.py:925} INFO - DAG(s) 'gerar_csv_dados_abertos_cnpj' retrieved from /opt/airflow/dags/saving_file.py
[2025-03-29T16:26:42.550+0000] {logging_mixin.py:190} INFO - [2025-03-29T16:26:42.549+0000] {dag.py:3239} INFO - Sync 1 DAGs
[2025-03-29T16:26:42.563+0000] {logging_mixin.py:190} INFO - [2025-03-29T16:26:42.562+0000] {dag.py:4180} INFO - Setting next_dagrun for gerar_csv_dados_abertos_cnpj to 2025-03-28 00:00:00+00:00, run_after=2025-03-29 00:00:00+00:00
[2025-03-29T16:26:42.575+0000] {processor.py:208} INFO - Processing /opt/airflow/dags/saving_file.py took 0.186 seconds
[2025-03-29T16:27:12.770+0000] {processor.py:186} INFO - Started process (PID=2403) to work on /opt/airflow/dags/saving_file.py
[2025-03-29T16:27:12.771+0000] {processor.py:914} INFO - Processing file /opt/airflow/dags/saving_file.py for tasks to queue
[2025-03-29T16:27:12.775+0000] {logging_mixin.py:190} INFO - [2025-03-29T16:27:12.773+0000] {dagbag.py:588} INFO - Filling up the DagBag from /opt/airflow/dags/saving_file.py
[2025-03-29T16:27:12.921+0000] {processor.py:925} INFO - DAG(s) 'gerar_csv_dados_abertos_cnpj' retrieved from /opt/airflow/dags/saving_file.py
[2025-03-29T16:27:12.935+0000] {logging_mixin.py:190} INFO - [2025-03-29T16:27:12.935+0000] {dag.py:3239} INFO - Sync 1 DAGs
[2025-03-29T16:27:12.949+0000] {logging_mixin.py:190} INFO - [2025-03-29T16:27:12.948+0000] {dag.py:4180} INFO - Setting next_dagrun for gerar_csv_dados_abertos_cnpj to 2025-03-28 00:00:00+00:00, run_after=2025-03-29 00:00:00+00:00
[2025-03-29T16:27:12.964+0000] {processor.py:208} INFO - Processing /opt/airflow/dags/saving_file.py took 0.197 seconds
[2025-03-29T16:27:43.151+0000] {processor.py:186} INFO - Started process (PID=2414) to work on /opt/airflow/dags/saving_file.py
[2025-03-29T16:27:43.152+0000] {processor.py:914} INFO - Processing file /opt/airflow/dags/saving_file.py for tasks to queue
[2025-03-29T16:27:43.155+0000] {logging_mixin.py:190} INFO - [2025-03-29T16:27:43.155+0000] {dagbag.py:588} INFO - Filling up the DagBag from /opt/airflow/dags/saving_file.py
[2025-03-29T16:27:43.301+0000] {processor.py:925} INFO - DAG(s) 'gerar_csv_dados_abertos_cnpj' retrieved from /opt/airflow/dags/saving_file.py
[2025-03-29T16:27:43.314+0000] {logging_mixin.py:190} INFO - [2025-03-29T16:27:43.313+0000] {dag.py:3239} INFO - Sync 1 DAGs
[2025-03-29T16:27:43.328+0000] {logging_mixin.py:190} INFO - [2025-03-29T16:27:43.327+0000] {dag.py:4180} INFO - Setting next_dagrun for gerar_csv_dados_abertos_cnpj to 2025-03-28 00:00:00+00:00, run_after=2025-03-29 00:00:00+00:00
[2025-03-29T16:27:43.339+0000] {processor.py:208} INFO - Processing /opt/airflow/dags/saving_file.py took 0.191 seconds
[2025-03-29T16:28:13.536+0000] {processor.py:186} INFO - Started process (PID=2425) to work on /opt/airflow/dags/saving_file.py
[2025-03-29T16:28:13.537+0000] {processor.py:914} INFO - Processing file /opt/airflow/dags/saving_file.py for tasks to queue
[2025-03-29T16:28:13.538+0000] {logging_mixin.py:190} INFO - [2025-03-29T16:28:13.538+0000] {dagbag.py:588} INFO - Filling up the DagBag from /opt/airflow/dags/saving_file.py
[2025-03-29T16:28:13.680+0000] {processor.py:925} INFO - DAG(s) 'gerar_csv_dados_abertos_cnpj' retrieved from /opt/airflow/dags/saving_file.py
[2025-03-29T16:28:13.692+0000] {logging_mixin.py:190} INFO - [2025-03-29T16:28:13.691+0000] {dag.py:3239} INFO - Sync 1 DAGs
[2025-03-29T16:28:13.707+0000] {logging_mixin.py:190} INFO - [2025-03-29T16:28:13.706+0000] {dag.py:4180} INFO - Setting next_dagrun for gerar_csv_dados_abertos_cnpj to 2025-03-28 00:00:00+00:00, run_after=2025-03-29 00:00:00+00:00
[2025-03-29T16:28:13.720+0000] {processor.py:208} INFO - Processing /opt/airflow/dags/saving_file.py took 0.188 seconds
[2025-03-29T16:28:43.905+0000] {processor.py:186} INFO - Started process (PID=2436) to work on /opt/airflow/dags/saving_file.py
[2025-03-29T16:28:43.906+0000] {processor.py:914} INFO - Processing file /opt/airflow/dags/saving_file.py for tasks to queue
[2025-03-29T16:28:43.907+0000] {logging_mixin.py:190} INFO - [2025-03-29T16:28:43.907+0000] {dagbag.py:588} INFO - Filling up the DagBag from /opt/airflow/dags/saving_file.py
[2025-03-29T16:28:44.057+0000] {processor.py:925} INFO - DAG(s) 'gerar_csv_dados_abertos_cnpj' retrieved from /opt/airflow/dags/saving_file.py
[2025-03-29T16:28:44.070+0000] {logging_mixin.py:190} INFO - [2025-03-29T16:28:44.070+0000] {dag.py:3239} INFO - Sync 1 DAGs
[2025-03-29T16:28:44.087+0000] {logging_mixin.py:190} INFO - [2025-03-29T16:28:44.087+0000] {dag.py:4180} INFO - Setting next_dagrun for gerar_csv_dados_abertos_cnpj to 2025-03-28 00:00:00+00:00, run_after=2025-03-29 00:00:00+00:00
[2025-03-29T16:28:44.103+0000] {processor.py:208} INFO - Processing /opt/airflow/dags/saving_file.py took 0.202 seconds
[2025-03-29T16:29:14.284+0000] {processor.py:186} INFO - Started process (PID=2447) to work on /opt/airflow/dags/saving_file.py
[2025-03-29T16:29:14.285+0000] {processor.py:914} INFO - Processing file /opt/airflow/dags/saving_file.py for tasks to queue
[2025-03-29T16:29:14.287+0000] {logging_mixin.py:190} INFO - [2025-03-29T16:29:14.286+0000] {dagbag.py:588} INFO - Filling up the DagBag from /opt/airflow/dags/saving_file.py
[2025-03-29T16:29:14.430+0000] {processor.py:925} INFO - DAG(s) 'gerar_csv_dados_abertos_cnpj' retrieved from /opt/airflow/dags/saving_file.py
[2025-03-29T16:29:14.444+0000] {logging_mixin.py:190} INFO - [2025-03-29T16:29:14.444+0000] {dag.py:3239} INFO - Sync 1 DAGs
[2025-03-29T16:29:14.458+0000] {logging_mixin.py:190} INFO - [2025-03-29T16:29:14.458+0000] {dag.py:4180} INFO - Setting next_dagrun for gerar_csv_dados_abertos_cnpj to 2025-03-28 00:00:00+00:00, run_after=2025-03-29 00:00:00+00:00
[2025-03-29T16:29:14.471+0000] {processor.py:208} INFO - Processing /opt/airflow/dags/saving_file.py took 0.190 seconds
[2025-03-29T16:29:44.657+0000] {processor.py:186} INFO - Started process (PID=2458) to work on /opt/airflow/dags/saving_file.py
[2025-03-29T16:29:44.658+0000] {processor.py:914} INFO - Processing file /opt/airflow/dags/saving_file.py for tasks to queue
[2025-03-29T16:29:44.661+0000] {logging_mixin.py:190} INFO - [2025-03-29T16:29:44.661+0000] {dagbag.py:588} INFO - Filling up the DagBag from /opt/airflow/dags/saving_file.py
[2025-03-29T16:29:44.813+0000] {processor.py:925} INFO - DAG(s) 'gerar_csv_dados_abertos_cnpj' retrieved from /opt/airflow/dags/saving_file.py
[2025-03-29T16:29:44.828+0000] {logging_mixin.py:190} INFO - [2025-03-29T16:29:44.827+0000] {dag.py:3239} INFO - Sync 1 DAGs
[2025-03-29T16:29:44.841+0000] {logging_mixin.py:190} INFO - [2025-03-29T16:29:44.840+0000] {dag.py:4180} INFO - Setting next_dagrun for gerar_csv_dados_abertos_cnpj to 2025-03-28 00:00:00+00:00, run_after=2025-03-29 00:00:00+00:00
[2025-03-29T16:29:44.855+0000] {processor.py:208} INFO - Processing /opt/airflow/dags/saving_file.py took 0.201 seconds
[2025-03-29T16:30:15.044+0000] {processor.py:186} INFO - Started process (PID=2469) to work on /opt/airflow/dags/saving_file.py
[2025-03-29T16:30:15.045+0000] {processor.py:914} INFO - Processing file /opt/airflow/dags/saving_file.py for tasks to queue
[2025-03-29T16:30:15.047+0000] {logging_mixin.py:190} INFO - [2025-03-29T16:30:15.047+0000] {dagbag.py:588} INFO - Filling up the DagBag from /opt/airflow/dags/saving_file.py
[2025-03-29T16:30:15.194+0000] {processor.py:925} INFO - DAG(s) 'gerar_csv_dados_abertos_cnpj' retrieved from /opt/airflow/dags/saving_file.py
[2025-03-29T16:30:15.207+0000] {logging_mixin.py:190} INFO - [2025-03-29T16:30:15.207+0000] {dag.py:3239} INFO - Sync 1 DAGs
[2025-03-29T16:30:15.220+0000] {logging_mixin.py:190} INFO - [2025-03-29T16:30:15.220+0000] {dag.py:4180} INFO - Setting next_dagrun for gerar_csv_dados_abertos_cnpj to 2025-03-28 00:00:00+00:00, run_after=2025-03-29 00:00:00+00:00
[2025-03-29T16:30:15.233+0000] {processor.py:208} INFO - Processing /opt/airflow/dags/saving_file.py took 0.193 seconds
[2025-03-29T16:30:45.489+0000] {processor.py:186} INFO - Started process (PID=2480) to work on /opt/airflow/dags/saving_file.py
[2025-03-29T16:30:45.490+0000] {processor.py:914} INFO - Processing file /opt/airflow/dags/saving_file.py for tasks to queue
[2025-03-29T16:30:45.492+0000] {logging_mixin.py:190} INFO - [2025-03-29T16:30:45.492+0000] {dagbag.py:588} INFO - Filling up the DagBag from /opt/airflow/dags/saving_file.py
[2025-03-29T16:30:45.638+0000] {processor.py:925} INFO - DAG(s) 'gerar_csv_dados_abertos_cnpj' retrieved from /opt/airflow/dags/saving_file.py
[2025-03-29T16:30:45.655+0000] {logging_mixin.py:190} INFO - [2025-03-29T16:30:45.655+0000] {dag.py:3239} INFO - Sync 1 DAGs
[2025-03-29T16:30:45.670+0000] {logging_mixin.py:190} INFO - [2025-03-29T16:30:45.670+0000] {dag.py:4180} INFO - Setting next_dagrun for gerar_csv_dados_abertos_cnpj to 2025-03-28 00:00:00+00:00, run_after=2025-03-29 00:00:00+00:00
[2025-03-29T16:30:45.686+0000] {processor.py:208} INFO - Processing /opt/airflow/dags/saving_file.py took 0.200 seconds
[2025-03-29T16:31:15.871+0000] {processor.py:186} INFO - Started process (PID=2491) to work on /opt/airflow/dags/saving_file.py
[2025-03-29T16:31:15.872+0000] {processor.py:914} INFO - Processing file /opt/airflow/dags/saving_file.py for tasks to queue
[2025-03-29T16:31:15.874+0000] {logging_mixin.py:190} INFO - [2025-03-29T16:31:15.874+0000] {dagbag.py:588} INFO - Filling up the DagBag from /opt/airflow/dags/saving_file.py
[2025-03-29T16:31:16.020+0000] {processor.py:925} INFO - DAG(s) 'gerar_csv_dados_abertos_cnpj' retrieved from /opt/airflow/dags/saving_file.py
[2025-03-29T16:31:16.036+0000] {logging_mixin.py:190} INFO - [2025-03-29T16:31:16.036+0000] {dag.py:3239} INFO - Sync 1 DAGs
[2025-03-29T16:31:16.051+0000] {logging_mixin.py:190} INFO - [2025-03-29T16:31:16.051+0000] {dag.py:4180} INFO - Setting next_dagrun for gerar_csv_dados_abertos_cnpj to 2025-03-28 00:00:00+00:00, run_after=2025-03-29 00:00:00+00:00
[2025-03-29T16:31:16.063+0000] {processor.py:208} INFO - Processing /opt/airflow/dags/saving_file.py took 0.195 seconds
[2025-03-29T16:31:46.262+0000] {processor.py:186} INFO - Started process (PID=2502) to work on /opt/airflow/dags/saving_file.py
[2025-03-29T16:31:46.264+0000] {processor.py:914} INFO - Processing file /opt/airflow/dags/saving_file.py for tasks to queue
[2025-03-29T16:31:46.266+0000] {logging_mixin.py:190} INFO - [2025-03-29T16:31:46.265+0000] {dagbag.py:588} INFO - Filling up the DagBag from /opt/airflow/dags/saving_file.py
[2025-03-29T16:31:46.429+0000] {processor.py:925} INFO - DAG(s) 'gerar_csv_dados_abertos_cnpj' retrieved from /opt/airflow/dags/saving_file.py
[2025-03-29T16:31:46.446+0000] {logging_mixin.py:190} INFO - [2025-03-29T16:31:46.446+0000] {dag.py:3239} INFO - Sync 1 DAGs
[2025-03-29T16:31:46.461+0000] {logging_mixin.py:190} INFO - [2025-03-29T16:31:46.461+0000] {dag.py:4180} INFO - Setting next_dagrun for gerar_csv_dados_abertos_cnpj to 2025-03-28 00:00:00+00:00, run_after=2025-03-29 00:00:00+00:00
[2025-03-29T16:31:46.476+0000] {processor.py:208} INFO - Processing /opt/airflow/dags/saving_file.py took 0.218 seconds
[2025-03-29T16:32:16.667+0000] {processor.py:186} INFO - Started process (PID=2513) to work on /opt/airflow/dags/saving_file.py
[2025-03-29T16:32:16.668+0000] {processor.py:914} INFO - Processing file /opt/airflow/dags/saving_file.py for tasks to queue
[2025-03-29T16:32:16.670+0000] {logging_mixin.py:190} INFO - [2025-03-29T16:32:16.670+0000] {dagbag.py:588} INFO - Filling up the DagBag from /opt/airflow/dags/saving_file.py
[2025-03-29T16:32:16.845+0000] {processor.py:925} INFO - DAG(s) 'gerar_csv_dados_abertos_cnpj' retrieved from /opt/airflow/dags/saving_file.py
[2025-03-29T16:32:16.864+0000] {logging_mixin.py:190} INFO - [2025-03-29T16:32:16.863+0000] {dag.py:3239} INFO - Sync 1 DAGs
[2025-03-29T16:32:16.878+0000] {logging_mixin.py:190} INFO - [2025-03-29T16:32:16.878+0000] {dag.py:4180} INFO - Setting next_dagrun for gerar_csv_dados_abertos_cnpj to 2025-03-28 00:00:00+00:00, run_after=2025-03-29 00:00:00+00:00
[2025-03-29T16:32:16.890+0000] {processor.py:208} INFO - Processing /opt/airflow/dags/saving_file.py took 0.226 seconds
[2025-03-29T16:32:47.086+0000] {processor.py:186} INFO - Started process (PID=2524) to work on /opt/airflow/dags/saving_file.py
[2025-03-29T16:32:47.087+0000] {processor.py:914} INFO - Processing file /opt/airflow/dags/saving_file.py for tasks to queue
[2025-03-29T16:32:47.089+0000] {logging_mixin.py:190} INFO - [2025-03-29T16:32:47.088+0000] {dagbag.py:588} INFO - Filling up the DagBag from /opt/airflow/dags/saving_file.py
[2025-03-29T16:32:47.235+0000] {processor.py:925} INFO - DAG(s) 'gerar_csv_dados_abertos_cnpj' retrieved from /opt/airflow/dags/saving_file.py
[2025-03-29T16:32:47.248+0000] {logging_mixin.py:190} INFO - [2025-03-29T16:32:47.248+0000] {dag.py:3239} INFO - Sync 1 DAGs
[2025-03-29T16:32:47.261+0000] {logging_mixin.py:190} INFO - [2025-03-29T16:32:47.261+0000] {dag.py:4180} INFO - Setting next_dagrun for gerar_csv_dados_abertos_cnpj to 2025-03-28 00:00:00+00:00, run_after=2025-03-29 00:00:00+00:00
[2025-03-29T16:32:47.271+0000] {processor.py:208} INFO - Processing /opt/airflow/dags/saving_file.py took 0.188 seconds
[2025-03-29T16:33:17.453+0000] {processor.py:186} INFO - Started process (PID=2535) to work on /opt/airflow/dags/saving_file.py
[2025-03-29T16:33:17.454+0000] {processor.py:914} INFO - Processing file /opt/airflow/dags/saving_file.py for tasks to queue
[2025-03-29T16:33:17.457+0000] {logging_mixin.py:190} INFO - [2025-03-29T16:33:17.456+0000] {dagbag.py:588} INFO - Filling up the DagBag from /opt/airflow/dags/saving_file.py
[2025-03-29T16:33:17.602+0000] {processor.py:925} INFO - DAG(s) 'gerar_csv_dados_abertos_cnpj' retrieved from /opt/airflow/dags/saving_file.py
[2025-03-29T16:33:17.615+0000] {logging_mixin.py:190} INFO - [2025-03-29T16:33:17.615+0000] {dag.py:3239} INFO - Sync 1 DAGs
[2025-03-29T16:33:17.626+0000] {logging_mixin.py:190} INFO - [2025-03-29T16:33:17.626+0000] {dag.py:4180} INFO - Setting next_dagrun for gerar_csv_dados_abertos_cnpj to 2025-03-28 00:00:00+00:00, run_after=2025-03-29 00:00:00+00:00
[2025-03-29T16:33:17.637+0000] {processor.py:208} INFO - Processing /opt/airflow/dags/saving_file.py took 0.186 seconds
[2025-03-29T16:33:47.824+0000] {processor.py:186} INFO - Started process (PID=2546) to work on /opt/airflow/dags/saving_file.py
[2025-03-29T16:33:47.825+0000] {processor.py:914} INFO - Processing file /opt/airflow/dags/saving_file.py for tasks to queue
[2025-03-29T16:33:47.827+0000] {logging_mixin.py:190} INFO - [2025-03-29T16:33:47.827+0000] {dagbag.py:588} INFO - Filling up the DagBag from /opt/airflow/dags/saving_file.py
[2025-03-29T16:33:47.966+0000] {processor.py:925} INFO - DAG(s) 'gerar_csv_dados_abertos_cnpj' retrieved from /opt/airflow/dags/saving_file.py
[2025-03-29T16:33:47.981+0000] {logging_mixin.py:190} INFO - [2025-03-29T16:33:47.981+0000] {dag.py:3239} INFO - Sync 1 DAGs
[2025-03-29T16:33:47.993+0000] {logging_mixin.py:190} INFO - [2025-03-29T16:33:47.993+0000] {dag.py:4180} INFO - Setting next_dagrun for gerar_csv_dados_abertos_cnpj to 2025-03-28 00:00:00+00:00, run_after=2025-03-29 00:00:00+00:00
[2025-03-29T16:33:48.004+0000] {processor.py:208} INFO - Processing /opt/airflow/dags/saving_file.py took 0.183 seconds
[2025-03-29T16:34:18.196+0000] {processor.py:186} INFO - Started process (PID=2557) to work on /opt/airflow/dags/saving_file.py
[2025-03-29T16:34:18.196+0000] {processor.py:914} INFO - Processing file /opt/airflow/dags/saving_file.py for tasks to queue
[2025-03-29T16:34:18.198+0000] {logging_mixin.py:190} INFO - [2025-03-29T16:34:18.198+0000] {dagbag.py:588} INFO - Filling up the DagBag from /opt/airflow/dags/saving_file.py
[2025-03-29T16:34:18.341+0000] {processor.py:925} INFO - DAG(s) 'gerar_csv_dados_abertos_cnpj' retrieved from /opt/airflow/dags/saving_file.py
[2025-03-29T16:34:18.357+0000] {logging_mixin.py:190} INFO - [2025-03-29T16:34:18.356+0000] {dag.py:3239} INFO - Sync 1 DAGs
[2025-03-29T16:34:18.369+0000] {logging_mixin.py:190} INFO - [2025-03-29T16:34:18.369+0000] {dag.py:4180} INFO - Setting next_dagrun for gerar_csv_dados_abertos_cnpj to 2025-03-28 00:00:00+00:00, run_after=2025-03-29 00:00:00+00:00
[2025-03-29T16:34:18.380+0000] {processor.py:208} INFO - Processing /opt/airflow/dags/saving_file.py took 0.187 seconds
[2025-03-29T16:34:48.573+0000] {processor.py:186} INFO - Started process (PID=2568) to work on /opt/airflow/dags/saving_file.py
[2025-03-29T16:34:48.574+0000] {processor.py:914} INFO - Processing file /opt/airflow/dags/saving_file.py for tasks to queue
[2025-03-29T16:34:48.577+0000] {logging_mixin.py:190} INFO - [2025-03-29T16:34:48.576+0000] {dagbag.py:588} INFO - Filling up the DagBag from /opt/airflow/dags/saving_file.py
[2025-03-29T16:34:48.722+0000] {processor.py:925} INFO - DAG(s) 'gerar_csv_dados_abertos_cnpj' retrieved from /opt/airflow/dags/saving_file.py
[2025-03-29T16:34:48.737+0000] {logging_mixin.py:190} INFO - [2025-03-29T16:34:48.737+0000] {dag.py:3239} INFO - Sync 1 DAGs
[2025-03-29T16:34:48.749+0000] {logging_mixin.py:190} INFO - [2025-03-29T16:34:48.749+0000] {dag.py:4180} INFO - Setting next_dagrun for gerar_csv_dados_abertos_cnpj to 2025-03-28 00:00:00+00:00, run_after=2025-03-29 00:00:00+00:00
[2025-03-29T16:34:48.760+0000] {processor.py:208} INFO - Processing /opt/airflow/dags/saving_file.py took 0.190 seconds
[2025-03-29T16:35:18.953+0000] {processor.py:186} INFO - Started process (PID=2579) to work on /opt/airflow/dags/saving_file.py
[2025-03-29T16:35:18.954+0000] {processor.py:914} INFO - Processing file /opt/airflow/dags/saving_file.py for tasks to queue
[2025-03-29T16:35:18.957+0000] {logging_mixin.py:190} INFO - [2025-03-29T16:35:18.957+0000] {dagbag.py:588} INFO - Filling up the DagBag from /opt/airflow/dags/saving_file.py
[2025-03-29T16:35:19.104+0000] {processor.py:925} INFO - DAG(s) 'gerar_csv_dados_abertos_cnpj' retrieved from /opt/airflow/dags/saving_file.py
[2025-03-29T16:35:19.121+0000] {logging_mixin.py:190} INFO - [2025-03-29T16:35:19.121+0000] {dag.py:3239} INFO - Sync 1 DAGs
[2025-03-29T16:35:19.133+0000] {logging_mixin.py:190} INFO - [2025-03-29T16:35:19.133+0000] {dag.py:4180} INFO - Setting next_dagrun for gerar_csv_dados_abertos_cnpj to 2025-03-28 00:00:00+00:00, run_after=2025-03-29 00:00:00+00:00
[2025-03-29T16:35:19.144+0000] {processor.py:208} INFO - Processing /opt/airflow/dags/saving_file.py took 0.193 seconds
[2025-03-29T16:35:49.325+0000] {processor.py:186} INFO - Started process (PID=2590) to work on /opt/airflow/dags/saving_file.py
[2025-03-29T16:35:49.326+0000] {processor.py:914} INFO - Processing file /opt/airflow/dags/saving_file.py for tasks to queue
[2025-03-29T16:35:49.327+0000] {logging_mixin.py:190} INFO - [2025-03-29T16:35:49.327+0000] {dagbag.py:588} INFO - Filling up the DagBag from /opt/airflow/dags/saving_file.py
[2025-03-29T16:35:49.473+0000] {processor.py:925} INFO - DAG(s) 'gerar_csv_dados_abertos_cnpj' retrieved from /opt/airflow/dags/saving_file.py
[2025-03-29T16:35:49.487+0000] {logging_mixin.py:190} INFO - [2025-03-29T16:35:49.487+0000] {dag.py:3239} INFO - Sync 1 DAGs
[2025-03-29T16:35:49.499+0000] {logging_mixin.py:190} INFO - [2025-03-29T16:35:49.499+0000] {dag.py:4180} INFO - Setting next_dagrun for gerar_csv_dados_abertos_cnpj to 2025-03-28 00:00:00+00:00, run_after=2025-03-29 00:00:00+00:00
[2025-03-29T16:35:49.511+0000] {processor.py:208} INFO - Processing /opt/airflow/dags/saving_file.py took 0.189 seconds
[2025-03-29T16:36:19.706+0000] {processor.py:186} INFO - Started process (PID=2601) to work on /opt/airflow/dags/saving_file.py
[2025-03-29T16:36:19.707+0000] {processor.py:914} INFO - Processing file /opt/airflow/dags/saving_file.py for tasks to queue
[2025-03-29T16:36:19.709+0000] {logging_mixin.py:190} INFO - [2025-03-29T16:36:19.709+0000] {dagbag.py:588} INFO - Filling up the DagBag from /opt/airflow/dags/saving_file.py
[2025-03-29T16:36:19.856+0000] {processor.py:925} INFO - DAG(s) 'gerar_csv_dados_abertos_cnpj' retrieved from /opt/airflow/dags/saving_file.py
[2025-03-29T16:36:19.871+0000] {logging_mixin.py:190} INFO - [2025-03-29T16:36:19.871+0000] {dag.py:3239} INFO - Sync 1 DAGs
[2025-03-29T16:36:19.885+0000] {logging_mixin.py:190} INFO - [2025-03-29T16:36:19.885+0000] {dag.py:4180} INFO - Setting next_dagrun for gerar_csv_dados_abertos_cnpj to 2025-03-28 00:00:00+00:00, run_after=2025-03-29 00:00:00+00:00
[2025-03-29T16:36:19.898+0000] {processor.py:208} INFO - Processing /opt/airflow/dags/saving_file.py took 0.196 seconds
[2025-03-29T16:36:50.078+0000] {processor.py:186} INFO - Started process (PID=2612) to work on /opt/airflow/dags/saving_file.py
[2025-03-29T16:36:50.080+0000] {processor.py:914} INFO - Processing file /opt/airflow/dags/saving_file.py for tasks to queue
[2025-03-29T16:36:50.082+0000] {logging_mixin.py:190} INFO - [2025-03-29T16:36:50.082+0000] {dagbag.py:588} INFO - Filling up the DagBag from /opt/airflow/dags/saving_file.py
[2025-03-29T16:36:50.224+0000] {processor.py:925} INFO - DAG(s) 'gerar_csv_dados_abertos_cnpj' retrieved from /opt/airflow/dags/saving_file.py
[2025-03-29T16:36:50.238+0000] {logging_mixin.py:190} INFO - [2025-03-29T16:36:50.238+0000] {dag.py:3239} INFO - Sync 1 DAGs
[2025-03-29T16:36:50.251+0000] {logging_mixin.py:190} INFO - [2025-03-29T16:36:50.251+0000] {dag.py:4180} INFO - Setting next_dagrun for gerar_csv_dados_abertos_cnpj to 2025-03-28 00:00:00+00:00, run_after=2025-03-29 00:00:00+00:00
[2025-03-29T16:36:50.262+0000] {processor.py:208} INFO - Processing /opt/airflow/dags/saving_file.py took 0.187 seconds
[2025-03-29T16:37:20.455+0000] {processor.py:186} INFO - Started process (PID=2623) to work on /opt/airflow/dags/saving_file.py
[2025-03-29T16:37:20.456+0000] {processor.py:914} INFO - Processing file /opt/airflow/dags/saving_file.py for tasks to queue
[2025-03-29T16:37:20.459+0000] {logging_mixin.py:190} INFO - [2025-03-29T16:37:20.458+0000] {dagbag.py:588} INFO - Filling up the DagBag from /opt/airflow/dags/saving_file.py
[2025-03-29T16:37:20.604+0000] {processor.py:925} INFO - DAG(s) 'gerar_csv_dados_abertos_cnpj' retrieved from /opt/airflow/dags/saving_file.py
[2025-03-29T16:37:20.619+0000] {logging_mixin.py:190} INFO - [2025-03-29T16:37:20.619+0000] {dag.py:3239} INFO - Sync 1 DAGs
[2025-03-29T16:37:20.634+0000] {logging_mixin.py:190} INFO - [2025-03-29T16:37:20.634+0000] {dag.py:4180} INFO - Setting next_dagrun for gerar_csv_dados_abertos_cnpj to 2025-03-28 00:00:00+00:00, run_after=2025-03-29 00:00:00+00:00
[2025-03-29T16:37:20.645+0000] {processor.py:208} INFO - Processing /opt/airflow/dags/saving_file.py took 0.193 seconds
[2025-03-29T16:37:50.823+0000] {processor.py:186} INFO - Started process (PID=2634) to work on /opt/airflow/dags/saving_file.py
[2025-03-29T16:37:50.824+0000] {processor.py:914} INFO - Processing file /opt/airflow/dags/saving_file.py for tasks to queue
[2025-03-29T16:37:50.826+0000] {logging_mixin.py:190} INFO - [2025-03-29T16:37:50.826+0000] {dagbag.py:588} INFO - Filling up the DagBag from /opt/airflow/dags/saving_file.py
[2025-03-29T16:37:50.970+0000] {processor.py:925} INFO - DAG(s) 'gerar_csv_dados_abertos_cnpj' retrieved from /opt/airflow/dags/saving_file.py
[2025-03-29T16:37:50.984+0000] {logging_mixin.py:190} INFO - [2025-03-29T16:37:50.984+0000] {dag.py:3239} INFO - Sync 1 DAGs
[2025-03-29T16:37:50.997+0000] {logging_mixin.py:190} INFO - [2025-03-29T16:37:50.997+0000] {dag.py:4180} INFO - Setting next_dagrun for gerar_csv_dados_abertos_cnpj to 2025-03-28 00:00:00+00:00, run_after=2025-03-29 00:00:00+00:00
[2025-03-29T16:37:51.008+0000] {processor.py:208} INFO - Processing /opt/airflow/dags/saving_file.py took 0.188 seconds
[2025-03-29T16:38:21.207+0000] {processor.py:186} INFO - Started process (PID=2645) to work on /opt/airflow/dags/saving_file.py
[2025-03-29T16:38:21.208+0000] {processor.py:914} INFO - Processing file /opt/airflow/dags/saving_file.py for tasks to queue
[2025-03-29T16:38:21.210+0000] {logging_mixin.py:190} INFO - [2025-03-29T16:38:21.210+0000] {dagbag.py:588} INFO - Filling up the DagBag from /opt/airflow/dags/saving_file.py
[2025-03-29T16:38:21.360+0000] {processor.py:925} INFO - DAG(s) 'gerar_csv_dados_abertos_cnpj' retrieved from /opt/airflow/dags/saving_file.py
[2025-03-29T16:38:21.374+0000] {logging_mixin.py:190} INFO - [2025-03-29T16:38:21.373+0000] {dag.py:3239} INFO - Sync 1 DAGs
[2025-03-29T16:38:21.386+0000] {logging_mixin.py:190} INFO - [2025-03-29T16:38:21.386+0000] {dag.py:4180} INFO - Setting next_dagrun for gerar_csv_dados_abertos_cnpj to 2025-03-28 00:00:00+00:00, run_after=2025-03-29 00:00:00+00:00
[2025-03-29T16:38:21.400+0000] {processor.py:208} INFO - Processing /opt/airflow/dags/saving_file.py took 0.196 seconds
[2025-03-29T16:38:51.579+0000] {processor.py:186} INFO - Started process (PID=2656) to work on /opt/airflow/dags/saving_file.py
[2025-03-29T16:38:51.580+0000] {processor.py:914} INFO - Processing file /opt/airflow/dags/saving_file.py for tasks to queue
[2025-03-29T16:38:51.582+0000] {logging_mixin.py:190} INFO - [2025-03-29T16:38:51.582+0000] {dagbag.py:588} INFO - Filling up the DagBag from /opt/airflow/dags/saving_file.py
[2025-03-29T16:38:51.729+0000] {processor.py:925} INFO - DAG(s) 'gerar_csv_dados_abertos_cnpj' retrieved from /opt/airflow/dags/saving_file.py
[2025-03-29T16:38:51.742+0000] {logging_mixin.py:190} INFO - [2025-03-29T16:38:51.741+0000] {dag.py:3239} INFO - Sync 1 DAGs
[2025-03-29T16:38:51.754+0000] {logging_mixin.py:190} INFO - [2025-03-29T16:38:51.753+0000] {dag.py:4180} INFO - Setting next_dagrun for gerar_csv_dados_abertos_cnpj to 2025-03-28 00:00:00+00:00, run_after=2025-03-29 00:00:00+00:00
[2025-03-29T16:38:51.763+0000] {processor.py:208} INFO - Processing /opt/airflow/dags/saving_file.py took 0.187 seconds
[2025-03-29T16:39:21.963+0000] {processor.py:186} INFO - Started process (PID=2667) to work on /opt/airflow/dags/saving_file.py
[2025-03-29T16:39:21.964+0000] {processor.py:914} INFO - Processing file /opt/airflow/dags/saving_file.py for tasks to queue
[2025-03-29T16:39:21.966+0000] {logging_mixin.py:190} INFO - [2025-03-29T16:39:21.966+0000] {dagbag.py:588} INFO - Filling up the DagBag from /opt/airflow/dags/saving_file.py
[2025-03-29T16:39:22.121+0000] {processor.py:925} INFO - DAG(s) 'gerar_csv_dados_abertos_cnpj' retrieved from /opt/airflow/dags/saving_file.py
[2025-03-29T16:39:22.136+0000] {logging_mixin.py:190} INFO - [2025-03-29T16:39:22.136+0000] {dag.py:3239} INFO - Sync 1 DAGs
[2025-03-29T16:39:22.150+0000] {logging_mixin.py:190} INFO - [2025-03-29T16:39:22.150+0000] {dag.py:4180} INFO - Setting next_dagrun for gerar_csv_dados_abertos_cnpj to 2025-03-28 00:00:00+00:00, run_after=2025-03-29 00:00:00+00:00
[2025-03-29T16:39:22.162+0000] {processor.py:208} INFO - Processing /opt/airflow/dags/saving_file.py took 0.202 seconds
[2025-03-29T16:39:52.351+0000] {processor.py:186} INFO - Started process (PID=2678) to work on /opt/airflow/dags/saving_file.py
[2025-03-29T16:39:52.352+0000] {processor.py:914} INFO - Processing file /opt/airflow/dags/saving_file.py for tasks to queue
[2025-03-29T16:39:52.354+0000] {logging_mixin.py:190} INFO - [2025-03-29T16:39:52.354+0000] {dagbag.py:588} INFO - Filling up the DagBag from /opt/airflow/dags/saving_file.py
[2025-03-29T16:39:52.499+0000] {processor.py:925} INFO - DAG(s) 'gerar_csv_dados_abertos_cnpj' retrieved from /opt/airflow/dags/saving_file.py
[2025-03-29T16:39:52.513+0000] {logging_mixin.py:190} INFO - [2025-03-29T16:39:52.513+0000] {dag.py:3239} INFO - Sync 1 DAGs
[2025-03-29T16:39:52.528+0000] {logging_mixin.py:190} INFO - [2025-03-29T16:39:52.528+0000] {dag.py:4180} INFO - Setting next_dagrun for gerar_csv_dados_abertos_cnpj to 2025-03-28 00:00:00+00:00, run_after=2025-03-29 00:00:00+00:00
[2025-03-29T16:39:52.540+0000] {processor.py:208} INFO - Processing /opt/airflow/dags/saving_file.py took 0.192 seconds
[2025-03-29T16:40:22.756+0000] {processor.py:186} INFO - Started process (PID=2689) to work on /opt/airflow/dags/saving_file.py
[2025-03-29T16:40:22.757+0000] {processor.py:914} INFO - Processing file /opt/airflow/dags/saving_file.py for tasks to queue
[2025-03-29T16:40:22.759+0000] {logging_mixin.py:190} INFO - [2025-03-29T16:40:22.759+0000] {dagbag.py:588} INFO - Filling up the DagBag from /opt/airflow/dags/saving_file.py
[2025-03-29T16:40:22.907+0000] {processor.py:925} INFO - DAG(s) 'gerar_csv_dados_abertos_cnpj' retrieved from /opt/airflow/dags/saving_file.py
[2025-03-29T16:40:22.920+0000] {logging_mixin.py:190} INFO - [2025-03-29T16:40:22.920+0000] {dag.py:3239} INFO - Sync 1 DAGs
[2025-03-29T16:40:22.932+0000] {logging_mixin.py:190} INFO - [2025-03-29T16:40:22.932+0000] {dag.py:4180} INFO - Setting next_dagrun for gerar_csv_dados_abertos_cnpj to 2025-03-28 00:00:00+00:00, run_after=2025-03-29 00:00:00+00:00
[2025-03-29T16:40:22.943+0000] {processor.py:208} INFO - Processing /opt/airflow/dags/saving_file.py took 0.190 seconds
[2025-03-29T16:40:53.203+0000] {processor.py:186} INFO - Started process (PID=2700) to work on /opt/airflow/dags/saving_file.py
[2025-03-29T16:40:53.204+0000] {processor.py:914} INFO - Processing file /opt/airflow/dags/saving_file.py for tasks to queue
[2025-03-29T16:40:53.207+0000] {logging_mixin.py:190} INFO - [2025-03-29T16:40:53.207+0000] {dagbag.py:588} INFO - Filling up the DagBag from /opt/airflow/dags/saving_file.py
[2025-03-29T16:40:53.351+0000] {processor.py:925} INFO - DAG(s) 'gerar_csv_dados_abertos_cnpj' retrieved from /opt/airflow/dags/saving_file.py
[2025-03-29T16:40:53.367+0000] {logging_mixin.py:190} INFO - [2025-03-29T16:40:53.367+0000] {dag.py:3239} INFO - Sync 1 DAGs
[2025-03-29T16:40:53.380+0000] {logging_mixin.py:190} INFO - [2025-03-29T16:40:53.380+0000] {dag.py:4180} INFO - Setting next_dagrun for gerar_csv_dados_abertos_cnpj to 2025-03-28 00:00:00+00:00, run_after=2025-03-29 00:00:00+00:00
[2025-03-29T16:40:53.391+0000] {processor.py:208} INFO - Processing /opt/airflow/dags/saving_file.py took 0.191 seconds
[2025-03-29T16:41:23.567+0000] {processor.py:186} INFO - Started process (PID=2711) to work on /opt/airflow/dags/saving_file.py
[2025-03-29T16:41:23.568+0000] {processor.py:914} INFO - Processing file /opt/airflow/dags/saving_file.py for tasks to queue
[2025-03-29T16:41:23.572+0000] {logging_mixin.py:190} INFO - [2025-03-29T16:41:23.572+0000] {dagbag.py:588} INFO - Filling up the DagBag from /opt/airflow/dags/saving_file.py
[2025-03-29T16:41:23.710+0000] {processor.py:925} INFO - DAG(s) 'gerar_csv_dados_abertos_cnpj' retrieved from /opt/airflow/dags/saving_file.py
[2025-03-29T16:41:23.726+0000] {logging_mixin.py:190} INFO - [2025-03-29T16:41:23.726+0000] {dag.py:3239} INFO - Sync 1 DAGs
[2025-03-29T16:41:23.738+0000] {logging_mixin.py:190} INFO - [2025-03-29T16:41:23.738+0000] {dag.py:4180} INFO - Setting next_dagrun for gerar_csv_dados_abertos_cnpj to 2025-03-28 00:00:00+00:00, run_after=2025-03-29 00:00:00+00:00
[2025-03-29T16:41:23.751+0000] {processor.py:208} INFO - Processing /opt/airflow/dags/saving_file.py took 0.187 seconds
[2025-03-29T16:41:53.936+0000] {processor.py:186} INFO - Started process (PID=2722) to work on /opt/airflow/dags/saving_file.py
[2025-03-29T16:41:53.937+0000] {processor.py:914} INFO - Processing file /opt/airflow/dags/saving_file.py for tasks to queue
[2025-03-29T16:41:53.940+0000] {logging_mixin.py:190} INFO - [2025-03-29T16:41:53.940+0000] {dagbag.py:588} INFO - Filling up the DagBag from /opt/airflow/dags/saving_file.py
[2025-03-29T16:41:54.085+0000] {processor.py:925} INFO - DAG(s) 'gerar_csv_dados_abertos_cnpj' retrieved from /opt/airflow/dags/saving_file.py
[2025-03-29T16:41:54.098+0000] {logging_mixin.py:190} INFO - [2025-03-29T16:41:54.098+0000] {dag.py:3239} INFO - Sync 1 DAGs
[2025-03-29T16:41:54.112+0000] {logging_mixin.py:190} INFO - [2025-03-29T16:41:54.112+0000] {dag.py:4180} INFO - Setting next_dagrun for gerar_csv_dados_abertos_cnpj to 2025-03-28 00:00:00+00:00, run_after=2025-03-29 00:00:00+00:00
[2025-03-29T16:41:54.127+0000] {processor.py:208} INFO - Processing /opt/airflow/dags/saving_file.py took 0.195 seconds
[2025-03-29T16:42:24.316+0000] {processor.py:186} INFO - Started process (PID=2733) to work on /opt/airflow/dags/saving_file.py
[2025-03-29T16:42:24.317+0000] {processor.py:914} INFO - Processing file /opt/airflow/dags/saving_file.py for tasks to queue
[2025-03-29T16:42:24.320+0000] {logging_mixin.py:190} INFO - [2025-03-29T16:42:24.320+0000] {dagbag.py:588} INFO - Filling up the DagBag from /opt/airflow/dags/saving_file.py
[2025-03-29T16:42:24.472+0000] {processor.py:925} INFO - DAG(s) 'gerar_csv_dados_abertos_cnpj' retrieved from /opt/airflow/dags/saving_file.py
[2025-03-29T16:42:24.485+0000] {logging_mixin.py:190} INFO - [2025-03-29T16:42:24.485+0000] {dag.py:3239} INFO - Sync 1 DAGs
[2025-03-29T16:42:24.500+0000] {logging_mixin.py:190} INFO - [2025-03-29T16:42:24.499+0000] {dag.py:4180} INFO - Setting next_dagrun for gerar_csv_dados_abertos_cnpj to 2025-03-28 00:00:00+00:00, run_after=2025-03-29 00:00:00+00:00
[2025-03-29T16:42:24.511+0000] {processor.py:208} INFO - Processing /opt/airflow/dags/saving_file.py took 0.199 seconds
[2025-03-29T16:42:54.701+0000] {processor.py:186} INFO - Started process (PID=2744) to work on /opt/airflow/dags/saving_file.py
[2025-03-29T16:42:54.702+0000] {processor.py:914} INFO - Processing file /opt/airflow/dags/saving_file.py for tasks to queue
[2025-03-29T16:42:54.704+0000] {logging_mixin.py:190} INFO - [2025-03-29T16:42:54.704+0000] {dagbag.py:588} INFO - Filling up the DagBag from /opt/airflow/dags/saving_file.py
[2025-03-29T16:42:54.853+0000] {processor.py:925} INFO - DAG(s) 'gerar_csv_dados_abertos_cnpj' retrieved from /opt/airflow/dags/saving_file.py
[2025-03-29T16:42:54.868+0000] {logging_mixin.py:190} INFO - [2025-03-29T16:42:54.868+0000] {dag.py:3239} INFO - Sync 1 DAGs
[2025-03-29T16:42:54.881+0000] {logging_mixin.py:190} INFO - [2025-03-29T16:42:54.881+0000] {dag.py:4180} INFO - Setting next_dagrun for gerar_csv_dados_abertos_cnpj to 2025-03-28 00:00:00+00:00, run_after=2025-03-29 00:00:00+00:00
[2025-03-29T16:42:54.890+0000] {processor.py:208} INFO - Processing /opt/airflow/dags/saving_file.py took 0.192 seconds
[2025-03-29T16:43:25.078+0000] {processor.py:186} INFO - Started process (PID=2755) to work on /opt/airflow/dags/saving_file.py
[2025-03-29T16:43:25.079+0000] {processor.py:914} INFO - Processing file /opt/airflow/dags/saving_file.py for tasks to queue
[2025-03-29T16:43:25.081+0000] {logging_mixin.py:190} INFO - [2025-03-29T16:43:25.081+0000] {dagbag.py:588} INFO - Filling up the DagBag from /opt/airflow/dags/saving_file.py
[2025-03-29T16:43:25.234+0000] {processor.py:925} INFO - DAG(s) 'gerar_csv_dados_abertos_cnpj' retrieved from /opt/airflow/dags/saving_file.py
[2025-03-29T16:43:25.253+0000] {logging_mixin.py:190} INFO - [2025-03-29T16:43:25.252+0000] {dag.py:3239} INFO - Sync 1 DAGs
[2025-03-29T16:43:25.267+0000] {logging_mixin.py:190} INFO - [2025-03-29T16:43:25.267+0000] {dag.py:4180} INFO - Setting next_dagrun for gerar_csv_dados_abertos_cnpj to 2025-03-28 00:00:00+00:00, run_after=2025-03-29 00:00:00+00:00
[2025-03-29T16:43:25.281+0000] {processor.py:208} INFO - Processing /opt/airflow/dags/saving_file.py took 0.206 seconds
[2025-03-29T16:43:55.472+0000] {processor.py:186} INFO - Started process (PID=2766) to work on /opt/airflow/dags/saving_file.py
[2025-03-29T16:43:55.473+0000] {processor.py:914} INFO - Processing file /opt/airflow/dags/saving_file.py for tasks to queue
[2025-03-29T16:43:55.475+0000] {logging_mixin.py:190} INFO - [2025-03-29T16:43:55.475+0000] {dagbag.py:588} INFO - Filling up the DagBag from /opt/airflow/dags/saving_file.py
[2025-03-29T16:43:55.621+0000] {processor.py:925} INFO - DAG(s) 'gerar_csv_dados_abertos_cnpj' retrieved from /opt/airflow/dags/saving_file.py
[2025-03-29T16:43:55.635+0000] {logging_mixin.py:190} INFO - [2025-03-29T16:43:55.634+0000] {dag.py:3239} INFO - Sync 1 DAGs
[2025-03-29T16:43:55.647+0000] {logging_mixin.py:190} INFO - [2025-03-29T16:43:55.647+0000] {dag.py:4180} INFO - Setting next_dagrun for gerar_csv_dados_abertos_cnpj to 2025-03-28 00:00:00+00:00, run_after=2025-03-29 00:00:00+00:00
[2025-03-29T16:43:55.657+0000] {processor.py:208} INFO - Processing /opt/airflow/dags/saving_file.py took 0.189 seconds
[2025-03-29T16:44:25.864+0000] {processor.py:186} INFO - Started process (PID=2777) to work on /opt/airflow/dags/saving_file.py
[2025-03-29T16:44:25.865+0000] {processor.py:914} INFO - Processing file /opt/airflow/dags/saving_file.py for tasks to queue
[2025-03-29T16:44:25.867+0000] {logging_mixin.py:190} INFO - [2025-03-29T16:44:25.867+0000] {dagbag.py:588} INFO - Filling up the DagBag from /opt/airflow/dags/saving_file.py
[2025-03-29T16:44:26.011+0000] {processor.py:925} INFO - DAG(s) 'gerar_csv_dados_abertos_cnpj' retrieved from /opt/airflow/dags/saving_file.py
[2025-03-29T16:44:26.024+0000] {logging_mixin.py:190} INFO - [2025-03-29T16:44:26.024+0000] {dag.py:3239} INFO - Sync 1 DAGs
[2025-03-29T16:44:26.036+0000] {logging_mixin.py:190} INFO - [2025-03-29T16:44:26.035+0000] {dag.py:4180} INFO - Setting next_dagrun for gerar_csv_dados_abertos_cnpj to 2025-03-28 00:00:00+00:00, run_after=2025-03-29 00:00:00+00:00
[2025-03-29T16:44:26.046+0000] {processor.py:208} INFO - Processing /opt/airflow/dags/saving_file.py took 0.185 seconds
[2025-03-29T16:44:56.244+0000] {processor.py:186} INFO - Started process (PID=2794) to work on /opt/airflow/dags/saving_file.py
[2025-03-29T16:44:56.245+0000] {processor.py:914} INFO - Processing file /opt/airflow/dags/saving_file.py for tasks to queue
[2025-03-29T16:44:56.248+0000] {logging_mixin.py:190} INFO - [2025-03-29T16:44:56.248+0000] {dagbag.py:588} INFO - Filling up the DagBag from /opt/airflow/dags/saving_file.py
[2025-03-29T16:44:56.397+0000] {processor.py:925} INFO - DAG(s) 'gerar_csv_dados_abertos_cnpj' retrieved from /opt/airflow/dags/saving_file.py
[2025-03-29T16:44:56.410+0000] {logging_mixin.py:190} INFO - [2025-03-29T16:44:56.410+0000] {dag.py:3239} INFO - Sync 1 DAGs
[2025-03-29T16:44:56.424+0000] {logging_mixin.py:190} INFO - [2025-03-29T16:44:56.424+0000] {dag.py:4180} INFO - Setting next_dagrun for gerar_csv_dados_abertos_cnpj to 2025-03-28 00:00:00+00:00, run_after=2025-03-29 00:00:00+00:00
[2025-03-29T16:44:56.435+0000] {processor.py:208} INFO - Processing /opt/airflow/dags/saving_file.py took 0.194 seconds
[2025-03-29T16:45:26.618+0000] {processor.py:186} INFO - Started process (PID=2804) to work on /opt/airflow/dags/saving_file.py
[2025-03-29T16:45:26.619+0000] {processor.py:914} INFO - Processing file /opt/airflow/dags/saving_file.py for tasks to queue
[2025-03-29T16:45:26.621+0000] {logging_mixin.py:190} INFO - [2025-03-29T16:45:26.620+0000] {dagbag.py:588} INFO - Filling up the DagBag from /opt/airflow/dags/saving_file.py
[2025-03-29T16:45:26.768+0000] {processor.py:925} INFO - DAG(s) 'gerar_csv_dados_abertos_cnpj' retrieved from /opt/airflow/dags/saving_file.py
[2025-03-29T16:45:26.782+0000] {logging_mixin.py:190} INFO - [2025-03-29T16:45:26.782+0000] {dag.py:3239} INFO - Sync 1 DAGs
[2025-03-29T16:45:26.798+0000] {logging_mixin.py:190} INFO - [2025-03-29T16:45:26.798+0000] {dag.py:4180} INFO - Setting next_dagrun for gerar_csv_dados_abertos_cnpj to 2025-03-28 00:00:00+00:00, run_after=2025-03-29 00:00:00+00:00
[2025-03-29T16:45:26.812+0000] {processor.py:208} INFO - Processing /opt/airflow/dags/saving_file.py took 0.197 seconds
[2025-03-29T16:45:57.053+0000] {processor.py:186} INFO - Started process (PID=2815) to work on /opt/airflow/dags/saving_file.py
[2025-03-29T16:45:57.053+0000] {processor.py:914} INFO - Processing file /opt/airflow/dags/saving_file.py for tasks to queue
[2025-03-29T16:45:57.056+0000] {logging_mixin.py:190} INFO - [2025-03-29T16:45:57.056+0000] {dagbag.py:588} INFO - Filling up the DagBag from /opt/airflow/dags/saving_file.py
[2025-03-29T16:45:57.205+0000] {processor.py:925} INFO - DAG(s) 'gerar_csv_dados_abertos_cnpj' retrieved from /opt/airflow/dags/saving_file.py
[2025-03-29T16:45:57.221+0000] {logging_mixin.py:190} INFO - [2025-03-29T16:45:57.221+0000] {dag.py:3239} INFO - Sync 1 DAGs
[2025-03-29T16:45:57.234+0000] {logging_mixin.py:190} INFO - [2025-03-29T16:45:57.234+0000] {dag.py:4180} INFO - Setting next_dagrun for gerar_csv_dados_abertos_cnpj to 2025-03-28 00:00:00+00:00, run_after=2025-03-29 00:00:00+00:00
[2025-03-29T16:45:57.244+0000] {processor.py:208} INFO - Processing /opt/airflow/dags/saving_file.py took 0.194 seconds
[2025-03-29T16:46:27.431+0000] {processor.py:186} INFO - Started process (PID=2826) to work on /opt/airflow/dags/saving_file.py
[2025-03-29T16:46:27.432+0000] {processor.py:914} INFO - Processing file /opt/airflow/dags/saving_file.py for tasks to queue
[2025-03-29T16:46:27.434+0000] {logging_mixin.py:190} INFO - [2025-03-29T16:46:27.434+0000] {dagbag.py:588} INFO - Filling up the DagBag from /opt/airflow/dags/saving_file.py
[2025-03-29T16:46:27.574+0000] {processor.py:925} INFO - DAG(s) 'gerar_csv_dados_abertos_cnpj' retrieved from /opt/airflow/dags/saving_file.py
[2025-03-29T16:46:27.589+0000] {logging_mixin.py:190} INFO - [2025-03-29T16:46:27.588+0000] {dag.py:3239} INFO - Sync 1 DAGs
[2025-03-29T16:46:27.601+0000] {logging_mixin.py:190} INFO - [2025-03-29T16:46:27.601+0000] {dag.py:4180} INFO - Setting next_dagrun for gerar_csv_dados_abertos_cnpj to 2025-03-28 00:00:00+00:00, run_after=2025-03-29 00:00:00+00:00
[2025-03-29T16:46:27.612+0000] {processor.py:208} INFO - Processing /opt/airflow/dags/saving_file.py took 0.184 seconds
[2025-03-29T16:46:57.809+0000] {processor.py:186} INFO - Started process (PID=2837) to work on /opt/airflow/dags/saving_file.py
[2025-03-29T16:46:57.810+0000] {processor.py:914} INFO - Processing file /opt/airflow/dags/saving_file.py for tasks to queue
[2025-03-29T16:46:57.812+0000] {logging_mixin.py:190} INFO - [2025-03-29T16:46:57.811+0000] {dagbag.py:588} INFO - Filling up the DagBag from /opt/airflow/dags/saving_file.py
[2025-03-29T16:46:57.963+0000] {processor.py:925} INFO - DAG(s) 'gerar_csv_dados_abertos_cnpj' retrieved from /opt/airflow/dags/saving_file.py
[2025-03-29T16:46:57.977+0000] {logging_mixin.py:190} INFO - [2025-03-29T16:46:57.977+0000] {dag.py:3239} INFO - Sync 1 DAGs
[2025-03-29T16:46:57.992+0000] {logging_mixin.py:190} INFO - [2025-03-29T16:46:57.992+0000] {dag.py:4180} INFO - Setting next_dagrun for gerar_csv_dados_abertos_cnpj to 2025-03-28 00:00:00+00:00, run_after=2025-03-29 00:00:00+00:00
[2025-03-29T16:46:58.006+0000] {processor.py:208} INFO - Processing /opt/airflow/dags/saving_file.py took 0.200 seconds
[2025-03-29T16:47:28.199+0000] {processor.py:186} INFO - Started process (PID=2848) to work on /opt/airflow/dags/saving_file.py
[2025-03-29T16:47:28.200+0000] {processor.py:914} INFO - Processing file /opt/airflow/dags/saving_file.py for tasks to queue
[2025-03-29T16:47:28.204+0000] {logging_mixin.py:190} INFO - [2025-03-29T16:47:28.204+0000] {dagbag.py:588} INFO - Filling up the DagBag from /opt/airflow/dags/saving_file.py
[2025-03-29T16:47:28.350+0000] {processor.py:925} INFO - DAG(s) 'gerar_csv_dados_abertos_cnpj' retrieved from /opt/airflow/dags/saving_file.py
[2025-03-29T16:47:28.368+0000] {logging_mixin.py:190} INFO - [2025-03-29T16:47:28.368+0000] {dag.py:3239} INFO - Sync 1 DAGs
[2025-03-29T16:47:28.382+0000] {logging_mixin.py:190} INFO - [2025-03-29T16:47:28.382+0000] {dag.py:4180} INFO - Setting next_dagrun for gerar_csv_dados_abertos_cnpj to 2025-03-28 00:00:00+00:00, run_after=2025-03-29 00:00:00+00:00
[2025-03-29T16:47:28.395+0000] {processor.py:208} INFO - Processing /opt/airflow/dags/saving_file.py took 0.198 seconds
[2025-03-29T16:47:58.595+0000] {processor.py:186} INFO - Started process (PID=2859) to work on /opt/airflow/dags/saving_file.py
[2025-03-29T16:47:58.596+0000] {processor.py:914} INFO - Processing file /opt/airflow/dags/saving_file.py for tasks to queue
[2025-03-29T16:47:58.599+0000] {logging_mixin.py:190} INFO - [2025-03-29T16:47:58.599+0000] {dagbag.py:588} INFO - Filling up the DagBag from /opt/airflow/dags/saving_file.py
[2025-03-29T16:47:58.746+0000] {processor.py:925} INFO - DAG(s) 'gerar_csv_dados_abertos_cnpj' retrieved from /opt/airflow/dags/saving_file.py
[2025-03-29T16:47:58.762+0000] {logging_mixin.py:190} INFO - [2025-03-29T16:47:58.762+0000] {dag.py:3239} INFO - Sync 1 DAGs
[2025-03-29T16:47:58.777+0000] {logging_mixin.py:190} INFO - [2025-03-29T16:47:58.777+0000] {dag.py:4180} INFO - Setting next_dagrun for gerar_csv_dados_abertos_cnpj to 2025-03-28 00:00:00+00:00, run_after=2025-03-29 00:00:00+00:00
[2025-03-29T16:47:58.789+0000] {processor.py:208} INFO - Processing /opt/airflow/dags/saving_file.py took 0.197 seconds
[2025-03-29T16:48:28.984+0000] {processor.py:186} INFO - Started process (PID=2870) to work on /opt/airflow/dags/saving_file.py
[2025-03-29T16:48:28.985+0000] {processor.py:914} INFO - Processing file /opt/airflow/dags/saving_file.py for tasks to queue
[2025-03-29T16:48:28.988+0000] {logging_mixin.py:190} INFO - [2025-03-29T16:48:28.988+0000] {dagbag.py:588} INFO - Filling up the DagBag from /opt/airflow/dags/saving_file.py
[2025-03-29T16:48:29.137+0000] {processor.py:925} INFO - DAG(s) 'gerar_csv_dados_abertos_cnpj' retrieved from /opt/airflow/dags/saving_file.py
[2025-03-29T16:48:29.154+0000] {logging_mixin.py:190} INFO - [2025-03-29T16:48:29.154+0000] {dag.py:3239} INFO - Sync 1 DAGs
[2025-03-29T16:48:29.167+0000] {logging_mixin.py:190} INFO - [2025-03-29T16:48:29.167+0000] {dag.py:4180} INFO - Setting next_dagrun for gerar_csv_dados_abertos_cnpj to 2025-03-28 00:00:00+00:00, run_after=2025-03-29 00:00:00+00:00
[2025-03-29T16:48:29.177+0000] {processor.py:208} INFO - Processing /opt/airflow/dags/saving_file.py took 0.196 seconds
[2025-03-29T16:48:59.370+0000] {processor.py:186} INFO - Started process (PID=2881) to work on /opt/airflow/dags/saving_file.py
[2025-03-29T16:48:59.371+0000] {processor.py:914} INFO - Processing file /opt/airflow/dags/saving_file.py for tasks to queue
[2025-03-29T16:48:59.373+0000] {logging_mixin.py:190} INFO - [2025-03-29T16:48:59.373+0000] {dagbag.py:588} INFO - Filling up the DagBag from /opt/airflow/dags/saving_file.py
[2025-03-29T16:48:59.518+0000] {processor.py:925} INFO - DAG(s) 'gerar_csv_dados_abertos_cnpj' retrieved from /opt/airflow/dags/saving_file.py
[2025-03-29T16:48:59.534+0000] {logging_mixin.py:190} INFO - [2025-03-29T16:48:59.533+0000] {dag.py:3239} INFO - Sync 1 DAGs
[2025-03-29T16:48:59.548+0000] {logging_mixin.py:190} INFO - [2025-03-29T16:48:59.548+0000] {dag.py:4180} INFO - Setting next_dagrun for gerar_csv_dados_abertos_cnpj to 2025-03-28 00:00:00+00:00, run_after=2025-03-29 00:00:00+00:00
[2025-03-29T16:48:59.564+0000] {processor.py:208} INFO - Processing /opt/airflow/dags/saving_file.py took 0.197 seconds
[2025-03-29T16:49:29.750+0000] {processor.py:186} INFO - Started process (PID=2892) to work on /opt/airflow/dags/saving_file.py
[2025-03-29T16:49:29.751+0000] {processor.py:914} INFO - Processing file /opt/airflow/dags/saving_file.py for tasks to queue
[2025-03-29T16:49:29.754+0000] {logging_mixin.py:190} INFO - [2025-03-29T16:49:29.754+0000] {dagbag.py:588} INFO - Filling up the DagBag from /opt/airflow/dags/saving_file.py
[2025-03-29T16:49:29.900+0000] {processor.py:925} INFO - DAG(s) 'gerar_csv_dados_abertos_cnpj' retrieved from /opt/airflow/dags/saving_file.py
[2025-03-29T16:49:29.918+0000] {logging_mixin.py:190} INFO - [2025-03-29T16:49:29.918+0000] {dag.py:3239} INFO - Sync 1 DAGs
[2025-03-29T16:49:29.931+0000] {logging_mixin.py:190} INFO - [2025-03-29T16:49:29.931+0000] {dag.py:4180} INFO - Setting next_dagrun for gerar_csv_dados_abertos_cnpj to 2025-03-28 00:00:00+00:00, run_after=2025-03-29 00:00:00+00:00
[2025-03-29T16:49:29.942+0000] {processor.py:208} INFO - Processing /opt/airflow/dags/saving_file.py took 0.195 seconds
[2025-03-29T16:50:00.134+0000] {processor.py:186} INFO - Started process (PID=2903) to work on /opt/airflow/dags/saving_file.py
[2025-03-29T16:50:00.135+0000] {processor.py:914} INFO - Processing file /opt/airflow/dags/saving_file.py for tasks to queue
[2025-03-29T16:50:00.138+0000] {logging_mixin.py:190} INFO - [2025-03-29T16:50:00.138+0000] {dagbag.py:588} INFO - Filling up the DagBag from /opt/airflow/dags/saving_file.py
[2025-03-29T16:50:00.284+0000] {processor.py:925} INFO - DAG(s) 'gerar_csv_dados_abertos_cnpj' retrieved from /opt/airflow/dags/saving_file.py
[2025-03-29T16:50:00.302+0000] {logging_mixin.py:190} INFO - [2025-03-29T16:50:00.302+0000] {dag.py:3239} INFO - Sync 1 DAGs
[2025-03-29T16:50:00.315+0000] {logging_mixin.py:190} INFO - [2025-03-29T16:50:00.315+0000] {dag.py:4180} INFO - Setting next_dagrun for gerar_csv_dados_abertos_cnpj to 2025-03-28 00:00:00+00:00, run_after=2025-03-29 00:00:00+00:00
[2025-03-29T16:50:00.327+0000] {processor.py:208} INFO - Processing /opt/airflow/dags/saving_file.py took 0.196 seconds
[2025-03-29T16:50:30.511+0000] {processor.py:186} INFO - Started process (PID=2914) to work on /opt/airflow/dags/saving_file.py
[2025-03-29T16:50:30.511+0000] {processor.py:914} INFO - Processing file /opt/airflow/dags/saving_file.py for tasks to queue
[2025-03-29T16:50:30.513+0000] {logging_mixin.py:190} INFO - [2025-03-29T16:50:30.513+0000] {dagbag.py:588} INFO - Filling up the DagBag from /opt/airflow/dags/saving_file.py
[2025-03-29T16:50:30.658+0000] {processor.py:925} INFO - DAG(s) 'gerar_csv_dados_abertos_cnpj' retrieved from /opt/airflow/dags/saving_file.py
[2025-03-29T16:50:30.671+0000] {logging_mixin.py:190} INFO - [2025-03-29T16:50:30.671+0000] {dag.py:3239} INFO - Sync 1 DAGs
[2025-03-29T16:50:30.684+0000] {logging_mixin.py:190} INFO - [2025-03-29T16:50:30.683+0000] {dag.py:4180} INFO - Setting next_dagrun for gerar_csv_dados_abertos_cnpj to 2025-03-28 00:00:00+00:00, run_after=2025-03-29 00:00:00+00:00
[2025-03-29T16:50:30.699+0000] {processor.py:208} INFO - Processing /opt/airflow/dags/saving_file.py took 0.192 seconds
[2025-03-29T16:51:00.891+0000] {processor.py:186} INFO - Started process (PID=2925) to work on /opt/airflow/dags/saving_file.py
[2025-03-29T16:51:00.893+0000] {processor.py:914} INFO - Processing file /opt/airflow/dags/saving_file.py for tasks to queue
[2025-03-29T16:51:00.895+0000] {logging_mixin.py:190} INFO - [2025-03-29T16:51:00.895+0000] {dagbag.py:588} INFO - Filling up the DagBag from /opt/airflow/dags/saving_file.py
[2025-03-29T16:51:01.039+0000] {processor.py:925} INFO - DAG(s) 'gerar_csv_dados_abertos_cnpj' retrieved from /opt/airflow/dags/saving_file.py
[2025-03-29T16:51:01.052+0000] {logging_mixin.py:190} INFO - [2025-03-29T16:51:01.052+0000] {dag.py:3239} INFO - Sync 1 DAGs
[2025-03-29T16:51:01.065+0000] {logging_mixin.py:190} INFO - [2025-03-29T16:51:01.065+0000] {dag.py:4180} INFO - Setting next_dagrun for gerar_csv_dados_abertos_cnpj to 2025-03-28 00:00:00+00:00, run_after=2025-03-29 00:00:00+00:00
[2025-03-29T16:51:01.076+0000] {processor.py:208} INFO - Processing /opt/airflow/dags/saving_file.py took 0.188 seconds
[2025-03-29T16:51:31.279+0000] {processor.py:186} INFO - Started process (PID=2936) to work on /opt/airflow/dags/saving_file.py
[2025-03-29T16:51:31.280+0000] {processor.py:914} INFO - Processing file /opt/airflow/dags/saving_file.py for tasks to queue
[2025-03-29T16:51:31.283+0000] {logging_mixin.py:190} INFO - [2025-03-29T16:51:31.283+0000] {dagbag.py:588} INFO - Filling up the DagBag from /opt/airflow/dags/saving_file.py
[2025-03-29T16:51:31.432+0000] {processor.py:925} INFO - DAG(s) 'gerar_csv_dados_abertos_cnpj' retrieved from /opt/airflow/dags/saving_file.py
[2025-03-29T16:51:31.450+0000] {logging_mixin.py:190} INFO - [2025-03-29T16:51:31.449+0000] {dag.py:3239} INFO - Sync 1 DAGs
[2025-03-29T16:51:31.467+0000] {logging_mixin.py:190} INFO - [2025-03-29T16:51:31.467+0000] {dag.py:4180} INFO - Setting next_dagrun for gerar_csv_dados_abertos_cnpj to 2025-03-28 00:00:00+00:00, run_after=2025-03-29 00:00:00+00:00
[2025-03-29T16:51:31.484+0000] {processor.py:208} INFO - Processing /opt/airflow/dags/saving_file.py took 0.210 seconds
[2025-03-29T16:52:01.678+0000] {processor.py:186} INFO - Started process (PID=2947) to work on /opt/airflow/dags/saving_file.py
[2025-03-29T16:52:01.678+0000] {processor.py:914} INFO - Processing file /opt/airflow/dags/saving_file.py for tasks to queue
[2025-03-29T16:52:01.680+0000] {logging_mixin.py:190} INFO - [2025-03-29T16:52:01.680+0000] {dagbag.py:588} INFO - Filling up the DagBag from /opt/airflow/dags/saving_file.py
[2025-03-29T16:52:01.831+0000] {processor.py:925} INFO - DAG(s) 'gerar_csv_dados_abertos_cnpj' retrieved from /opt/airflow/dags/saving_file.py
[2025-03-29T16:52:01.848+0000] {logging_mixin.py:190} INFO - [2025-03-29T16:52:01.848+0000] {dag.py:3239} INFO - Sync 1 DAGs
[2025-03-29T16:52:01.862+0000] {logging_mixin.py:190} INFO - [2025-03-29T16:52:01.862+0000] {dag.py:4180} INFO - Setting next_dagrun for gerar_csv_dados_abertos_cnpj to 2025-03-28 00:00:00+00:00, run_after=2025-03-29 00:00:00+00:00
[2025-03-29T16:52:01.875+0000] {processor.py:208} INFO - Processing /opt/airflow/dags/saving_file.py took 0.201 seconds
[2025-03-29T16:52:32.065+0000] {processor.py:186} INFO - Started process (PID=2957) to work on /opt/airflow/dags/saving_file.py
[2025-03-29T16:52:32.066+0000] {processor.py:914} INFO - Processing file /opt/airflow/dags/saving_file.py for tasks to queue
[2025-03-29T16:52:32.067+0000] {logging_mixin.py:190} INFO - [2025-03-29T16:52:32.067+0000] {dagbag.py:588} INFO - Filling up the DagBag from /opt/airflow/dags/saving_file.py
[2025-03-29T16:52:32.213+0000] {processor.py:925} INFO - DAG(s) 'gerar_csv_dados_abertos_cnpj' retrieved from /opt/airflow/dags/saving_file.py
[2025-03-29T16:52:32.230+0000] {logging_mixin.py:190} INFO - [2025-03-29T16:52:32.230+0000] {dag.py:3239} INFO - Sync 1 DAGs
[2025-03-29T16:52:32.243+0000] {logging_mixin.py:190} INFO - [2025-03-29T16:52:32.243+0000] {dag.py:4180} INFO - Setting next_dagrun for gerar_csv_dados_abertos_cnpj to 2025-03-28 00:00:00+00:00, run_after=2025-03-29 00:00:00+00:00
[2025-03-29T16:52:32.256+0000] {processor.py:208} INFO - Processing /opt/airflow/dags/saving_file.py took 0.194 seconds
[2025-03-29T16:53:02.446+0000] {processor.py:186} INFO - Started process (PID=2968) to work on /opt/airflow/dags/saving_file.py
[2025-03-29T16:53:02.447+0000] {processor.py:914} INFO - Processing file /opt/airflow/dags/saving_file.py for tasks to queue
[2025-03-29T16:53:02.448+0000] {logging_mixin.py:190} INFO - [2025-03-29T16:53:02.448+0000] {dagbag.py:588} INFO - Filling up the DagBag from /opt/airflow/dags/saving_file.py
[2025-03-29T16:53:02.594+0000] {processor.py:925} INFO - DAG(s) 'gerar_csv_dados_abertos_cnpj' retrieved from /opt/airflow/dags/saving_file.py
[2025-03-29T16:53:02.608+0000] {logging_mixin.py:190} INFO - [2025-03-29T16:53:02.607+0000] {dag.py:3239} INFO - Sync 1 DAGs
[2025-03-29T16:53:02.625+0000] {logging_mixin.py:190} INFO - [2025-03-29T16:53:02.625+0000] {dag.py:4180} INFO - Setting next_dagrun for gerar_csv_dados_abertos_cnpj to 2025-03-28 00:00:00+00:00, run_after=2025-03-29 00:00:00+00:00
[2025-03-29T16:53:02.636+0000] {processor.py:208} INFO - Processing /opt/airflow/dags/saving_file.py took 0.194 seconds
[2025-03-29T16:53:32.827+0000] {processor.py:186} INFO - Started process (PID=2979) to work on /opt/airflow/dags/saving_file.py
[2025-03-29T16:53:32.828+0000] {processor.py:914} INFO - Processing file /opt/airflow/dags/saving_file.py for tasks to queue
[2025-03-29T16:53:32.831+0000] {logging_mixin.py:190} INFO - [2025-03-29T16:53:32.830+0000] {dagbag.py:588} INFO - Filling up the DagBag from /opt/airflow/dags/saving_file.py
[2025-03-29T16:53:32.977+0000] {processor.py:925} INFO - DAG(s) 'gerar_csv_dados_abertos_cnpj' retrieved from /opt/airflow/dags/saving_file.py
[2025-03-29T16:53:32.994+0000] {logging_mixin.py:190} INFO - [2025-03-29T16:53:32.993+0000] {dag.py:3239} INFO - Sync 1 DAGs
[2025-03-29T16:53:33.007+0000] {logging_mixin.py:190} INFO - [2025-03-29T16:53:33.007+0000] {dag.py:4180} INFO - Setting next_dagrun for gerar_csv_dados_abertos_cnpj to 2025-03-28 00:00:00+00:00, run_after=2025-03-29 00:00:00+00:00
[2025-03-29T16:53:33.021+0000] {processor.py:208} INFO - Processing /opt/airflow/dags/saving_file.py took 0.197 seconds
[2025-03-29T16:54:03.229+0000] {processor.py:186} INFO - Started process (PID=2990) to work on /opt/airflow/dags/saving_file.py
[2025-03-29T16:54:03.230+0000] {processor.py:914} INFO - Processing file /opt/airflow/dags/saving_file.py for tasks to queue
[2025-03-29T16:54:03.233+0000] {logging_mixin.py:190} INFO - [2025-03-29T16:54:03.233+0000] {dagbag.py:588} INFO - Filling up the DagBag from /opt/airflow/dags/saving_file.py
[2025-03-29T16:54:03.376+0000] {processor.py:925} INFO - DAG(s) 'gerar_csv_dados_abertos_cnpj' retrieved from /opt/airflow/dags/saving_file.py
[2025-03-29T16:54:03.392+0000] {logging_mixin.py:190} INFO - [2025-03-29T16:54:03.392+0000] {dag.py:3239} INFO - Sync 1 DAGs
[2025-03-29T16:54:03.404+0000] {logging_mixin.py:190} INFO - [2025-03-29T16:54:03.404+0000] {dag.py:4180} INFO - Setting next_dagrun for gerar_csv_dados_abertos_cnpj to 2025-03-28 00:00:00+00:00, run_after=2025-03-29 00:00:00+00:00
[2025-03-29T16:54:03.420+0000] {processor.py:208} INFO - Processing /opt/airflow/dags/saving_file.py took 0.193 seconds
[2025-03-29T16:54:33.604+0000] {processor.py:186} INFO - Started process (PID=3001) to work on /opt/airflow/dags/saving_file.py
[2025-03-29T16:54:33.605+0000] {processor.py:914} INFO - Processing file /opt/airflow/dags/saving_file.py for tasks to queue
[2025-03-29T16:54:33.608+0000] {logging_mixin.py:190} INFO - [2025-03-29T16:54:33.607+0000] {dagbag.py:588} INFO - Filling up the DagBag from /opt/airflow/dags/saving_file.py
[2025-03-29T16:54:33.754+0000] {processor.py:925} INFO - DAG(s) 'gerar_csv_dados_abertos_cnpj' retrieved from /opt/airflow/dags/saving_file.py
[2025-03-29T16:54:33.770+0000] {logging_mixin.py:190} INFO - [2025-03-29T16:54:33.769+0000] {dag.py:3239} INFO - Sync 1 DAGs
[2025-03-29T16:54:33.783+0000] {logging_mixin.py:190} INFO - [2025-03-29T16:54:33.783+0000] {dag.py:4180} INFO - Setting next_dagrun for gerar_csv_dados_abertos_cnpj to 2025-03-28 00:00:00+00:00, run_after=2025-03-29 00:00:00+00:00
[2025-03-29T16:54:33.793+0000] {processor.py:208} INFO - Processing /opt/airflow/dags/saving_file.py took 0.192 seconds
[2025-03-29T16:55:03.977+0000] {processor.py:186} INFO - Started process (PID=3012) to work on /opt/airflow/dags/saving_file.py
[2025-03-29T16:55:03.978+0000] {processor.py:914} INFO - Processing file /opt/airflow/dags/saving_file.py for tasks to queue
[2025-03-29T16:55:03.980+0000] {logging_mixin.py:190} INFO - [2025-03-29T16:55:03.980+0000] {dagbag.py:588} INFO - Filling up the DagBag from /opt/airflow/dags/saving_file.py
[2025-03-29T16:55:04.121+0000] {processor.py:925} INFO - DAG(s) 'gerar_csv_dados_abertos_cnpj' retrieved from /opt/airflow/dags/saving_file.py
[2025-03-29T16:55:04.134+0000] {logging_mixin.py:190} INFO - [2025-03-29T16:55:04.133+0000] {dag.py:3239} INFO - Sync 1 DAGs
[2025-03-29T16:55:04.147+0000] {logging_mixin.py:190} INFO - [2025-03-29T16:55:04.147+0000] {dag.py:4180} INFO - Setting next_dagrun for gerar_csv_dados_abertos_cnpj to 2025-03-28 00:00:00+00:00, run_after=2025-03-29 00:00:00+00:00
[2025-03-29T16:55:04.158+0000] {processor.py:208} INFO - Processing /opt/airflow/dags/saving_file.py took 0.184 seconds
[2025-03-29T16:55:34.408+0000] {processor.py:186} INFO - Started process (PID=3023) to work on /opt/airflow/dags/saving_file.py
[2025-03-29T16:55:34.409+0000] {processor.py:914} INFO - Processing file /opt/airflow/dags/saving_file.py for tasks to queue
[2025-03-29T16:55:34.411+0000] {logging_mixin.py:190} INFO - [2025-03-29T16:55:34.411+0000] {dagbag.py:588} INFO - Filling up the DagBag from /opt/airflow/dags/saving_file.py
[2025-03-29T16:55:34.555+0000] {processor.py:925} INFO - DAG(s) 'gerar_csv_dados_abertos_cnpj' retrieved from /opt/airflow/dags/saving_file.py
[2025-03-29T16:55:34.574+0000] {logging_mixin.py:190} INFO - [2025-03-29T16:55:34.573+0000] {dag.py:3239} INFO - Sync 1 DAGs
[2025-03-29T16:55:34.587+0000] {logging_mixin.py:190} INFO - [2025-03-29T16:55:34.587+0000] {dag.py:4180} INFO - Setting next_dagrun for gerar_csv_dados_abertos_cnpj to 2025-03-28 00:00:00+00:00, run_after=2025-03-29 00:00:00+00:00
[2025-03-29T16:55:34.598+0000] {processor.py:208} INFO - Processing /opt/airflow/dags/saving_file.py took 0.193 seconds
[2025-03-29T16:56:04.782+0000] {processor.py:186} INFO - Started process (PID=3034) to work on /opt/airflow/dags/saving_file.py
[2025-03-29T16:56:04.784+0000] {processor.py:914} INFO - Processing file /opt/airflow/dags/saving_file.py for tasks to queue
[2025-03-29T16:56:04.786+0000] {logging_mixin.py:190} INFO - [2025-03-29T16:56:04.786+0000] {dagbag.py:588} INFO - Filling up the DagBag from /opt/airflow/dags/saving_file.py
[2025-03-29T16:56:04.933+0000] {processor.py:925} INFO - DAG(s) 'gerar_csv_dados_abertos_cnpj' retrieved from /opt/airflow/dags/saving_file.py
[2025-03-29T16:56:04.952+0000] {logging_mixin.py:190} INFO - [2025-03-29T16:56:04.951+0000] {dag.py:3239} INFO - Sync 1 DAGs
[2025-03-29T16:56:04.966+0000] {logging_mixin.py:190} INFO - [2025-03-29T16:56:04.966+0000] {dag.py:4180} INFO - Setting next_dagrun for gerar_csv_dados_abertos_cnpj to 2025-03-28 00:00:00+00:00, run_after=2025-03-29 00:00:00+00:00
[2025-03-29T16:56:04.976+0000] {processor.py:208} INFO - Processing /opt/airflow/dags/saving_file.py took 0.197 seconds
[2025-03-29T16:56:35.166+0000] {processor.py:186} INFO - Started process (PID=3045) to work on /opt/airflow/dags/saving_file.py
[2025-03-29T16:56:35.167+0000] {processor.py:914} INFO - Processing file /opt/airflow/dags/saving_file.py for tasks to queue
[2025-03-29T16:56:35.170+0000] {logging_mixin.py:190} INFO - [2025-03-29T16:56:35.169+0000] {dagbag.py:588} INFO - Filling up the DagBag from /opt/airflow/dags/saving_file.py
[2025-03-29T16:56:35.317+0000] {processor.py:925} INFO - DAG(s) 'gerar_csv_dados_abertos_cnpj' retrieved from /opt/airflow/dags/saving_file.py
[2025-03-29T16:56:35.334+0000] {logging_mixin.py:190} INFO - [2025-03-29T16:56:35.334+0000] {dag.py:3239} INFO - Sync 1 DAGs
[2025-03-29T16:56:35.346+0000] {logging_mixin.py:190} INFO - [2025-03-29T16:56:35.346+0000] {dag.py:4180} INFO - Setting next_dagrun for gerar_csv_dados_abertos_cnpj to 2025-03-28 00:00:00+00:00, run_after=2025-03-29 00:00:00+00:00
[2025-03-29T16:56:35.357+0000] {processor.py:208} INFO - Processing /opt/airflow/dags/saving_file.py took 0.193 seconds
[2025-03-29T16:57:05.552+0000] {processor.py:186} INFO - Started process (PID=3056) to work on /opt/airflow/dags/saving_file.py
[2025-03-29T16:57:05.554+0000] {processor.py:914} INFO - Processing file /opt/airflow/dags/saving_file.py for tasks to queue
[2025-03-29T16:57:05.555+0000] {logging_mixin.py:190} INFO - [2025-03-29T16:57:05.555+0000] {dagbag.py:588} INFO - Filling up the DagBag from /opt/airflow/dags/saving_file.py
[2025-03-29T16:57:05.699+0000] {processor.py:925} INFO - DAG(s) 'gerar_csv_dados_abertos_cnpj' retrieved from /opt/airflow/dags/saving_file.py
[2025-03-29T16:57:05.711+0000] {logging_mixin.py:190} INFO - [2025-03-29T16:57:05.711+0000] {dag.py:3239} INFO - Sync 1 DAGs
[2025-03-29T16:57:05.723+0000] {logging_mixin.py:190} INFO - [2025-03-29T16:57:05.723+0000] {dag.py:4180} INFO - Setting next_dagrun for gerar_csv_dados_abertos_cnpj to 2025-03-28 00:00:00+00:00, run_after=2025-03-29 00:00:00+00:00
[2025-03-29T16:57:05.733+0000] {processor.py:208} INFO - Processing /opt/airflow/dags/saving_file.py took 0.184 seconds
[2025-03-29T16:57:35.926+0000] {processor.py:186} INFO - Started process (PID=3067) to work on /opt/airflow/dags/saving_file.py
[2025-03-29T16:57:35.927+0000] {processor.py:914} INFO - Processing file /opt/airflow/dags/saving_file.py for tasks to queue
[2025-03-29T16:57:35.929+0000] {logging_mixin.py:190} INFO - [2025-03-29T16:57:35.929+0000] {dagbag.py:588} INFO - Filling up the DagBag from /opt/airflow/dags/saving_file.py
[2025-03-29T16:57:36.076+0000] {processor.py:925} INFO - DAG(s) 'gerar_csv_dados_abertos_cnpj' retrieved from /opt/airflow/dags/saving_file.py
[2025-03-29T16:57:36.090+0000] {logging_mixin.py:190} INFO - [2025-03-29T16:57:36.089+0000] {dag.py:3239} INFO - Sync 1 DAGs
[2025-03-29T16:57:36.103+0000] {logging_mixin.py:190} INFO - [2025-03-29T16:57:36.102+0000] {dag.py:4180} INFO - Setting next_dagrun for gerar_csv_dados_abertos_cnpj to 2025-03-28 00:00:00+00:00, run_after=2025-03-29 00:00:00+00:00
[2025-03-29T16:57:36.116+0000] {processor.py:208} INFO - Processing /opt/airflow/dags/saving_file.py took 0.193 seconds
[2025-03-29T16:58:06.296+0000] {processor.py:186} INFO - Started process (PID=3078) to work on /opt/airflow/dags/saving_file.py
[2025-03-29T16:58:06.297+0000] {processor.py:914} INFO - Processing file /opt/airflow/dags/saving_file.py for tasks to queue
[2025-03-29T16:58:06.299+0000] {logging_mixin.py:190} INFO - [2025-03-29T16:58:06.299+0000] {dagbag.py:588} INFO - Filling up the DagBag from /opt/airflow/dags/saving_file.py
[2025-03-29T16:58:06.445+0000] {processor.py:925} INFO - DAG(s) 'gerar_csv_dados_abertos_cnpj' retrieved from /opt/airflow/dags/saving_file.py
[2025-03-29T16:58:06.458+0000] {logging_mixin.py:190} INFO - [2025-03-29T16:58:06.458+0000] {dag.py:3239} INFO - Sync 1 DAGs
[2025-03-29T16:58:06.471+0000] {logging_mixin.py:190} INFO - [2025-03-29T16:58:06.471+0000] {dag.py:4180} INFO - Setting next_dagrun for gerar_csv_dados_abertos_cnpj to 2025-03-28 00:00:00+00:00, run_after=2025-03-29 00:00:00+00:00
[2025-03-29T16:58:06.483+0000] {processor.py:208} INFO - Processing /opt/airflow/dags/saving_file.py took 0.191 seconds
[2025-03-29T16:58:36.680+0000] {processor.py:186} INFO - Started process (PID=3089) to work on /opt/airflow/dags/saving_file.py
[2025-03-29T16:58:36.680+0000] {processor.py:914} INFO - Processing file /opt/airflow/dags/saving_file.py for tasks to queue
[2025-03-29T16:58:36.683+0000] {logging_mixin.py:190} INFO - [2025-03-29T16:58:36.683+0000] {dagbag.py:588} INFO - Filling up the DagBag from /opt/airflow/dags/saving_file.py
[2025-03-29T16:58:36.830+0000] {processor.py:925} INFO - DAG(s) 'gerar_csv_dados_abertos_cnpj' retrieved from /opt/airflow/dags/saving_file.py
[2025-03-29T16:58:36.842+0000] {logging_mixin.py:190} INFO - [2025-03-29T16:58:36.842+0000] {dag.py:3239} INFO - Sync 1 DAGs
[2025-03-29T16:58:36.854+0000] {logging_mixin.py:190} INFO - [2025-03-29T16:58:36.854+0000] {dag.py:4180} INFO - Setting next_dagrun for gerar_csv_dados_abertos_cnpj to 2025-03-28 00:00:00+00:00, run_after=2025-03-29 00:00:00+00:00
[2025-03-29T16:58:36.864+0000] {processor.py:208} INFO - Processing /opt/airflow/dags/saving_file.py took 0.188 seconds
[2025-03-29T16:59:07.064+0000] {processor.py:186} INFO - Started process (PID=3101) to work on /opt/airflow/dags/saving_file.py
[2025-03-29T16:59:07.065+0000] {processor.py:914} INFO - Processing file /opt/airflow/dags/saving_file.py for tasks to queue
[2025-03-29T16:59:07.066+0000] {logging_mixin.py:190} INFO - [2025-03-29T16:59:07.066+0000] {dagbag.py:588} INFO - Filling up the DagBag from /opt/airflow/dags/saving_file.py
[2025-03-29T16:59:07.212+0000] {processor.py:925} INFO - DAG(s) 'gerar_csv_dados_abertos_cnpj' retrieved from /opt/airflow/dags/saving_file.py
[2025-03-29T16:59:07.225+0000] {logging_mixin.py:190} INFO - [2025-03-29T16:59:07.225+0000] {dag.py:3239} INFO - Sync 1 DAGs
[2025-03-29T16:59:07.239+0000] {logging_mixin.py:190} INFO - [2025-03-29T16:59:07.238+0000] {dag.py:4180} INFO - Setting next_dagrun for gerar_csv_dados_abertos_cnpj to 2025-03-28 00:00:00+00:00, run_after=2025-03-29 00:00:00+00:00
[2025-03-29T16:59:07.250+0000] {processor.py:208} INFO - Processing /opt/airflow/dags/saving_file.py took 0.190 seconds
[2025-03-29T16:59:37.451+0000] {processor.py:186} INFO - Started process (PID=3112) to work on /opt/airflow/dags/saving_file.py
[2025-03-29T16:59:37.452+0000] {processor.py:914} INFO - Processing file /opt/airflow/dags/saving_file.py for tasks to queue
[2025-03-29T16:59:37.455+0000] {logging_mixin.py:190} INFO - [2025-03-29T16:59:37.454+0000] {dagbag.py:588} INFO - Filling up the DagBag from /opt/airflow/dags/saving_file.py
[2025-03-29T16:59:37.632+0000] {processor.py:925} INFO - DAG(s) 'gerar_csv_dados_abertos_cnpj' retrieved from /opt/airflow/dags/saving_file.py
[2025-03-29T16:59:37.647+0000] {logging_mixin.py:190} INFO - [2025-03-29T16:59:37.647+0000] {dag.py:3239} INFO - Sync 1 DAGs
[2025-03-29T16:59:37.665+0000] {logging_mixin.py:190} INFO - [2025-03-29T16:59:37.665+0000] {dag.py:4180} INFO - Setting next_dagrun for gerar_csv_dados_abertos_cnpj to 2025-03-28 00:00:00+00:00, run_after=2025-03-29 00:00:00+00:00
[2025-03-29T16:59:37.676+0000] {processor.py:208} INFO - Processing /opt/airflow/dags/saving_file.py took 0.229 seconds
[2025-03-29T17:00:07.860+0000] {processor.py:186} INFO - Started process (PID=3123) to work on /opt/airflow/dags/saving_file.py
[2025-03-29T17:00:07.861+0000] {processor.py:914} INFO - Processing file /opt/airflow/dags/saving_file.py for tasks to queue
[2025-03-29T17:00:07.864+0000] {logging_mixin.py:190} INFO - [2025-03-29T17:00:07.864+0000] {dagbag.py:588} INFO - Filling up the DagBag from /opt/airflow/dags/saving_file.py
[2025-03-29T17:00:08.015+0000] {processor.py:925} INFO - DAG(s) 'gerar_csv_dados_abertos_cnpj' retrieved from /opt/airflow/dags/saving_file.py
[2025-03-29T17:00:08.031+0000] {logging_mixin.py:190} INFO - [2025-03-29T17:00:08.031+0000] {dag.py:3239} INFO - Sync 1 DAGs
[2025-03-29T17:00:08.044+0000] {logging_mixin.py:190} INFO - [2025-03-29T17:00:08.044+0000] {dag.py:4180} INFO - Setting next_dagrun for gerar_csv_dados_abertos_cnpj to 2025-03-28 00:00:00+00:00, run_after=2025-03-29 00:00:00+00:00
[2025-03-29T17:00:08.054+0000] {processor.py:208} INFO - Processing /opt/airflow/dags/saving_file.py took 0.197 seconds
[2025-03-29T17:00:38.249+0000] {processor.py:186} INFO - Started process (PID=3134) to work on /opt/airflow/dags/saving_file.py
[2025-03-29T17:00:38.250+0000] {processor.py:914} INFO - Processing file /opt/airflow/dags/saving_file.py for tasks to queue
[2025-03-29T17:00:38.252+0000] {logging_mixin.py:190} INFO - [2025-03-29T17:00:38.252+0000] {dagbag.py:588} INFO - Filling up the DagBag from /opt/airflow/dags/saving_file.py
[2025-03-29T17:00:38.394+0000] {processor.py:925} INFO - DAG(s) 'gerar_csv_dados_abertos_cnpj' retrieved from /opt/airflow/dags/saving_file.py
[2025-03-29T17:00:38.411+0000] {logging_mixin.py:190} INFO - [2025-03-29T17:00:38.411+0000] {dag.py:3239} INFO - Sync 1 DAGs
[2025-03-29T17:00:38.425+0000] {logging_mixin.py:190} INFO - [2025-03-29T17:00:38.425+0000] {dag.py:4180} INFO - Setting next_dagrun for gerar_csv_dados_abertos_cnpj to 2025-03-28 00:00:00+00:00, run_after=2025-03-29 00:00:00+00:00
[2025-03-29T17:00:38.435+0000] {processor.py:208} INFO - Processing /opt/airflow/dags/saving_file.py took 0.189 seconds
[2025-03-29T17:01:08.628+0000] {processor.py:186} INFO - Started process (PID=3145) to work on /opt/airflow/dags/saving_file.py
[2025-03-29T17:01:08.629+0000] {processor.py:914} INFO - Processing file /opt/airflow/dags/saving_file.py for tasks to queue
[2025-03-29T17:01:08.631+0000] {logging_mixin.py:190} INFO - [2025-03-29T17:01:08.631+0000] {dagbag.py:588} INFO - Filling up the DagBag from /opt/airflow/dags/saving_file.py
[2025-03-29T17:01:08.773+0000] {processor.py:925} INFO - DAG(s) 'gerar_csv_dados_abertos_cnpj' retrieved from /opt/airflow/dags/saving_file.py
[2025-03-29T17:01:08.789+0000] {logging_mixin.py:190} INFO - [2025-03-29T17:01:08.789+0000] {dag.py:3239} INFO - Sync 1 DAGs
[2025-03-29T17:01:08.803+0000] {logging_mixin.py:190} INFO - [2025-03-29T17:01:08.803+0000] {dag.py:4180} INFO - Setting next_dagrun for gerar_csv_dados_abertos_cnpj to 2025-03-28 00:00:00+00:00, run_after=2025-03-29 00:00:00+00:00
[2025-03-29T17:01:08.814+0000] {processor.py:208} INFO - Processing /opt/airflow/dags/saving_file.py took 0.189 seconds
[2025-03-29T17:01:38.995+0000] {processor.py:186} INFO - Started process (PID=3156) to work on /opt/airflow/dags/saving_file.py
[2025-03-29T17:01:38.995+0000] {processor.py:914} INFO - Processing file /opt/airflow/dags/saving_file.py for tasks to queue
[2025-03-29T17:01:38.997+0000] {logging_mixin.py:190} INFO - [2025-03-29T17:01:38.997+0000] {dagbag.py:588} INFO - Filling up the DagBag from /opt/airflow/dags/saving_file.py
[2025-03-29T17:01:39.142+0000] {processor.py:925} INFO - DAG(s) 'gerar_csv_dados_abertos_cnpj' retrieved from /opt/airflow/dags/saving_file.py
[2025-03-29T17:01:39.157+0000] {logging_mixin.py:190} INFO - [2025-03-29T17:01:39.157+0000] {dag.py:3239} INFO - Sync 1 DAGs
[2025-03-29T17:01:39.172+0000] {logging_mixin.py:190} INFO - [2025-03-29T17:01:39.172+0000] {dag.py:4180} INFO - Setting next_dagrun for gerar_csv_dados_abertos_cnpj to 2025-03-28 00:00:00+00:00, run_after=2025-03-29 00:00:00+00:00
[2025-03-29T17:01:39.182+0000] {processor.py:208} INFO - Processing /opt/airflow/dags/saving_file.py took 0.190 seconds
[2025-03-29T17:02:09.371+0000] {processor.py:186} INFO - Started process (PID=3167) to work on /opt/airflow/dags/saving_file.py
[2025-03-29T17:02:09.372+0000] {processor.py:914} INFO - Processing file /opt/airflow/dags/saving_file.py for tasks to queue
[2025-03-29T17:02:09.375+0000] {logging_mixin.py:190} INFO - [2025-03-29T17:02:09.375+0000] {dagbag.py:588} INFO - Filling up the DagBag from /opt/airflow/dags/saving_file.py
[2025-03-29T17:02:09.522+0000] {processor.py:925} INFO - DAG(s) 'gerar_csv_dados_abertos_cnpj' retrieved from /opt/airflow/dags/saving_file.py
[2025-03-29T17:02:09.542+0000] {logging_mixin.py:190} INFO - [2025-03-29T17:02:09.541+0000] {dag.py:3239} INFO - Sync 1 DAGs
[2025-03-29T17:02:09.555+0000] {logging_mixin.py:190} INFO - [2025-03-29T17:02:09.555+0000] {dag.py:4180} INFO - Setting next_dagrun for gerar_csv_dados_abertos_cnpj to 2025-03-28 00:00:00+00:00, run_after=2025-03-29 00:00:00+00:00
[2025-03-29T17:02:09.569+0000] {processor.py:208} INFO - Processing /opt/airflow/dags/saving_file.py took 0.201 seconds
[2025-03-29T17:02:39.751+0000] {processor.py:186} INFO - Started process (PID=3178) to work on /opt/airflow/dags/saving_file.py
[2025-03-29T17:02:39.752+0000] {processor.py:914} INFO - Processing file /opt/airflow/dags/saving_file.py for tasks to queue
[2025-03-29T17:02:39.754+0000] {logging_mixin.py:190} INFO - [2025-03-29T17:02:39.754+0000] {dagbag.py:588} INFO - Filling up the DagBag from /opt/airflow/dags/saving_file.py
[2025-03-29T17:02:39.896+0000] {processor.py:925} INFO - DAG(s) 'gerar_csv_dados_abertos_cnpj' retrieved from /opt/airflow/dags/saving_file.py
[2025-03-29T17:02:39.913+0000] {logging_mixin.py:190} INFO - [2025-03-29T17:02:39.913+0000] {dag.py:3239} INFO - Sync 1 DAGs
[2025-03-29T17:02:39.925+0000] {logging_mixin.py:190} INFO - [2025-03-29T17:02:39.925+0000] {dag.py:4180} INFO - Setting next_dagrun for gerar_csv_dados_abertos_cnpj to 2025-03-28 00:00:00+00:00, run_after=2025-03-29 00:00:00+00:00
[2025-03-29T17:02:39.936+0000] {processor.py:208} INFO - Processing /opt/airflow/dags/saving_file.py took 0.189 seconds
[2025-03-29T17:03:10.135+0000] {processor.py:186} INFO - Started process (PID=3189) to work on /opt/airflow/dags/saving_file.py
[2025-03-29T17:03:10.136+0000] {processor.py:914} INFO - Processing file /opt/airflow/dags/saving_file.py for tasks to queue
[2025-03-29T17:03:10.138+0000] {logging_mixin.py:190} INFO - [2025-03-29T17:03:10.138+0000] {dagbag.py:588} INFO - Filling up the DagBag from /opt/airflow/dags/saving_file.py
[2025-03-29T17:03:10.295+0000] {processor.py:925} INFO - DAG(s) 'gerar_csv_dados_abertos_cnpj' retrieved from /opt/airflow/dags/saving_file.py
[2025-03-29T17:03:10.310+0000] {logging_mixin.py:190} INFO - [2025-03-29T17:03:10.310+0000] {dag.py:3239} INFO - Sync 1 DAGs
[2025-03-29T17:03:10.326+0000] {logging_mixin.py:190} INFO - [2025-03-29T17:03:10.325+0000] {dag.py:4180} INFO - Setting next_dagrun for gerar_csv_dados_abertos_cnpj to 2025-03-28 00:00:00+00:00, run_after=2025-03-29 00:00:00+00:00
[2025-03-29T17:03:10.339+0000] {processor.py:208} INFO - Processing /opt/airflow/dags/saving_file.py took 0.208 seconds
[2025-03-29T17:03:40.523+0000] {processor.py:186} INFO - Started process (PID=3200) to work on /opt/airflow/dags/saving_file.py
[2025-03-29T17:03:40.524+0000] {processor.py:914} INFO - Processing file /opt/airflow/dags/saving_file.py for tasks to queue
[2025-03-29T17:03:40.526+0000] {logging_mixin.py:190} INFO - [2025-03-29T17:03:40.526+0000] {dagbag.py:588} INFO - Filling up the DagBag from /opt/airflow/dags/saving_file.py
[2025-03-29T17:03:40.684+0000] {processor.py:925} INFO - DAG(s) 'gerar_csv_dados_abertos_cnpj' retrieved from /opt/airflow/dags/saving_file.py
[2025-03-29T17:03:40.701+0000] {logging_mixin.py:190} INFO - [2025-03-29T17:03:40.700+0000] {dag.py:3239} INFO - Sync 1 DAGs
[2025-03-29T17:03:40.714+0000] {logging_mixin.py:190} INFO - [2025-03-29T17:03:40.713+0000] {dag.py:4180} INFO - Setting next_dagrun for gerar_csv_dados_abertos_cnpj to 2025-03-28 00:00:00+00:00, run_after=2025-03-29 00:00:00+00:00
[2025-03-29T17:03:40.730+0000] {processor.py:208} INFO - Processing /opt/airflow/dags/saving_file.py took 0.210 seconds
[2025-03-29T17:04:10.907+0000] {processor.py:186} INFO - Started process (PID=3211) to work on /opt/airflow/dags/saving_file.py
[2025-03-29T17:04:10.909+0000] {processor.py:914} INFO - Processing file /opt/airflow/dags/saving_file.py for tasks to queue
[2025-03-29T17:04:10.911+0000] {logging_mixin.py:190} INFO - [2025-03-29T17:04:10.911+0000] {dagbag.py:588} INFO - Filling up the DagBag from /opt/airflow/dags/saving_file.py
[2025-03-29T17:04:11.057+0000] {processor.py:925} INFO - DAG(s) 'gerar_csv_dados_abertos_cnpj' retrieved from /opt/airflow/dags/saving_file.py
[2025-03-29T17:04:11.073+0000] {logging_mixin.py:190} INFO - [2025-03-29T17:04:11.073+0000] {dag.py:3239} INFO - Sync 1 DAGs
[2025-03-29T17:04:11.089+0000] {logging_mixin.py:190} INFO - [2025-03-29T17:04:11.089+0000] {dag.py:4180} INFO - Setting next_dagrun for gerar_csv_dados_abertos_cnpj to 2025-03-28 00:00:00+00:00, run_after=2025-03-29 00:00:00+00:00
[2025-03-29T17:04:11.105+0000] {processor.py:208} INFO - Processing /opt/airflow/dags/saving_file.py took 0.202 seconds
[2025-03-29T17:04:41.279+0000] {processor.py:186} INFO - Started process (PID=3222) to work on /opt/airflow/dags/saving_file.py
[2025-03-29T17:04:41.280+0000] {processor.py:914} INFO - Processing file /opt/airflow/dags/saving_file.py for tasks to queue
[2025-03-29T17:04:41.282+0000] {logging_mixin.py:190} INFO - [2025-03-29T17:04:41.282+0000] {dagbag.py:588} INFO - Filling up the DagBag from /opt/airflow/dags/saving_file.py
[2025-03-29T17:04:41.420+0000] {processor.py:925} INFO - DAG(s) 'gerar_csv_dados_abertos_cnpj' retrieved from /opt/airflow/dags/saving_file.py
[2025-03-29T17:04:41.436+0000] {logging_mixin.py:190} INFO - [2025-03-29T17:04:41.436+0000] {dag.py:3239} INFO - Sync 1 DAGs
[2025-03-29T17:04:41.449+0000] {logging_mixin.py:190} INFO - [2025-03-29T17:04:41.449+0000] {dag.py:4180} INFO - Setting next_dagrun for gerar_csv_dados_abertos_cnpj to 2025-03-28 00:00:00+00:00, run_after=2025-03-29 00:00:00+00:00
[2025-03-29T17:04:41.459+0000] {processor.py:208} INFO - Processing /opt/airflow/dags/saving_file.py took 0.184 seconds
[2025-03-29T17:05:11.645+0000] {processor.py:186} INFO - Started process (PID=3233) to work on /opt/airflow/dags/saving_file.py
[2025-03-29T17:05:11.646+0000] {processor.py:914} INFO - Processing file /opt/airflow/dags/saving_file.py for tasks to queue
[2025-03-29T17:05:11.648+0000] {logging_mixin.py:190} INFO - [2025-03-29T17:05:11.648+0000] {dagbag.py:588} INFO - Filling up the DagBag from /opt/airflow/dags/saving_file.py
[2025-03-29T17:05:11.792+0000] {processor.py:925} INFO - DAG(s) 'gerar_csv_dados_abertos_cnpj' retrieved from /opt/airflow/dags/saving_file.py
[2025-03-29T17:05:11.804+0000] {logging_mixin.py:190} INFO - [2025-03-29T17:05:11.803+0000] {dag.py:3239} INFO - Sync 1 DAGs
[2025-03-29T17:05:11.816+0000] {logging_mixin.py:190} INFO - [2025-03-29T17:05:11.816+0000] {dag.py:4180} INFO - Setting next_dagrun for gerar_csv_dados_abertos_cnpj to 2025-03-28 00:00:00+00:00, run_after=2025-03-29 00:00:00+00:00
[2025-03-29T17:05:11.827+0000] {processor.py:208} INFO - Processing /opt/airflow/dags/saving_file.py took 0.185 seconds
[2025-03-29T17:05:42.081+0000] {processor.py:186} INFO - Started process (PID=3244) to work on /opt/airflow/dags/saving_file.py
[2025-03-29T17:05:42.082+0000] {processor.py:914} INFO - Processing file /opt/airflow/dags/saving_file.py for tasks to queue
[2025-03-29T17:05:42.084+0000] {logging_mixin.py:190} INFO - [2025-03-29T17:05:42.084+0000] {dagbag.py:588} INFO - Filling up the DagBag from /opt/airflow/dags/saving_file.py
[2025-03-29T17:05:42.231+0000] {processor.py:925} INFO - DAG(s) 'gerar_csv_dados_abertos_cnpj' retrieved from /opt/airflow/dags/saving_file.py
[2025-03-29T17:05:42.245+0000] {logging_mixin.py:190} INFO - [2025-03-29T17:05:42.245+0000] {dag.py:3239} INFO - Sync 1 DAGs
[2025-03-29T17:05:42.258+0000] {logging_mixin.py:190} INFO - [2025-03-29T17:05:42.258+0000] {dag.py:4180} INFO - Setting next_dagrun for gerar_csv_dados_abertos_cnpj to 2025-03-28 00:00:00+00:00, run_after=2025-03-29 00:00:00+00:00
[2025-03-29T17:05:42.268+0000] {processor.py:208} INFO - Processing /opt/airflow/dags/saving_file.py took 0.190 seconds
[2025-03-29T17:06:12.458+0000] {processor.py:186} INFO - Started process (PID=3255) to work on /opt/airflow/dags/saving_file.py
[2025-03-29T17:06:12.459+0000] {processor.py:914} INFO - Processing file /opt/airflow/dags/saving_file.py for tasks to queue
[2025-03-29T17:06:12.462+0000] {logging_mixin.py:190} INFO - [2025-03-29T17:06:12.462+0000] {dagbag.py:588} INFO - Filling up the DagBag from /opt/airflow/dags/saving_file.py
[2025-03-29T17:06:12.614+0000] {processor.py:925} INFO - DAG(s) 'gerar_csv_dados_abertos_cnpj' retrieved from /opt/airflow/dags/saving_file.py
[2025-03-29T17:06:12.629+0000] {logging_mixin.py:190} INFO - [2025-03-29T17:06:12.628+0000] {dag.py:3239} INFO - Sync 1 DAGs
[2025-03-29T17:06:12.640+0000] {logging_mixin.py:190} INFO - [2025-03-29T17:06:12.640+0000] {dag.py:4180} INFO - Setting next_dagrun for gerar_csv_dados_abertos_cnpj to 2025-03-28 00:00:00+00:00, run_after=2025-03-29 00:00:00+00:00
[2025-03-29T17:06:12.651+0000] {processor.py:208} INFO - Processing /opt/airflow/dags/saving_file.py took 0.196 seconds
[2025-03-29T17:06:42.829+0000] {processor.py:186} INFO - Started process (PID=3266) to work on /opt/airflow/dags/saving_file.py
[2025-03-29T17:06:42.830+0000] {processor.py:914} INFO - Processing file /opt/airflow/dags/saving_file.py for tasks to queue
[2025-03-29T17:06:42.832+0000] {logging_mixin.py:190} INFO - [2025-03-29T17:06:42.832+0000] {dagbag.py:588} INFO - Filling up the DagBag from /opt/airflow/dags/saving_file.py
[2025-03-29T17:06:42.973+0000] {processor.py:925} INFO - DAG(s) 'gerar_csv_dados_abertos_cnpj' retrieved from /opt/airflow/dags/saving_file.py
[2025-03-29T17:06:42.989+0000] {logging_mixin.py:190} INFO - [2025-03-29T17:06:42.988+0000] {dag.py:3239} INFO - Sync 1 DAGs
[2025-03-29T17:06:43.002+0000] {logging_mixin.py:190} INFO - [2025-03-29T17:06:43.002+0000] {dag.py:4180} INFO - Setting next_dagrun for gerar_csv_dados_abertos_cnpj to 2025-03-28 00:00:00+00:00, run_after=2025-03-29 00:00:00+00:00
[2025-03-29T17:06:43.011+0000] {processor.py:208} INFO - Processing /opt/airflow/dags/saving_file.py took 0.185 seconds
[2025-03-29T17:07:13.206+0000] {processor.py:186} INFO - Started process (PID=3277) to work on /opt/airflow/dags/saving_file.py
[2025-03-29T17:07:13.208+0000] {processor.py:914} INFO - Processing file /opt/airflow/dags/saving_file.py for tasks to queue
[2025-03-29T17:07:13.211+0000] {logging_mixin.py:190} INFO - [2025-03-29T17:07:13.211+0000] {dagbag.py:588} INFO - Filling up the DagBag from /opt/airflow/dags/saving_file.py
[2025-03-29T17:07:13.357+0000] {processor.py:925} INFO - DAG(s) 'gerar_csv_dados_abertos_cnpj' retrieved from /opt/airflow/dags/saving_file.py
[2025-03-29T17:07:13.371+0000] {logging_mixin.py:190} INFO - [2025-03-29T17:07:13.370+0000] {dag.py:3239} INFO - Sync 1 DAGs
[2025-03-29T17:07:13.386+0000] {logging_mixin.py:190} INFO - [2025-03-29T17:07:13.386+0000] {dag.py:4180} INFO - Setting next_dagrun for gerar_csv_dados_abertos_cnpj to 2025-03-28 00:00:00+00:00, run_after=2025-03-29 00:00:00+00:00
[2025-03-29T17:07:13.396+0000] {processor.py:208} INFO - Processing /opt/airflow/dags/saving_file.py took 0.194 seconds
[2025-03-29T17:07:43.576+0000] {processor.py:186} INFO - Started process (PID=3288) to work on /opt/airflow/dags/saving_file.py
[2025-03-29T17:07:43.578+0000] {processor.py:914} INFO - Processing file /opt/airflow/dags/saving_file.py for tasks to queue
[2025-03-29T17:07:43.580+0000] {logging_mixin.py:190} INFO - [2025-03-29T17:07:43.580+0000] {dagbag.py:588} INFO - Filling up the DagBag from /opt/airflow/dags/saving_file.py
[2025-03-29T17:07:43.721+0000] {processor.py:925} INFO - DAG(s) 'gerar_csv_dados_abertos_cnpj' retrieved from /opt/airflow/dags/saving_file.py
[2025-03-29T17:07:43.737+0000] {logging_mixin.py:190} INFO - [2025-03-29T17:07:43.737+0000] {dag.py:3239} INFO - Sync 1 DAGs
[2025-03-29T17:07:43.752+0000] {logging_mixin.py:190} INFO - [2025-03-29T17:07:43.752+0000] {dag.py:4180} INFO - Setting next_dagrun for gerar_csv_dados_abertos_cnpj to 2025-03-28 00:00:00+00:00, run_after=2025-03-29 00:00:00+00:00
[2025-03-29T17:07:43.764+0000] {processor.py:208} INFO - Processing /opt/airflow/dags/saving_file.py took 0.190 seconds
[2025-03-29T17:08:13.950+0000] {processor.py:186} INFO - Started process (PID=3299) to work on /opt/airflow/dags/saving_file.py
[2025-03-29T17:08:13.951+0000] {processor.py:914} INFO - Processing file /opt/airflow/dags/saving_file.py for tasks to queue
[2025-03-29T17:08:13.953+0000] {logging_mixin.py:190} INFO - [2025-03-29T17:08:13.953+0000] {dagbag.py:588} INFO - Filling up the DagBag from /opt/airflow/dags/saving_file.py
[2025-03-29T17:08:14.100+0000] {processor.py:925} INFO - DAG(s) 'gerar_csv_dados_abertos_cnpj' retrieved from /opt/airflow/dags/saving_file.py
[2025-03-29T17:08:14.115+0000] {logging_mixin.py:190} INFO - [2025-03-29T17:08:14.115+0000] {dag.py:3239} INFO - Sync 1 DAGs
[2025-03-29T17:08:14.128+0000] {logging_mixin.py:190} INFO - [2025-03-29T17:08:14.127+0000] {dag.py:4180} INFO - Setting next_dagrun for gerar_csv_dados_abertos_cnpj to 2025-03-28 00:00:00+00:00, run_after=2025-03-29 00:00:00+00:00
[2025-03-29T17:08:14.141+0000] {processor.py:208} INFO - Processing /opt/airflow/dags/saving_file.py took 0.194 seconds
[2025-03-29T17:08:44.316+0000] {processor.py:186} INFO - Started process (PID=3311) to work on /opt/airflow/dags/saving_file.py
[2025-03-29T17:08:44.317+0000] {processor.py:914} INFO - Processing file /opt/airflow/dags/saving_file.py for tasks to queue
[2025-03-29T17:08:44.320+0000] {logging_mixin.py:190} INFO - [2025-03-29T17:08:44.319+0000] {dagbag.py:588} INFO - Filling up the DagBag from /opt/airflow/dags/saving_file.py
[2025-03-29T17:08:44.469+0000] {processor.py:925} INFO - DAG(s) 'gerar_csv_dados_abertos_cnpj' retrieved from /opt/airflow/dags/saving_file.py
[2025-03-29T17:08:44.487+0000] {logging_mixin.py:190} INFO - [2025-03-29T17:08:44.487+0000] {dag.py:3239} INFO - Sync 1 DAGs
[2025-03-29T17:08:44.502+0000] {logging_mixin.py:190} INFO - [2025-03-29T17:08:44.501+0000] {dag.py:4180} INFO - Setting next_dagrun for gerar_csv_dados_abertos_cnpj to 2025-03-28 00:00:00+00:00, run_after=2025-03-29 00:00:00+00:00
[2025-03-29T17:08:44.514+0000] {processor.py:208} INFO - Processing /opt/airflow/dags/saving_file.py took 0.201 seconds
[2025-03-29T17:09:14.685+0000] {processor.py:186} INFO - Started process (PID=3322) to work on /opt/airflow/dags/saving_file.py
[2025-03-29T17:09:14.686+0000] {processor.py:914} INFO - Processing file /opt/airflow/dags/saving_file.py for tasks to queue
[2025-03-29T17:09:14.689+0000] {logging_mixin.py:190} INFO - [2025-03-29T17:09:14.689+0000] {dagbag.py:588} INFO - Filling up the DagBag from /opt/airflow/dags/saving_file.py
[2025-03-29T17:09:14.831+0000] {processor.py:925} INFO - DAG(s) 'gerar_csv_dados_abertos_cnpj' retrieved from /opt/airflow/dags/saving_file.py
[2025-03-29T17:09:14.846+0000] {logging_mixin.py:190} INFO - [2025-03-29T17:09:14.846+0000] {dag.py:3239} INFO - Sync 1 DAGs
[2025-03-29T17:09:14.859+0000] {logging_mixin.py:190} INFO - [2025-03-29T17:09:14.859+0000] {dag.py:4180} INFO - Setting next_dagrun for gerar_csv_dados_abertos_cnpj to 2025-03-28 00:00:00+00:00, run_after=2025-03-29 00:00:00+00:00
[2025-03-29T17:09:14.872+0000] {processor.py:208} INFO - Processing /opt/airflow/dags/saving_file.py took 0.189 seconds
[2025-03-29T17:09:45.056+0000] {processor.py:186} INFO - Started process (PID=3333) to work on /opt/airflow/dags/saving_file.py
[2025-03-29T17:09:45.057+0000] {processor.py:914} INFO - Processing file /opt/airflow/dags/saving_file.py for tasks to queue
[2025-03-29T17:09:45.059+0000] {logging_mixin.py:190} INFO - [2025-03-29T17:09:45.059+0000] {dagbag.py:588} INFO - Filling up the DagBag from /opt/airflow/dags/saving_file.py
[2025-03-29T17:09:45.201+0000] {processor.py:925} INFO - DAG(s) 'gerar_csv_dados_abertos_cnpj' retrieved from /opt/airflow/dags/saving_file.py
[2025-03-29T17:09:45.215+0000] {logging_mixin.py:190} INFO - [2025-03-29T17:09:45.215+0000] {dag.py:3239} INFO - Sync 1 DAGs
[2025-03-29T17:09:45.229+0000] {logging_mixin.py:190} INFO - [2025-03-29T17:09:45.228+0000] {dag.py:4180} INFO - Setting next_dagrun for gerar_csv_dados_abertos_cnpj to 2025-03-28 00:00:00+00:00, run_after=2025-03-29 00:00:00+00:00
[2025-03-29T17:09:45.243+0000] {processor.py:208} INFO - Processing /opt/airflow/dags/saving_file.py took 0.190 seconds
[2025-03-29T17:10:15.433+0000] {processor.py:186} INFO - Started process (PID=3344) to work on /opt/airflow/dags/saving_file.py
[2025-03-29T17:10:15.434+0000] {processor.py:914} INFO - Processing file /opt/airflow/dags/saving_file.py for tasks to queue
[2025-03-29T17:10:15.437+0000] {logging_mixin.py:190} INFO - [2025-03-29T17:10:15.437+0000] {dagbag.py:588} INFO - Filling up the DagBag from /opt/airflow/dags/saving_file.py
[2025-03-29T17:10:15.585+0000] {processor.py:925} INFO - DAG(s) 'gerar_csv_dados_abertos_cnpj' retrieved from /opt/airflow/dags/saving_file.py
[2025-03-29T17:10:15.598+0000] {logging_mixin.py:190} INFO - [2025-03-29T17:10:15.598+0000] {dag.py:3239} INFO - Sync 1 DAGs
[2025-03-29T17:10:15.611+0000] {logging_mixin.py:190} INFO - [2025-03-29T17:10:15.611+0000] {dag.py:4180} INFO - Setting next_dagrun for gerar_csv_dados_abertos_cnpj to 2025-03-28 00:00:00+00:00, run_after=2025-03-29 00:00:00+00:00
[2025-03-29T17:10:15.624+0000] {processor.py:208} INFO - Processing /opt/airflow/dags/saving_file.py took 0.194 seconds
[2025-03-29T17:10:45.866+0000] {processor.py:186} INFO - Started process (PID=3355) to work on /opt/airflow/dags/saving_file.py
[2025-03-29T17:10:45.867+0000] {processor.py:914} INFO - Processing file /opt/airflow/dags/saving_file.py for tasks to queue
[2025-03-29T17:10:45.870+0000] {logging_mixin.py:190} INFO - [2025-03-29T17:10:45.870+0000] {dagbag.py:588} INFO - Filling up the DagBag from /opt/airflow/dags/saving_file.py
[2025-03-29T17:10:46.016+0000] {processor.py:925} INFO - DAG(s) 'gerar_csv_dados_abertos_cnpj' retrieved from /opt/airflow/dags/saving_file.py
[2025-03-29T17:10:46.029+0000] {logging_mixin.py:190} INFO - [2025-03-29T17:10:46.029+0000] {dag.py:3239} INFO - Sync 1 DAGs
[2025-03-29T17:10:46.044+0000] {logging_mixin.py:190} INFO - [2025-03-29T17:10:46.043+0000] {dag.py:4180} INFO - Setting next_dagrun for gerar_csv_dados_abertos_cnpj to 2025-03-28 00:00:00+00:00, run_after=2025-03-29 00:00:00+00:00
[2025-03-29T17:10:46.056+0000] {processor.py:208} INFO - Processing /opt/airflow/dags/saving_file.py took 0.193 seconds
[2025-03-29T17:11:16.241+0000] {processor.py:186} INFO - Started process (PID=3366) to work on /opt/airflow/dags/saving_file.py
[2025-03-29T17:11:16.242+0000] {processor.py:914} INFO - Processing file /opt/airflow/dags/saving_file.py for tasks to queue
[2025-03-29T17:11:16.244+0000] {logging_mixin.py:190} INFO - [2025-03-29T17:11:16.244+0000] {dagbag.py:588} INFO - Filling up the DagBag from /opt/airflow/dags/saving_file.py
[2025-03-29T17:11:16.384+0000] {processor.py:925} INFO - DAG(s) 'gerar_csv_dados_abertos_cnpj' retrieved from /opt/airflow/dags/saving_file.py
[2025-03-29T17:11:16.397+0000] {logging_mixin.py:190} INFO - [2025-03-29T17:11:16.397+0000] {dag.py:3239} INFO - Sync 1 DAGs
[2025-03-29T17:11:16.408+0000] {logging_mixin.py:190} INFO - [2025-03-29T17:11:16.408+0000] {dag.py:4180} INFO - Setting next_dagrun for gerar_csv_dados_abertos_cnpj to 2025-03-28 00:00:00+00:00, run_after=2025-03-29 00:00:00+00:00
[2025-03-29T17:11:16.423+0000] {processor.py:208} INFO - Processing /opt/airflow/dags/saving_file.py took 0.185 seconds
[2025-03-29T17:11:46.608+0000] {processor.py:186} INFO - Started process (PID=3377) to work on /opt/airflow/dags/saving_file.py
[2025-03-29T17:11:46.609+0000] {processor.py:914} INFO - Processing file /opt/airflow/dags/saving_file.py for tasks to queue
[2025-03-29T17:11:46.612+0000] {logging_mixin.py:190} INFO - [2025-03-29T17:11:46.612+0000] {dagbag.py:588} INFO - Filling up the DagBag from /opt/airflow/dags/saving_file.py
[2025-03-29T17:11:46.776+0000] {processor.py:925} INFO - DAG(s) 'gerar_csv_dados_abertos_cnpj' retrieved from /opt/airflow/dags/saving_file.py
[2025-03-29T17:11:46.789+0000] {logging_mixin.py:190} INFO - [2025-03-29T17:11:46.788+0000] {dag.py:3239} INFO - Sync 1 DAGs
[2025-03-29T17:11:46.803+0000] {logging_mixin.py:190} INFO - [2025-03-29T17:11:46.803+0000] {dag.py:4180} INFO - Setting next_dagrun for gerar_csv_dados_abertos_cnpj to 2025-03-28 00:00:00+00:00, run_after=2025-03-29 00:00:00+00:00
[2025-03-29T17:11:46.819+0000] {processor.py:208} INFO - Processing /opt/airflow/dags/saving_file.py took 0.214 seconds
[2025-03-29T17:12:17.018+0000] {processor.py:186} INFO - Started process (PID=3388) to work on /opt/airflow/dags/saving_file.py
[2025-03-29T17:12:17.019+0000] {processor.py:914} INFO - Processing file /opt/airflow/dags/saving_file.py for tasks to queue
[2025-03-29T17:12:17.021+0000] {logging_mixin.py:190} INFO - [2025-03-29T17:12:17.021+0000] {dagbag.py:588} INFO - Filling up the DagBag from /opt/airflow/dags/saving_file.py
[2025-03-29T17:12:17.161+0000] {processor.py:925} INFO - DAG(s) 'gerar_csv_dados_abertos_cnpj' retrieved from /opt/airflow/dags/saving_file.py
[2025-03-29T17:12:17.177+0000] {logging_mixin.py:190} INFO - [2025-03-29T17:12:17.176+0000] {dag.py:3239} INFO - Sync 1 DAGs
[2025-03-29T17:12:17.192+0000] {logging_mixin.py:190} INFO - [2025-03-29T17:12:17.192+0000] {dag.py:4180} INFO - Setting next_dagrun for gerar_csv_dados_abertos_cnpj to 2025-03-28 00:00:00+00:00, run_after=2025-03-29 00:00:00+00:00
[2025-03-29T17:12:17.205+0000] {processor.py:208} INFO - Processing /opt/airflow/dags/saving_file.py took 0.190 seconds
[2025-03-29T17:12:47.406+0000] {processor.py:186} INFO - Started process (PID=3399) to work on /opt/airflow/dags/saving_file.py
[2025-03-29T17:12:47.407+0000] {processor.py:914} INFO - Processing file /opt/airflow/dags/saving_file.py for tasks to queue
[2025-03-29T17:12:47.410+0000] {logging_mixin.py:190} INFO - [2025-03-29T17:12:47.410+0000] {dagbag.py:588} INFO - Filling up the DagBag from /opt/airflow/dags/saving_file.py
[2025-03-29T17:12:47.554+0000] {processor.py:925} INFO - DAG(s) 'gerar_csv_dados_abertos_cnpj' retrieved from /opt/airflow/dags/saving_file.py
[2025-03-29T17:12:47.572+0000] {logging_mixin.py:190} INFO - [2025-03-29T17:12:47.572+0000] {dag.py:3239} INFO - Sync 1 DAGs
[2025-03-29T17:12:47.585+0000] {logging_mixin.py:190} INFO - [2025-03-29T17:12:47.585+0000] {dag.py:4180} INFO - Setting next_dagrun for gerar_csv_dados_abertos_cnpj to 2025-03-28 00:00:00+00:00, run_after=2025-03-29 00:00:00+00:00
[2025-03-29T17:12:47.595+0000] {processor.py:208} INFO - Processing /opt/airflow/dags/saving_file.py took 0.193 seconds
[2025-03-29T17:13:17.779+0000] {processor.py:186} INFO - Started process (PID=3410) to work on /opt/airflow/dags/saving_file.py
[2025-03-29T17:13:17.780+0000] {processor.py:914} INFO - Processing file /opt/airflow/dags/saving_file.py for tasks to queue
[2025-03-29T17:13:17.783+0000] {logging_mixin.py:190} INFO - [2025-03-29T17:13:17.783+0000] {dagbag.py:588} INFO - Filling up the DagBag from /opt/airflow/dags/saving_file.py
[2025-03-29T17:13:17.924+0000] {processor.py:925} INFO - DAG(s) 'gerar_csv_dados_abertos_cnpj' retrieved from /opt/airflow/dags/saving_file.py
[2025-03-29T17:13:17.944+0000] {logging_mixin.py:190} INFO - [2025-03-29T17:13:17.943+0000] {dag.py:3239} INFO - Sync 1 DAGs
[2025-03-29T17:13:17.957+0000] {logging_mixin.py:190} INFO - [2025-03-29T17:13:17.957+0000] {dag.py:4180} INFO - Setting next_dagrun for gerar_csv_dados_abertos_cnpj to 2025-03-28 00:00:00+00:00, run_after=2025-03-29 00:00:00+00:00
[2025-03-29T17:13:17.967+0000] {processor.py:208} INFO - Processing /opt/airflow/dags/saving_file.py took 0.191 seconds
[2025-03-29T17:13:48.136+0000] {processor.py:186} INFO - Started process (PID=3421) to work on /opt/airflow/dags/saving_file.py
[2025-03-29T17:13:48.138+0000] {processor.py:914} INFO - Processing file /opt/airflow/dags/saving_file.py for tasks to queue
[2025-03-29T17:13:48.140+0000] {logging_mixin.py:190} INFO - [2025-03-29T17:13:48.140+0000] {dagbag.py:588} INFO - Filling up the DagBag from /opt/airflow/dags/saving_file.py
[2025-03-29T17:13:48.281+0000] {processor.py:925} INFO - DAG(s) 'gerar_csv_dados_abertos_cnpj' retrieved from /opt/airflow/dags/saving_file.py
[2025-03-29T17:13:48.296+0000] {logging_mixin.py:190} INFO - [2025-03-29T17:13:48.296+0000] {dag.py:3239} INFO - Sync 1 DAGs
[2025-03-29T17:13:48.309+0000] {logging_mixin.py:190} INFO - [2025-03-29T17:13:48.309+0000] {dag.py:4180} INFO - Setting next_dagrun for gerar_csv_dados_abertos_cnpj to 2025-03-28 00:00:00+00:00, run_after=2025-03-29 00:00:00+00:00
[2025-03-29T17:13:48.321+0000] {processor.py:208} INFO - Processing /opt/airflow/dags/saving_file.py took 0.187 seconds
[2025-03-29T17:14:18.514+0000] {processor.py:186} INFO - Started process (PID=3432) to work on /opt/airflow/dags/saving_file.py
[2025-03-29T17:14:18.515+0000] {processor.py:914} INFO - Processing file /opt/airflow/dags/saving_file.py for tasks to queue
[2025-03-29T17:14:18.517+0000] {logging_mixin.py:190} INFO - [2025-03-29T17:14:18.517+0000] {dagbag.py:588} INFO - Filling up the DagBag from /opt/airflow/dags/saving_file.py
[2025-03-29T17:14:18.661+0000] {processor.py:925} INFO - DAG(s) 'gerar_csv_dados_abertos_cnpj' retrieved from /opt/airflow/dags/saving_file.py
[2025-03-29T17:14:18.676+0000] {logging_mixin.py:190} INFO - [2025-03-29T17:14:18.676+0000] {dag.py:3239} INFO - Sync 1 DAGs
[2025-03-29T17:14:18.688+0000] {logging_mixin.py:190} INFO - [2025-03-29T17:14:18.688+0000] {dag.py:4180} INFO - Setting next_dagrun for gerar_csv_dados_abertos_cnpj to 2025-03-28 00:00:00+00:00, run_after=2025-03-29 00:00:00+00:00
[2025-03-29T17:14:18.699+0000] {processor.py:208} INFO - Processing /opt/airflow/dags/saving_file.py took 0.188 seconds
[2025-03-29T17:14:48.886+0000] {processor.py:186} INFO - Started process (PID=3443) to work on /opt/airflow/dags/saving_file.py
[2025-03-29T17:14:48.887+0000] {processor.py:914} INFO - Processing file /opt/airflow/dags/saving_file.py for tasks to queue
[2025-03-29T17:14:48.890+0000] {logging_mixin.py:190} INFO - [2025-03-29T17:14:48.890+0000] {dagbag.py:588} INFO - Filling up the DagBag from /opt/airflow/dags/saving_file.py
[2025-03-29T17:14:49.067+0000] {processor.py:925} INFO - DAG(s) 'gerar_csv_dados_abertos_cnpj' retrieved from /opt/airflow/dags/saving_file.py
[2025-03-29T17:14:49.084+0000] {logging_mixin.py:190} INFO - [2025-03-29T17:14:49.084+0000] {dag.py:3239} INFO - Sync 1 DAGs
[2025-03-29T17:14:49.097+0000] {logging_mixin.py:190} INFO - [2025-03-29T17:14:49.097+0000] {dag.py:4180} INFO - Setting next_dagrun for gerar_csv_dados_abertos_cnpj to 2025-03-28 00:00:00+00:00, run_after=2025-03-29 00:00:00+00:00
[2025-03-29T17:14:49.107+0000] {processor.py:208} INFO - Processing /opt/airflow/dags/saving_file.py took 0.224 seconds
[2025-03-29T17:15:19.307+0000] {processor.py:186} INFO - Started process (PID=3454) to work on /opt/airflow/dags/saving_file.py
[2025-03-29T17:15:19.309+0000] {processor.py:914} INFO - Processing file /opt/airflow/dags/saving_file.py for tasks to queue
[2025-03-29T17:15:19.311+0000] {logging_mixin.py:190} INFO - [2025-03-29T17:15:19.311+0000] {dagbag.py:588} INFO - Filling up the DagBag from /opt/airflow/dags/saving_file.py
[2025-03-29T17:15:19.457+0000] {processor.py:925} INFO - DAG(s) 'gerar_csv_dados_abertos_cnpj' retrieved from /opt/airflow/dags/saving_file.py
[2025-03-29T17:15:19.470+0000] {logging_mixin.py:190} INFO - [2025-03-29T17:15:19.470+0000] {dag.py:3239} INFO - Sync 1 DAGs
[2025-03-29T17:15:19.484+0000] {logging_mixin.py:190} INFO - [2025-03-29T17:15:19.484+0000] {dag.py:4180} INFO - Setting next_dagrun for gerar_csv_dados_abertos_cnpj to 2025-03-28 00:00:00+00:00, run_after=2025-03-29 00:00:00+00:00
[2025-03-29T17:15:19.494+0000] {processor.py:208} INFO - Processing /opt/airflow/dags/saving_file.py took 0.190 seconds
[2025-03-29T17:15:49.680+0000] {processor.py:186} INFO - Started process (PID=3465) to work on /opt/airflow/dags/saving_file.py
[2025-03-29T17:15:49.680+0000] {processor.py:914} INFO - Processing file /opt/airflow/dags/saving_file.py for tasks to queue
[2025-03-29T17:15:49.682+0000] {logging_mixin.py:190} INFO - [2025-03-29T17:15:49.682+0000] {dagbag.py:588} INFO - Filling up the DagBag from /opt/airflow/dags/saving_file.py
[2025-03-29T17:15:49.824+0000] {processor.py:925} INFO - DAG(s) 'gerar_csv_dados_abertos_cnpj' retrieved from /opt/airflow/dags/saving_file.py
[2025-03-29T17:15:49.837+0000] {logging_mixin.py:190} INFO - [2025-03-29T17:15:49.837+0000] {dag.py:3239} INFO - Sync 1 DAGs
[2025-03-29T17:15:49.851+0000] {logging_mixin.py:190} INFO - [2025-03-29T17:15:49.851+0000] {dag.py:4180} INFO - Setting next_dagrun for gerar_csv_dados_abertos_cnpj to 2025-03-28 00:00:00+00:00, run_after=2025-03-29 00:00:00+00:00
[2025-03-29T17:15:49.862+0000] {processor.py:208} INFO - Processing /opt/airflow/dags/saving_file.py took 0.186 seconds
[2025-03-29T17:16:20.048+0000] {processor.py:186} INFO - Started process (PID=3476) to work on /opt/airflow/dags/saving_file.py
[2025-03-29T17:16:20.050+0000] {processor.py:914} INFO - Processing file /opt/airflow/dags/saving_file.py for tasks to queue
[2025-03-29T17:16:20.052+0000] {logging_mixin.py:190} INFO - [2025-03-29T17:16:20.051+0000] {dagbag.py:588} INFO - Filling up the DagBag from /opt/airflow/dags/saving_file.py
[2025-03-29T17:16:20.191+0000] {processor.py:925} INFO - DAG(s) 'gerar_csv_dados_abertos_cnpj' retrieved from /opt/airflow/dags/saving_file.py
[2025-03-29T17:16:20.207+0000] {logging_mixin.py:190} INFO - [2025-03-29T17:16:20.207+0000] {dag.py:3239} INFO - Sync 1 DAGs
[2025-03-29T17:16:20.221+0000] {logging_mixin.py:190} INFO - [2025-03-29T17:16:20.221+0000] {dag.py:4180} INFO - Setting next_dagrun for gerar_csv_dados_abertos_cnpj to 2025-03-28 00:00:00+00:00, run_after=2025-03-29 00:00:00+00:00
[2025-03-29T17:16:20.236+0000] {processor.py:208} INFO - Processing /opt/airflow/dags/saving_file.py took 0.191 seconds
[2025-03-29T17:16:50.405+0000] {processor.py:186} INFO - Started process (PID=3487) to work on /opt/airflow/dags/saving_file.py
[2025-03-29T17:16:50.407+0000] {processor.py:914} INFO - Processing file /opt/airflow/dags/saving_file.py for tasks to queue
[2025-03-29T17:16:50.409+0000] {logging_mixin.py:190} INFO - [2025-03-29T17:16:50.408+0000] {dagbag.py:588} INFO - Filling up the DagBag from /opt/airflow/dags/saving_file.py
[2025-03-29T17:16:50.555+0000] {processor.py:925} INFO - DAG(s) 'gerar_csv_dados_abertos_cnpj' retrieved from /opt/airflow/dags/saving_file.py
[2025-03-29T17:16:50.568+0000] {logging_mixin.py:190} INFO - [2025-03-29T17:16:50.567+0000] {dag.py:3239} INFO - Sync 1 DAGs
[2025-03-29T17:16:50.581+0000] {logging_mixin.py:190} INFO - [2025-03-29T17:16:50.581+0000] {dag.py:4180} INFO - Setting next_dagrun for gerar_csv_dados_abertos_cnpj to 2025-03-28 00:00:00+00:00, run_after=2025-03-29 00:00:00+00:00
[2025-03-29T17:16:50.597+0000] {processor.py:208} INFO - Processing /opt/airflow/dags/saving_file.py took 0.194 seconds
[2025-03-29T17:17:20.775+0000] {processor.py:186} INFO - Started process (PID=3498) to work on /opt/airflow/dags/saving_file.py
[2025-03-29T17:17:20.775+0000] {processor.py:914} INFO - Processing file /opt/airflow/dags/saving_file.py for tasks to queue
[2025-03-29T17:17:20.779+0000] {logging_mixin.py:190} INFO - [2025-03-29T17:17:20.779+0000] {dagbag.py:588} INFO - Filling up the DagBag from /opt/airflow/dags/saving_file.py
[2025-03-29T17:17:20.923+0000] {processor.py:925} INFO - DAG(s) 'gerar_csv_dados_abertos_cnpj' retrieved from /opt/airflow/dags/saving_file.py
[2025-03-29T17:17:20.938+0000] {logging_mixin.py:190} INFO - [2025-03-29T17:17:20.937+0000] {dag.py:3239} INFO - Sync 1 DAGs
[2025-03-29T17:17:20.949+0000] {logging_mixin.py:190} INFO - [2025-03-29T17:17:20.949+0000] {dag.py:4180} INFO - Setting next_dagrun for gerar_csv_dados_abertos_cnpj to 2025-03-28 00:00:00+00:00, run_after=2025-03-29 00:00:00+00:00
[2025-03-29T17:17:20.960+0000] {processor.py:208} INFO - Processing /opt/airflow/dags/saving_file.py took 0.189 seconds
[2025-03-29T17:17:51.154+0000] {processor.py:186} INFO - Started process (PID=3509) to work on /opt/airflow/dags/saving_file.py
[2025-03-29T17:17:51.155+0000] {processor.py:914} INFO - Processing file /opt/airflow/dags/saving_file.py for tasks to queue
[2025-03-29T17:17:51.157+0000] {logging_mixin.py:190} INFO - [2025-03-29T17:17:51.157+0000] {dagbag.py:588} INFO - Filling up the DagBag from /opt/airflow/dags/saving_file.py
[2025-03-29T17:17:51.296+0000] {processor.py:925} INFO - DAG(s) 'gerar_csv_dados_abertos_cnpj' retrieved from /opt/airflow/dags/saving_file.py
[2025-03-29T17:17:51.312+0000] {logging_mixin.py:190} INFO - [2025-03-29T17:17:51.312+0000] {dag.py:3239} INFO - Sync 1 DAGs
[2025-03-29T17:17:51.325+0000] {logging_mixin.py:190} INFO - [2025-03-29T17:17:51.324+0000] {dag.py:4180} INFO - Setting next_dagrun for gerar_csv_dados_abertos_cnpj to 2025-03-28 00:00:00+00:00, run_after=2025-03-29 00:00:00+00:00
[2025-03-29T17:17:51.334+0000] {processor.py:208} INFO - Processing /opt/airflow/dags/saving_file.py took 0.184 seconds
[2025-03-29T17:18:21.522+0000] {processor.py:186} INFO - Started process (PID=3520) to work on /opt/airflow/dags/saving_file.py
[2025-03-29T17:18:21.523+0000] {processor.py:914} INFO - Processing file /opt/airflow/dags/saving_file.py for tasks to queue
[2025-03-29T17:18:21.526+0000] {logging_mixin.py:190} INFO - [2025-03-29T17:18:21.526+0000] {dagbag.py:588} INFO - Filling up the DagBag from /opt/airflow/dags/saving_file.py
[2025-03-29T17:18:21.679+0000] {processor.py:925} INFO - DAG(s) 'gerar_csv_dados_abertos_cnpj' retrieved from /opt/airflow/dags/saving_file.py
[2025-03-29T17:18:21.694+0000] {logging_mixin.py:190} INFO - [2025-03-29T17:18:21.694+0000] {dag.py:3239} INFO - Sync 1 DAGs
[2025-03-29T17:18:21.707+0000] {logging_mixin.py:190} INFO - [2025-03-29T17:18:21.706+0000] {dag.py:4180} INFO - Setting next_dagrun for gerar_csv_dados_abertos_cnpj to 2025-03-28 00:00:00+00:00, run_after=2025-03-29 00:00:00+00:00
[2025-03-29T17:18:21.719+0000] {processor.py:208} INFO - Processing /opt/airflow/dags/saving_file.py took 0.201 seconds
[2025-03-29T17:18:51.907+0000] {processor.py:186} INFO - Started process (PID=3531) to work on /opt/airflow/dags/saving_file.py
[2025-03-29T17:18:51.908+0000] {processor.py:914} INFO - Processing file /opt/airflow/dags/saving_file.py for tasks to queue
[2025-03-29T17:18:51.910+0000] {logging_mixin.py:190} INFO - [2025-03-29T17:18:51.910+0000] {dagbag.py:588} INFO - Filling up the DagBag from /opt/airflow/dags/saving_file.py
[2025-03-29T17:18:52.055+0000] {processor.py:925} INFO - DAG(s) 'gerar_csv_dados_abertos_cnpj' retrieved from /opt/airflow/dags/saving_file.py
[2025-03-29T17:18:52.069+0000] {logging_mixin.py:190} INFO - [2025-03-29T17:18:52.068+0000] {dag.py:3239} INFO - Sync 1 DAGs
[2025-03-29T17:18:52.081+0000] {logging_mixin.py:190} INFO - [2025-03-29T17:18:52.081+0000] {dag.py:4180} INFO - Setting next_dagrun for gerar_csv_dados_abertos_cnpj to 2025-03-28 00:00:00+00:00, run_after=2025-03-29 00:00:00+00:00
[2025-03-29T17:18:52.094+0000] {processor.py:208} INFO - Processing /opt/airflow/dags/saving_file.py took 0.190 seconds
[2025-03-29T17:19:22.273+0000] {processor.py:186} INFO - Started process (PID=3542) to work on /opt/airflow/dags/saving_file.py
[2025-03-29T17:19:22.273+0000] {processor.py:914} INFO - Processing file /opt/airflow/dags/saving_file.py for tasks to queue
[2025-03-29T17:19:22.276+0000] {logging_mixin.py:190} INFO - [2025-03-29T17:19:22.275+0000] {dagbag.py:588} INFO - Filling up the DagBag from /opt/airflow/dags/saving_file.py
[2025-03-29T17:19:22.421+0000] {processor.py:925} INFO - DAG(s) 'gerar_csv_dados_abertos_cnpj' retrieved from /opt/airflow/dags/saving_file.py
[2025-03-29T17:19:22.436+0000] {logging_mixin.py:190} INFO - [2025-03-29T17:19:22.436+0000] {dag.py:3239} INFO - Sync 1 DAGs
[2025-03-29T17:19:22.449+0000] {logging_mixin.py:190} INFO - [2025-03-29T17:19:22.449+0000] {dag.py:4180} INFO - Setting next_dagrun for gerar_csv_dados_abertos_cnpj to 2025-03-28 00:00:00+00:00, run_after=2025-03-29 00:00:00+00:00
[2025-03-29T17:19:22.461+0000] {processor.py:208} INFO - Processing /opt/airflow/dags/saving_file.py took 0.192 seconds
[2025-03-29T17:19:52.657+0000] {processor.py:186} INFO - Started process (PID=3553) to work on /opt/airflow/dags/saving_file.py
[2025-03-29T17:19:52.658+0000] {processor.py:914} INFO - Processing file /opt/airflow/dags/saving_file.py for tasks to queue
[2025-03-29T17:19:52.660+0000] {logging_mixin.py:190} INFO - [2025-03-29T17:19:52.660+0000] {dagbag.py:588} INFO - Filling up the DagBag from /opt/airflow/dags/saving_file.py
[2025-03-29T17:19:52.809+0000] {processor.py:925} INFO - DAG(s) 'gerar_csv_dados_abertos_cnpj' retrieved from /opt/airflow/dags/saving_file.py
[2025-03-29T17:19:52.823+0000] {logging_mixin.py:190} INFO - [2025-03-29T17:19:52.823+0000] {dag.py:3239} INFO - Sync 1 DAGs
[2025-03-29T17:19:52.836+0000] {logging_mixin.py:190} INFO - [2025-03-29T17:19:52.836+0000] {dag.py:4180} INFO - Setting next_dagrun for gerar_csv_dados_abertos_cnpj to 2025-03-28 00:00:00+00:00, run_after=2025-03-29 00:00:00+00:00
[2025-03-29T17:19:52.846+0000] {processor.py:208} INFO - Processing /opt/airflow/dags/saving_file.py took 0.192 seconds
[2025-03-29T17:20:23.029+0000] {processor.py:186} INFO - Started process (PID=3564) to work on /opt/airflow/dags/saving_file.py
[2025-03-29T17:20:23.030+0000] {processor.py:914} INFO - Processing file /opt/airflow/dags/saving_file.py for tasks to queue
[2025-03-29T17:20:23.032+0000] {logging_mixin.py:190} INFO - [2025-03-29T17:20:23.031+0000] {dagbag.py:588} INFO - Filling up the DagBag from /opt/airflow/dags/saving_file.py
[2025-03-29T17:20:23.173+0000] {processor.py:925} INFO - DAG(s) 'gerar_csv_dados_abertos_cnpj' retrieved from /opt/airflow/dags/saving_file.py
[2025-03-29T17:20:23.187+0000] {logging_mixin.py:190} INFO - [2025-03-29T17:20:23.186+0000] {dag.py:3239} INFO - Sync 1 DAGs
[2025-03-29T17:20:23.199+0000] {logging_mixin.py:190} INFO - [2025-03-29T17:20:23.199+0000] {dag.py:4180} INFO - Setting next_dagrun for gerar_csv_dados_abertos_cnpj to 2025-03-28 00:00:00+00:00, run_after=2025-03-29 00:00:00+00:00
[2025-03-29T17:20:23.209+0000] {processor.py:208} INFO - Processing /opt/airflow/dags/saving_file.py took 0.183 seconds
[2025-03-29T17:20:53.451+0000] {processor.py:186} INFO - Started process (PID=3575) to work on /opt/airflow/dags/saving_file.py
[2025-03-29T17:20:53.452+0000] {processor.py:914} INFO - Processing file /opt/airflow/dags/saving_file.py for tasks to queue
[2025-03-29T17:20:53.454+0000] {logging_mixin.py:190} INFO - [2025-03-29T17:20:53.454+0000] {dagbag.py:588} INFO - Filling up the DagBag from /opt/airflow/dags/saving_file.py
[2025-03-29T17:20:53.599+0000] {processor.py:925} INFO - DAG(s) 'gerar_csv_dados_abertos_cnpj' retrieved from /opt/airflow/dags/saving_file.py
[2025-03-29T17:20:53.614+0000] {logging_mixin.py:190} INFO - [2025-03-29T17:20:53.614+0000] {dag.py:3239} INFO - Sync 1 DAGs
[2025-03-29T17:20:53.627+0000] {logging_mixin.py:190} INFO - [2025-03-29T17:20:53.626+0000] {dag.py:4180} INFO - Setting next_dagrun for gerar_csv_dados_abertos_cnpj to 2025-03-28 00:00:00+00:00, run_after=2025-03-29 00:00:00+00:00
[2025-03-29T17:20:53.641+0000] {processor.py:208} INFO - Processing /opt/airflow/dags/saving_file.py took 0.193 seconds
[2025-03-29T17:21:23.817+0000] {processor.py:186} INFO - Started process (PID=3586) to work on /opt/airflow/dags/saving_file.py
[2025-03-29T17:21:23.818+0000] {processor.py:914} INFO - Processing file /opt/airflow/dags/saving_file.py for tasks to queue
[2025-03-29T17:21:23.821+0000] {logging_mixin.py:190} INFO - [2025-03-29T17:21:23.821+0000] {dagbag.py:588} INFO - Filling up the DagBag from /opt/airflow/dags/saving_file.py
[2025-03-29T17:21:23.970+0000] {processor.py:925} INFO - DAG(s) 'gerar_csv_dados_abertos_cnpj' retrieved from /opt/airflow/dags/saving_file.py
[2025-03-29T17:21:23.984+0000] {logging_mixin.py:190} INFO - [2025-03-29T17:21:23.983+0000] {dag.py:3239} INFO - Sync 1 DAGs
[2025-03-29T17:21:23.998+0000] {logging_mixin.py:190} INFO - [2025-03-29T17:21:23.997+0000] {dag.py:4180} INFO - Setting next_dagrun for gerar_csv_dados_abertos_cnpj to 2025-03-28 00:00:00+00:00, run_after=2025-03-29 00:00:00+00:00
[2025-03-29T17:21:24.010+0000] {processor.py:208} INFO - Processing /opt/airflow/dags/saving_file.py took 0.195 seconds
[2025-03-29T17:21:54.187+0000] {processor.py:186} INFO - Started process (PID=3597) to work on /opt/airflow/dags/saving_file.py
[2025-03-29T17:21:54.188+0000] {processor.py:914} INFO - Processing file /opt/airflow/dags/saving_file.py for tasks to queue
[2025-03-29T17:21:54.191+0000] {logging_mixin.py:190} INFO - [2025-03-29T17:21:54.190+0000] {dagbag.py:588} INFO - Filling up the DagBag from /opt/airflow/dags/saving_file.py
[2025-03-29T17:21:54.337+0000] {processor.py:925} INFO - DAG(s) 'gerar_csv_dados_abertos_cnpj' retrieved from /opt/airflow/dags/saving_file.py
[2025-03-29T17:21:54.351+0000] {logging_mixin.py:190} INFO - [2025-03-29T17:21:54.350+0000] {dag.py:3239} INFO - Sync 1 DAGs
[2025-03-29T17:21:54.364+0000] {logging_mixin.py:190} INFO - [2025-03-29T17:21:54.363+0000] {dag.py:4180} INFO - Setting next_dagrun for gerar_csv_dados_abertos_cnpj to 2025-03-28 00:00:00+00:00, run_after=2025-03-29 00:00:00+00:00
[2025-03-29T17:21:54.375+0000] {processor.py:208} INFO - Processing /opt/airflow/dags/saving_file.py took 0.191 seconds
[2025-03-29T17:22:24.575+0000] {processor.py:186} INFO - Started process (PID=3608) to work on /opt/airflow/dags/saving_file.py
[2025-03-29T17:22:24.577+0000] {processor.py:914} INFO - Processing file /opt/airflow/dags/saving_file.py for tasks to queue
[2025-03-29T17:22:24.578+0000] {logging_mixin.py:190} INFO - [2025-03-29T17:22:24.578+0000] {dagbag.py:588} INFO - Filling up the DagBag from /opt/airflow/dags/saving_file.py
[2025-03-29T17:22:24.730+0000] {processor.py:925} INFO - DAG(s) 'gerar_csv_dados_abertos_cnpj' retrieved from /opt/airflow/dags/saving_file.py
[2025-03-29T17:22:24.743+0000] {logging_mixin.py:190} INFO - [2025-03-29T17:22:24.743+0000] {dag.py:3239} INFO - Sync 1 DAGs
[2025-03-29T17:22:24.755+0000] {logging_mixin.py:190} INFO - [2025-03-29T17:22:24.754+0000] {dag.py:4180} INFO - Setting next_dagrun for gerar_csv_dados_abertos_cnpj to 2025-03-28 00:00:00+00:00, run_after=2025-03-29 00:00:00+00:00
[2025-03-29T17:22:24.766+0000] {processor.py:208} INFO - Processing /opt/airflow/dags/saving_file.py took 0.194 seconds
[2025-03-29T17:22:54.973+0000] {processor.py:186} INFO - Started process (PID=3619) to work on /opt/airflow/dags/saving_file.py
[2025-03-29T17:22:54.974+0000] {processor.py:914} INFO - Processing file /opt/airflow/dags/saving_file.py for tasks to queue
[2025-03-29T17:22:54.976+0000] {logging_mixin.py:190} INFO - [2025-03-29T17:22:54.975+0000] {dagbag.py:588} INFO - Filling up the DagBag from /opt/airflow/dags/saving_file.py
[2025-03-29T17:22:55.121+0000] {processor.py:925} INFO - DAG(s) 'gerar_csv_dados_abertos_cnpj' retrieved from /opt/airflow/dags/saving_file.py
[2025-03-29T17:22:55.134+0000] {logging_mixin.py:190} INFO - [2025-03-29T17:22:55.134+0000] {dag.py:3239} INFO - Sync 1 DAGs
[2025-03-29T17:22:55.149+0000] {logging_mixin.py:190} INFO - [2025-03-29T17:22:55.149+0000] {dag.py:4180} INFO - Setting next_dagrun for gerar_csv_dados_abertos_cnpj to 2025-03-28 00:00:00+00:00, run_after=2025-03-29 00:00:00+00:00
[2025-03-29T17:22:55.159+0000] {processor.py:208} INFO - Processing /opt/airflow/dags/saving_file.py took 0.189 seconds
[2025-03-29T17:23:25.346+0000] {processor.py:186} INFO - Started process (PID=3630) to work on /opt/airflow/dags/saving_file.py
[2025-03-29T17:23:25.347+0000] {processor.py:914} INFO - Processing file /opt/airflow/dags/saving_file.py for tasks to queue
[2025-03-29T17:23:25.351+0000] {logging_mixin.py:190} INFO - [2025-03-29T17:23:25.350+0000] {dagbag.py:588} INFO - Filling up the DagBag from /opt/airflow/dags/saving_file.py
[2025-03-29T17:23:25.495+0000] {processor.py:925} INFO - DAG(s) 'gerar_csv_dados_abertos_cnpj' retrieved from /opt/airflow/dags/saving_file.py
[2025-03-29T17:23:25.509+0000] {logging_mixin.py:190} INFO - [2025-03-29T17:23:25.509+0000] {dag.py:3239} INFO - Sync 1 DAGs
[2025-03-29T17:23:25.523+0000] {logging_mixin.py:190} INFO - [2025-03-29T17:23:25.523+0000] {dag.py:4180} INFO - Setting next_dagrun for gerar_csv_dados_abertos_cnpj to 2025-03-28 00:00:00+00:00, run_after=2025-03-29 00:00:00+00:00
[2025-03-29T17:23:25.535+0000] {processor.py:208} INFO - Processing /opt/airflow/dags/saving_file.py took 0.192 seconds
[2025-03-29T17:23:55.722+0000] {processor.py:186} INFO - Started process (PID=3641) to work on /opt/airflow/dags/saving_file.py
[2025-03-29T17:23:55.723+0000] {processor.py:914} INFO - Processing file /opt/airflow/dags/saving_file.py for tasks to queue
[2025-03-29T17:23:55.726+0000] {logging_mixin.py:190} INFO - [2025-03-29T17:23:55.725+0000] {dagbag.py:588} INFO - Filling up the DagBag from /opt/airflow/dags/saving_file.py
[2025-03-29T17:23:55.866+0000] {processor.py:925} INFO - DAG(s) 'gerar_csv_dados_abertos_cnpj' retrieved from /opt/airflow/dags/saving_file.py
[2025-03-29T17:23:55.882+0000] {logging_mixin.py:190} INFO - [2025-03-29T17:23:55.882+0000] {dag.py:3239} INFO - Sync 1 DAGs
[2025-03-29T17:23:55.896+0000] {logging_mixin.py:190} INFO - [2025-03-29T17:23:55.896+0000] {dag.py:4180} INFO - Setting next_dagrun for gerar_csv_dados_abertos_cnpj to 2025-03-28 00:00:00+00:00, run_after=2025-03-29 00:00:00+00:00
[2025-03-29T17:23:55.906+0000] {processor.py:208} INFO - Processing /opt/airflow/dags/saving_file.py took 0.188 seconds
[2025-03-29T17:24:26.086+0000] {processor.py:186} INFO - Started process (PID=3652) to work on /opt/airflow/dags/saving_file.py
[2025-03-29T17:24:26.087+0000] {processor.py:914} INFO - Processing file /opt/airflow/dags/saving_file.py for tasks to queue
[2025-03-29T17:24:26.089+0000] {logging_mixin.py:190} INFO - [2025-03-29T17:24:26.089+0000] {dagbag.py:588} INFO - Filling up the DagBag from /opt/airflow/dags/saving_file.py
[2025-03-29T17:24:26.238+0000] {processor.py:925} INFO - DAG(s) 'gerar_csv_dados_abertos_cnpj' retrieved from /opt/airflow/dags/saving_file.py
[2025-03-29T17:24:26.253+0000] {logging_mixin.py:190} INFO - [2025-03-29T17:24:26.252+0000] {dag.py:3239} INFO - Sync 1 DAGs
[2025-03-29T17:24:26.264+0000] {logging_mixin.py:190} INFO - [2025-03-29T17:24:26.264+0000] {dag.py:4180} INFO - Setting next_dagrun for gerar_csv_dados_abertos_cnpj to 2025-03-28 00:00:00+00:00, run_after=2025-03-29 00:00:00+00:00
[2025-03-29T17:24:26.275+0000] {processor.py:208} INFO - Processing /opt/airflow/dags/saving_file.py took 0.191 seconds
[2025-03-29T17:24:56.468+0000] {processor.py:186} INFO - Started process (PID=3663) to work on /opt/airflow/dags/saving_file.py
[2025-03-29T17:24:56.470+0000] {processor.py:914} INFO - Processing file /opt/airflow/dags/saving_file.py for tasks to queue
[2025-03-29T17:24:56.472+0000] {logging_mixin.py:190} INFO - [2025-03-29T17:24:56.472+0000] {dagbag.py:588} INFO - Filling up the DagBag from /opt/airflow/dags/saving_file.py
[2025-03-29T17:24:56.626+0000] {processor.py:925} INFO - DAG(s) 'gerar_csv_dados_abertos_cnpj' retrieved from /opt/airflow/dags/saving_file.py
[2025-03-29T17:24:56.641+0000] {logging_mixin.py:190} INFO - [2025-03-29T17:24:56.641+0000] {dag.py:3239} INFO - Sync 1 DAGs
[2025-03-29T17:24:56.657+0000] {logging_mixin.py:190} INFO - [2025-03-29T17:24:56.657+0000] {dag.py:4180} INFO - Setting next_dagrun for gerar_csv_dados_abertos_cnpj to 2025-03-28 00:00:00+00:00, run_after=2025-03-29 00:00:00+00:00
[2025-03-29T17:24:56.668+0000] {processor.py:208} INFO - Processing /opt/airflow/dags/saving_file.py took 0.203 seconds
[2025-03-29T17:25:26.861+0000] {processor.py:186} INFO - Started process (PID=3674) to work on /opt/airflow/dags/saving_file.py
[2025-03-29T17:25:26.862+0000] {processor.py:914} INFO - Processing file /opt/airflow/dags/saving_file.py for tasks to queue
[2025-03-29T17:25:26.864+0000] {logging_mixin.py:190} INFO - [2025-03-29T17:25:26.864+0000] {dagbag.py:588} INFO - Filling up the DagBag from /opt/airflow/dags/saving_file.py
[2025-03-29T17:25:27.004+0000] {processor.py:925} INFO - DAG(s) 'gerar_csv_dados_abertos_cnpj' retrieved from /opt/airflow/dags/saving_file.py
[2025-03-29T17:25:27.016+0000] {logging_mixin.py:190} INFO - [2025-03-29T17:25:27.016+0000] {dag.py:3239} INFO - Sync 1 DAGs
[2025-03-29T17:25:27.030+0000] {logging_mixin.py:190} INFO - [2025-03-29T17:25:27.030+0000] {dag.py:4180} INFO - Setting next_dagrun for gerar_csv_dados_abertos_cnpj to 2025-03-28 00:00:00+00:00, run_after=2025-03-29 00:00:00+00:00
[2025-03-29T17:25:27.040+0000] {processor.py:208} INFO - Processing /opt/airflow/dags/saving_file.py took 0.182 seconds
[2025-03-29T17:25:57.298+0000] {processor.py:186} INFO - Started process (PID=3685) to work on /opt/airflow/dags/saving_file.py
[2025-03-29T17:25:57.299+0000] {processor.py:914} INFO - Processing file /opt/airflow/dags/saving_file.py for tasks to queue
[2025-03-29T17:25:57.302+0000] {logging_mixin.py:190} INFO - [2025-03-29T17:25:57.301+0000] {dagbag.py:588} INFO - Filling up the DagBag from /opt/airflow/dags/saving_file.py
[2025-03-29T17:25:57.448+0000] {processor.py:925} INFO - DAG(s) 'gerar_csv_dados_abertos_cnpj' retrieved from /opt/airflow/dags/saving_file.py
[2025-03-29T17:25:57.462+0000] {logging_mixin.py:190} INFO - [2025-03-29T17:25:57.462+0000] {dag.py:3239} INFO - Sync 1 DAGs
[2025-03-29T17:25:57.476+0000] {logging_mixin.py:190} INFO - [2025-03-29T17:25:57.476+0000] {dag.py:4180} INFO - Setting next_dagrun for gerar_csv_dados_abertos_cnpj to 2025-03-28 00:00:00+00:00, run_after=2025-03-29 00:00:00+00:00
[2025-03-29T17:25:57.490+0000] {processor.py:208} INFO - Processing /opt/airflow/dags/saving_file.py took 0.196 seconds
[2025-03-29T17:26:27.671+0000] {processor.py:186} INFO - Started process (PID=3696) to work on /opt/airflow/dags/saving_file.py
[2025-03-29T17:26:27.672+0000] {processor.py:914} INFO - Processing file /opt/airflow/dags/saving_file.py for tasks to queue
[2025-03-29T17:26:27.674+0000] {logging_mixin.py:190} INFO - [2025-03-29T17:26:27.674+0000] {dagbag.py:588} INFO - Filling up the DagBag from /opt/airflow/dags/saving_file.py
[2025-03-29T17:26:27.817+0000] {processor.py:925} INFO - DAG(s) 'gerar_csv_dados_abertos_cnpj' retrieved from /opt/airflow/dags/saving_file.py
[2025-03-29T17:26:27.832+0000] {logging_mixin.py:190} INFO - [2025-03-29T17:26:27.832+0000] {dag.py:3239} INFO - Sync 1 DAGs
[2025-03-29T17:26:27.846+0000] {logging_mixin.py:190} INFO - [2025-03-29T17:26:27.846+0000] {dag.py:4180} INFO - Setting next_dagrun for gerar_csv_dados_abertos_cnpj to 2025-03-28 00:00:00+00:00, run_after=2025-03-29 00:00:00+00:00
[2025-03-29T17:26:27.858+0000] {processor.py:208} INFO - Processing /opt/airflow/dags/saving_file.py took 0.190 seconds
[2025-03-29T17:26:58.048+0000] {processor.py:186} INFO - Started process (PID=3707) to work on /opt/airflow/dags/saving_file.py
[2025-03-29T17:26:58.049+0000] {processor.py:914} INFO - Processing file /opt/airflow/dags/saving_file.py for tasks to queue
[2025-03-29T17:26:58.051+0000] {logging_mixin.py:190} INFO - [2025-03-29T17:26:58.051+0000] {dagbag.py:588} INFO - Filling up the DagBag from /opt/airflow/dags/saving_file.py
[2025-03-29T17:26:58.191+0000] {processor.py:925} INFO - DAG(s) 'gerar_csv_dados_abertos_cnpj' retrieved from /opt/airflow/dags/saving_file.py
[2025-03-29T17:26:58.209+0000] {logging_mixin.py:190} INFO - [2025-03-29T17:26:58.209+0000] {dag.py:3239} INFO - Sync 1 DAGs
[2025-03-29T17:26:58.223+0000] {logging_mixin.py:190} INFO - [2025-03-29T17:26:58.223+0000] {dag.py:4180} INFO - Setting next_dagrun for gerar_csv_dados_abertos_cnpj to 2025-03-28 00:00:00+00:00, run_after=2025-03-29 00:00:00+00:00
[2025-03-29T17:26:58.233+0000] {processor.py:208} INFO - Processing /opt/airflow/dags/saving_file.py took 0.188 seconds
[2025-03-29T17:27:28.432+0000] {processor.py:186} INFO - Started process (PID=3718) to work on /opt/airflow/dags/saving_file.py
[2025-03-29T17:27:28.433+0000] {processor.py:914} INFO - Processing file /opt/airflow/dags/saving_file.py for tasks to queue
[2025-03-29T17:27:28.437+0000] {logging_mixin.py:190} INFO - [2025-03-29T17:27:28.436+0000] {dagbag.py:588} INFO - Filling up the DagBag from /opt/airflow/dags/saving_file.py
[2025-03-29T17:27:28.585+0000] {processor.py:925} INFO - DAG(s) 'gerar_csv_dados_abertos_cnpj' retrieved from /opt/airflow/dags/saving_file.py
[2025-03-29T17:27:28.598+0000] {logging_mixin.py:190} INFO - [2025-03-29T17:27:28.598+0000] {dag.py:3239} INFO - Sync 1 DAGs
[2025-03-29T17:27:28.611+0000] {logging_mixin.py:190} INFO - [2025-03-29T17:27:28.610+0000] {dag.py:4180} INFO - Setting next_dagrun for gerar_csv_dados_abertos_cnpj to 2025-03-28 00:00:00+00:00, run_after=2025-03-29 00:00:00+00:00
[2025-03-29T17:27:28.626+0000] {processor.py:208} INFO - Processing /opt/airflow/dags/saving_file.py took 0.197 seconds
[2025-03-29T17:27:58.802+0000] {processor.py:186} INFO - Started process (PID=3729) to work on /opt/airflow/dags/saving_file.py
[2025-03-29T17:27:58.803+0000] {processor.py:914} INFO - Processing file /opt/airflow/dags/saving_file.py for tasks to queue
[2025-03-29T17:27:58.805+0000] {logging_mixin.py:190} INFO - [2025-03-29T17:27:58.805+0000] {dagbag.py:588} INFO - Filling up the DagBag from /opt/airflow/dags/saving_file.py
[2025-03-29T17:27:58.951+0000] {processor.py:925} INFO - DAG(s) 'gerar_csv_dados_abertos_cnpj' retrieved from /opt/airflow/dags/saving_file.py
[2025-03-29T17:27:58.965+0000] {logging_mixin.py:190} INFO - [2025-03-29T17:27:58.964+0000] {dag.py:3239} INFO - Sync 1 DAGs
[2025-03-29T17:27:58.978+0000] {logging_mixin.py:190} INFO - [2025-03-29T17:27:58.978+0000] {dag.py:4180} INFO - Setting next_dagrun for gerar_csv_dados_abertos_cnpj to 2025-03-28 00:00:00+00:00, run_after=2025-03-29 00:00:00+00:00
[2025-03-29T17:27:58.989+0000] {processor.py:208} INFO - Processing /opt/airflow/dags/saving_file.py took 0.190 seconds
[2025-03-29T17:28:29.187+0000] {processor.py:186} INFO - Started process (PID=3740) to work on /opt/airflow/dags/saving_file.py
[2025-03-29T17:28:29.188+0000] {processor.py:914} INFO - Processing file /opt/airflow/dags/saving_file.py for tasks to queue
[2025-03-29T17:28:29.190+0000] {logging_mixin.py:190} INFO - [2025-03-29T17:28:29.190+0000] {dagbag.py:588} INFO - Filling up the DagBag from /opt/airflow/dags/saving_file.py
[2025-03-29T17:28:29.344+0000] {processor.py:925} INFO - DAG(s) 'gerar_csv_dados_abertos_cnpj' retrieved from /opt/airflow/dags/saving_file.py
[2025-03-29T17:28:29.363+0000] {logging_mixin.py:190} INFO - [2025-03-29T17:28:29.362+0000] {dag.py:3239} INFO - Sync 1 DAGs
[2025-03-29T17:28:29.375+0000] {logging_mixin.py:190} INFO - [2025-03-29T17:28:29.375+0000] {dag.py:4180} INFO - Setting next_dagrun for gerar_csv_dados_abertos_cnpj to 2025-03-28 00:00:00+00:00, run_after=2025-03-29 00:00:00+00:00
[2025-03-29T17:28:29.386+0000] {processor.py:208} INFO - Processing /opt/airflow/dags/saving_file.py took 0.203 seconds
[2025-03-29T17:28:59.561+0000] {processor.py:186} INFO - Started process (PID=3757) to work on /opt/airflow/dags/saving_file.py
[2025-03-29T17:28:59.561+0000] {processor.py:914} INFO - Processing file /opt/airflow/dags/saving_file.py for tasks to queue
[2025-03-29T17:28:59.563+0000] {logging_mixin.py:190} INFO - [2025-03-29T17:28:59.563+0000] {dagbag.py:588} INFO - Filling up the DagBag from /opt/airflow/dags/saving_file.py
[2025-03-29T17:28:59.707+0000] {processor.py:925} INFO - DAG(s) 'gerar_csv_dados_abertos_cnpj' retrieved from /opt/airflow/dags/saving_file.py
[2025-03-29T17:28:59.723+0000] {logging_mixin.py:190} INFO - [2025-03-29T17:28:59.723+0000] {dag.py:3239} INFO - Sync 1 DAGs
[2025-03-29T17:28:59.735+0000] {logging_mixin.py:190} INFO - [2025-03-29T17:28:59.735+0000] {dag.py:4180} INFO - Setting next_dagrun for gerar_csv_dados_abertos_cnpj to 2025-03-28 00:00:00+00:00, run_after=2025-03-29 00:00:00+00:00
[2025-03-29T17:28:59.745+0000] {processor.py:208} INFO - Processing /opt/airflow/dags/saving_file.py took 0.187 seconds
[2025-03-29T17:29:29.921+0000] {processor.py:186} INFO - Started process (PID=3768) to work on /opt/airflow/dags/saving_file.py
[2025-03-29T17:29:29.922+0000] {processor.py:914} INFO - Processing file /opt/airflow/dags/saving_file.py for tasks to queue
[2025-03-29T17:29:29.924+0000] {logging_mixin.py:190} INFO - [2025-03-29T17:29:29.923+0000] {dagbag.py:588} INFO - Filling up the DagBag from /opt/airflow/dags/saving_file.py
[2025-03-29T17:29:30.070+0000] {processor.py:925} INFO - DAG(s) 'gerar_csv_dados_abertos_cnpj' retrieved from /opt/airflow/dags/saving_file.py
[2025-03-29T17:29:30.089+0000] {logging_mixin.py:190} INFO - [2025-03-29T17:29:30.089+0000] {dag.py:3239} INFO - Sync 1 DAGs
[2025-03-29T17:29:30.101+0000] {logging_mixin.py:190} INFO - [2025-03-29T17:29:30.101+0000] {dag.py:4180} INFO - Setting next_dagrun for gerar_csv_dados_abertos_cnpj to 2025-03-28 00:00:00+00:00, run_after=2025-03-29 00:00:00+00:00
[2025-03-29T17:29:30.111+0000] {processor.py:208} INFO - Processing /opt/airflow/dags/saving_file.py took 0.194 seconds
[2025-03-29T17:30:00.298+0000] {processor.py:186} INFO - Started process (PID=3779) to work on /opt/airflow/dags/saving_file.py
[2025-03-29T17:30:00.299+0000] {processor.py:914} INFO - Processing file /opt/airflow/dags/saving_file.py for tasks to queue
[2025-03-29T17:30:00.301+0000] {logging_mixin.py:190} INFO - [2025-03-29T17:30:00.301+0000] {dagbag.py:588} INFO - Filling up the DagBag from /opt/airflow/dags/saving_file.py
[2025-03-29T17:30:00.447+0000] {processor.py:925} INFO - DAG(s) 'gerar_csv_dados_abertos_cnpj' retrieved from /opt/airflow/dags/saving_file.py
[2025-03-29T17:30:00.465+0000] {logging_mixin.py:190} INFO - [2025-03-29T17:30:00.465+0000] {dag.py:3239} INFO - Sync 1 DAGs
[2025-03-29T17:30:00.477+0000] {logging_mixin.py:190} INFO - [2025-03-29T17:30:00.477+0000] {dag.py:4180} INFO - Setting next_dagrun for gerar_csv_dados_abertos_cnpj to 2025-03-28 00:00:00+00:00, run_after=2025-03-29 00:00:00+00:00
[2025-03-29T17:30:00.489+0000] {processor.py:208} INFO - Processing /opt/airflow/dags/saving_file.py took 0.194 seconds
[2025-03-29T17:30:30.666+0000] {processor.py:186} INFO - Started process (PID=3790) to work on /opt/airflow/dags/saving_file.py
[2025-03-29T17:30:30.667+0000] {processor.py:914} INFO - Processing file /opt/airflow/dags/saving_file.py for tasks to queue
[2025-03-29T17:30:30.668+0000] {logging_mixin.py:190} INFO - [2025-03-29T17:30:30.668+0000] {dagbag.py:588} INFO - Filling up the DagBag from /opt/airflow/dags/saving_file.py
[2025-03-29T17:30:30.812+0000] {processor.py:925} INFO - DAG(s) 'gerar_csv_dados_abertos_cnpj' retrieved from /opt/airflow/dags/saving_file.py
[2025-03-29T17:30:30.827+0000] {logging_mixin.py:190} INFO - [2025-03-29T17:30:30.826+0000] {dag.py:3239} INFO - Sync 1 DAGs
[2025-03-29T17:30:30.842+0000] {logging_mixin.py:190} INFO - [2025-03-29T17:30:30.842+0000] {dag.py:4180} INFO - Setting next_dagrun for gerar_csv_dados_abertos_cnpj to 2025-03-28 00:00:00+00:00, run_after=2025-03-29 00:00:00+00:00
[2025-03-29T17:30:30.854+0000] {processor.py:208} INFO - Processing /opt/airflow/dags/saving_file.py took 0.192 seconds
[2025-03-29T17:31:01.097+0000] {processor.py:186} INFO - Started process (PID=3801) to work on /opt/airflow/dags/saving_file.py
[2025-03-29T17:31:01.098+0000] {processor.py:914} INFO - Processing file /opt/airflow/dags/saving_file.py for tasks to queue
[2025-03-29T17:31:01.101+0000] {logging_mixin.py:190} INFO - [2025-03-29T17:31:01.100+0000] {dagbag.py:588} INFO - Filling up the DagBag from /opt/airflow/dags/saving_file.py
[2025-03-29T17:31:01.241+0000] {processor.py:925} INFO - DAG(s) 'gerar_csv_dados_abertos_cnpj' retrieved from /opt/airflow/dags/saving_file.py
[2025-03-29T17:31:01.253+0000] {logging_mixin.py:190} INFO - [2025-03-29T17:31:01.252+0000] {dag.py:3239} INFO - Sync 1 DAGs
[2025-03-29T17:31:01.267+0000] {logging_mixin.py:190} INFO - [2025-03-29T17:31:01.267+0000] {dag.py:4180} INFO - Setting next_dagrun for gerar_csv_dados_abertos_cnpj to 2025-03-28 00:00:00+00:00, run_after=2025-03-29 00:00:00+00:00
[2025-03-29T17:31:01.282+0000] {processor.py:208} INFO - Processing /opt/airflow/dags/saving_file.py took 0.188 seconds
[2025-03-29T17:31:31.473+0000] {processor.py:186} INFO - Started process (PID=3811) to work on /opt/airflow/dags/saving_file.py
[2025-03-29T17:31:31.474+0000] {processor.py:914} INFO - Processing file /opt/airflow/dags/saving_file.py for tasks to queue
[2025-03-29T17:31:31.477+0000] {logging_mixin.py:190} INFO - [2025-03-29T17:31:31.476+0000] {dagbag.py:588} INFO - Filling up the DagBag from /opt/airflow/dags/saving_file.py
[2025-03-29T17:31:31.618+0000] {processor.py:925} INFO - DAG(s) 'gerar_csv_dados_abertos_cnpj' retrieved from /opt/airflow/dags/saving_file.py
[2025-03-29T17:31:31.633+0000] {logging_mixin.py:190} INFO - [2025-03-29T17:31:31.633+0000] {dag.py:3239} INFO - Sync 1 DAGs
[2025-03-29T17:31:31.651+0000] {logging_mixin.py:190} INFO - [2025-03-29T17:31:31.651+0000] {dag.py:4180} INFO - Setting next_dagrun for gerar_csv_dados_abertos_cnpj to 2025-03-28 00:00:00+00:00, run_after=2025-03-29 00:00:00+00:00
[2025-03-29T17:31:31.663+0000] {processor.py:208} INFO - Processing /opt/airflow/dags/saving_file.py took 0.193 seconds
[2025-03-29T17:32:01.849+0000] {processor.py:186} INFO - Started process (PID=3822) to work on /opt/airflow/dags/saving_file.py
[2025-03-29T17:32:01.850+0000] {processor.py:914} INFO - Processing file /opt/airflow/dags/saving_file.py for tasks to queue
[2025-03-29T17:32:01.852+0000] {logging_mixin.py:190} INFO - [2025-03-29T17:32:01.852+0000] {dagbag.py:588} INFO - Filling up the DagBag from /opt/airflow/dags/saving_file.py
[2025-03-29T17:32:02.002+0000] {processor.py:925} INFO - DAG(s) 'gerar_csv_dados_abertos_cnpj' retrieved from /opt/airflow/dags/saving_file.py
[2025-03-29T17:32:02.017+0000] {logging_mixin.py:190} INFO - [2025-03-29T17:32:02.017+0000] {dag.py:3239} INFO - Sync 1 DAGs
[2025-03-29T17:32:02.030+0000] {logging_mixin.py:190} INFO - [2025-03-29T17:32:02.030+0000] {dag.py:4180} INFO - Setting next_dagrun for gerar_csv_dados_abertos_cnpj to 2025-03-28 00:00:00+00:00, run_after=2025-03-29 00:00:00+00:00
[2025-03-29T17:32:02.047+0000] {processor.py:208} INFO - Processing /opt/airflow/dags/saving_file.py took 0.202 seconds
[2025-03-29T17:32:32.246+0000] {processor.py:186} INFO - Started process (PID=3833) to work on /opt/airflow/dags/saving_file.py
[2025-03-29T17:32:32.248+0000] {processor.py:914} INFO - Processing file /opt/airflow/dags/saving_file.py for tasks to queue
[2025-03-29T17:32:32.249+0000] {logging_mixin.py:190} INFO - [2025-03-29T17:32:32.249+0000] {dagbag.py:588} INFO - Filling up the DagBag from /opt/airflow/dags/saving_file.py
[2025-03-29T17:32:32.392+0000] {processor.py:925} INFO - DAG(s) 'gerar_csv_dados_abertos_cnpj' retrieved from /opt/airflow/dags/saving_file.py
[2025-03-29T17:32:32.406+0000] {logging_mixin.py:190} INFO - [2025-03-29T17:32:32.406+0000] {dag.py:3239} INFO - Sync 1 DAGs
[2025-03-29T17:32:32.418+0000] {logging_mixin.py:190} INFO - [2025-03-29T17:32:32.418+0000] {dag.py:4180} INFO - Setting next_dagrun for gerar_csv_dados_abertos_cnpj to 2025-03-28 00:00:00+00:00, run_after=2025-03-29 00:00:00+00:00
[2025-03-29T17:32:32.428+0000] {processor.py:208} INFO - Processing /opt/airflow/dags/saving_file.py took 0.186 seconds
[2025-03-29T17:33:02.611+0000] {processor.py:186} INFO - Started process (PID=3844) to work on /opt/airflow/dags/saving_file.py
[2025-03-29T17:33:02.612+0000] {processor.py:914} INFO - Processing file /opt/airflow/dags/saving_file.py for tasks to queue
[2025-03-29T17:33:02.614+0000] {logging_mixin.py:190} INFO - [2025-03-29T17:33:02.614+0000] {dagbag.py:588} INFO - Filling up the DagBag from /opt/airflow/dags/saving_file.py
[2025-03-29T17:33:02.751+0000] {processor.py:925} INFO - DAG(s) 'gerar_csv_dados_abertos_cnpj' retrieved from /opt/airflow/dags/saving_file.py
[2025-03-29T17:33:02.766+0000] {logging_mixin.py:190} INFO - [2025-03-29T17:33:02.765+0000] {dag.py:3239} INFO - Sync 1 DAGs
[2025-03-29T17:33:02.780+0000] {logging_mixin.py:190} INFO - [2025-03-29T17:33:02.780+0000] {dag.py:4180} INFO - Setting next_dagrun for gerar_csv_dados_abertos_cnpj to 2025-03-28 00:00:00+00:00, run_after=2025-03-29 00:00:00+00:00
[2025-03-29T17:33:02.792+0000] {processor.py:208} INFO - Processing /opt/airflow/dags/saving_file.py took 0.184 seconds
[2025-03-29T17:33:32.988+0000] {processor.py:186} INFO - Started process (PID=3855) to work on /opt/airflow/dags/saving_file.py
[2025-03-29T17:33:32.989+0000] {processor.py:914} INFO - Processing file /opt/airflow/dags/saving_file.py for tasks to queue
[2025-03-29T17:33:32.991+0000] {logging_mixin.py:190} INFO - [2025-03-29T17:33:32.991+0000] {dagbag.py:588} INFO - Filling up the DagBag from /opt/airflow/dags/saving_file.py
[2025-03-29T17:33:33.135+0000] {processor.py:925} INFO - DAG(s) 'gerar_csv_dados_abertos_cnpj' retrieved from /opt/airflow/dags/saving_file.py
[2025-03-29T17:33:33.151+0000] {logging_mixin.py:190} INFO - [2025-03-29T17:33:33.150+0000] {dag.py:3239} INFO - Sync 1 DAGs
[2025-03-29T17:33:33.167+0000] {logging_mixin.py:190} INFO - [2025-03-29T17:33:33.166+0000] {dag.py:4180} INFO - Setting next_dagrun for gerar_csv_dados_abertos_cnpj to 2025-03-28 00:00:00+00:00, run_after=2025-03-29 00:00:00+00:00
[2025-03-29T17:33:33.178+0000] {processor.py:208} INFO - Processing /opt/airflow/dags/saving_file.py took 0.193 seconds
[2025-03-29T17:34:03.380+0000] {processor.py:186} INFO - Started process (PID=3866) to work on /opt/airflow/dags/saving_file.py
[2025-03-29T17:34:03.381+0000] {processor.py:914} INFO - Processing file /opt/airflow/dags/saving_file.py for tasks to queue
[2025-03-29T17:34:03.384+0000] {logging_mixin.py:190} INFO - [2025-03-29T17:34:03.383+0000] {dagbag.py:588} INFO - Filling up the DagBag from /opt/airflow/dags/saving_file.py
[2025-03-29T17:34:03.543+0000] {processor.py:925} INFO - DAG(s) 'gerar_csv_dados_abertos_cnpj' retrieved from /opt/airflow/dags/saving_file.py
[2025-03-29T17:34:03.556+0000] {logging_mixin.py:190} INFO - [2025-03-29T17:34:03.555+0000] {dag.py:3239} INFO - Sync 1 DAGs
[2025-03-29T17:34:03.570+0000] {logging_mixin.py:190} INFO - [2025-03-29T17:34:03.569+0000] {dag.py:4180} INFO - Setting next_dagrun for gerar_csv_dados_abertos_cnpj to 2025-03-28 00:00:00+00:00, run_after=2025-03-29 00:00:00+00:00
[2025-03-29T17:34:03.579+0000] {processor.py:208} INFO - Processing /opt/airflow/dags/saving_file.py took 0.202 seconds
[2025-03-29T17:34:33.764+0000] {processor.py:186} INFO - Started process (PID=3877) to work on /opt/airflow/dags/saving_file.py
[2025-03-29T17:34:33.765+0000] {processor.py:914} INFO - Processing file /opt/airflow/dags/saving_file.py for tasks to queue
[2025-03-29T17:34:33.767+0000] {logging_mixin.py:190} INFO - [2025-03-29T17:34:33.767+0000] {dagbag.py:588} INFO - Filling up the DagBag from /opt/airflow/dags/saving_file.py
[2025-03-29T17:34:33.909+0000] {processor.py:925} INFO - DAG(s) 'gerar_csv_dados_abertos_cnpj' retrieved from /opt/airflow/dags/saving_file.py
[2025-03-29T17:34:33.922+0000] {logging_mixin.py:190} INFO - [2025-03-29T17:34:33.922+0000] {dag.py:3239} INFO - Sync 1 DAGs
[2025-03-29T17:34:33.933+0000] {logging_mixin.py:190} INFO - [2025-03-29T17:34:33.933+0000] {dag.py:4180} INFO - Setting next_dagrun for gerar_csv_dados_abertos_cnpj to 2025-03-28 00:00:00+00:00, run_after=2025-03-29 00:00:00+00:00
[2025-03-29T17:34:33.942+0000] {processor.py:208} INFO - Processing /opt/airflow/dags/saving_file.py took 0.182 seconds
[2025-03-29T17:35:04.133+0000] {processor.py:186} INFO - Started process (PID=3888) to work on /opt/airflow/dags/saving_file.py
[2025-03-29T17:35:04.134+0000] {processor.py:914} INFO - Processing file /opt/airflow/dags/saving_file.py for tasks to queue
[2025-03-29T17:35:04.136+0000] {logging_mixin.py:190} INFO - [2025-03-29T17:35:04.136+0000] {dagbag.py:588} INFO - Filling up the DagBag from /opt/airflow/dags/saving_file.py
[2025-03-29T17:35:04.284+0000] {processor.py:925} INFO - DAG(s) 'gerar_csv_dados_abertos_cnpj' retrieved from /opt/airflow/dags/saving_file.py
[2025-03-29T17:35:04.297+0000] {logging_mixin.py:190} INFO - [2025-03-29T17:35:04.297+0000] {dag.py:3239} INFO - Sync 1 DAGs
[2025-03-29T17:35:04.309+0000] {logging_mixin.py:190} INFO - [2025-03-29T17:35:04.309+0000] {dag.py:4180} INFO - Setting next_dagrun for gerar_csv_dados_abertos_cnpj to 2025-03-28 00:00:00+00:00, run_after=2025-03-29 00:00:00+00:00
[2025-03-29T17:35:04.319+0000] {processor.py:208} INFO - Processing /opt/airflow/dags/saving_file.py took 0.189 seconds
[2025-03-29T17:35:34.505+0000] {processor.py:186} INFO - Started process (PID=3899) to work on /opt/airflow/dags/saving_file.py
[2025-03-29T17:35:34.507+0000] {processor.py:914} INFO - Processing file /opt/airflow/dags/saving_file.py for tasks to queue
[2025-03-29T17:35:34.509+0000] {logging_mixin.py:190} INFO - [2025-03-29T17:35:34.509+0000] {dagbag.py:588} INFO - Filling up the DagBag from /opt/airflow/dags/saving_file.py
[2025-03-29T17:35:34.671+0000] {processor.py:925} INFO - DAG(s) 'gerar_csv_dados_abertos_cnpj' retrieved from /opt/airflow/dags/saving_file.py
[2025-03-29T17:35:34.689+0000] {logging_mixin.py:190} INFO - [2025-03-29T17:35:34.688+0000] {dag.py:3239} INFO - Sync 1 DAGs
[2025-03-29T17:35:34.703+0000] {logging_mixin.py:190} INFO - [2025-03-29T17:35:34.703+0000] {dag.py:4180} INFO - Setting next_dagrun for gerar_csv_dados_abertos_cnpj to 2025-03-28 00:00:00+00:00, run_after=2025-03-29 00:00:00+00:00
[2025-03-29T17:35:34.722+0000] {processor.py:208} INFO - Processing /opt/airflow/dags/saving_file.py took 0.220 seconds
[2025-03-29T17:36:04.912+0000] {processor.py:186} INFO - Started process (PID=3910) to work on /opt/airflow/dags/saving_file.py
[2025-03-29T17:36:04.913+0000] {processor.py:914} INFO - Processing file /opt/airflow/dags/saving_file.py for tasks to queue
[2025-03-29T17:36:04.916+0000] {logging_mixin.py:190} INFO - [2025-03-29T17:36:04.915+0000] {dagbag.py:588} INFO - Filling up the DagBag from /opt/airflow/dags/saving_file.py
[2025-03-29T17:36:05.067+0000] {processor.py:925} INFO - DAG(s) 'gerar_csv_dados_abertos_cnpj' retrieved from /opt/airflow/dags/saving_file.py
[2025-03-29T17:36:05.084+0000] {logging_mixin.py:190} INFO - [2025-03-29T17:36:05.083+0000] {dag.py:3239} INFO - Sync 1 DAGs
[2025-03-29T17:36:05.098+0000] {logging_mixin.py:190} INFO - [2025-03-29T17:36:05.098+0000] {dag.py:4180} INFO - Setting next_dagrun for gerar_csv_dados_abertos_cnpj to 2025-03-28 00:00:00+00:00, run_after=2025-03-29 00:00:00+00:00
[2025-03-29T17:36:05.113+0000] {processor.py:208} INFO - Processing /opt/airflow/dags/saving_file.py took 0.204 seconds
[2025-03-29T17:36:35.289+0000] {processor.py:186} INFO - Started process (PID=3921) to work on /opt/airflow/dags/saving_file.py
[2025-03-29T17:36:35.290+0000] {processor.py:914} INFO - Processing file /opt/airflow/dags/saving_file.py for tasks to queue
[2025-03-29T17:36:35.292+0000] {logging_mixin.py:190} INFO - [2025-03-29T17:36:35.292+0000] {dagbag.py:588} INFO - Filling up the DagBag from /opt/airflow/dags/saving_file.py
[2025-03-29T17:36:35.443+0000] {processor.py:925} INFO - DAG(s) 'gerar_csv_dados_abertos_cnpj' retrieved from /opt/airflow/dags/saving_file.py
[2025-03-29T17:36:35.458+0000] {logging_mixin.py:190} INFO - [2025-03-29T17:36:35.458+0000] {dag.py:3239} INFO - Sync 1 DAGs
[2025-03-29T17:36:35.473+0000] {logging_mixin.py:190} INFO - [2025-03-29T17:36:35.473+0000] {dag.py:4180} INFO - Setting next_dagrun for gerar_csv_dados_abertos_cnpj to 2025-03-28 00:00:00+00:00, run_after=2025-03-29 00:00:00+00:00
[2025-03-29T17:36:35.486+0000] {processor.py:208} INFO - Processing /opt/airflow/dags/saving_file.py took 0.200 seconds
[2025-03-29T17:37:05.679+0000] {processor.py:186} INFO - Started process (PID=3932) to work on /opt/airflow/dags/saving_file.py
[2025-03-29T17:37:05.680+0000] {processor.py:914} INFO - Processing file /opt/airflow/dags/saving_file.py for tasks to queue
[2025-03-29T17:37:05.682+0000] {logging_mixin.py:190} INFO - [2025-03-29T17:37:05.681+0000] {dagbag.py:588} INFO - Filling up the DagBag from /opt/airflow/dags/saving_file.py
[2025-03-29T17:37:05.827+0000] {processor.py:925} INFO - DAG(s) 'gerar_csv_dados_abertos_cnpj' retrieved from /opt/airflow/dags/saving_file.py
[2025-03-29T17:37:05.845+0000] {logging_mixin.py:190} INFO - [2025-03-29T17:37:05.845+0000] {dag.py:3239} INFO - Sync 1 DAGs
[2025-03-29T17:37:05.859+0000] {logging_mixin.py:190} INFO - [2025-03-29T17:37:05.858+0000] {dag.py:4180} INFO - Setting next_dagrun for gerar_csv_dados_abertos_cnpj to 2025-03-28 00:00:00+00:00, run_after=2025-03-29 00:00:00+00:00
[2025-03-29T17:37:05.870+0000] {processor.py:208} INFO - Processing /opt/airflow/dags/saving_file.py took 0.194 seconds
[2025-03-29T17:37:36.064+0000] {processor.py:186} INFO - Started process (PID=3943) to work on /opt/airflow/dags/saving_file.py
[2025-03-29T17:37:36.065+0000] {processor.py:914} INFO - Processing file /opt/airflow/dags/saving_file.py for tasks to queue
[2025-03-29T17:37:36.067+0000] {logging_mixin.py:190} INFO - [2025-03-29T17:37:36.067+0000] {dagbag.py:588} INFO - Filling up the DagBag from /opt/airflow/dags/saving_file.py
[2025-03-29T17:37:36.210+0000] {processor.py:925} INFO - DAG(s) 'gerar_csv_dados_abertos_cnpj' retrieved from /opt/airflow/dags/saving_file.py
[2025-03-29T17:37:36.225+0000] {logging_mixin.py:190} INFO - [2025-03-29T17:37:36.225+0000] {dag.py:3239} INFO - Sync 1 DAGs
[2025-03-29T17:37:36.238+0000] {logging_mixin.py:190} INFO - [2025-03-29T17:37:36.238+0000] {dag.py:4180} INFO - Setting next_dagrun for gerar_csv_dados_abertos_cnpj to 2025-03-28 00:00:00+00:00, run_after=2025-03-29 00:00:00+00:00
[2025-03-29T17:37:36.250+0000] {processor.py:208} INFO - Processing /opt/airflow/dags/saving_file.py took 0.189 seconds
[2025-03-29T17:38:06.438+0000] {processor.py:186} INFO - Started process (PID=3954) to work on /opt/airflow/dags/saving_file.py
[2025-03-29T17:38:06.439+0000] {processor.py:914} INFO - Processing file /opt/airflow/dags/saving_file.py for tasks to queue
[2025-03-29T17:38:06.441+0000] {logging_mixin.py:190} INFO - [2025-03-29T17:38:06.441+0000] {dagbag.py:588} INFO - Filling up the DagBag from /opt/airflow/dags/saving_file.py
[2025-03-29T17:38:06.588+0000] {processor.py:925} INFO - DAG(s) 'gerar_csv_dados_abertos_cnpj' retrieved from /opt/airflow/dags/saving_file.py
[2025-03-29T17:38:06.607+0000] {logging_mixin.py:190} INFO - [2025-03-29T17:38:06.607+0000] {dag.py:3239} INFO - Sync 1 DAGs
[2025-03-29T17:38:06.618+0000] {logging_mixin.py:190} INFO - [2025-03-29T17:38:06.618+0000] {dag.py:4180} INFO - Setting next_dagrun for gerar_csv_dados_abertos_cnpj to 2025-03-28 00:00:00+00:00, run_after=2025-03-29 00:00:00+00:00
[2025-03-29T17:38:06.628+0000] {processor.py:208} INFO - Processing /opt/airflow/dags/saving_file.py took 0.194 seconds
[2025-03-29T17:38:36.813+0000] {processor.py:186} INFO - Started process (PID=3965) to work on /opt/airflow/dags/saving_file.py
[2025-03-29T17:38:36.815+0000] {processor.py:914} INFO - Processing file /opt/airflow/dags/saving_file.py for tasks to queue
[2025-03-29T17:38:36.817+0000] {logging_mixin.py:190} INFO - [2025-03-29T17:38:36.816+0000] {dagbag.py:588} INFO - Filling up the DagBag from /opt/airflow/dags/saving_file.py
[2025-03-29T17:38:36.969+0000] {processor.py:925} INFO - DAG(s) 'gerar_csv_dados_abertos_cnpj' retrieved from /opt/airflow/dags/saving_file.py
[2025-03-29T17:38:36.987+0000] {logging_mixin.py:190} INFO - [2025-03-29T17:38:36.986+0000] {dag.py:3239} INFO - Sync 1 DAGs
[2025-03-29T17:38:37.000+0000] {logging_mixin.py:190} INFO - [2025-03-29T17:38:37.000+0000] {dag.py:4180} INFO - Setting next_dagrun for gerar_csv_dados_abertos_cnpj to 2025-03-28 00:00:00+00:00, run_after=2025-03-29 00:00:00+00:00
[2025-03-29T17:38:37.012+0000] {processor.py:208} INFO - Processing /opt/airflow/dags/saving_file.py took 0.201 seconds
[2025-03-29T17:39:07.192+0000] {processor.py:186} INFO - Started process (PID=3976) to work on /opt/airflow/dags/saving_file.py
[2025-03-29T17:39:07.194+0000] {processor.py:914} INFO - Processing file /opt/airflow/dags/saving_file.py for tasks to queue
[2025-03-29T17:39:07.195+0000] {logging_mixin.py:190} INFO - [2025-03-29T17:39:07.195+0000] {dagbag.py:588} INFO - Filling up the DagBag from /opt/airflow/dags/saving_file.py
[2025-03-29T17:39:07.342+0000] {processor.py:925} INFO - DAG(s) 'gerar_csv_dados_abertos_cnpj' retrieved from /opt/airflow/dags/saving_file.py
[2025-03-29T17:39:07.355+0000] {logging_mixin.py:190} INFO - [2025-03-29T17:39:07.355+0000] {dag.py:3239} INFO - Sync 1 DAGs
[2025-03-29T17:39:07.371+0000] {logging_mixin.py:190} INFO - [2025-03-29T17:39:07.371+0000] {dag.py:4180} INFO - Setting next_dagrun for gerar_csv_dados_abertos_cnpj to 2025-03-28 00:00:00+00:00, run_after=2025-03-29 00:00:00+00:00
[2025-03-29T17:39:07.381+0000] {processor.py:208} INFO - Processing /opt/airflow/dags/saving_file.py took 0.192 seconds
[2025-03-29T17:39:37.579+0000] {processor.py:186} INFO - Started process (PID=3987) to work on /opt/airflow/dags/saving_file.py
[2025-03-29T17:39:37.580+0000] {processor.py:914} INFO - Processing file /opt/airflow/dags/saving_file.py for tasks to queue
[2025-03-29T17:39:37.582+0000] {logging_mixin.py:190} INFO - [2025-03-29T17:39:37.582+0000] {dagbag.py:588} INFO - Filling up the DagBag from /opt/airflow/dags/saving_file.py
[2025-03-29T17:39:37.724+0000] {processor.py:925} INFO - DAG(s) 'gerar_csv_dados_abertos_cnpj' retrieved from /opt/airflow/dags/saving_file.py
[2025-03-29T17:39:37.742+0000] {logging_mixin.py:190} INFO - [2025-03-29T17:39:37.741+0000] {dag.py:3239} INFO - Sync 1 DAGs
[2025-03-29T17:39:37.753+0000] {logging_mixin.py:190} INFO - [2025-03-29T17:39:37.753+0000] {dag.py:4180} INFO - Setting next_dagrun for gerar_csv_dados_abertos_cnpj to 2025-03-28 00:00:00+00:00, run_after=2025-03-29 00:00:00+00:00
[2025-03-29T17:39:37.763+0000] {processor.py:208} INFO - Processing /opt/airflow/dags/saving_file.py took 0.187 seconds
[2025-03-29T17:40:07.950+0000] {processor.py:186} INFO - Started process (PID=3998) to work on /opt/airflow/dags/saving_file.py
[2025-03-29T17:40:07.951+0000] {processor.py:914} INFO - Processing file /opt/airflow/dags/saving_file.py for tasks to queue
[2025-03-29T17:40:07.954+0000] {logging_mixin.py:190} INFO - [2025-03-29T17:40:07.953+0000] {dagbag.py:588} INFO - Filling up the DagBag from /opt/airflow/dags/saving_file.py
[2025-03-29T17:40:08.100+0000] {processor.py:925} INFO - DAG(s) 'gerar_csv_dados_abertos_cnpj' retrieved from /opt/airflow/dags/saving_file.py
[2025-03-29T17:40:08.115+0000] {logging_mixin.py:190} INFO - [2025-03-29T17:40:08.114+0000] {dag.py:3239} INFO - Sync 1 DAGs
[2025-03-29T17:40:08.129+0000] {logging_mixin.py:190} INFO - [2025-03-29T17:40:08.129+0000] {dag.py:4180} INFO - Setting next_dagrun for gerar_csv_dados_abertos_cnpj to 2025-03-28 00:00:00+00:00, run_after=2025-03-29 00:00:00+00:00
[2025-03-29T17:40:08.142+0000] {processor.py:208} INFO - Processing /opt/airflow/dags/saving_file.py took 0.196 seconds
[2025-03-29T17:40:38.418+0000] {processor.py:186} INFO - Started process (PID=4009) to work on /opt/airflow/dags/saving_file.py
[2025-03-29T17:40:38.419+0000] {processor.py:914} INFO - Processing file /opt/airflow/dags/saving_file.py for tasks to queue
[2025-03-29T17:40:38.421+0000] {logging_mixin.py:190} INFO - [2025-03-29T17:40:38.420+0000] {dagbag.py:588} INFO - Filling up the DagBag from /opt/airflow/dags/saving_file.py
[2025-03-29T17:40:38.564+0000] {processor.py:925} INFO - DAG(s) 'gerar_csv_dados_abertos_cnpj' retrieved from /opt/airflow/dags/saving_file.py
[2025-03-29T17:40:38.579+0000] {logging_mixin.py:190} INFO - [2025-03-29T17:40:38.578+0000] {dag.py:3239} INFO - Sync 1 DAGs
[2025-03-29T17:40:38.591+0000] {logging_mixin.py:190} INFO - [2025-03-29T17:40:38.591+0000] {dag.py:4180} INFO - Setting next_dagrun for gerar_csv_dados_abertos_cnpj to 2025-03-28 00:00:00+00:00, run_after=2025-03-29 00:00:00+00:00
[2025-03-29T17:40:38.609+0000] {processor.py:208} INFO - Processing /opt/airflow/dags/saving_file.py took 0.194 seconds
[2025-03-29T17:41:08.797+0000] {processor.py:186} INFO - Started process (PID=4020) to work on /opt/airflow/dags/saving_file.py
[2025-03-29T17:41:08.798+0000] {processor.py:914} INFO - Processing file /opt/airflow/dags/saving_file.py for tasks to queue
[2025-03-29T17:41:08.799+0000] {logging_mixin.py:190} INFO - [2025-03-29T17:41:08.799+0000] {dagbag.py:588} INFO - Filling up the DagBag from /opt/airflow/dags/saving_file.py
[2025-03-29T17:41:08.950+0000] {processor.py:925} INFO - DAG(s) 'gerar_csv_dados_abertos_cnpj' retrieved from /opt/airflow/dags/saving_file.py
[2025-03-29T17:41:08.967+0000] {logging_mixin.py:190} INFO - [2025-03-29T17:41:08.966+0000] {dag.py:3239} INFO - Sync 1 DAGs
[2025-03-29T17:41:08.983+0000] {logging_mixin.py:190} INFO - [2025-03-29T17:41:08.983+0000] {dag.py:4180} INFO - Setting next_dagrun for gerar_csv_dados_abertos_cnpj to 2025-03-28 00:00:00+00:00, run_after=2025-03-29 00:00:00+00:00
[2025-03-29T17:41:08.996+0000] {processor.py:208} INFO - Processing /opt/airflow/dags/saving_file.py took 0.202 seconds
[2025-03-29T17:41:39.188+0000] {processor.py:186} INFO - Started process (PID=4031) to work on /opt/airflow/dags/saving_file.py
[2025-03-29T17:41:39.189+0000] {processor.py:914} INFO - Processing file /opt/airflow/dags/saving_file.py for tasks to queue
[2025-03-29T17:41:39.191+0000] {logging_mixin.py:190} INFO - [2025-03-29T17:41:39.190+0000] {dagbag.py:588} INFO - Filling up the DagBag from /opt/airflow/dags/saving_file.py
[2025-03-29T17:41:39.346+0000] {processor.py:925} INFO - DAG(s) 'gerar_csv_dados_abertos_cnpj' retrieved from /opt/airflow/dags/saving_file.py
[2025-03-29T17:41:39.359+0000] {logging_mixin.py:190} INFO - [2025-03-29T17:41:39.359+0000] {dag.py:3239} INFO - Sync 1 DAGs
[2025-03-29T17:41:39.372+0000] {logging_mixin.py:190} INFO - [2025-03-29T17:41:39.372+0000] {dag.py:4180} INFO - Setting next_dagrun for gerar_csv_dados_abertos_cnpj to 2025-03-28 00:00:00+00:00, run_after=2025-03-29 00:00:00+00:00
[2025-03-29T17:41:39.386+0000] {processor.py:208} INFO - Processing /opt/airflow/dags/saving_file.py took 0.201 seconds
[2025-03-29T17:42:09.579+0000] {processor.py:186} INFO - Started process (PID=4042) to work on /opt/airflow/dags/saving_file.py
[2025-03-29T17:42:09.580+0000] {processor.py:914} INFO - Processing file /opt/airflow/dags/saving_file.py for tasks to queue
[2025-03-29T17:42:09.582+0000] {logging_mixin.py:190} INFO - [2025-03-29T17:42:09.582+0000] {dagbag.py:588} INFO - Filling up the DagBag from /opt/airflow/dags/saving_file.py
[2025-03-29T17:42:09.727+0000] {processor.py:925} INFO - DAG(s) 'gerar_csv_dados_abertos_cnpj' retrieved from /opt/airflow/dags/saving_file.py
[2025-03-29T17:42:09.744+0000] {logging_mixin.py:190} INFO - [2025-03-29T17:42:09.744+0000] {dag.py:3239} INFO - Sync 1 DAGs
[2025-03-29T17:42:09.761+0000] {logging_mixin.py:190} INFO - [2025-03-29T17:42:09.761+0000] {dag.py:4180} INFO - Setting next_dagrun for gerar_csv_dados_abertos_cnpj to 2025-03-28 00:00:00+00:00, run_after=2025-03-29 00:00:00+00:00
[2025-03-29T17:42:09.773+0000] {processor.py:208} INFO - Processing /opt/airflow/dags/saving_file.py took 0.198 seconds
[2025-03-29T17:42:39.956+0000] {processor.py:186} INFO - Started process (PID=4053) to work on /opt/airflow/dags/saving_file.py
[2025-03-29T17:42:39.957+0000] {processor.py:914} INFO - Processing file /opt/airflow/dags/saving_file.py for tasks to queue
[2025-03-29T17:42:39.960+0000] {logging_mixin.py:190} INFO - [2025-03-29T17:42:39.960+0000] {dagbag.py:588} INFO - Filling up the DagBag from /opt/airflow/dags/saving_file.py
[2025-03-29T17:42:40.117+0000] {processor.py:925} INFO - DAG(s) 'gerar_csv_dados_abertos_cnpj' retrieved from /opt/airflow/dags/saving_file.py
[2025-03-29T17:42:40.131+0000] {logging_mixin.py:190} INFO - [2025-03-29T17:42:40.131+0000] {dag.py:3239} INFO - Sync 1 DAGs
[2025-03-29T17:42:40.146+0000] {logging_mixin.py:190} INFO - [2025-03-29T17:42:40.146+0000] {dag.py:4180} INFO - Setting next_dagrun for gerar_csv_dados_abertos_cnpj to 2025-03-28 00:00:00+00:00, run_after=2025-03-29 00:00:00+00:00
[2025-03-29T17:42:40.160+0000] {processor.py:208} INFO - Processing /opt/airflow/dags/saving_file.py took 0.207 seconds
[2025-03-29T17:43:10.335+0000] {processor.py:186} INFO - Started process (PID=4064) to work on /opt/airflow/dags/saving_file.py
[2025-03-29T17:43:10.336+0000] {processor.py:914} INFO - Processing file /opt/airflow/dags/saving_file.py for tasks to queue
[2025-03-29T17:43:10.338+0000] {logging_mixin.py:190} INFO - [2025-03-29T17:43:10.338+0000] {dagbag.py:588} INFO - Filling up the DagBag from /opt/airflow/dags/saving_file.py
[2025-03-29T17:43:10.477+0000] {processor.py:925} INFO - DAG(s) 'gerar_csv_dados_abertos_cnpj' retrieved from /opt/airflow/dags/saving_file.py
[2025-03-29T17:43:10.490+0000] {logging_mixin.py:190} INFO - [2025-03-29T17:43:10.490+0000] {dag.py:3239} INFO - Sync 1 DAGs
[2025-03-29T17:43:10.501+0000] {logging_mixin.py:190} INFO - [2025-03-29T17:43:10.501+0000] {dag.py:4180} INFO - Setting next_dagrun for gerar_csv_dados_abertos_cnpj to 2025-03-28 00:00:00+00:00, run_after=2025-03-29 00:00:00+00:00
[2025-03-29T17:43:10.514+0000] {processor.py:208} INFO - Processing /opt/airflow/dags/saving_file.py took 0.182 seconds
[2025-03-29T17:43:40.713+0000] {processor.py:186} INFO - Started process (PID=4075) to work on /opt/airflow/dags/saving_file.py
[2025-03-29T17:43:40.714+0000] {processor.py:914} INFO - Processing file /opt/airflow/dags/saving_file.py for tasks to queue
[2025-03-29T17:43:40.716+0000] {logging_mixin.py:190} INFO - [2025-03-29T17:43:40.716+0000] {dagbag.py:588} INFO - Filling up the DagBag from /opt/airflow/dags/saving_file.py
[2025-03-29T17:43:40.860+0000] {processor.py:925} INFO - DAG(s) 'gerar_csv_dados_abertos_cnpj' retrieved from /opt/airflow/dags/saving_file.py
[2025-03-29T17:43:40.877+0000] {logging_mixin.py:190} INFO - [2025-03-29T17:43:40.877+0000] {dag.py:3239} INFO - Sync 1 DAGs
[2025-03-29T17:43:40.890+0000] {logging_mixin.py:190} INFO - [2025-03-29T17:43:40.890+0000] {dag.py:4180} INFO - Setting next_dagrun for gerar_csv_dados_abertos_cnpj to 2025-03-28 00:00:00+00:00, run_after=2025-03-29 00:00:00+00:00
[2025-03-29T17:43:40.904+0000] {processor.py:208} INFO - Processing /opt/airflow/dags/saving_file.py took 0.194 seconds
[2025-03-29T17:44:11.082+0000] {processor.py:186} INFO - Started process (PID=4085) to work on /opt/airflow/dags/saving_file.py
[2025-03-29T17:44:11.083+0000] {processor.py:914} INFO - Processing file /opt/airflow/dags/saving_file.py for tasks to queue
[2025-03-29T17:44:11.086+0000] {logging_mixin.py:190} INFO - [2025-03-29T17:44:11.085+0000] {dagbag.py:588} INFO - Filling up the DagBag from /opt/airflow/dags/saving_file.py
[2025-03-29T17:44:11.231+0000] {processor.py:925} INFO - DAG(s) 'gerar_csv_dados_abertos_cnpj' retrieved from /opt/airflow/dags/saving_file.py
[2025-03-29T17:44:11.244+0000] {logging_mixin.py:190} INFO - [2025-03-29T17:44:11.243+0000] {dag.py:3239} INFO - Sync 1 DAGs
[2025-03-29T17:44:11.256+0000] {logging_mixin.py:190} INFO - [2025-03-29T17:44:11.256+0000] {dag.py:4180} INFO - Setting next_dagrun for gerar_csv_dados_abertos_cnpj to 2025-03-28 00:00:00+00:00, run_after=2025-03-29 00:00:00+00:00
[2025-03-29T17:44:11.269+0000] {processor.py:208} INFO - Processing /opt/airflow/dags/saving_file.py took 0.190 seconds
[2025-03-29T17:44:41.463+0000] {processor.py:186} INFO - Started process (PID=4096) to work on /opt/airflow/dags/saving_file.py
[2025-03-29T17:44:41.464+0000] {processor.py:914} INFO - Processing file /opt/airflow/dags/saving_file.py for tasks to queue
[2025-03-29T17:44:41.467+0000] {logging_mixin.py:190} INFO - [2025-03-29T17:44:41.467+0000] {dagbag.py:588} INFO - Filling up the DagBag from /opt/airflow/dags/saving_file.py
[2025-03-29T17:44:41.611+0000] {processor.py:925} INFO - DAG(s) 'gerar_csv_dados_abertos_cnpj' retrieved from /opt/airflow/dags/saving_file.py
[2025-03-29T17:44:41.624+0000] {logging_mixin.py:190} INFO - [2025-03-29T17:44:41.624+0000] {dag.py:3239} INFO - Sync 1 DAGs
[2025-03-29T17:44:41.637+0000] {logging_mixin.py:190} INFO - [2025-03-29T17:44:41.637+0000] {dag.py:4180} INFO - Setting next_dagrun for gerar_csv_dados_abertos_cnpj to 2025-03-28 00:00:00+00:00, run_after=2025-03-29 00:00:00+00:00
[2025-03-29T17:44:41.652+0000] {processor.py:208} INFO - Processing /opt/airflow/dags/saving_file.py took 0.192 seconds
[2025-03-29T17:45:11.826+0000] {processor.py:186} INFO - Started process (PID=4107) to work on /opt/airflow/dags/saving_file.py
[2025-03-29T17:45:11.827+0000] {processor.py:914} INFO - Processing file /opt/airflow/dags/saving_file.py for tasks to queue
[2025-03-29T17:45:11.829+0000] {logging_mixin.py:190} INFO - [2025-03-29T17:45:11.829+0000] {dagbag.py:588} INFO - Filling up the DagBag from /opt/airflow/dags/saving_file.py
[2025-03-29T17:45:11.972+0000] {processor.py:925} INFO - DAG(s) 'gerar_csv_dados_abertos_cnpj' retrieved from /opt/airflow/dags/saving_file.py
[2025-03-29T17:45:11.988+0000] {logging_mixin.py:190} INFO - [2025-03-29T17:45:11.988+0000] {dag.py:3239} INFO - Sync 1 DAGs
[2025-03-29T17:45:12.003+0000] {logging_mixin.py:190} INFO - [2025-03-29T17:45:12.003+0000] {dag.py:4180} INFO - Setting next_dagrun for gerar_csv_dados_abertos_cnpj to 2025-03-28 00:00:00+00:00, run_after=2025-03-29 00:00:00+00:00
[2025-03-29T17:45:12.015+0000] {processor.py:208} INFO - Processing /opt/airflow/dags/saving_file.py took 0.192 seconds
[2025-03-29T17:45:42.263+0000] {processor.py:186} INFO - Started process (PID=4118) to work on /opt/airflow/dags/saving_file.py
[2025-03-29T17:45:42.264+0000] {processor.py:914} INFO - Processing file /opt/airflow/dags/saving_file.py for tasks to queue
[2025-03-29T17:45:42.267+0000] {logging_mixin.py:190} INFO - [2025-03-29T17:45:42.266+0000] {dagbag.py:588} INFO - Filling up the DagBag from /opt/airflow/dags/saving_file.py
[2025-03-29T17:45:42.407+0000] {processor.py:925} INFO - DAG(s) 'gerar_csv_dados_abertos_cnpj' retrieved from /opt/airflow/dags/saving_file.py
[2025-03-29T17:45:42.427+0000] {logging_mixin.py:190} INFO - [2025-03-29T17:45:42.427+0000] {dag.py:3239} INFO - Sync 1 DAGs
[2025-03-29T17:45:42.438+0000] {logging_mixin.py:190} INFO - [2025-03-29T17:45:42.438+0000] {dag.py:4180} INFO - Setting next_dagrun for gerar_csv_dados_abertos_cnpj to 2025-03-28 00:00:00+00:00, run_after=2025-03-29 00:00:00+00:00
[2025-03-29T17:45:42.448+0000] {processor.py:208} INFO - Processing /opt/airflow/dags/saving_file.py took 0.187 seconds
[2025-03-29T17:46:12.638+0000] {processor.py:186} INFO - Started process (PID=4129) to work on /opt/airflow/dags/saving_file.py
[2025-03-29T17:46:12.639+0000] {processor.py:914} INFO - Processing file /opt/airflow/dags/saving_file.py for tasks to queue
[2025-03-29T17:46:12.642+0000] {logging_mixin.py:190} INFO - [2025-03-29T17:46:12.641+0000] {dagbag.py:588} INFO - Filling up the DagBag from /opt/airflow/dags/saving_file.py
[2025-03-29T17:46:12.788+0000] {processor.py:925} INFO - DAG(s) 'gerar_csv_dados_abertos_cnpj' retrieved from /opt/airflow/dags/saving_file.py
[2025-03-29T17:46:12.806+0000] {logging_mixin.py:190} INFO - [2025-03-29T17:46:12.806+0000] {dag.py:3239} INFO - Sync 1 DAGs
[2025-03-29T17:46:12.818+0000] {logging_mixin.py:190} INFO - [2025-03-29T17:46:12.818+0000] {dag.py:4180} INFO - Setting next_dagrun for gerar_csv_dados_abertos_cnpj to 2025-03-28 00:00:00+00:00, run_after=2025-03-29 00:00:00+00:00
[2025-03-29T17:46:12.829+0000] {processor.py:208} INFO - Processing /opt/airflow/dags/saving_file.py took 0.193 seconds
[2025-03-29T17:46:43.018+0000] {processor.py:186} INFO - Started process (PID=4140) to work on /opt/airflow/dags/saving_file.py
[2025-03-29T17:46:43.019+0000] {processor.py:914} INFO - Processing file /opt/airflow/dags/saving_file.py for tasks to queue
[2025-03-29T17:46:43.021+0000] {logging_mixin.py:190} INFO - [2025-03-29T17:46:43.021+0000] {dagbag.py:588} INFO - Filling up the DagBag from /opt/airflow/dags/saving_file.py
[2025-03-29T17:46:43.165+0000] {processor.py:925} INFO - DAG(s) 'gerar_csv_dados_abertos_cnpj' retrieved from /opt/airflow/dags/saving_file.py
[2025-03-29T17:46:43.178+0000] {logging_mixin.py:190} INFO - [2025-03-29T17:46:43.178+0000] {dag.py:3239} INFO - Sync 1 DAGs
[2025-03-29T17:46:43.191+0000] {logging_mixin.py:190} INFO - [2025-03-29T17:46:43.191+0000] {dag.py:4180} INFO - Setting next_dagrun for gerar_csv_dados_abertos_cnpj to 2025-03-28 00:00:00+00:00, run_after=2025-03-29 00:00:00+00:00
[2025-03-29T17:46:43.202+0000] {processor.py:208} INFO - Processing /opt/airflow/dags/saving_file.py took 0.187 seconds
[2025-03-29T17:47:13.391+0000] {processor.py:186} INFO - Started process (PID=4151) to work on /opt/airflow/dags/saving_file.py
[2025-03-29T17:47:13.392+0000] {processor.py:914} INFO - Processing file /opt/airflow/dags/saving_file.py for tasks to queue
[2025-03-29T17:47:13.393+0000] {logging_mixin.py:190} INFO - [2025-03-29T17:47:13.393+0000] {dagbag.py:588} INFO - Filling up the DagBag from /opt/airflow/dags/saving_file.py
[2025-03-29T17:47:13.544+0000] {processor.py:925} INFO - DAG(s) 'gerar_csv_dados_abertos_cnpj' retrieved from /opt/airflow/dags/saving_file.py
[2025-03-29T17:47:13.556+0000] {logging_mixin.py:190} INFO - [2025-03-29T17:47:13.556+0000] {dag.py:3239} INFO - Sync 1 DAGs
[2025-03-29T17:47:13.570+0000] {logging_mixin.py:190} INFO - [2025-03-29T17:47:13.570+0000] {dag.py:4180} INFO - Setting next_dagrun for gerar_csv_dados_abertos_cnpj to 2025-03-28 00:00:00+00:00, run_after=2025-03-29 00:00:00+00:00
[2025-03-29T17:47:13.580+0000] {processor.py:208} INFO - Processing /opt/airflow/dags/saving_file.py took 0.192 seconds
[2025-03-29T17:47:43.772+0000] {processor.py:186} INFO - Started process (PID=4162) to work on /opt/airflow/dags/saving_file.py
[2025-03-29T17:47:43.773+0000] {processor.py:914} INFO - Processing file /opt/airflow/dags/saving_file.py for tasks to queue
[2025-03-29T17:47:43.775+0000] {logging_mixin.py:190} INFO - [2025-03-29T17:47:43.775+0000] {dagbag.py:588} INFO - Filling up the DagBag from /opt/airflow/dags/saving_file.py
[2025-03-29T17:47:43.919+0000] {processor.py:925} INFO - DAG(s) 'gerar_csv_dados_abertos_cnpj' retrieved from /opt/airflow/dags/saving_file.py
[2025-03-29T17:47:43.933+0000] {logging_mixin.py:190} INFO - [2025-03-29T17:47:43.933+0000] {dag.py:3239} INFO - Sync 1 DAGs
[2025-03-29T17:47:43.946+0000] {logging_mixin.py:190} INFO - [2025-03-29T17:47:43.945+0000] {dag.py:4180} INFO - Setting next_dagrun for gerar_csv_dados_abertos_cnpj to 2025-03-28 00:00:00+00:00, run_after=2025-03-29 00:00:00+00:00
[2025-03-29T17:47:43.956+0000] {processor.py:208} INFO - Processing /opt/airflow/dags/saving_file.py took 0.188 seconds
[2025-03-29T17:48:14.142+0000] {processor.py:186} INFO - Started process (PID=4173) to work on /opt/airflow/dags/saving_file.py
[2025-03-29T17:48:14.144+0000] {processor.py:914} INFO - Processing file /opt/airflow/dags/saving_file.py for tasks to queue
[2025-03-29T17:48:14.146+0000] {logging_mixin.py:190} INFO - [2025-03-29T17:48:14.145+0000] {dagbag.py:588} INFO - Filling up the DagBag from /opt/airflow/dags/saving_file.py
[2025-03-29T17:48:14.292+0000] {processor.py:925} INFO - DAG(s) 'gerar_csv_dados_abertos_cnpj' retrieved from /opt/airflow/dags/saving_file.py
[2025-03-29T17:48:14.304+0000] {logging_mixin.py:190} INFO - [2025-03-29T17:48:14.304+0000] {dag.py:3239} INFO - Sync 1 DAGs
[2025-03-29T17:48:14.316+0000] {logging_mixin.py:190} INFO - [2025-03-29T17:48:14.316+0000] {dag.py:4180} INFO - Setting next_dagrun for gerar_csv_dados_abertos_cnpj to 2025-03-28 00:00:00+00:00, run_after=2025-03-29 00:00:00+00:00
[2025-03-29T17:48:14.329+0000] {processor.py:208} INFO - Processing /opt/airflow/dags/saving_file.py took 0.190 seconds
[2025-03-29T17:48:44.521+0000] {processor.py:186} INFO - Started process (PID=4184) to work on /opt/airflow/dags/saving_file.py
[2025-03-29T17:48:44.522+0000] {processor.py:914} INFO - Processing file /opt/airflow/dags/saving_file.py for tasks to queue
[2025-03-29T17:48:44.525+0000] {logging_mixin.py:190} INFO - [2025-03-29T17:48:44.525+0000] {dagbag.py:588} INFO - Filling up the DagBag from /opt/airflow/dags/saving_file.py
[2025-03-29T17:48:44.669+0000] {processor.py:925} INFO - DAG(s) 'gerar_csv_dados_abertos_cnpj' retrieved from /opt/airflow/dags/saving_file.py
[2025-03-29T17:48:44.683+0000] {logging_mixin.py:190} INFO - [2025-03-29T17:48:44.683+0000] {dag.py:3239} INFO - Sync 1 DAGs
[2025-03-29T17:48:44.697+0000] {logging_mixin.py:190} INFO - [2025-03-29T17:48:44.696+0000] {dag.py:4180} INFO - Setting next_dagrun for gerar_csv_dados_abertos_cnpj to 2025-03-28 00:00:00+00:00, run_after=2025-03-29 00:00:00+00:00
[2025-03-29T17:48:44.708+0000] {processor.py:208} INFO - Processing /opt/airflow/dags/saving_file.py took 0.189 seconds
[2025-03-29T17:49:14.898+0000] {processor.py:186} INFO - Started process (PID=4195) to work on /opt/airflow/dags/saving_file.py
[2025-03-29T17:49:14.900+0000] {processor.py:914} INFO - Processing file /opt/airflow/dags/saving_file.py for tasks to queue
[2025-03-29T17:49:14.902+0000] {logging_mixin.py:190} INFO - [2025-03-29T17:49:14.902+0000] {dagbag.py:588} INFO - Filling up the DagBag from /opt/airflow/dags/saving_file.py
[2025-03-29T17:49:15.048+0000] {processor.py:925} INFO - DAG(s) 'gerar_csv_dados_abertos_cnpj' retrieved from /opt/airflow/dags/saving_file.py
[2025-03-29T17:49:15.061+0000] {logging_mixin.py:190} INFO - [2025-03-29T17:49:15.061+0000] {dag.py:3239} INFO - Sync 1 DAGs
[2025-03-29T17:49:15.073+0000] {logging_mixin.py:190} INFO - [2025-03-29T17:49:15.073+0000] {dag.py:4180} INFO - Setting next_dagrun for gerar_csv_dados_abertos_cnpj to 2025-03-28 00:00:00+00:00, run_after=2025-03-29 00:00:00+00:00
[2025-03-29T17:49:15.084+0000] {processor.py:208} INFO - Processing /opt/airflow/dags/saving_file.py took 0.189 seconds
[2025-03-29T17:49:45.278+0000] {processor.py:186} INFO - Started process (PID=4206) to work on /opt/airflow/dags/saving_file.py
[2025-03-29T17:49:45.279+0000] {processor.py:914} INFO - Processing file /opt/airflow/dags/saving_file.py for tasks to queue
[2025-03-29T17:49:45.283+0000] {logging_mixin.py:190} INFO - [2025-03-29T17:49:45.282+0000] {dagbag.py:588} INFO - Filling up the DagBag from /opt/airflow/dags/saving_file.py
[2025-03-29T17:49:45.436+0000] {processor.py:925} INFO - DAG(s) 'gerar_csv_dados_abertos_cnpj' retrieved from /opt/airflow/dags/saving_file.py
[2025-03-29T17:49:45.451+0000] {logging_mixin.py:190} INFO - [2025-03-29T17:49:45.451+0000] {dag.py:3239} INFO - Sync 1 DAGs
[2025-03-29T17:49:45.465+0000] {logging_mixin.py:190} INFO - [2025-03-29T17:49:45.464+0000] {dag.py:4180} INFO - Setting next_dagrun for gerar_csv_dados_abertos_cnpj to 2025-03-28 00:00:00+00:00, run_after=2025-03-29 00:00:00+00:00
[2025-03-29T17:49:45.474+0000] {processor.py:208} INFO - Processing /opt/airflow/dags/saving_file.py took 0.200 seconds
[2025-03-29T17:50:15.664+0000] {processor.py:186} INFO - Started process (PID=4217) to work on /opt/airflow/dags/saving_file.py
[2025-03-29T17:50:15.665+0000] {processor.py:914} INFO - Processing file /opt/airflow/dags/saving_file.py for tasks to queue
[2025-03-29T17:50:15.668+0000] {logging_mixin.py:190} INFO - [2025-03-29T17:50:15.668+0000] {dagbag.py:588} INFO - Filling up the DagBag from /opt/airflow/dags/saving_file.py
[2025-03-29T17:50:15.844+0000] {processor.py:925} INFO - DAG(s) 'gerar_csv_dados_abertos_cnpj' retrieved from /opt/airflow/dags/saving_file.py
[2025-03-29T17:50:15.861+0000] {logging_mixin.py:190} INFO - [2025-03-29T17:50:15.861+0000] {dag.py:3239} INFO - Sync 1 DAGs
[2025-03-29T17:50:15.875+0000] {logging_mixin.py:190} INFO - [2025-03-29T17:50:15.875+0000] {dag.py:4180} INFO - Setting next_dagrun for gerar_csv_dados_abertos_cnpj to 2025-03-28 00:00:00+00:00, run_after=2025-03-29 00:00:00+00:00
[2025-03-29T17:50:15.888+0000] {processor.py:208} INFO - Processing /opt/airflow/dags/saving_file.py took 0.227 seconds
[2025-03-29T17:50:46.140+0000] {processor.py:186} INFO - Started process (PID=4228) to work on /opt/airflow/dags/saving_file.py
[2025-03-29T17:50:46.141+0000] {processor.py:914} INFO - Processing file /opt/airflow/dags/saving_file.py for tasks to queue
[2025-03-29T17:50:46.144+0000] {logging_mixin.py:190} INFO - [2025-03-29T17:50:46.143+0000] {dagbag.py:588} INFO - Filling up the DagBag from /opt/airflow/dags/saving_file.py
[2025-03-29T17:50:46.297+0000] {processor.py:925} INFO - DAG(s) 'gerar_csv_dados_abertos_cnpj' retrieved from /opt/airflow/dags/saving_file.py
[2025-03-29T17:50:46.312+0000] {logging_mixin.py:190} INFO - [2025-03-29T17:50:46.312+0000] {dag.py:3239} INFO - Sync 1 DAGs
[2025-03-29T17:50:46.326+0000] {logging_mixin.py:190} INFO - [2025-03-29T17:50:46.325+0000] {dag.py:4180} INFO - Setting next_dagrun for gerar_csv_dados_abertos_cnpj to 2025-03-28 00:00:00+00:00, run_after=2025-03-29 00:00:00+00:00
[2025-03-29T17:50:46.338+0000] {processor.py:208} INFO - Processing /opt/airflow/dags/saving_file.py took 0.201 seconds
[2025-03-29T17:51:16.540+0000] {processor.py:186} INFO - Started process (PID=4239) to work on /opt/airflow/dags/saving_file.py
[2025-03-29T17:51:16.541+0000] {processor.py:914} INFO - Processing file /opt/airflow/dags/saving_file.py for tasks to queue
[2025-03-29T17:51:16.543+0000] {logging_mixin.py:190} INFO - [2025-03-29T17:51:16.543+0000] {dagbag.py:588} INFO - Filling up the DagBag from /opt/airflow/dags/saving_file.py
[2025-03-29T17:51:16.707+0000] {processor.py:925} INFO - DAG(s) 'gerar_csv_dados_abertos_cnpj' retrieved from /opt/airflow/dags/saving_file.py
[2025-03-29T17:51:16.721+0000] {logging_mixin.py:190} INFO - [2025-03-29T17:51:16.721+0000] {dag.py:3239} INFO - Sync 1 DAGs
[2025-03-29T17:51:16.733+0000] {logging_mixin.py:190} INFO - [2025-03-29T17:51:16.733+0000] {dag.py:4180} INFO - Setting next_dagrun for gerar_csv_dados_abertos_cnpj to 2025-03-28 00:00:00+00:00, run_after=2025-03-29 00:00:00+00:00
[2025-03-29T17:51:16.744+0000] {processor.py:208} INFO - Processing /opt/airflow/dags/saving_file.py took 0.208 seconds
[2025-03-29T17:51:46.937+0000] {processor.py:186} INFO - Started process (PID=4250) to work on /opt/airflow/dags/saving_file.py
[2025-03-29T17:51:46.939+0000] {processor.py:914} INFO - Processing file /opt/airflow/dags/saving_file.py for tasks to queue
[2025-03-29T17:51:46.942+0000] {logging_mixin.py:190} INFO - [2025-03-29T17:51:46.942+0000] {dagbag.py:588} INFO - Filling up the DagBag from /opt/airflow/dags/saving_file.py
[2025-03-29T17:51:47.094+0000] {processor.py:925} INFO - DAG(s) 'gerar_csv_dados_abertos_cnpj' retrieved from /opt/airflow/dags/saving_file.py
[2025-03-29T17:51:47.108+0000] {logging_mixin.py:190} INFO - [2025-03-29T17:51:47.108+0000] {dag.py:3239} INFO - Sync 1 DAGs
[2025-03-29T17:51:47.123+0000] {logging_mixin.py:190} INFO - [2025-03-29T17:51:47.123+0000] {dag.py:4180} INFO - Setting next_dagrun for gerar_csv_dados_abertos_cnpj to 2025-03-28 00:00:00+00:00, run_after=2025-03-29 00:00:00+00:00
[2025-03-29T17:51:47.135+0000] {processor.py:208} INFO - Processing /opt/airflow/dags/saving_file.py took 0.201 seconds
[2025-03-29T17:52:17.320+0000] {processor.py:186} INFO - Started process (PID=4261) to work on /opt/airflow/dags/saving_file.py
[2025-03-29T17:52:17.320+0000] {processor.py:914} INFO - Processing file /opt/airflow/dags/saving_file.py for tasks to queue
[2025-03-29T17:52:17.322+0000] {logging_mixin.py:190} INFO - [2025-03-29T17:52:17.322+0000] {dagbag.py:588} INFO - Filling up the DagBag from /opt/airflow/dags/saving_file.py
[2025-03-29T17:52:17.475+0000] {processor.py:925} INFO - DAG(s) 'gerar_csv_dados_abertos_cnpj' retrieved from /opt/airflow/dags/saving_file.py
[2025-03-29T17:52:17.488+0000] {logging_mixin.py:190} INFO - [2025-03-29T17:52:17.488+0000] {dag.py:3239} INFO - Sync 1 DAGs
[2025-03-29T17:52:17.502+0000] {logging_mixin.py:190} INFO - [2025-03-29T17:52:17.502+0000] {dag.py:4180} INFO - Setting next_dagrun for gerar_csv_dados_abertos_cnpj to 2025-03-28 00:00:00+00:00, run_after=2025-03-29 00:00:00+00:00
[2025-03-29T17:52:17.513+0000] {processor.py:208} INFO - Processing /opt/airflow/dags/saving_file.py took 0.196 seconds
[2025-03-29T17:52:47.705+0000] {processor.py:186} INFO - Started process (PID=4272) to work on /opt/airflow/dags/saving_file.py
[2025-03-29T17:52:47.706+0000] {processor.py:914} INFO - Processing file /opt/airflow/dags/saving_file.py for tasks to queue
[2025-03-29T17:52:47.708+0000] {logging_mixin.py:190} INFO - [2025-03-29T17:52:47.708+0000] {dagbag.py:588} INFO - Filling up the DagBag from /opt/airflow/dags/saving_file.py
[2025-03-29T17:52:47.854+0000] {processor.py:925} INFO - DAG(s) 'gerar_csv_dados_abertos_cnpj' retrieved from /opt/airflow/dags/saving_file.py
[2025-03-29T17:52:47.866+0000] {logging_mixin.py:190} INFO - [2025-03-29T17:52:47.866+0000] {dag.py:3239} INFO - Sync 1 DAGs
[2025-03-29T17:52:47.879+0000] {logging_mixin.py:190} INFO - [2025-03-29T17:52:47.879+0000] {dag.py:4180} INFO - Setting next_dagrun for gerar_csv_dados_abertos_cnpj to 2025-03-28 00:00:00+00:00, run_after=2025-03-29 00:00:00+00:00
[2025-03-29T17:52:47.890+0000] {processor.py:208} INFO - Processing /opt/airflow/dags/saving_file.py took 0.188 seconds
[2025-03-29T17:53:18.086+0000] {processor.py:186} INFO - Started process (PID=4283) to work on /opt/airflow/dags/saving_file.py
[2025-03-29T17:53:18.087+0000] {processor.py:914} INFO - Processing file /opt/airflow/dags/saving_file.py for tasks to queue
[2025-03-29T17:53:18.088+0000] {logging_mixin.py:190} INFO - [2025-03-29T17:53:18.088+0000] {dagbag.py:588} INFO - Filling up the DagBag from /opt/airflow/dags/saving_file.py
[2025-03-29T17:53:18.233+0000] {processor.py:925} INFO - DAG(s) 'gerar_csv_dados_abertos_cnpj' retrieved from /opt/airflow/dags/saving_file.py
[2025-03-29T17:53:18.246+0000] {logging_mixin.py:190} INFO - [2025-03-29T17:53:18.246+0000] {dag.py:3239} INFO - Sync 1 DAGs
[2025-03-29T17:53:18.258+0000] {logging_mixin.py:190} INFO - [2025-03-29T17:53:18.258+0000] {dag.py:4180} INFO - Setting next_dagrun for gerar_csv_dados_abertos_cnpj to 2025-03-28 00:00:00+00:00, run_after=2025-03-29 00:00:00+00:00
[2025-03-29T17:53:18.268+0000] {processor.py:208} INFO - Processing /opt/airflow/dags/saving_file.py took 0.185 seconds
[2025-03-29T17:53:48.459+0000] {processor.py:186} INFO - Started process (PID=4294) to work on /opt/airflow/dags/saving_file.py
[2025-03-29T17:53:48.461+0000] {processor.py:914} INFO - Processing file /opt/airflow/dags/saving_file.py for tasks to queue
[2025-03-29T17:53:48.462+0000] {logging_mixin.py:190} INFO - [2025-03-29T17:53:48.462+0000] {dagbag.py:588} INFO - Filling up the DagBag from /opt/airflow/dags/saving_file.py
[2025-03-29T17:53:48.602+0000] {processor.py:925} INFO - DAG(s) 'gerar_csv_dados_abertos_cnpj' retrieved from /opt/airflow/dags/saving_file.py
[2025-03-29T17:53:48.615+0000] {logging_mixin.py:190} INFO - [2025-03-29T17:53:48.614+0000] {dag.py:3239} INFO - Sync 1 DAGs
[2025-03-29T17:53:48.627+0000] {logging_mixin.py:190} INFO - [2025-03-29T17:53:48.627+0000] {dag.py:4180} INFO - Setting next_dagrun for gerar_csv_dados_abertos_cnpj to 2025-03-28 00:00:00+00:00, run_after=2025-03-29 00:00:00+00:00
[2025-03-29T17:53:48.636+0000] {processor.py:208} INFO - Processing /opt/airflow/dags/saving_file.py took 0.180 seconds
[2025-03-29T17:54:18.826+0000] {processor.py:186} INFO - Started process (PID=4305) to work on /opt/airflow/dags/saving_file.py
[2025-03-29T17:54:18.827+0000] {processor.py:914} INFO - Processing file /opt/airflow/dags/saving_file.py for tasks to queue
[2025-03-29T17:54:18.830+0000] {logging_mixin.py:190} INFO - [2025-03-29T17:54:18.829+0000] {dagbag.py:588} INFO - Filling up the DagBag from /opt/airflow/dags/saving_file.py
[2025-03-29T17:54:18.973+0000] {processor.py:925} INFO - DAG(s) 'gerar_csv_dados_abertos_cnpj' retrieved from /opt/airflow/dags/saving_file.py
[2025-03-29T17:54:18.988+0000] {logging_mixin.py:190} INFO - [2025-03-29T17:54:18.987+0000] {dag.py:3239} INFO - Sync 1 DAGs
[2025-03-29T17:54:19.000+0000] {logging_mixin.py:190} INFO - [2025-03-29T17:54:19.000+0000] {dag.py:4180} INFO - Setting next_dagrun for gerar_csv_dados_abertos_cnpj to 2025-03-28 00:00:00+00:00, run_after=2025-03-29 00:00:00+00:00
[2025-03-29T17:54:19.010+0000] {processor.py:208} INFO - Processing /opt/airflow/dags/saving_file.py took 0.187 seconds
[2025-03-29T17:54:49.195+0000] {processor.py:186} INFO - Started process (PID=4316) to work on /opt/airflow/dags/saving_file.py
[2025-03-29T17:54:49.196+0000] {processor.py:914} INFO - Processing file /opt/airflow/dags/saving_file.py for tasks to queue
[2025-03-29T17:54:49.198+0000] {logging_mixin.py:190} INFO - [2025-03-29T17:54:49.198+0000] {dagbag.py:588} INFO - Filling up the DagBag from /opt/airflow/dags/saving_file.py
[2025-03-29T17:54:49.341+0000] {processor.py:925} INFO - DAG(s) 'gerar_csv_dados_abertos_cnpj' retrieved from /opt/airflow/dags/saving_file.py
[2025-03-29T17:54:49.353+0000] {logging_mixin.py:190} INFO - [2025-03-29T17:54:49.352+0000] {dag.py:3239} INFO - Sync 1 DAGs
[2025-03-29T17:54:49.364+0000] {logging_mixin.py:190} INFO - [2025-03-29T17:54:49.364+0000] {dag.py:4180} INFO - Setting next_dagrun for gerar_csv_dados_abertos_cnpj to 2025-03-28 00:00:00+00:00, run_after=2025-03-29 00:00:00+00:00
[2025-03-29T17:54:49.374+0000] {processor.py:208} INFO - Processing /opt/airflow/dags/saving_file.py took 0.182 seconds
[2025-03-29T17:55:19.570+0000] {processor.py:186} INFO - Started process (PID=4327) to work on /opt/airflow/dags/saving_file.py
[2025-03-29T17:55:19.571+0000] {processor.py:914} INFO - Processing file /opt/airflow/dags/saving_file.py for tasks to queue
[2025-03-29T17:55:19.573+0000] {logging_mixin.py:190} INFO - [2025-03-29T17:55:19.573+0000] {dagbag.py:588} INFO - Filling up the DagBag from /opt/airflow/dags/saving_file.py
[2025-03-29T17:55:19.717+0000] {processor.py:925} INFO - DAG(s) 'gerar_csv_dados_abertos_cnpj' retrieved from /opt/airflow/dags/saving_file.py
[2025-03-29T17:55:19.730+0000] {logging_mixin.py:190} INFO - [2025-03-29T17:55:19.730+0000] {dag.py:3239} INFO - Sync 1 DAGs
[2025-03-29T17:55:19.742+0000] {logging_mixin.py:190} INFO - [2025-03-29T17:55:19.742+0000] {dag.py:4180} INFO - Setting next_dagrun for gerar_csv_dados_abertos_cnpj to 2025-03-28 00:00:00+00:00, run_after=2025-03-29 00:00:00+00:00
[2025-03-29T17:55:19.752+0000] {processor.py:208} INFO - Processing /opt/airflow/dags/saving_file.py took 0.186 seconds
[2025-03-29T17:55:50.013+0000] {processor.py:186} INFO - Started process (PID=4338) to work on /opt/airflow/dags/saving_file.py
[2025-03-29T17:55:50.014+0000] {processor.py:914} INFO - Processing file /opt/airflow/dags/saving_file.py for tasks to queue
[2025-03-29T17:55:50.016+0000] {logging_mixin.py:190} INFO - [2025-03-29T17:55:50.016+0000] {dagbag.py:588} INFO - Filling up the DagBag from /opt/airflow/dags/saving_file.py
[2025-03-29T17:55:50.158+0000] {processor.py:925} INFO - DAG(s) 'gerar_csv_dados_abertos_cnpj' retrieved from /opt/airflow/dags/saving_file.py
[2025-03-29T17:55:50.172+0000] {logging_mixin.py:190} INFO - [2025-03-29T17:55:50.172+0000] {dag.py:3239} INFO - Sync 1 DAGs
[2025-03-29T17:55:50.185+0000] {logging_mixin.py:190} INFO - [2025-03-29T17:55:50.185+0000] {dag.py:4180} INFO - Setting next_dagrun for gerar_csv_dados_abertos_cnpj to 2025-03-28 00:00:00+00:00, run_after=2025-03-29 00:00:00+00:00
[2025-03-29T17:55:50.196+0000] {processor.py:208} INFO - Processing /opt/airflow/dags/saving_file.py took 0.186 seconds
[2025-03-29T17:56:20.396+0000] {processor.py:186} INFO - Started process (PID=4349) to work on /opt/airflow/dags/saving_file.py
[2025-03-29T17:56:20.397+0000] {processor.py:914} INFO - Processing file /opt/airflow/dags/saving_file.py for tasks to queue
[2025-03-29T17:56:20.399+0000] {logging_mixin.py:190} INFO - [2025-03-29T17:56:20.399+0000] {dagbag.py:588} INFO - Filling up the DagBag from /opt/airflow/dags/saving_file.py
[2025-03-29T17:56:20.546+0000] {processor.py:925} INFO - DAG(s) 'gerar_csv_dados_abertos_cnpj' retrieved from /opt/airflow/dags/saving_file.py
[2025-03-29T17:56:20.562+0000] {logging_mixin.py:190} INFO - [2025-03-29T17:56:20.561+0000] {dag.py:3239} INFO - Sync 1 DAGs
[2025-03-29T17:56:20.574+0000] {logging_mixin.py:190} INFO - [2025-03-29T17:56:20.574+0000] {dag.py:4180} INFO - Setting next_dagrun for gerar_csv_dados_abertos_cnpj to 2025-03-28 00:00:00+00:00, run_after=2025-03-29 00:00:00+00:00
[2025-03-29T17:56:20.585+0000] {processor.py:208} INFO - Processing /opt/airflow/dags/saving_file.py took 0.192 seconds
[2025-03-29T17:56:50.770+0000] {processor.py:186} INFO - Started process (PID=4360) to work on /opt/airflow/dags/saving_file.py
[2025-03-29T17:56:50.771+0000] {processor.py:914} INFO - Processing file /opt/airflow/dags/saving_file.py for tasks to queue
[2025-03-29T17:56:50.773+0000] {logging_mixin.py:190} INFO - [2025-03-29T17:56:50.773+0000] {dagbag.py:588} INFO - Filling up the DagBag from /opt/airflow/dags/saving_file.py
[2025-03-29T17:56:50.916+0000] {processor.py:925} INFO - DAG(s) 'gerar_csv_dados_abertos_cnpj' retrieved from /opt/airflow/dags/saving_file.py
[2025-03-29T17:56:50.930+0000] {logging_mixin.py:190} INFO - [2025-03-29T17:56:50.930+0000] {dag.py:3239} INFO - Sync 1 DAGs
[2025-03-29T17:56:50.943+0000] {logging_mixin.py:190} INFO - [2025-03-29T17:56:50.943+0000] {dag.py:4180} INFO - Setting next_dagrun for gerar_csv_dados_abertos_cnpj to 2025-03-28 00:00:00+00:00, run_after=2025-03-29 00:00:00+00:00
[2025-03-29T17:56:50.954+0000] {processor.py:208} INFO - Processing /opt/airflow/dags/saving_file.py took 0.187 seconds
[2025-03-29T17:57:21.158+0000] {processor.py:186} INFO - Started process (PID=4371) to work on /opt/airflow/dags/saving_file.py
[2025-03-29T17:57:21.160+0000] {processor.py:914} INFO - Processing file /opt/airflow/dags/saving_file.py for tasks to queue
[2025-03-29T17:57:21.162+0000] {logging_mixin.py:190} INFO - [2025-03-29T17:57:21.162+0000] {dagbag.py:588} INFO - Filling up the DagBag from /opt/airflow/dags/saving_file.py
[2025-03-29T17:57:21.309+0000] {processor.py:925} INFO - DAG(s) 'gerar_csv_dados_abertos_cnpj' retrieved from /opt/airflow/dags/saving_file.py
[2025-03-29T17:57:21.323+0000] {logging_mixin.py:190} INFO - [2025-03-29T17:57:21.323+0000] {dag.py:3239} INFO - Sync 1 DAGs
[2025-03-29T17:57:21.336+0000] {logging_mixin.py:190} INFO - [2025-03-29T17:57:21.336+0000] {dag.py:4180} INFO - Setting next_dagrun for gerar_csv_dados_abertos_cnpj to 2025-03-28 00:00:00+00:00, run_after=2025-03-29 00:00:00+00:00
[2025-03-29T17:57:21.348+0000] {processor.py:208} INFO - Processing /opt/airflow/dags/saving_file.py took 0.193 seconds
[2025-03-29T17:57:51.541+0000] {processor.py:186} INFO - Started process (PID=4382) to work on /opt/airflow/dags/saving_file.py
[2025-03-29T17:57:51.542+0000] {processor.py:914} INFO - Processing file /opt/airflow/dags/saving_file.py for tasks to queue
[2025-03-29T17:57:51.545+0000] {logging_mixin.py:190} INFO - [2025-03-29T17:57:51.544+0000] {dagbag.py:588} INFO - Filling up the DagBag from /opt/airflow/dags/saving_file.py
[2025-03-29T17:57:51.695+0000] {processor.py:925} INFO - DAG(s) 'gerar_csv_dados_abertos_cnpj' retrieved from /opt/airflow/dags/saving_file.py
[2025-03-29T17:57:51.709+0000] {logging_mixin.py:190} INFO - [2025-03-29T17:57:51.709+0000] {dag.py:3239} INFO - Sync 1 DAGs
[2025-03-29T17:57:51.722+0000] {logging_mixin.py:190} INFO - [2025-03-29T17:57:51.722+0000] {dag.py:4180} INFO - Setting next_dagrun for gerar_csv_dados_abertos_cnpj to 2025-03-28 00:00:00+00:00, run_after=2025-03-29 00:00:00+00:00
[2025-03-29T17:57:51.732+0000] {processor.py:208} INFO - Processing /opt/airflow/dags/saving_file.py took 0.194 seconds
[2025-03-29T17:58:21.932+0000] {processor.py:186} INFO - Started process (PID=4393) to work on /opt/airflow/dags/saving_file.py
[2025-03-29T17:58:21.933+0000] {processor.py:914} INFO - Processing file /opt/airflow/dags/saving_file.py for tasks to queue
[2025-03-29T17:58:21.935+0000] {logging_mixin.py:190} INFO - [2025-03-29T17:58:21.935+0000] {dagbag.py:588} INFO - Filling up the DagBag from /opt/airflow/dags/saving_file.py
[2025-03-29T17:58:22.079+0000] {processor.py:925} INFO - DAG(s) 'gerar_csv_dados_abertos_cnpj' retrieved from /opt/airflow/dags/saving_file.py
[2025-03-29T17:58:22.092+0000] {logging_mixin.py:190} INFO - [2025-03-29T17:58:22.092+0000] {dag.py:3239} INFO - Sync 1 DAGs
[2025-03-29T17:58:22.104+0000] {logging_mixin.py:190} INFO - [2025-03-29T17:58:22.104+0000] {dag.py:4180} INFO - Setting next_dagrun for gerar_csv_dados_abertos_cnpj to 2025-03-28 00:00:00+00:00, run_after=2025-03-29 00:00:00+00:00
[2025-03-29T17:58:22.114+0000] {processor.py:208} INFO - Processing /opt/airflow/dags/saving_file.py took 0.185 seconds
[2025-03-29T17:58:52.305+0000] {processor.py:186} INFO - Started process (PID=4404) to work on /opt/airflow/dags/saving_file.py
[2025-03-29T17:58:52.306+0000] {processor.py:914} INFO - Processing file /opt/airflow/dags/saving_file.py for tasks to queue
[2025-03-29T17:58:52.308+0000] {logging_mixin.py:190} INFO - [2025-03-29T17:58:52.308+0000] {dagbag.py:588} INFO - Filling up the DagBag from /opt/airflow/dags/saving_file.py
[2025-03-29T17:58:52.450+0000] {processor.py:925} INFO - DAG(s) 'gerar_csv_dados_abertos_cnpj' retrieved from /opt/airflow/dags/saving_file.py
[2025-03-29T17:58:52.463+0000] {logging_mixin.py:190} INFO - [2025-03-29T17:58:52.463+0000] {dag.py:3239} INFO - Sync 1 DAGs
[2025-03-29T17:58:52.475+0000] {logging_mixin.py:190} INFO - [2025-03-29T17:58:52.475+0000] {dag.py:4180} INFO - Setting next_dagrun for gerar_csv_dados_abertos_cnpj to 2025-03-28 00:00:00+00:00, run_after=2025-03-29 00:00:00+00:00
[2025-03-29T17:58:52.485+0000] {processor.py:208} INFO - Processing /opt/airflow/dags/saving_file.py took 0.183 seconds
[2025-03-29T17:59:22.674+0000] {processor.py:186} INFO - Started process (PID=4415) to work on /opt/airflow/dags/saving_file.py
[2025-03-29T17:59:22.676+0000] {processor.py:914} INFO - Processing file /opt/airflow/dags/saving_file.py for tasks to queue
[2025-03-29T17:59:22.678+0000] {logging_mixin.py:190} INFO - [2025-03-29T17:59:22.678+0000] {dagbag.py:588} INFO - Filling up the DagBag from /opt/airflow/dags/saving_file.py
[2025-03-29T17:59:22.824+0000] {processor.py:925} INFO - DAG(s) 'gerar_csv_dados_abertos_cnpj' retrieved from /opt/airflow/dags/saving_file.py
[2025-03-29T17:59:22.839+0000] {logging_mixin.py:190} INFO - [2025-03-29T17:59:22.838+0000] {dag.py:3239} INFO - Sync 1 DAGs
[2025-03-29T17:59:22.851+0000] {logging_mixin.py:190} INFO - [2025-03-29T17:59:22.851+0000] {dag.py:4180} INFO - Setting next_dagrun for gerar_csv_dados_abertos_cnpj to 2025-03-28 00:00:00+00:00, run_after=2025-03-29 00:00:00+00:00
[2025-03-29T17:59:22.863+0000] {processor.py:208} INFO - Processing /opt/airflow/dags/saving_file.py took 0.192 seconds
[2025-03-29T17:59:53.054+0000] {processor.py:186} INFO - Started process (PID=4426) to work on /opt/airflow/dags/saving_file.py
[2025-03-29T17:59:53.055+0000] {processor.py:914} INFO - Processing file /opt/airflow/dags/saving_file.py for tasks to queue
[2025-03-29T17:59:53.057+0000] {logging_mixin.py:190} INFO - [2025-03-29T17:59:53.056+0000] {dagbag.py:588} INFO - Filling up the DagBag from /opt/airflow/dags/saving_file.py
[2025-03-29T17:59:53.201+0000] {processor.py:925} INFO - DAG(s) 'gerar_csv_dados_abertos_cnpj' retrieved from /opt/airflow/dags/saving_file.py
[2025-03-29T17:59:53.213+0000] {logging_mixin.py:190} INFO - [2025-03-29T17:59:53.212+0000] {dag.py:3239} INFO - Sync 1 DAGs
[2025-03-29T17:59:53.225+0000] {logging_mixin.py:190} INFO - [2025-03-29T17:59:53.225+0000] {dag.py:4180} INFO - Setting next_dagrun for gerar_csv_dados_abertos_cnpj to 2025-03-28 00:00:00+00:00, run_after=2025-03-29 00:00:00+00:00
[2025-03-29T17:59:53.235+0000] {processor.py:208} INFO - Processing /opt/airflow/dags/saving_file.py took 0.184 seconds
[2025-03-29T18:00:23.433+0000] {processor.py:186} INFO - Started process (PID=4436) to work on /opt/airflow/dags/saving_file.py
[2025-03-29T18:00:23.435+0000] {processor.py:914} INFO - Processing file /opt/airflow/dags/saving_file.py for tasks to queue
[2025-03-29T18:00:23.437+0000] {logging_mixin.py:190} INFO - [2025-03-29T18:00:23.437+0000] {dagbag.py:588} INFO - Filling up the DagBag from /opt/airflow/dags/saving_file.py
[2025-03-29T18:00:23.583+0000] {processor.py:925} INFO - DAG(s) 'gerar_csv_dados_abertos_cnpj' retrieved from /opt/airflow/dags/saving_file.py
[2025-03-29T18:00:23.597+0000] {logging_mixin.py:190} INFO - [2025-03-29T18:00:23.597+0000] {dag.py:3239} INFO - Sync 1 DAGs
[2025-03-29T18:00:23.609+0000] {logging_mixin.py:190} INFO - [2025-03-29T18:00:23.609+0000] {dag.py:4180} INFO - Setting next_dagrun for gerar_csv_dados_abertos_cnpj to 2025-03-28 00:00:00+00:00, run_after=2025-03-29 00:00:00+00:00
[2025-03-29T18:00:23.621+0000] {processor.py:208} INFO - Processing /opt/airflow/dags/saving_file.py took 0.190 seconds
[2025-03-29T18:00:53.862+0000] {processor.py:186} INFO - Started process (PID=4447) to work on /opt/airflow/dags/saving_file.py
[2025-03-29T18:00:53.863+0000] {processor.py:914} INFO - Processing file /opt/airflow/dags/saving_file.py for tasks to queue
[2025-03-29T18:00:53.866+0000] {logging_mixin.py:190} INFO - [2025-03-29T18:00:53.866+0000] {dagbag.py:588} INFO - Filling up the DagBag from /opt/airflow/dags/saving_file.py
[2025-03-29T18:00:54.012+0000] {processor.py:925} INFO - DAG(s) 'gerar_csv_dados_abertos_cnpj' retrieved from /opt/airflow/dags/saving_file.py
[2025-03-29T18:00:54.026+0000] {logging_mixin.py:190} INFO - [2025-03-29T18:00:54.026+0000] {dag.py:3239} INFO - Sync 1 DAGs
[2025-03-29T18:00:54.039+0000] {logging_mixin.py:190} INFO - [2025-03-29T18:00:54.039+0000] {dag.py:4180} INFO - Setting next_dagrun for gerar_csv_dados_abertos_cnpj to 2025-03-28 00:00:00+00:00, run_after=2025-03-29 00:00:00+00:00
[2025-03-29T18:00:54.050+0000] {processor.py:208} INFO - Processing /opt/airflow/dags/saving_file.py took 0.190 seconds
[2025-03-29T18:01:24.238+0000] {processor.py:186} INFO - Started process (PID=4458) to work on /opt/airflow/dags/saving_file.py
[2025-03-29T18:01:24.238+0000] {processor.py:914} INFO - Processing file /opt/airflow/dags/saving_file.py for tasks to queue
[2025-03-29T18:01:24.240+0000] {logging_mixin.py:190} INFO - [2025-03-29T18:01:24.240+0000] {dagbag.py:588} INFO - Filling up the DagBag from /opt/airflow/dags/saving_file.py
[2025-03-29T18:01:24.392+0000] {processor.py:925} INFO - DAG(s) 'gerar_csv_dados_abertos_cnpj' retrieved from /opt/airflow/dags/saving_file.py
[2025-03-29T18:01:24.406+0000] {logging_mixin.py:190} INFO - [2025-03-29T18:01:24.406+0000] {dag.py:3239} INFO - Sync 1 DAGs
[2025-03-29T18:01:24.418+0000] {logging_mixin.py:190} INFO - [2025-03-29T18:01:24.418+0000] {dag.py:4180} INFO - Setting next_dagrun for gerar_csv_dados_abertos_cnpj to 2025-03-28 00:00:00+00:00, run_after=2025-03-29 00:00:00+00:00
[2025-03-29T18:01:24.428+0000] {processor.py:208} INFO - Processing /opt/airflow/dags/saving_file.py took 0.194 seconds
[2025-03-29T18:01:54.620+0000] {processor.py:186} INFO - Started process (PID=4469) to work on /opt/airflow/dags/saving_file.py
[2025-03-29T18:01:54.621+0000] {processor.py:914} INFO - Processing file /opt/airflow/dags/saving_file.py for tasks to queue
[2025-03-29T18:01:54.622+0000] {logging_mixin.py:190} INFO - [2025-03-29T18:01:54.622+0000] {dagbag.py:588} INFO - Filling up the DagBag from /opt/airflow/dags/saving_file.py
[2025-03-29T18:01:54.770+0000] {processor.py:925} INFO - DAG(s) 'gerar_csv_dados_abertos_cnpj' retrieved from /opt/airflow/dags/saving_file.py
[2025-03-29T18:01:54.783+0000] {logging_mixin.py:190} INFO - [2025-03-29T18:01:54.783+0000] {dag.py:3239} INFO - Sync 1 DAGs
[2025-03-29T18:01:54.796+0000] {logging_mixin.py:190} INFO - [2025-03-29T18:01:54.796+0000] {dag.py:4180} INFO - Setting next_dagrun for gerar_csv_dados_abertos_cnpj to 2025-03-28 00:00:00+00:00, run_after=2025-03-29 00:00:00+00:00
[2025-03-29T18:01:54.808+0000] {processor.py:208} INFO - Processing /opt/airflow/dags/saving_file.py took 0.191 seconds
[2025-03-29T18:02:24.989+0000] {processor.py:186} INFO - Started process (PID=4480) to work on /opt/airflow/dags/saving_file.py
[2025-03-29T18:02:24.990+0000] {processor.py:914} INFO - Processing file /opt/airflow/dags/saving_file.py for tasks to queue
[2025-03-29T18:02:24.993+0000] {logging_mixin.py:190} INFO - [2025-03-29T18:02:24.992+0000] {dagbag.py:588} INFO - Filling up the DagBag from /opt/airflow/dags/saving_file.py
[2025-03-29T18:02:25.134+0000] {processor.py:925} INFO - DAG(s) 'gerar_csv_dados_abertos_cnpj' retrieved from /opt/airflow/dags/saving_file.py
[2025-03-29T18:02:25.147+0000] {logging_mixin.py:190} INFO - [2025-03-29T18:02:25.146+0000] {dag.py:3239} INFO - Sync 1 DAGs
[2025-03-29T18:02:25.158+0000] {logging_mixin.py:190} INFO - [2025-03-29T18:02:25.158+0000] {dag.py:4180} INFO - Setting next_dagrun for gerar_csv_dados_abertos_cnpj to 2025-03-28 00:00:00+00:00, run_after=2025-03-29 00:00:00+00:00
[2025-03-29T18:02:25.168+0000] {processor.py:208} INFO - Processing /opt/airflow/dags/saving_file.py took 0.183 seconds
[2025-03-29T18:02:55.375+0000] {processor.py:186} INFO - Started process (PID=4491) to work on /opt/airflow/dags/saving_file.py
[2025-03-29T18:02:55.376+0000] {processor.py:914} INFO - Processing file /opt/airflow/dags/saving_file.py for tasks to queue
[2025-03-29T18:02:55.379+0000] {logging_mixin.py:190} INFO - [2025-03-29T18:02:55.378+0000] {dagbag.py:588} INFO - Filling up the DagBag from /opt/airflow/dags/saving_file.py
[2025-03-29T18:02:55.527+0000] {processor.py:925} INFO - DAG(s) 'gerar_csv_dados_abertos_cnpj' retrieved from /opt/airflow/dags/saving_file.py
[2025-03-29T18:02:55.540+0000] {logging_mixin.py:190} INFO - [2025-03-29T18:02:55.540+0000] {dag.py:3239} INFO - Sync 1 DAGs
[2025-03-29T18:02:55.552+0000] {logging_mixin.py:190} INFO - [2025-03-29T18:02:55.552+0000] {dag.py:4180} INFO - Setting next_dagrun for gerar_csv_dados_abertos_cnpj to 2025-03-28 00:00:00+00:00, run_after=2025-03-29 00:00:00+00:00
[2025-03-29T18:02:55.562+0000] {processor.py:208} INFO - Processing /opt/airflow/dags/saving_file.py took 0.190 seconds
[2025-03-29T18:03:25.748+0000] {processor.py:186} INFO - Started process (PID=4502) to work on /opt/airflow/dags/saving_file.py
[2025-03-29T18:03:25.749+0000] {processor.py:914} INFO - Processing file /opt/airflow/dags/saving_file.py for tasks to queue
[2025-03-29T18:03:25.751+0000] {logging_mixin.py:190} INFO - [2025-03-29T18:03:25.751+0000] {dagbag.py:588} INFO - Filling up the DagBag from /opt/airflow/dags/saving_file.py
[2025-03-29T18:03:25.899+0000] {processor.py:925} INFO - DAG(s) 'gerar_csv_dados_abertos_cnpj' retrieved from /opt/airflow/dags/saving_file.py
[2025-03-29T18:03:25.914+0000] {logging_mixin.py:190} INFO - [2025-03-29T18:03:25.913+0000] {dag.py:3239} INFO - Sync 1 DAGs
[2025-03-29T18:03:25.927+0000] {logging_mixin.py:190} INFO - [2025-03-29T18:03:25.926+0000] {dag.py:4180} INFO - Setting next_dagrun for gerar_csv_dados_abertos_cnpj to 2025-03-28 00:00:00+00:00, run_after=2025-03-29 00:00:00+00:00
[2025-03-29T18:03:25.938+0000] {processor.py:208} INFO - Processing /opt/airflow/dags/saving_file.py took 0.192 seconds
[2025-03-29T18:03:56.147+0000] {processor.py:186} INFO - Started process (PID=4513) to work on /opt/airflow/dags/saving_file.py
[2025-03-29T18:03:56.148+0000] {processor.py:914} INFO - Processing file /opt/airflow/dags/saving_file.py for tasks to queue
[2025-03-29T18:03:56.150+0000] {logging_mixin.py:190} INFO - [2025-03-29T18:03:56.150+0000] {dagbag.py:588} INFO - Filling up the DagBag from /opt/airflow/dags/saving_file.py
[2025-03-29T18:03:56.296+0000] {processor.py:925} INFO - DAG(s) 'gerar_csv_dados_abertos_cnpj' retrieved from /opt/airflow/dags/saving_file.py
[2025-03-29T18:03:56.311+0000] {logging_mixin.py:190} INFO - [2025-03-29T18:03:56.311+0000] {dag.py:3239} INFO - Sync 1 DAGs
[2025-03-29T18:03:56.326+0000] {logging_mixin.py:190} INFO - [2025-03-29T18:03:56.326+0000] {dag.py:4180} INFO - Setting next_dagrun for gerar_csv_dados_abertos_cnpj to 2025-03-28 00:00:00+00:00, run_after=2025-03-29 00:00:00+00:00
[2025-03-29T18:03:56.338+0000] {processor.py:208} INFO - Processing /opt/airflow/dags/saving_file.py took 0.194 seconds
[2025-03-29T18:04:26.539+0000] {processor.py:186} INFO - Started process (PID=4524) to work on /opt/airflow/dags/saving_file.py
[2025-03-29T18:04:26.541+0000] {processor.py:914} INFO - Processing file /opt/airflow/dags/saving_file.py for tasks to queue
[2025-03-29T18:04:26.543+0000] {logging_mixin.py:190} INFO - [2025-03-29T18:04:26.543+0000] {dagbag.py:588} INFO - Filling up the DagBag from /opt/airflow/dags/saving_file.py
[2025-03-29T18:04:26.697+0000] {processor.py:925} INFO - DAG(s) 'gerar_csv_dados_abertos_cnpj' retrieved from /opt/airflow/dags/saving_file.py
[2025-03-29T18:04:26.712+0000] {logging_mixin.py:190} INFO - [2025-03-29T18:04:26.712+0000] {dag.py:3239} INFO - Sync 1 DAGs
[2025-03-29T18:04:26.727+0000] {logging_mixin.py:190} INFO - [2025-03-29T18:04:26.726+0000] {dag.py:4180} INFO - Setting next_dagrun for gerar_csv_dados_abertos_cnpj to 2025-03-28 00:00:00+00:00, run_after=2025-03-29 00:00:00+00:00
[2025-03-29T18:04:26.737+0000] {processor.py:208} INFO - Processing /opt/airflow/dags/saving_file.py took 0.201 seconds
[2025-03-29T18:04:56.921+0000] {processor.py:186} INFO - Started process (PID=4535) to work on /opt/airflow/dags/saving_file.py
[2025-03-29T18:04:56.923+0000] {processor.py:914} INFO - Processing file /opt/airflow/dags/saving_file.py for tasks to queue
[2025-03-29T18:04:56.926+0000] {logging_mixin.py:190} INFO - [2025-03-29T18:04:56.926+0000] {dagbag.py:588} INFO - Filling up the DagBag from /opt/airflow/dags/saving_file.py
[2025-03-29T18:04:57.068+0000] {processor.py:925} INFO - DAG(s) 'gerar_csv_dados_abertos_cnpj' retrieved from /opt/airflow/dags/saving_file.py
[2025-03-29T18:04:57.081+0000] {logging_mixin.py:190} INFO - [2025-03-29T18:04:57.081+0000] {dag.py:3239} INFO - Sync 1 DAGs
[2025-03-29T18:04:57.093+0000] {logging_mixin.py:190} INFO - [2025-03-29T18:04:57.093+0000] {dag.py:4180} INFO - Setting next_dagrun for gerar_csv_dados_abertos_cnpj to 2025-03-28 00:00:00+00:00, run_after=2025-03-29 00:00:00+00:00
[2025-03-29T18:04:57.103+0000] {processor.py:208} INFO - Processing /opt/airflow/dags/saving_file.py took 0.185 seconds
[2025-03-29T18:05:27.296+0000] {processor.py:186} INFO - Started process (PID=4547) to work on /opt/airflow/dags/saving_file.py
[2025-03-29T18:05:27.297+0000] {processor.py:914} INFO - Processing file /opt/airflow/dags/saving_file.py for tasks to queue
[2025-03-29T18:05:27.299+0000] {logging_mixin.py:190} INFO - [2025-03-29T18:05:27.299+0000] {dagbag.py:588} INFO - Filling up the DagBag from /opt/airflow/dags/saving_file.py
[2025-03-29T18:05:27.443+0000] {processor.py:925} INFO - DAG(s) 'gerar_csv_dados_abertos_cnpj' retrieved from /opt/airflow/dags/saving_file.py
[2025-03-29T18:05:27.456+0000] {logging_mixin.py:190} INFO - [2025-03-29T18:05:27.456+0000] {dag.py:3239} INFO - Sync 1 DAGs
[2025-03-29T18:05:27.468+0000] {logging_mixin.py:190} INFO - [2025-03-29T18:05:27.468+0000] {dag.py:4180} INFO - Setting next_dagrun for gerar_csv_dados_abertos_cnpj to 2025-03-28 00:00:00+00:00, run_after=2025-03-29 00:00:00+00:00
[2025-03-29T18:05:27.477+0000] {processor.py:208} INFO - Processing /opt/airflow/dags/saving_file.py took 0.184 seconds
[2025-03-29T18:05:57.728+0000] {processor.py:186} INFO - Started process (PID=4558) to work on /opt/airflow/dags/saving_file.py
[2025-03-29T18:05:57.729+0000] {processor.py:914} INFO - Processing file /opt/airflow/dags/saving_file.py for tasks to queue
[2025-03-29T18:05:57.731+0000] {logging_mixin.py:190} INFO - [2025-03-29T18:05:57.730+0000] {dagbag.py:588} INFO - Filling up the DagBag from /opt/airflow/dags/saving_file.py
[2025-03-29T18:05:57.873+0000] {processor.py:925} INFO - DAG(s) 'gerar_csv_dados_abertos_cnpj' retrieved from /opt/airflow/dags/saving_file.py
[2025-03-29T18:05:57.887+0000] {logging_mixin.py:190} INFO - [2025-03-29T18:05:57.887+0000] {dag.py:3239} INFO - Sync 1 DAGs
[2025-03-29T18:05:57.900+0000] {logging_mixin.py:190} INFO - [2025-03-29T18:05:57.900+0000] {dag.py:4180} INFO - Setting next_dagrun for gerar_csv_dados_abertos_cnpj to 2025-03-28 00:00:00+00:00, run_after=2025-03-29 00:00:00+00:00
[2025-03-29T18:05:57.911+0000] {processor.py:208} INFO - Processing /opt/airflow/dags/saving_file.py took 0.186 seconds
[2025-03-29T18:06:28.103+0000] {processor.py:186} INFO - Started process (PID=4569) to work on /opt/airflow/dags/saving_file.py
[2025-03-29T18:06:28.105+0000] {processor.py:914} INFO - Processing file /opt/airflow/dags/saving_file.py for tasks to queue
[2025-03-29T18:06:28.107+0000] {logging_mixin.py:190} INFO - [2025-03-29T18:06:28.107+0000] {dagbag.py:588} INFO - Filling up the DagBag from /opt/airflow/dags/saving_file.py
[2025-03-29T18:06:28.269+0000] {processor.py:925} INFO - DAG(s) 'gerar_csv_dados_abertos_cnpj' retrieved from /opt/airflow/dags/saving_file.py
[2025-03-29T18:06:28.284+0000] {logging_mixin.py:190} INFO - [2025-03-29T18:06:28.284+0000] {dag.py:3239} INFO - Sync 1 DAGs
[2025-03-29T18:06:28.299+0000] {logging_mixin.py:190} INFO - [2025-03-29T18:06:28.299+0000] {dag.py:4180} INFO - Setting next_dagrun for gerar_csv_dados_abertos_cnpj to 2025-03-28 00:00:00+00:00, run_after=2025-03-29 00:00:00+00:00
[2025-03-29T18:06:28.310+0000] {processor.py:208} INFO - Processing /opt/airflow/dags/saving_file.py took 0.209 seconds
[2025-03-29T18:06:58.496+0000] {processor.py:186} INFO - Started process (PID=4580) to work on /opt/airflow/dags/saving_file.py
[2025-03-29T18:06:58.497+0000] {processor.py:914} INFO - Processing file /opt/airflow/dags/saving_file.py for tasks to queue
[2025-03-29T18:06:58.499+0000] {logging_mixin.py:190} INFO - [2025-03-29T18:06:58.499+0000] {dagbag.py:588} INFO - Filling up the DagBag from /opt/airflow/dags/saving_file.py
[2025-03-29T18:06:58.648+0000] {processor.py:925} INFO - DAG(s) 'gerar_csv_dados_abertos_cnpj' retrieved from /opt/airflow/dags/saving_file.py
[2025-03-29T18:06:58.662+0000] {logging_mixin.py:190} INFO - [2025-03-29T18:06:58.662+0000] {dag.py:3239} INFO - Sync 1 DAGs
[2025-03-29T18:06:58.673+0000] {logging_mixin.py:190} INFO - [2025-03-29T18:06:58.673+0000] {dag.py:4180} INFO - Setting next_dagrun for gerar_csv_dados_abertos_cnpj to 2025-03-28 00:00:00+00:00, run_after=2025-03-29 00:00:00+00:00
[2025-03-29T18:06:58.684+0000] {processor.py:208} INFO - Processing /opt/airflow/dags/saving_file.py took 0.191 seconds
[2025-03-29T18:07:28.876+0000] {processor.py:186} INFO - Started process (PID=4591) to work on /opt/airflow/dags/saving_file.py
[2025-03-29T18:07:28.877+0000] {processor.py:914} INFO - Processing file /opt/airflow/dags/saving_file.py for tasks to queue
[2025-03-29T18:07:28.879+0000] {logging_mixin.py:190} INFO - [2025-03-29T18:07:28.879+0000] {dagbag.py:588} INFO - Filling up the DagBag from /opt/airflow/dags/saving_file.py
[2025-03-29T18:07:29.023+0000] {processor.py:925} INFO - DAG(s) 'gerar_csv_dados_abertos_cnpj' retrieved from /opt/airflow/dags/saving_file.py
[2025-03-29T18:07:29.035+0000] {logging_mixin.py:190} INFO - [2025-03-29T18:07:29.035+0000] {dag.py:3239} INFO - Sync 1 DAGs
[2025-03-29T18:07:29.047+0000] {logging_mixin.py:190} INFO - [2025-03-29T18:07:29.047+0000] {dag.py:4180} INFO - Setting next_dagrun for gerar_csv_dados_abertos_cnpj to 2025-03-28 00:00:00+00:00, run_after=2025-03-29 00:00:00+00:00
[2025-03-29T18:07:29.056+0000] {processor.py:208} INFO - Processing /opt/airflow/dags/saving_file.py took 0.183 seconds
[2025-03-29T18:07:59.254+0000] {processor.py:186} INFO - Started process (PID=4602) to work on /opt/airflow/dags/saving_file.py
[2025-03-29T18:07:59.255+0000] {processor.py:914} INFO - Processing file /opt/airflow/dags/saving_file.py for tasks to queue
[2025-03-29T18:07:59.256+0000] {logging_mixin.py:190} INFO - [2025-03-29T18:07:59.256+0000] {dagbag.py:588} INFO - Filling up the DagBag from /opt/airflow/dags/saving_file.py
[2025-03-29T18:07:59.406+0000] {processor.py:925} INFO - DAG(s) 'gerar_csv_dados_abertos_cnpj' retrieved from /opt/airflow/dags/saving_file.py
[2025-03-29T18:07:59.419+0000] {logging_mixin.py:190} INFO - [2025-03-29T18:07:59.419+0000] {dag.py:3239} INFO - Sync 1 DAGs
[2025-03-29T18:07:59.432+0000] {logging_mixin.py:190} INFO - [2025-03-29T18:07:59.431+0000] {dag.py:4180} INFO - Setting next_dagrun for gerar_csv_dados_abertos_cnpj to 2025-03-28 00:00:00+00:00, run_after=2025-03-29 00:00:00+00:00
[2025-03-29T18:07:59.443+0000] {processor.py:208} INFO - Processing /opt/airflow/dags/saving_file.py took 0.192 seconds
[2025-03-29T18:08:29.634+0000] {processor.py:186} INFO - Started process (PID=4613) to work on /opt/airflow/dags/saving_file.py
[2025-03-29T18:08:29.635+0000] {processor.py:914} INFO - Processing file /opt/airflow/dags/saving_file.py for tasks to queue
[2025-03-29T18:08:29.637+0000] {logging_mixin.py:190} INFO - [2025-03-29T18:08:29.637+0000] {dagbag.py:588} INFO - Filling up the DagBag from /opt/airflow/dags/saving_file.py
[2025-03-29T18:08:29.778+0000] {processor.py:925} INFO - DAG(s) 'gerar_csv_dados_abertos_cnpj' retrieved from /opt/airflow/dags/saving_file.py
[2025-03-29T18:08:29.790+0000] {logging_mixin.py:190} INFO - [2025-03-29T18:08:29.790+0000] {dag.py:3239} INFO - Sync 1 DAGs
[2025-03-29T18:08:29.802+0000] {logging_mixin.py:190} INFO - [2025-03-29T18:08:29.801+0000] {dag.py:4180} INFO - Setting next_dagrun for gerar_csv_dados_abertos_cnpj to 2025-03-28 00:00:00+00:00, run_after=2025-03-29 00:00:00+00:00
[2025-03-29T18:08:29.812+0000] {processor.py:208} INFO - Processing /opt/airflow/dags/saving_file.py took 0.181 seconds
[2025-03-29T18:08:59.994+0000] {processor.py:186} INFO - Started process (PID=4624) to work on /opt/airflow/dags/saving_file.py
[2025-03-29T18:08:59.995+0000] {processor.py:914} INFO - Processing file /opt/airflow/dags/saving_file.py for tasks to queue
[2025-03-29T18:08:59.997+0000] {logging_mixin.py:190} INFO - [2025-03-29T18:08:59.996+0000] {dagbag.py:588} INFO - Filling up the DagBag from /opt/airflow/dags/saving_file.py
[2025-03-29T18:09:00.137+0000] {processor.py:925} INFO - DAG(s) 'gerar_csv_dados_abertos_cnpj' retrieved from /opt/airflow/dags/saving_file.py
[2025-03-29T18:09:00.152+0000] {logging_mixin.py:190} INFO - [2025-03-29T18:09:00.151+0000] {dag.py:3239} INFO - Sync 1 DAGs
[2025-03-29T18:09:00.165+0000] {logging_mixin.py:190} INFO - [2025-03-29T18:09:00.165+0000] {dag.py:4180} INFO - Setting next_dagrun for gerar_csv_dados_abertos_cnpj to 2025-03-28 00:00:00+00:00, run_after=2025-03-29 00:00:00+00:00
[2025-03-29T18:09:00.175+0000] {processor.py:208} INFO - Processing /opt/airflow/dags/saving_file.py took 0.185 seconds
[2025-03-29T18:09:30.372+0000] {processor.py:186} INFO - Started process (PID=4635) to work on /opt/airflow/dags/saving_file.py
[2025-03-29T18:09:30.374+0000] {processor.py:914} INFO - Processing file /opt/airflow/dags/saving_file.py for tasks to queue
[2025-03-29T18:09:30.376+0000] {logging_mixin.py:190} INFO - [2025-03-29T18:09:30.376+0000] {dagbag.py:588} INFO - Filling up the DagBag from /opt/airflow/dags/saving_file.py
[2025-03-29T18:09:30.514+0000] {processor.py:925} INFO - DAG(s) 'gerar_csv_dados_abertos_cnpj' retrieved from /opt/airflow/dags/saving_file.py
[2025-03-29T18:09:30.527+0000] {logging_mixin.py:190} INFO - [2025-03-29T18:09:30.526+0000] {dag.py:3239} INFO - Sync 1 DAGs
[2025-03-29T18:09:30.538+0000] {logging_mixin.py:190} INFO - [2025-03-29T18:09:30.538+0000] {dag.py:4180} INFO - Setting next_dagrun for gerar_csv_dados_abertos_cnpj to 2025-03-28 00:00:00+00:00, run_after=2025-03-29 00:00:00+00:00
[2025-03-29T18:09:30.549+0000] {processor.py:208} INFO - Processing /opt/airflow/dags/saving_file.py took 0.179 seconds
[2025-03-29T18:10:00.755+0000] {processor.py:186} INFO - Started process (PID=4646) to work on /opt/airflow/dags/saving_file.py
[2025-03-29T18:10:00.756+0000] {processor.py:914} INFO - Processing file /opt/airflow/dags/saving_file.py for tasks to queue
[2025-03-29T18:10:00.758+0000] {logging_mixin.py:190} INFO - [2025-03-29T18:10:00.758+0000] {dagbag.py:588} INFO - Filling up the DagBag from /opt/airflow/dags/saving_file.py
[2025-03-29T18:10:00.891+0000] {processor.py:925} INFO - DAG(s) 'gerar_csv_dados_abertos_cnpj' retrieved from /opt/airflow/dags/saving_file.py
[2025-03-29T18:10:00.906+0000] {logging_mixin.py:190} INFO - [2025-03-29T18:10:00.905+0000] {dag.py:3239} INFO - Sync 1 DAGs
[2025-03-29T18:10:00.917+0000] {logging_mixin.py:190} INFO - [2025-03-29T18:10:00.917+0000] {dag.py:4180} INFO - Setting next_dagrun for gerar_csv_dados_abertos_cnpj to 2025-03-28 00:00:00+00:00, run_after=2025-03-29 00:00:00+00:00
[2025-03-29T18:10:00.927+0000] {processor.py:208} INFO - Processing /opt/airflow/dags/saving_file.py took 0.175 seconds
[2025-03-29T18:10:31.135+0000] {processor.py:186} INFO - Started process (PID=4657) to work on /opt/airflow/dags/saving_file.py
[2025-03-29T18:10:31.136+0000] {processor.py:914} INFO - Processing file /opt/airflow/dags/saving_file.py for tasks to queue
[2025-03-29T18:10:31.137+0000] {logging_mixin.py:190} INFO - [2025-03-29T18:10:31.137+0000] {dagbag.py:588} INFO - Filling up the DagBag from /opt/airflow/dags/saving_file.py
[2025-03-29T18:10:31.284+0000] {processor.py:925} INFO - DAG(s) 'gerar_csv_dados_abertos_cnpj' retrieved from /opt/airflow/dags/saving_file.py
[2025-03-29T18:10:31.298+0000] {logging_mixin.py:190} INFO - [2025-03-29T18:10:31.298+0000] {dag.py:3239} INFO - Sync 1 DAGs
[2025-03-29T18:10:31.310+0000] {logging_mixin.py:190} INFO - [2025-03-29T18:10:31.310+0000] {dag.py:4180} INFO - Setting next_dagrun for gerar_csv_dados_abertos_cnpj to 2025-03-28 00:00:00+00:00, run_after=2025-03-29 00:00:00+00:00
[2025-03-29T18:10:31.318+0000] {processor.py:208} INFO - Processing /opt/airflow/dags/saving_file.py took 0.186 seconds
[2025-03-29T18:11:01.574+0000] {processor.py:186} INFO - Started process (PID=4668) to work on /opt/airflow/dags/saving_file.py
[2025-03-29T18:11:01.576+0000] {processor.py:914} INFO - Processing file /opt/airflow/dags/saving_file.py for tasks to queue
[2025-03-29T18:11:01.577+0000] {logging_mixin.py:190} INFO - [2025-03-29T18:11:01.577+0000] {dagbag.py:588} INFO - Filling up the DagBag from /opt/airflow/dags/saving_file.py
[2025-03-29T18:11:01.710+0000] {processor.py:925} INFO - DAG(s) 'gerar_csv_dados_abertos_cnpj' retrieved from /opt/airflow/dags/saving_file.py
[2025-03-29T18:11:01.723+0000] {logging_mixin.py:190} INFO - [2025-03-29T18:11:01.723+0000] {dag.py:3239} INFO - Sync 1 DAGs
[2025-03-29T18:11:01.734+0000] {logging_mixin.py:190} INFO - [2025-03-29T18:11:01.733+0000] {dag.py:4180} INFO - Setting next_dagrun for gerar_csv_dados_abertos_cnpj to 2025-03-28 00:00:00+00:00, run_after=2025-03-29 00:00:00+00:00
[2025-03-29T18:11:01.744+0000] {processor.py:208} INFO - Processing /opt/airflow/dags/saving_file.py took 0.172 seconds
[2025-03-29T18:11:31.932+0000] {processor.py:186} INFO - Started process (PID=4679) to work on /opt/airflow/dags/saving_file.py
[2025-03-29T18:11:31.933+0000] {processor.py:914} INFO - Processing file /opt/airflow/dags/saving_file.py for tasks to queue
[2025-03-29T18:11:31.935+0000] {logging_mixin.py:190} INFO - [2025-03-29T18:11:31.935+0000] {dagbag.py:588} INFO - Filling up the DagBag from /opt/airflow/dags/saving_file.py
[2025-03-29T18:11:32.071+0000] {processor.py:925} INFO - DAG(s) 'gerar_csv_dados_abertos_cnpj' retrieved from /opt/airflow/dags/saving_file.py
[2025-03-29T18:11:32.084+0000] {logging_mixin.py:190} INFO - [2025-03-29T18:11:32.084+0000] {dag.py:3239} INFO - Sync 1 DAGs
[2025-03-29T18:11:32.096+0000] {logging_mixin.py:190} INFO - [2025-03-29T18:11:32.096+0000] {dag.py:4180} INFO - Setting next_dagrun for gerar_csv_dados_abertos_cnpj to 2025-03-28 00:00:00+00:00, run_after=2025-03-29 00:00:00+00:00
[2025-03-29T18:11:32.105+0000] {processor.py:208} INFO - Processing /opt/airflow/dags/saving_file.py took 0.176 seconds
[2025-03-29T18:12:02.298+0000] {processor.py:186} INFO - Started process (PID=4691) to work on /opt/airflow/dags/saving_file.py
[2025-03-29T18:12:02.299+0000] {processor.py:914} INFO - Processing file /opt/airflow/dags/saving_file.py for tasks to queue
[2025-03-29T18:12:02.301+0000] {logging_mixin.py:190} INFO - [2025-03-29T18:12:02.301+0000] {dagbag.py:588} INFO - Filling up the DagBag from /opt/airflow/dags/saving_file.py
[2025-03-29T18:12:02.437+0000] {processor.py:925} INFO - DAG(s) 'gerar_csv_dados_abertos_cnpj' retrieved from /opt/airflow/dags/saving_file.py
[2025-03-29T18:12:02.449+0000] {logging_mixin.py:190} INFO - [2025-03-29T18:12:02.449+0000] {dag.py:3239} INFO - Sync 1 DAGs
[2025-03-29T18:12:02.462+0000] {logging_mixin.py:190} INFO - [2025-03-29T18:12:02.462+0000] {dag.py:4180} INFO - Setting next_dagrun for gerar_csv_dados_abertos_cnpj to 2025-03-28 00:00:00+00:00, run_after=2025-03-29 00:00:00+00:00
[2025-03-29T18:12:02.471+0000] {processor.py:208} INFO - Processing /opt/airflow/dags/saving_file.py took 0.175 seconds
[2025-03-29T18:12:32.669+0000] {processor.py:186} INFO - Started process (PID=4702) to work on /opt/airflow/dags/saving_file.py
[2025-03-29T18:12:32.670+0000] {processor.py:914} INFO - Processing file /opt/airflow/dags/saving_file.py for tasks to queue
[2025-03-29T18:12:32.672+0000] {logging_mixin.py:190} INFO - [2025-03-29T18:12:32.672+0000] {dagbag.py:588} INFO - Filling up the DagBag from /opt/airflow/dags/saving_file.py
[2025-03-29T18:12:32.807+0000] {processor.py:925} INFO - DAG(s) 'gerar_csv_dados_abertos_cnpj' retrieved from /opt/airflow/dags/saving_file.py
[2025-03-29T18:12:32.821+0000] {logging_mixin.py:190} INFO - [2025-03-29T18:12:32.821+0000] {dag.py:3239} INFO - Sync 1 DAGs
[2025-03-29T18:12:32.833+0000] {logging_mixin.py:190} INFO - [2025-03-29T18:12:32.832+0000] {dag.py:4180} INFO - Setting next_dagrun for gerar_csv_dados_abertos_cnpj to 2025-03-28 00:00:00+00:00, run_after=2025-03-29 00:00:00+00:00
[2025-03-29T18:12:32.844+0000] {processor.py:208} INFO - Processing /opt/airflow/dags/saving_file.py took 0.177 seconds
[2025-03-29T18:13:03.050+0000] {processor.py:186} INFO - Started process (PID=4719) to work on /opt/airflow/dags/saving_file.py
[2025-03-29T18:13:03.051+0000] {processor.py:914} INFO - Processing file /opt/airflow/dags/saving_file.py for tasks to queue
[2025-03-29T18:13:03.053+0000] {logging_mixin.py:190} INFO - [2025-03-29T18:13:03.053+0000] {dagbag.py:588} INFO - Filling up the DagBag from /opt/airflow/dags/saving_file.py
[2025-03-29T18:13:03.191+0000] {processor.py:925} INFO - DAG(s) 'gerar_csv_dados_abertos_cnpj' retrieved from /opt/airflow/dags/saving_file.py
[2025-03-29T18:13:03.204+0000] {logging_mixin.py:190} INFO - [2025-03-29T18:13:03.204+0000] {dag.py:3239} INFO - Sync 1 DAGs
[2025-03-29T18:13:03.216+0000] {logging_mixin.py:190} INFO - [2025-03-29T18:13:03.216+0000] {dag.py:4180} INFO - Setting next_dagrun for gerar_csv_dados_abertos_cnpj to 2025-03-28 00:00:00+00:00, run_after=2025-03-29 00:00:00+00:00
[2025-03-29T18:13:03.227+0000] {processor.py:208} INFO - Processing /opt/airflow/dags/saving_file.py took 0.180 seconds
[2025-03-29T18:13:33.417+0000] {processor.py:186} INFO - Started process (PID=4730) to work on /opt/airflow/dags/saving_file.py
[2025-03-29T18:13:33.418+0000] {processor.py:914} INFO - Processing file /opt/airflow/dags/saving_file.py for tasks to queue
[2025-03-29T18:13:33.420+0000] {logging_mixin.py:190} INFO - [2025-03-29T18:13:33.420+0000] {dagbag.py:588} INFO - Filling up the DagBag from /opt/airflow/dags/saving_file.py
[2025-03-29T18:13:33.554+0000] {processor.py:925} INFO - DAG(s) 'gerar_csv_dados_abertos_cnpj' retrieved from /opt/airflow/dags/saving_file.py
[2025-03-29T18:13:33.567+0000] {logging_mixin.py:190} INFO - [2025-03-29T18:13:33.567+0000] {dag.py:3239} INFO - Sync 1 DAGs
[2025-03-29T18:13:33.579+0000] {logging_mixin.py:190} INFO - [2025-03-29T18:13:33.579+0000] {dag.py:4180} INFO - Setting next_dagrun for gerar_csv_dados_abertos_cnpj to 2025-03-28 00:00:00+00:00, run_after=2025-03-29 00:00:00+00:00
[2025-03-29T18:13:33.589+0000] {processor.py:208} INFO - Processing /opt/airflow/dags/saving_file.py took 0.175 seconds
[2025-03-29T18:14:03.787+0000] {processor.py:186} INFO - Started process (PID=4741) to work on /opt/airflow/dags/saving_file.py
[2025-03-29T18:14:03.788+0000] {processor.py:914} INFO - Processing file /opt/airflow/dags/saving_file.py for tasks to queue
[2025-03-29T18:14:03.789+0000] {logging_mixin.py:190} INFO - [2025-03-29T18:14:03.789+0000] {dagbag.py:588} INFO - Filling up the DagBag from /opt/airflow/dags/saving_file.py
[2025-03-29T18:14:03.924+0000] {processor.py:925} INFO - DAG(s) 'gerar_csv_dados_abertos_cnpj' retrieved from /opt/airflow/dags/saving_file.py
[2025-03-29T18:14:03.936+0000] {logging_mixin.py:190} INFO - [2025-03-29T18:14:03.936+0000] {dag.py:3239} INFO - Sync 1 DAGs
[2025-03-29T18:14:03.948+0000] {logging_mixin.py:190} INFO - [2025-03-29T18:14:03.948+0000] {dag.py:4180} INFO - Setting next_dagrun for gerar_csv_dados_abertos_cnpj to 2025-03-28 00:00:00+00:00, run_after=2025-03-29 00:00:00+00:00
[2025-03-29T18:14:03.957+0000] {processor.py:208} INFO - Processing /opt/airflow/dags/saving_file.py took 0.173 seconds
[2025-03-29T18:14:34.161+0000] {processor.py:186} INFO - Started process (PID=4752) to work on /opt/airflow/dags/saving_file.py
[2025-03-29T18:14:34.162+0000] {processor.py:914} INFO - Processing file /opt/airflow/dags/saving_file.py for tasks to queue
[2025-03-29T18:14:34.164+0000] {logging_mixin.py:190} INFO - [2025-03-29T18:14:34.164+0000] {dagbag.py:588} INFO - Filling up the DagBag from /opt/airflow/dags/saving_file.py
[2025-03-29T18:14:34.301+0000] {processor.py:925} INFO - DAG(s) 'gerar_csv_dados_abertos_cnpj' retrieved from /opt/airflow/dags/saving_file.py
[2025-03-29T18:14:34.312+0000] {logging_mixin.py:190} INFO - [2025-03-29T18:14:34.312+0000] {dag.py:3239} INFO - Sync 1 DAGs
[2025-03-29T18:14:34.324+0000] {logging_mixin.py:190} INFO - [2025-03-29T18:14:34.324+0000] {dag.py:4180} INFO - Setting next_dagrun for gerar_csv_dados_abertos_cnpj to 2025-03-28 00:00:00+00:00, run_after=2025-03-29 00:00:00+00:00
[2025-03-29T18:14:34.332+0000] {processor.py:208} INFO - Processing /opt/airflow/dags/saving_file.py took 0.174 seconds
[2025-03-29T18:15:04.534+0000] {processor.py:186} INFO - Started process (PID=4763) to work on /opt/airflow/dags/saving_file.py
[2025-03-29T18:15:04.535+0000] {processor.py:914} INFO - Processing file /opt/airflow/dags/saving_file.py for tasks to queue
[2025-03-29T18:15:04.537+0000] {logging_mixin.py:190} INFO - [2025-03-29T18:15:04.537+0000] {dagbag.py:588} INFO - Filling up the DagBag from /opt/airflow/dags/saving_file.py
[2025-03-29T18:15:04.674+0000] {processor.py:925} INFO - DAG(s) 'gerar_csv_dados_abertos_cnpj' retrieved from /opt/airflow/dags/saving_file.py
[2025-03-29T18:15:04.686+0000] {logging_mixin.py:190} INFO - [2025-03-29T18:15:04.686+0000] {dag.py:3239} INFO - Sync 1 DAGs
[2025-03-29T18:15:04.697+0000] {logging_mixin.py:190} INFO - [2025-03-29T18:15:04.697+0000] {dag.py:4180} INFO - Setting next_dagrun for gerar_csv_dados_abertos_cnpj to 2025-03-28 00:00:00+00:00, run_after=2025-03-29 00:00:00+00:00
[2025-03-29T18:15:04.707+0000] {processor.py:208} INFO - Processing /opt/airflow/dags/saving_file.py took 0.175 seconds
[2025-03-29T18:15:34.900+0000] {processor.py:186} INFO - Started process (PID=4774) to work on /opt/airflow/dags/saving_file.py
[2025-03-29T18:15:34.901+0000] {processor.py:914} INFO - Processing file /opt/airflow/dags/saving_file.py for tasks to queue
[2025-03-29T18:15:34.903+0000] {logging_mixin.py:190} INFO - [2025-03-29T18:15:34.903+0000] {dagbag.py:588} INFO - Filling up the DagBag from /opt/airflow/dags/saving_file.py
[2025-03-29T18:15:35.043+0000] {processor.py:925} INFO - DAG(s) 'gerar_csv_dados_abertos_cnpj' retrieved from /opt/airflow/dags/saving_file.py
[2025-03-29T18:15:35.056+0000] {logging_mixin.py:190} INFO - [2025-03-29T18:15:35.056+0000] {dag.py:3239} INFO - Sync 1 DAGs
[2025-03-29T18:15:35.068+0000] {logging_mixin.py:190} INFO - [2025-03-29T18:15:35.068+0000] {dag.py:4180} INFO - Setting next_dagrun for gerar_csv_dados_abertos_cnpj to 2025-03-28 00:00:00+00:00, run_after=2025-03-29 00:00:00+00:00
[2025-03-29T18:15:35.077+0000] {processor.py:208} INFO - Processing /opt/airflow/dags/saving_file.py took 0.181 seconds
[2025-03-29T18:16:05.326+0000] {processor.py:186} INFO - Started process (PID=4785) to work on /opt/airflow/dags/saving_file.py
[2025-03-29T18:16:05.327+0000] {processor.py:914} INFO - Processing file /opt/airflow/dags/saving_file.py for tasks to queue
[2025-03-29T18:16:05.329+0000] {logging_mixin.py:190} INFO - [2025-03-29T18:16:05.329+0000] {dagbag.py:588} INFO - Filling up the DagBag from /opt/airflow/dags/saving_file.py
[2025-03-29T18:16:05.465+0000] {processor.py:925} INFO - DAG(s) 'gerar_csv_dados_abertos_cnpj' retrieved from /opt/airflow/dags/saving_file.py
[2025-03-29T18:16:05.477+0000] {logging_mixin.py:190} INFO - [2025-03-29T18:16:05.477+0000] {dag.py:3239} INFO - Sync 1 DAGs
[2025-03-29T18:16:05.488+0000] {logging_mixin.py:190} INFO - [2025-03-29T18:16:05.488+0000] {dag.py:4180} INFO - Setting next_dagrun for gerar_csv_dados_abertos_cnpj to 2025-03-28 00:00:00+00:00, run_after=2025-03-29 00:00:00+00:00
[2025-03-29T18:16:05.498+0000] {processor.py:208} INFO - Processing /opt/airflow/dags/saving_file.py took 0.175 seconds
[2025-03-29T18:16:35.699+0000] {processor.py:186} INFO - Started process (PID=4796) to work on /opt/airflow/dags/saving_file.py
[2025-03-29T18:16:35.700+0000] {processor.py:914} INFO - Processing file /opt/airflow/dags/saving_file.py for tasks to queue
[2025-03-29T18:16:35.702+0000] {logging_mixin.py:190} INFO - [2025-03-29T18:16:35.702+0000] {dagbag.py:588} INFO - Filling up the DagBag from /opt/airflow/dags/saving_file.py
[2025-03-29T18:16:35.840+0000] {processor.py:925} INFO - DAG(s) 'gerar_csv_dados_abertos_cnpj' retrieved from /opt/airflow/dags/saving_file.py
[2025-03-29T18:16:35.854+0000] {logging_mixin.py:190} INFO - [2025-03-29T18:16:35.853+0000] {dag.py:3239} INFO - Sync 1 DAGs
[2025-03-29T18:16:35.867+0000] {logging_mixin.py:190} INFO - [2025-03-29T18:16:35.866+0000] {dag.py:4180} INFO - Setting next_dagrun for gerar_csv_dados_abertos_cnpj to 2025-03-28 00:00:00+00:00, run_after=2025-03-29 00:00:00+00:00
[2025-03-29T18:16:35.876+0000] {processor.py:208} INFO - Processing /opt/airflow/dags/saving_file.py took 0.180 seconds
[2025-03-29T18:17:06.069+0000] {processor.py:186} INFO - Started process (PID=4807) to work on /opt/airflow/dags/saving_file.py
[2025-03-29T18:17:06.069+0000] {processor.py:914} INFO - Processing file /opt/airflow/dags/saving_file.py for tasks to queue
[2025-03-29T18:17:06.071+0000] {logging_mixin.py:190} INFO - [2025-03-29T18:17:06.071+0000] {dagbag.py:588} INFO - Filling up the DagBag from /opt/airflow/dags/saving_file.py
[2025-03-29T18:17:06.208+0000] {processor.py:925} INFO - DAG(s) 'gerar_csv_dados_abertos_cnpj' retrieved from /opt/airflow/dags/saving_file.py
[2025-03-29T18:17:06.222+0000] {logging_mixin.py:190} INFO - [2025-03-29T18:17:06.222+0000] {dag.py:3239} INFO - Sync 1 DAGs
[2025-03-29T18:17:06.234+0000] {logging_mixin.py:190} INFO - [2025-03-29T18:17:06.234+0000] {dag.py:4180} INFO - Setting next_dagrun for gerar_csv_dados_abertos_cnpj to 2025-03-28 00:00:00+00:00, run_after=2025-03-29 00:00:00+00:00
[2025-03-29T18:17:06.244+0000] {processor.py:208} INFO - Processing /opt/airflow/dags/saving_file.py took 0.179 seconds
[2025-03-29T18:17:36.433+0000] {processor.py:186} INFO - Started process (PID=4818) to work on /opt/airflow/dags/saving_file.py
[2025-03-29T18:17:36.433+0000] {processor.py:914} INFO - Processing file /opt/airflow/dags/saving_file.py for tasks to queue
[2025-03-29T18:17:36.435+0000] {logging_mixin.py:190} INFO - [2025-03-29T18:17:36.435+0000] {dagbag.py:588} INFO - Filling up the DagBag from /opt/airflow/dags/saving_file.py
[2025-03-29T18:17:36.570+0000] {processor.py:925} INFO - DAG(s) 'gerar_csv_dados_abertos_cnpj' retrieved from /opt/airflow/dags/saving_file.py
[2025-03-29T18:17:36.582+0000] {logging_mixin.py:190} INFO - [2025-03-29T18:17:36.582+0000] {dag.py:3239} INFO - Sync 1 DAGs
[2025-03-29T18:17:36.593+0000] {logging_mixin.py:190} INFO - [2025-03-29T18:17:36.593+0000] {dag.py:4180} INFO - Setting next_dagrun for gerar_csv_dados_abertos_cnpj to 2025-03-28 00:00:00+00:00, run_after=2025-03-29 00:00:00+00:00
[2025-03-29T18:17:36.604+0000] {processor.py:208} INFO - Processing /opt/airflow/dags/saving_file.py took 0.174 seconds
[2025-03-29T18:18:06.806+0000] {processor.py:186} INFO - Started process (PID=4829) to work on /opt/airflow/dags/saving_file.py
[2025-03-29T18:18:06.807+0000] {processor.py:914} INFO - Processing file /opt/airflow/dags/saving_file.py for tasks to queue
[2025-03-29T18:18:06.810+0000] {logging_mixin.py:190} INFO - [2025-03-29T18:18:06.810+0000] {dagbag.py:588} INFO - Filling up the DagBag from /opt/airflow/dags/saving_file.py
[2025-03-29T18:18:06.944+0000] {processor.py:925} INFO - DAG(s) 'gerar_csv_dados_abertos_cnpj' retrieved from /opt/airflow/dags/saving_file.py
[2025-03-29T18:18:06.957+0000] {logging_mixin.py:190} INFO - [2025-03-29T18:18:06.957+0000] {dag.py:3239} INFO - Sync 1 DAGs
[2025-03-29T18:18:06.970+0000] {logging_mixin.py:190} INFO - [2025-03-29T18:18:06.970+0000] {dag.py:4180} INFO - Setting next_dagrun for gerar_csv_dados_abertos_cnpj to 2025-03-28 00:00:00+00:00, run_after=2025-03-29 00:00:00+00:00
[2025-03-29T18:18:06.979+0000] {processor.py:208} INFO - Processing /opt/airflow/dags/saving_file.py took 0.176 seconds
[2025-03-29T18:18:37.183+0000] {processor.py:186} INFO - Started process (PID=4840) to work on /opt/airflow/dags/saving_file.py
[2025-03-29T18:18:37.184+0000] {processor.py:914} INFO - Processing file /opt/airflow/dags/saving_file.py for tasks to queue
[2025-03-29T18:18:37.187+0000] {logging_mixin.py:190} INFO - [2025-03-29T18:18:37.186+0000] {dagbag.py:588} INFO - Filling up the DagBag from /opt/airflow/dags/saving_file.py
[2025-03-29T18:18:37.323+0000] {processor.py:925} INFO - DAG(s) 'gerar_csv_dados_abertos_cnpj' retrieved from /opt/airflow/dags/saving_file.py
[2025-03-29T18:18:37.335+0000] {logging_mixin.py:190} INFO - [2025-03-29T18:18:37.335+0000] {dag.py:3239} INFO - Sync 1 DAGs
[2025-03-29T18:18:37.345+0000] {logging_mixin.py:190} INFO - [2025-03-29T18:18:37.345+0000] {dag.py:4180} INFO - Setting next_dagrun for gerar_csv_dados_abertos_cnpj to 2025-03-28 00:00:00+00:00, run_after=2025-03-29 00:00:00+00:00
[2025-03-29T18:18:37.354+0000] {processor.py:208} INFO - Processing /opt/airflow/dags/saving_file.py took 0.174 seconds
[2025-03-29T18:19:07.549+0000] {processor.py:186} INFO - Started process (PID=4851) to work on /opt/airflow/dags/saving_file.py
[2025-03-29T18:19:07.550+0000] {processor.py:914} INFO - Processing file /opt/airflow/dags/saving_file.py for tasks to queue
[2025-03-29T18:19:07.552+0000] {logging_mixin.py:190} INFO - [2025-03-29T18:19:07.552+0000] {dagbag.py:588} INFO - Filling up the DagBag from /opt/airflow/dags/saving_file.py
[2025-03-29T18:19:07.689+0000] {processor.py:925} INFO - DAG(s) 'gerar_csv_dados_abertos_cnpj' retrieved from /opt/airflow/dags/saving_file.py
[2025-03-29T18:19:07.703+0000] {logging_mixin.py:190} INFO - [2025-03-29T18:19:07.703+0000] {dag.py:3239} INFO - Sync 1 DAGs
[2025-03-29T18:19:07.717+0000] {logging_mixin.py:190} INFO - [2025-03-29T18:19:07.717+0000] {dag.py:4180} INFO - Setting next_dagrun for gerar_csv_dados_abertos_cnpj to 2025-03-28 00:00:00+00:00, run_after=2025-03-29 00:00:00+00:00
[2025-03-29T18:19:07.728+0000] {processor.py:208} INFO - Processing /opt/airflow/dags/saving_file.py took 0.182 seconds
[2025-03-29T18:19:37.920+0000] {processor.py:186} INFO - Started process (PID=4862) to work on /opt/airflow/dags/saving_file.py
[2025-03-29T18:19:37.921+0000] {processor.py:914} INFO - Processing file /opt/airflow/dags/saving_file.py for tasks to queue
[2025-03-29T18:19:37.923+0000] {logging_mixin.py:190} INFO - [2025-03-29T18:19:37.923+0000] {dagbag.py:588} INFO - Filling up the DagBag from /opt/airflow/dags/saving_file.py
[2025-03-29T18:19:38.061+0000] {processor.py:925} INFO - DAG(s) 'gerar_csv_dados_abertos_cnpj' retrieved from /opt/airflow/dags/saving_file.py
[2025-03-29T18:19:38.074+0000] {logging_mixin.py:190} INFO - [2025-03-29T18:19:38.074+0000] {dag.py:3239} INFO - Sync 1 DAGs
[2025-03-29T18:19:38.087+0000] {logging_mixin.py:190} INFO - [2025-03-29T18:19:38.087+0000] {dag.py:4180} INFO - Setting next_dagrun for gerar_csv_dados_abertos_cnpj to 2025-03-28 00:00:00+00:00, run_after=2025-03-29 00:00:00+00:00
[2025-03-29T18:19:38.098+0000] {processor.py:208} INFO - Processing /opt/airflow/dags/saving_file.py took 0.181 seconds
[2025-03-29T18:20:08.289+0000] {processor.py:186} INFO - Started process (PID=4873) to work on /opt/airflow/dags/saving_file.py
[2025-03-29T18:20:08.291+0000] {processor.py:914} INFO - Processing file /opt/airflow/dags/saving_file.py for tasks to queue
[2025-03-29T18:20:08.292+0000] {logging_mixin.py:190} INFO - [2025-03-29T18:20:08.292+0000] {dagbag.py:588} INFO - Filling up the DagBag from /opt/airflow/dags/saving_file.py
[2025-03-29T18:20:08.439+0000] {processor.py:925} INFO - DAG(s) 'gerar_csv_dados_abertos_cnpj' retrieved from /opt/airflow/dags/saving_file.py
[2025-03-29T18:20:08.452+0000] {logging_mixin.py:190} INFO - [2025-03-29T18:20:08.451+0000] {dag.py:3239} INFO - Sync 1 DAGs
[2025-03-29T18:20:08.464+0000] {logging_mixin.py:190} INFO - [2025-03-29T18:20:08.464+0000] {dag.py:4180} INFO - Setting next_dagrun for gerar_csv_dados_abertos_cnpj to 2025-03-28 00:00:00+00:00, run_after=2025-03-29 00:00:00+00:00
[2025-03-29T18:20:08.474+0000] {processor.py:208} INFO - Processing /opt/airflow/dags/saving_file.py took 0.188 seconds
[2025-03-29T18:20:38.666+0000] {processor.py:186} INFO - Started process (PID=4884) to work on /opt/airflow/dags/saving_file.py
[2025-03-29T18:20:38.667+0000] {processor.py:914} INFO - Processing file /opt/airflow/dags/saving_file.py for tasks to queue
[2025-03-29T18:20:38.669+0000] {logging_mixin.py:190} INFO - [2025-03-29T18:20:38.668+0000] {dagbag.py:588} INFO - Filling up the DagBag from /opt/airflow/dags/saving_file.py
[2025-03-29T18:20:38.806+0000] {processor.py:925} INFO - DAG(s) 'gerar_csv_dados_abertos_cnpj' retrieved from /opt/airflow/dags/saving_file.py
[2025-03-29T18:20:38.819+0000] {logging_mixin.py:190} INFO - [2025-03-29T18:20:38.818+0000] {dag.py:3239} INFO - Sync 1 DAGs
[2025-03-29T18:20:38.830+0000] {logging_mixin.py:190} INFO - [2025-03-29T18:20:38.830+0000] {dag.py:4180} INFO - Setting next_dagrun for gerar_csv_dados_abertos_cnpj to 2025-03-28 00:00:00+00:00, run_after=2025-03-29 00:00:00+00:00
[2025-03-29T18:20:38.839+0000] {processor.py:208} INFO - Processing /opt/airflow/dags/saving_file.py took 0.177 seconds
[2025-03-29T18:21:09.088+0000] {processor.py:186} INFO - Started process (PID=4895) to work on /opt/airflow/dags/saving_file.py
[2025-03-29T18:21:09.089+0000] {processor.py:914} INFO - Processing file /opt/airflow/dags/saving_file.py for tasks to queue
[2025-03-29T18:21:09.091+0000] {logging_mixin.py:190} INFO - [2025-03-29T18:21:09.090+0000] {dagbag.py:588} INFO - Filling up the DagBag from /opt/airflow/dags/saving_file.py
[2025-03-29T18:21:09.230+0000] {processor.py:925} INFO - DAG(s) 'gerar_csv_dados_abertos_cnpj' retrieved from /opt/airflow/dags/saving_file.py
[2025-03-29T18:21:09.242+0000] {logging_mixin.py:190} INFO - [2025-03-29T18:21:09.242+0000] {dag.py:3239} INFO - Sync 1 DAGs
[2025-03-29T18:21:09.254+0000] {logging_mixin.py:190} INFO - [2025-03-29T18:21:09.254+0000] {dag.py:4180} INFO - Setting next_dagrun for gerar_csv_dados_abertos_cnpj to 2025-03-28 00:00:00+00:00, run_after=2025-03-29 00:00:00+00:00
[2025-03-29T18:21:09.264+0000] {processor.py:208} INFO - Processing /opt/airflow/dags/saving_file.py took 0.180 seconds
[2025-03-29T18:21:39.467+0000] {processor.py:186} INFO - Started process (PID=4906) to work on /opt/airflow/dags/saving_file.py
[2025-03-29T18:21:39.468+0000] {processor.py:914} INFO - Processing file /opt/airflow/dags/saving_file.py for tasks to queue
[2025-03-29T18:21:39.469+0000] {logging_mixin.py:190} INFO - [2025-03-29T18:21:39.469+0000] {dagbag.py:588} INFO - Filling up the DagBag from /opt/airflow/dags/saving_file.py
[2025-03-29T18:21:39.610+0000] {processor.py:925} INFO - DAG(s) 'gerar_csv_dados_abertos_cnpj' retrieved from /opt/airflow/dags/saving_file.py
[2025-03-29T18:21:39.624+0000] {logging_mixin.py:190} INFO - [2025-03-29T18:21:39.623+0000] {dag.py:3239} INFO - Sync 1 DAGs
[2025-03-29T18:21:39.636+0000] {logging_mixin.py:190} INFO - [2025-03-29T18:21:39.636+0000] {dag.py:4180} INFO - Setting next_dagrun for gerar_csv_dados_abertos_cnpj to 2025-03-28 00:00:00+00:00, run_after=2025-03-29 00:00:00+00:00
[2025-03-29T18:21:39.647+0000] {processor.py:208} INFO - Processing /opt/airflow/dags/saving_file.py took 0.183 seconds
[2025-03-29T18:22:09.848+0000] {processor.py:186} INFO - Started process (PID=4917) to work on /opt/airflow/dags/saving_file.py
[2025-03-29T18:22:09.849+0000] {processor.py:914} INFO - Processing file /opt/airflow/dags/saving_file.py for tasks to queue
[2025-03-29T18:22:09.851+0000] {logging_mixin.py:190} INFO - [2025-03-29T18:22:09.851+0000] {dagbag.py:588} INFO - Filling up the DagBag from /opt/airflow/dags/saving_file.py
[2025-03-29T18:22:09.990+0000] {processor.py:925} INFO - DAG(s) 'gerar_csv_dados_abertos_cnpj' retrieved from /opt/airflow/dags/saving_file.py
[2025-03-29T18:22:10.003+0000] {logging_mixin.py:190} INFO - [2025-03-29T18:22:10.003+0000] {dag.py:3239} INFO - Sync 1 DAGs
[2025-03-29T18:22:10.016+0000] {logging_mixin.py:190} INFO - [2025-03-29T18:22:10.016+0000] {dag.py:4180} INFO - Setting next_dagrun for gerar_csv_dados_abertos_cnpj to 2025-03-28 00:00:00+00:00, run_after=2025-03-29 00:00:00+00:00
[2025-03-29T18:22:10.026+0000] {processor.py:208} INFO - Processing /opt/airflow/dags/saving_file.py took 0.182 seconds
[2025-03-29T18:22:40.211+0000] {processor.py:186} INFO - Started process (PID=4928) to work on /opt/airflow/dags/saving_file.py
[2025-03-29T18:22:40.212+0000] {processor.py:914} INFO - Processing file /opt/airflow/dags/saving_file.py for tasks to queue
[2025-03-29T18:22:40.214+0000] {logging_mixin.py:190} INFO - [2025-03-29T18:22:40.214+0000] {dagbag.py:588} INFO - Filling up the DagBag from /opt/airflow/dags/saving_file.py
[2025-03-29T18:22:40.353+0000] {processor.py:925} INFO - DAG(s) 'gerar_csv_dados_abertos_cnpj' retrieved from /opt/airflow/dags/saving_file.py
[2025-03-29T18:22:40.365+0000] {logging_mixin.py:190} INFO - [2025-03-29T18:22:40.365+0000] {dag.py:3239} INFO - Sync 1 DAGs
[2025-03-29T18:22:40.378+0000] {logging_mixin.py:190} INFO - [2025-03-29T18:22:40.377+0000] {dag.py:4180} INFO - Setting next_dagrun for gerar_csv_dados_abertos_cnpj to 2025-03-28 00:00:00+00:00, run_after=2025-03-29 00:00:00+00:00
[2025-03-29T18:22:40.387+0000] {processor.py:208} INFO - Processing /opt/airflow/dags/saving_file.py took 0.179 seconds
[2025-03-29T18:23:10.585+0000] {processor.py:186} INFO - Started process (PID=4939) to work on /opt/airflow/dags/saving_file.py
[2025-03-29T18:23:10.586+0000] {processor.py:914} INFO - Processing file /opt/airflow/dags/saving_file.py for tasks to queue
[2025-03-29T18:23:10.589+0000] {logging_mixin.py:190} INFO - [2025-03-29T18:23:10.589+0000] {dagbag.py:588} INFO - Filling up the DagBag from /opt/airflow/dags/saving_file.py
[2025-03-29T18:23:10.727+0000] {processor.py:925} INFO - DAG(s) 'gerar_csv_dados_abertos_cnpj' retrieved from /opt/airflow/dags/saving_file.py
[2025-03-29T18:23:10.741+0000] {logging_mixin.py:190} INFO - [2025-03-29T18:23:10.740+0000] {dag.py:3239} INFO - Sync 1 DAGs
[2025-03-29T18:23:10.752+0000] {logging_mixin.py:190} INFO - [2025-03-29T18:23:10.752+0000] {dag.py:4180} INFO - Setting next_dagrun for gerar_csv_dados_abertos_cnpj to 2025-03-28 00:00:00+00:00, run_after=2025-03-29 00:00:00+00:00
[2025-03-29T18:23:10.762+0000] {processor.py:208} INFO - Processing /opt/airflow/dags/saving_file.py took 0.179 seconds
[2025-03-29T18:23:40.948+0000] {processor.py:186} INFO - Started process (PID=4950) to work on /opt/airflow/dags/saving_file.py
[2025-03-29T18:23:40.948+0000] {processor.py:914} INFO - Processing file /opt/airflow/dags/saving_file.py for tasks to queue
[2025-03-29T18:23:40.951+0000] {logging_mixin.py:190} INFO - [2025-03-29T18:23:40.950+0000] {dagbag.py:588} INFO - Filling up the DagBag from /opt/airflow/dags/saving_file.py
[2025-03-29T18:23:41.092+0000] {processor.py:925} INFO - DAG(s) 'gerar_csv_dados_abertos_cnpj' retrieved from /opt/airflow/dags/saving_file.py
[2025-03-29T18:23:41.105+0000] {logging_mixin.py:190} INFO - [2025-03-29T18:23:41.105+0000] {dag.py:3239} INFO - Sync 1 DAGs
[2025-03-29T18:23:41.118+0000] {logging_mixin.py:190} INFO - [2025-03-29T18:23:41.117+0000] {dag.py:4180} INFO - Setting next_dagrun for gerar_csv_dados_abertos_cnpj to 2025-03-28 00:00:00+00:00, run_after=2025-03-29 00:00:00+00:00
[2025-03-29T18:23:41.128+0000] {processor.py:208} INFO - Processing /opt/airflow/dags/saving_file.py took 0.183 seconds
[2025-03-29T18:24:11.320+0000] {processor.py:186} INFO - Started process (PID=4961) to work on /opt/airflow/dags/saving_file.py
[2025-03-29T18:24:11.321+0000] {processor.py:914} INFO - Processing file /opt/airflow/dags/saving_file.py for tasks to queue
[2025-03-29T18:24:11.323+0000] {logging_mixin.py:190} INFO - [2025-03-29T18:24:11.323+0000] {dagbag.py:588} INFO - Filling up the DagBag from /opt/airflow/dags/saving_file.py
[2025-03-29T18:24:11.474+0000] {processor.py:925} INFO - DAG(s) 'gerar_csv_dados_abertos_cnpj' retrieved from /opt/airflow/dags/saving_file.py
[2025-03-29T18:24:11.486+0000] {logging_mixin.py:190} INFO - [2025-03-29T18:24:11.486+0000] {dag.py:3239} INFO - Sync 1 DAGs
[2025-03-29T18:24:11.497+0000] {logging_mixin.py:190} INFO - [2025-03-29T18:24:11.497+0000] {dag.py:4180} INFO - Setting next_dagrun for gerar_csv_dados_abertos_cnpj to 2025-03-28 00:00:00+00:00, run_after=2025-03-29 00:00:00+00:00
[2025-03-29T18:24:11.506+0000] {processor.py:208} INFO - Processing /opt/airflow/dags/saving_file.py took 0.189 seconds
[2025-03-29T18:24:41.694+0000] {processor.py:186} INFO - Started process (PID=4972) to work on /opt/airflow/dags/saving_file.py
[2025-03-29T18:24:41.695+0000] {processor.py:914} INFO - Processing file /opt/airflow/dags/saving_file.py for tasks to queue
[2025-03-29T18:24:41.697+0000] {logging_mixin.py:190} INFO - [2025-03-29T18:24:41.697+0000] {dagbag.py:588} INFO - Filling up the DagBag from /opt/airflow/dags/saving_file.py
[2025-03-29T18:24:41.837+0000] {processor.py:925} INFO - DAG(s) 'gerar_csv_dados_abertos_cnpj' retrieved from /opt/airflow/dags/saving_file.py
[2025-03-29T18:24:41.849+0000] {logging_mixin.py:190} INFO - [2025-03-29T18:24:41.849+0000] {dag.py:3239} INFO - Sync 1 DAGs
[2025-03-29T18:24:41.860+0000] {logging_mixin.py:190} INFO - [2025-03-29T18:24:41.860+0000] {dag.py:4180} INFO - Setting next_dagrun for gerar_csv_dados_abertos_cnpj to 2025-03-28 00:00:00+00:00, run_after=2025-03-29 00:00:00+00:00
[2025-03-29T18:24:41.869+0000] {processor.py:208} INFO - Processing /opt/airflow/dags/saving_file.py took 0.178 seconds
[2025-03-29T18:25:12.064+0000] {processor.py:186} INFO - Started process (PID=4983) to work on /opt/airflow/dags/saving_file.py
[2025-03-29T18:25:12.065+0000] {processor.py:914} INFO - Processing file /opt/airflow/dags/saving_file.py for tasks to queue
[2025-03-29T18:25:12.068+0000] {logging_mixin.py:190} INFO - [2025-03-29T18:25:12.067+0000] {dagbag.py:588} INFO - Filling up the DagBag from /opt/airflow/dags/saving_file.py
[2025-03-29T18:25:12.207+0000] {processor.py:925} INFO - DAG(s) 'gerar_csv_dados_abertos_cnpj' retrieved from /opt/airflow/dags/saving_file.py
[2025-03-29T18:25:12.221+0000] {logging_mixin.py:190} INFO - [2025-03-29T18:25:12.221+0000] {dag.py:3239} INFO - Sync 1 DAGs
[2025-03-29T18:25:12.234+0000] {logging_mixin.py:190} INFO - [2025-03-29T18:25:12.234+0000] {dag.py:4180} INFO - Setting next_dagrun for gerar_csv_dados_abertos_cnpj to 2025-03-28 00:00:00+00:00, run_after=2025-03-29 00:00:00+00:00
[2025-03-29T18:25:12.245+0000] {processor.py:208} INFO - Processing /opt/airflow/dags/saving_file.py took 0.183 seconds
[2025-03-29T18:25:42.490+0000] {processor.py:186} INFO - Started process (PID=4994) to work on /opt/airflow/dags/saving_file.py
[2025-03-29T18:25:42.491+0000] {processor.py:914} INFO - Processing file /opt/airflow/dags/saving_file.py for tasks to queue
[2025-03-29T18:25:42.492+0000] {logging_mixin.py:190} INFO - [2025-03-29T18:25:42.492+0000] {dagbag.py:588} INFO - Filling up the DagBag from /opt/airflow/dags/saving_file.py
[2025-03-29T18:25:42.627+0000] {processor.py:925} INFO - DAG(s) 'gerar_csv_dados_abertos_cnpj' retrieved from /opt/airflow/dags/saving_file.py
[2025-03-29T18:25:42.640+0000] {logging_mixin.py:190} INFO - [2025-03-29T18:25:42.639+0000] {dag.py:3239} INFO - Sync 1 DAGs
[2025-03-29T18:25:42.650+0000] {logging_mixin.py:190} INFO - [2025-03-29T18:25:42.650+0000] {dag.py:4180} INFO - Setting next_dagrun for gerar_csv_dados_abertos_cnpj to 2025-03-28 00:00:00+00:00, run_after=2025-03-29 00:00:00+00:00
[2025-03-29T18:25:42.659+0000] {processor.py:208} INFO - Processing /opt/airflow/dags/saving_file.py took 0.172 seconds
[2025-03-29T18:26:12.901+0000] {processor.py:186} INFO - Started process (PID=5005) to work on /opt/airflow/dags/saving_file.py
[2025-03-29T18:26:12.902+0000] {processor.py:914} INFO - Processing file /opt/airflow/dags/saving_file.py for tasks to queue
[2025-03-29T18:26:12.905+0000] {logging_mixin.py:190} INFO - [2025-03-29T18:26:12.904+0000] {dagbag.py:588} INFO - Filling up the DagBag from /opt/airflow/dags/saving_file.py
[2025-03-29T18:26:13.042+0000] {processor.py:925} INFO - DAG(s) 'gerar_csv_dados_abertos_cnpj' retrieved from /opt/airflow/dags/saving_file.py
[2025-03-29T18:26:13.055+0000] {logging_mixin.py:190} INFO - [2025-03-29T18:26:13.055+0000] {dag.py:3239} INFO - Sync 1 DAGs
[2025-03-29T18:26:13.066+0000] {logging_mixin.py:190} INFO - [2025-03-29T18:26:13.066+0000] {dag.py:4180} INFO - Setting next_dagrun for gerar_csv_dados_abertos_cnpj to 2025-03-28 00:00:00+00:00, run_after=2025-03-29 00:00:00+00:00
[2025-03-29T18:26:13.074+0000] {processor.py:208} INFO - Processing /opt/airflow/dags/saving_file.py took 0.178 seconds
[2025-03-29T18:26:43.295+0000] {processor.py:186} INFO - Started process (PID=5016) to work on /opt/airflow/dags/saving_file.py
[2025-03-29T18:26:43.296+0000] {processor.py:914} INFO - Processing file /opt/airflow/dags/saving_file.py for tasks to queue
[2025-03-29T18:26:43.299+0000] {logging_mixin.py:190} INFO - [2025-03-29T18:26:43.299+0000] {dagbag.py:588} INFO - Filling up the DagBag from /opt/airflow/dags/saving_file.py
[2025-03-29T18:26:43.442+0000] {processor.py:925} INFO - DAG(s) 'gerar_csv_dados_abertos_cnpj' retrieved from /opt/airflow/dags/saving_file.py
[2025-03-29T18:26:43.455+0000] {logging_mixin.py:190} INFO - [2025-03-29T18:26:43.455+0000] {dag.py:3239} INFO - Sync 1 DAGs
[2025-03-29T18:26:43.469+0000] {logging_mixin.py:190} INFO - [2025-03-29T18:26:43.469+0000] {dag.py:4180} INFO - Setting next_dagrun for gerar_csv_dados_abertos_cnpj to 2025-03-28 00:00:00+00:00, run_after=2025-03-29 00:00:00+00:00
[2025-03-29T18:26:43.479+0000] {processor.py:208} INFO - Processing /opt/airflow/dags/saving_file.py took 0.187 seconds
[2025-03-29T18:27:13.675+0000] {processor.py:186} INFO - Started process (PID=5027) to work on /opt/airflow/dags/saving_file.py
[2025-03-29T18:27:13.676+0000] {processor.py:914} INFO - Processing file /opt/airflow/dags/saving_file.py for tasks to queue
[2025-03-29T18:27:13.679+0000] {logging_mixin.py:190} INFO - [2025-03-29T18:27:13.679+0000] {dagbag.py:588} INFO - Filling up the DagBag from /opt/airflow/dags/saving_file.py
[2025-03-29T18:27:13.816+0000] {processor.py:925} INFO - DAG(s) 'gerar_csv_dados_abertos_cnpj' retrieved from /opt/airflow/dags/saving_file.py
[2025-03-29T18:27:13.830+0000] {logging_mixin.py:190} INFO - [2025-03-29T18:27:13.830+0000] {dag.py:3239} INFO - Sync 1 DAGs
[2025-03-29T18:27:13.843+0000] {logging_mixin.py:190} INFO - [2025-03-29T18:27:13.842+0000] {dag.py:4180} INFO - Setting next_dagrun for gerar_csv_dados_abertos_cnpj to 2025-03-28 00:00:00+00:00, run_after=2025-03-29 00:00:00+00:00
[2025-03-29T18:27:13.852+0000] {processor.py:208} INFO - Processing /opt/airflow/dags/saving_file.py took 0.181 seconds
[2025-03-29T18:27:44.063+0000] {processor.py:186} INFO - Started process (PID=5039) to work on /opt/airflow/dags/saving_file.py
[2025-03-29T18:27:44.065+0000] {processor.py:914} INFO - Processing file /opt/airflow/dags/saving_file.py for tasks to queue
[2025-03-29T18:27:44.066+0000] {logging_mixin.py:190} INFO - [2025-03-29T18:27:44.066+0000] {dagbag.py:588} INFO - Filling up the DagBag from /opt/airflow/dags/saving_file.py
[2025-03-29T18:27:44.205+0000] {processor.py:925} INFO - DAG(s) 'gerar_csv_dados_abertos_cnpj' retrieved from /opt/airflow/dags/saving_file.py
[2025-03-29T18:27:44.217+0000] {logging_mixin.py:190} INFO - [2025-03-29T18:27:44.217+0000] {dag.py:3239} INFO - Sync 1 DAGs
[2025-03-29T18:27:44.230+0000] {logging_mixin.py:190} INFO - [2025-03-29T18:27:44.230+0000] {dag.py:4180} INFO - Setting next_dagrun for gerar_csv_dados_abertos_cnpj to 2025-03-28 00:00:00+00:00, run_after=2025-03-29 00:00:00+00:00
[2025-03-29T18:27:44.240+0000] {processor.py:208} INFO - Processing /opt/airflow/dags/saving_file.py took 0.180 seconds
[2025-03-29T18:28:14.441+0000] {processor.py:186} INFO - Started process (PID=5050) to work on /opt/airflow/dags/saving_file.py
[2025-03-29T18:28:14.442+0000] {processor.py:914} INFO - Processing file /opt/airflow/dags/saving_file.py for tasks to queue
[2025-03-29T18:28:14.444+0000] {logging_mixin.py:190} INFO - [2025-03-29T18:28:14.444+0000] {dagbag.py:588} INFO - Filling up the DagBag from /opt/airflow/dags/saving_file.py
[2025-03-29T18:28:14.583+0000] {processor.py:925} INFO - DAG(s) 'gerar_csv_dados_abertos_cnpj' retrieved from /opt/airflow/dags/saving_file.py
[2025-03-29T18:28:14.596+0000] {logging_mixin.py:190} INFO - [2025-03-29T18:28:14.596+0000] {dag.py:3239} INFO - Sync 1 DAGs
[2025-03-29T18:28:14.609+0000] {logging_mixin.py:190} INFO - [2025-03-29T18:28:14.608+0000] {dag.py:4180} INFO - Setting next_dagrun for gerar_csv_dados_abertos_cnpj to 2025-03-28 00:00:00+00:00, run_after=2025-03-29 00:00:00+00:00
[2025-03-29T18:28:14.618+0000] {processor.py:208} INFO - Processing /opt/airflow/dags/saving_file.py took 0.180 seconds
[2025-03-29T18:28:44.830+0000] {processor.py:186} INFO - Started process (PID=5061) to work on /opt/airflow/dags/saving_file.py
[2025-03-29T18:28:44.831+0000] {processor.py:914} INFO - Processing file /opt/airflow/dags/saving_file.py for tasks to queue
[2025-03-29T18:28:44.833+0000] {logging_mixin.py:190} INFO - [2025-03-29T18:28:44.833+0000] {dagbag.py:588} INFO - Filling up the DagBag from /opt/airflow/dags/saving_file.py
[2025-03-29T18:28:44.978+0000] {processor.py:925} INFO - DAG(s) 'gerar_csv_dados_abertos_cnpj' retrieved from /opt/airflow/dags/saving_file.py
[2025-03-29T18:28:44.992+0000] {logging_mixin.py:190} INFO - [2025-03-29T18:28:44.992+0000] {dag.py:3239} INFO - Sync 1 DAGs
[2025-03-29T18:28:45.004+0000] {logging_mixin.py:190} INFO - [2025-03-29T18:28:45.003+0000] {dag.py:4180} INFO - Setting next_dagrun for gerar_csv_dados_abertos_cnpj to 2025-03-28 00:00:00+00:00, run_after=2025-03-29 00:00:00+00:00
[2025-03-29T18:28:45.012+0000] {processor.py:208} INFO - Processing /opt/airflow/dags/saving_file.py took 0.185 seconds
[2025-03-29T18:29:15.216+0000] {processor.py:186} INFO - Started process (PID=5072) to work on /opt/airflow/dags/saving_file.py
[2025-03-29T18:29:15.218+0000] {processor.py:914} INFO - Processing file /opt/airflow/dags/saving_file.py for tasks to queue
[2025-03-29T18:29:15.220+0000] {logging_mixin.py:190} INFO - [2025-03-29T18:29:15.220+0000] {dagbag.py:588} INFO - Filling up the DagBag from /opt/airflow/dags/saving_file.py
[2025-03-29T18:29:15.364+0000] {processor.py:925} INFO - DAG(s) 'gerar_csv_dados_abertos_cnpj' retrieved from /opt/airflow/dags/saving_file.py
[2025-03-29T18:29:15.377+0000] {logging_mixin.py:190} INFO - [2025-03-29T18:29:15.376+0000] {dag.py:3239} INFO - Sync 1 DAGs
[2025-03-29T18:29:15.389+0000] {logging_mixin.py:190} INFO - [2025-03-29T18:29:15.389+0000] {dag.py:4180} INFO - Setting next_dagrun for gerar_csv_dados_abertos_cnpj to 2025-03-28 00:00:00+00:00, run_after=2025-03-29 00:00:00+00:00
[2025-03-29T18:29:15.399+0000] {processor.py:208} INFO - Processing /opt/airflow/dags/saving_file.py took 0.186 seconds
[2025-03-29T18:29:45.595+0000] {processor.py:186} INFO - Started process (PID=5083) to work on /opt/airflow/dags/saving_file.py
[2025-03-29T18:29:45.596+0000] {processor.py:914} INFO - Processing file /opt/airflow/dags/saving_file.py for tasks to queue
[2025-03-29T18:29:45.598+0000] {logging_mixin.py:190} INFO - [2025-03-29T18:29:45.598+0000] {dagbag.py:588} INFO - Filling up the DagBag from /opt/airflow/dags/saving_file.py
[2025-03-29T18:29:45.736+0000] {processor.py:925} INFO - DAG(s) 'gerar_csv_dados_abertos_cnpj' retrieved from /opt/airflow/dags/saving_file.py
[2025-03-29T18:29:45.749+0000] {logging_mixin.py:190} INFO - [2025-03-29T18:29:45.749+0000] {dag.py:3239} INFO - Sync 1 DAGs
[2025-03-29T18:29:45.761+0000] {logging_mixin.py:190} INFO - [2025-03-29T18:29:45.761+0000] {dag.py:4180} INFO - Setting next_dagrun for gerar_csv_dados_abertos_cnpj to 2025-03-28 00:00:00+00:00, run_after=2025-03-29 00:00:00+00:00
[2025-03-29T18:29:45.770+0000] {processor.py:208} INFO - Processing /opt/airflow/dags/saving_file.py took 0.179 seconds
[2025-03-29T18:30:15.976+0000] {processor.py:186} INFO - Started process (PID=5094) to work on /opt/airflow/dags/saving_file.py
[2025-03-29T18:30:15.977+0000] {processor.py:914} INFO - Processing file /opt/airflow/dags/saving_file.py for tasks to queue
[2025-03-29T18:30:15.980+0000] {logging_mixin.py:190} INFO - [2025-03-29T18:30:15.980+0000] {dagbag.py:588} INFO - Filling up the DagBag from /opt/airflow/dags/saving_file.py
[2025-03-29T18:30:16.131+0000] {processor.py:925} INFO - DAG(s) 'gerar_csv_dados_abertos_cnpj' retrieved from /opt/airflow/dags/saving_file.py
[2025-03-29T18:30:16.149+0000] {logging_mixin.py:190} INFO - [2025-03-29T18:30:16.149+0000] {dag.py:3239} INFO - Sync 1 DAGs
[2025-03-29T18:30:16.163+0000] {logging_mixin.py:190} INFO - [2025-03-29T18:30:16.163+0000] {dag.py:4180} INFO - Setting next_dagrun for gerar_csv_dados_abertos_cnpj to 2025-03-28 00:00:00+00:00, run_after=2025-03-29 00:00:00+00:00
[2025-03-29T18:30:16.175+0000] {processor.py:208} INFO - Processing /opt/airflow/dags/saving_file.py took 0.201 seconds
[2025-03-29T18:30:46.357+0000] {processor.py:186} INFO - Started process (PID=5105) to work on /opt/airflow/dags/saving_file.py
[2025-03-29T18:30:46.358+0000] {processor.py:914} INFO - Processing file /opt/airflow/dags/saving_file.py for tasks to queue
[2025-03-29T18:30:46.361+0000] {logging_mixin.py:190} INFO - [2025-03-29T18:30:46.361+0000] {dagbag.py:588} INFO - Filling up the DagBag from /opt/airflow/dags/saving_file.py
[2025-03-29T18:30:46.502+0000] {processor.py:925} INFO - DAG(s) 'gerar_csv_dados_abertos_cnpj' retrieved from /opt/airflow/dags/saving_file.py
[2025-03-29T18:30:46.515+0000] {logging_mixin.py:190} INFO - [2025-03-29T18:30:46.515+0000] {dag.py:3239} INFO - Sync 1 DAGs
[2025-03-29T18:30:46.528+0000] {logging_mixin.py:190} INFO - [2025-03-29T18:30:46.528+0000] {dag.py:4180} INFO - Setting next_dagrun for gerar_csv_dados_abertos_cnpj to 2025-03-28 00:00:00+00:00, run_after=2025-03-29 00:00:00+00:00
[2025-03-29T18:30:46.538+0000] {processor.py:208} INFO - Processing /opt/airflow/dags/saving_file.py took 0.184 seconds
[2025-03-29T18:31:16.742+0000] {processor.py:186} INFO - Started process (PID=5116) to work on /opt/airflow/dags/saving_file.py
[2025-03-29T18:31:16.744+0000] {processor.py:914} INFO - Processing file /opt/airflow/dags/saving_file.py for tasks to queue
[2025-03-29T18:31:16.747+0000] {logging_mixin.py:190} INFO - [2025-03-29T18:31:16.746+0000] {dagbag.py:588} INFO - Filling up the DagBag from /opt/airflow/dags/saving_file.py
[2025-03-29T18:31:16.884+0000] {processor.py:925} INFO - DAG(s) 'gerar_csv_dados_abertos_cnpj' retrieved from /opt/airflow/dags/saving_file.py
[2025-03-29T18:31:16.896+0000] {logging_mixin.py:190} INFO - [2025-03-29T18:31:16.895+0000] {dag.py:3239} INFO - Sync 1 DAGs
[2025-03-29T18:31:16.906+0000] {logging_mixin.py:190} INFO - [2025-03-29T18:31:16.906+0000] {dag.py:4180} INFO - Setting next_dagrun for gerar_csv_dados_abertos_cnpj to 2025-03-28 00:00:00+00:00, run_after=2025-03-29 00:00:00+00:00
[2025-03-29T18:31:16.915+0000] {processor.py:208} INFO - Processing /opt/airflow/dags/saving_file.py took 0.176 seconds
[2025-03-29T18:31:47.124+0000] {processor.py:186} INFO - Started process (PID=5127) to work on /opt/airflow/dags/saving_file.py
[2025-03-29T18:31:47.125+0000] {processor.py:914} INFO - Processing file /opt/airflow/dags/saving_file.py for tasks to queue
[2025-03-29T18:31:47.127+0000] {logging_mixin.py:190} INFO - [2025-03-29T18:31:47.127+0000] {dagbag.py:588} INFO - Filling up the DagBag from /opt/airflow/dags/saving_file.py
[2025-03-29T18:31:47.267+0000] {processor.py:925} INFO - DAG(s) 'gerar_csv_dados_abertos_cnpj' retrieved from /opt/airflow/dags/saving_file.py
[2025-03-29T18:31:47.280+0000] {logging_mixin.py:190} INFO - [2025-03-29T18:31:47.280+0000] {dag.py:3239} INFO - Sync 1 DAGs
[2025-03-29T18:31:47.292+0000] {logging_mixin.py:190} INFO - [2025-03-29T18:31:47.292+0000] {dag.py:4180} INFO - Setting next_dagrun for gerar_csv_dados_abertos_cnpj to 2025-03-28 00:00:00+00:00, run_after=2025-03-29 00:00:00+00:00
[2025-03-29T18:31:47.302+0000] {processor.py:208} INFO - Processing /opt/airflow/dags/saving_file.py took 0.180 seconds
[2025-03-29T18:32:17.494+0000] {processor.py:186} INFO - Started process (PID=5138) to work on /opt/airflow/dags/saving_file.py
[2025-03-29T18:32:17.495+0000] {processor.py:914} INFO - Processing file /opt/airflow/dags/saving_file.py for tasks to queue
[2025-03-29T18:32:17.497+0000] {logging_mixin.py:190} INFO - [2025-03-29T18:32:17.497+0000] {dagbag.py:588} INFO - Filling up the DagBag from /opt/airflow/dags/saving_file.py
[2025-03-29T18:32:17.637+0000] {processor.py:925} INFO - DAG(s) 'gerar_csv_dados_abertos_cnpj' retrieved from /opt/airflow/dags/saving_file.py
[2025-03-29T18:32:17.651+0000] {logging_mixin.py:190} INFO - [2025-03-29T18:32:17.651+0000] {dag.py:3239} INFO - Sync 1 DAGs
[2025-03-29T18:32:17.664+0000] {logging_mixin.py:190} INFO - [2025-03-29T18:32:17.663+0000] {dag.py:4180} INFO - Setting next_dagrun for gerar_csv_dados_abertos_cnpj to 2025-03-28 00:00:00+00:00, run_after=2025-03-29 00:00:00+00:00
[2025-03-29T18:32:17.675+0000] {processor.py:208} INFO - Processing /opt/airflow/dags/saving_file.py took 0.183 seconds
[2025-03-29T18:32:47.879+0000] {processor.py:186} INFO - Started process (PID=5149) to work on /opt/airflow/dags/saving_file.py
[2025-03-29T18:32:47.881+0000] {processor.py:914} INFO - Processing file /opt/airflow/dags/saving_file.py for tasks to queue
[2025-03-29T18:32:47.883+0000] {logging_mixin.py:190} INFO - [2025-03-29T18:32:47.883+0000] {dagbag.py:588} INFO - Filling up the DagBag from /opt/airflow/dags/saving_file.py
[2025-03-29T18:32:48.017+0000] {processor.py:925} INFO - DAG(s) 'gerar_csv_dados_abertos_cnpj' retrieved from /opt/airflow/dags/saving_file.py
[2025-03-29T18:32:48.030+0000] {logging_mixin.py:190} INFO - [2025-03-29T18:32:48.030+0000] {dag.py:3239} INFO - Sync 1 DAGs
[2025-03-29T18:32:48.042+0000] {logging_mixin.py:190} INFO - [2025-03-29T18:32:48.042+0000] {dag.py:4180} INFO - Setting next_dagrun for gerar_csv_dados_abertos_cnpj to 2025-03-28 00:00:00+00:00, run_after=2025-03-29 00:00:00+00:00
[2025-03-29T18:32:48.053+0000] {processor.py:208} INFO - Processing /opt/airflow/dags/saving_file.py took 0.177 seconds
[2025-03-29T18:33:18.257+0000] {processor.py:186} INFO - Started process (PID=5160) to work on /opt/airflow/dags/saving_file.py
[2025-03-29T18:33:18.258+0000] {processor.py:914} INFO - Processing file /opt/airflow/dags/saving_file.py for tasks to queue
[2025-03-29T18:33:18.261+0000] {logging_mixin.py:190} INFO - [2025-03-29T18:33:18.261+0000] {dagbag.py:588} INFO - Filling up the DagBag from /opt/airflow/dags/saving_file.py
[2025-03-29T18:33:18.400+0000] {processor.py:925} INFO - DAG(s) 'gerar_csv_dados_abertos_cnpj' retrieved from /opt/airflow/dags/saving_file.py
[2025-03-29T18:33:18.411+0000] {logging_mixin.py:190} INFO - [2025-03-29T18:33:18.411+0000] {dag.py:3239} INFO - Sync 1 DAGs
[2025-03-29T18:33:18.424+0000] {logging_mixin.py:190} INFO - [2025-03-29T18:33:18.424+0000] {dag.py:4180} INFO - Setting next_dagrun for gerar_csv_dados_abertos_cnpj to 2025-03-28 00:00:00+00:00, run_after=2025-03-29 00:00:00+00:00
[2025-03-29T18:33:18.434+0000] {processor.py:208} INFO - Processing /opt/airflow/dags/saving_file.py took 0.180 seconds
[2025-03-29T18:33:48.637+0000] {processor.py:186} INFO - Started process (PID=5171) to work on /opt/airflow/dags/saving_file.py
[2025-03-29T18:33:48.638+0000] {processor.py:914} INFO - Processing file /opt/airflow/dags/saving_file.py for tasks to queue
[2025-03-29T18:33:48.640+0000] {logging_mixin.py:190} INFO - [2025-03-29T18:33:48.639+0000] {dagbag.py:588} INFO - Filling up the DagBag from /opt/airflow/dags/saving_file.py
[2025-03-29T18:33:48.778+0000] {processor.py:925} INFO - DAG(s) 'gerar_csv_dados_abertos_cnpj' retrieved from /opt/airflow/dags/saving_file.py
[2025-03-29T18:33:48.792+0000] {logging_mixin.py:190} INFO - [2025-03-29T18:33:48.792+0000] {dag.py:3239} INFO - Sync 1 DAGs
[2025-03-29T18:33:48.804+0000] {logging_mixin.py:190} INFO - [2025-03-29T18:33:48.804+0000] {dag.py:4180} INFO - Setting next_dagrun for gerar_csv_dados_abertos_cnpj to 2025-03-28 00:00:00+00:00, run_after=2025-03-29 00:00:00+00:00
[2025-03-29T18:33:48.813+0000] {processor.py:208} INFO - Processing /opt/airflow/dags/saving_file.py took 0.180 seconds
[2025-03-29T18:34:19.018+0000] {processor.py:186} INFO - Started process (PID=5182) to work on /opt/airflow/dags/saving_file.py
[2025-03-29T18:34:19.019+0000] {processor.py:914} INFO - Processing file /opt/airflow/dags/saving_file.py for tasks to queue
[2025-03-29T18:34:19.021+0000] {logging_mixin.py:190} INFO - [2025-03-29T18:34:19.021+0000] {dagbag.py:588} INFO - Filling up the DagBag from /opt/airflow/dags/saving_file.py
[2025-03-29T18:34:19.160+0000] {processor.py:925} INFO - DAG(s) 'gerar_csv_dados_abertos_cnpj' retrieved from /opt/airflow/dags/saving_file.py
[2025-03-29T18:34:19.173+0000] {logging_mixin.py:190} INFO - [2025-03-29T18:34:19.173+0000] {dag.py:3239} INFO - Sync 1 DAGs
[2025-03-29T18:34:19.184+0000] {logging_mixin.py:190} INFO - [2025-03-29T18:34:19.184+0000] {dag.py:4180} INFO - Setting next_dagrun for gerar_csv_dados_abertos_cnpj to 2025-03-28 00:00:00+00:00, run_after=2025-03-29 00:00:00+00:00
[2025-03-29T18:34:19.193+0000] {processor.py:208} INFO - Processing /opt/airflow/dags/saving_file.py took 0.179 seconds
[2025-03-29T18:34:49.398+0000] {processor.py:186} INFO - Started process (PID=5193) to work on /opt/airflow/dags/saving_file.py
[2025-03-29T18:34:49.399+0000] {processor.py:914} INFO - Processing file /opt/airflow/dags/saving_file.py for tasks to queue
[2025-03-29T18:34:49.401+0000] {logging_mixin.py:190} INFO - [2025-03-29T18:34:49.401+0000] {dagbag.py:588} INFO - Filling up the DagBag from /opt/airflow/dags/saving_file.py
[2025-03-29T18:34:49.540+0000] {processor.py:925} INFO - DAG(s) 'gerar_csv_dados_abertos_cnpj' retrieved from /opt/airflow/dags/saving_file.py
[2025-03-29T18:34:49.553+0000] {logging_mixin.py:190} INFO - [2025-03-29T18:34:49.553+0000] {dag.py:3239} INFO - Sync 1 DAGs
[2025-03-29T18:34:49.564+0000] {logging_mixin.py:190} INFO - [2025-03-29T18:34:49.564+0000] {dag.py:4180} INFO - Setting next_dagrun for gerar_csv_dados_abertos_cnpj to 2025-03-28 00:00:00+00:00, run_after=2025-03-29 00:00:00+00:00
[2025-03-29T18:34:49.574+0000] {processor.py:208} INFO - Processing /opt/airflow/dags/saving_file.py took 0.180 seconds
[2025-03-29T18:35:19.779+0000] {processor.py:186} INFO - Started process (PID=5204) to work on /opt/airflow/dags/saving_file.py
[2025-03-29T18:35:19.780+0000] {processor.py:914} INFO - Processing file /opt/airflow/dags/saving_file.py for tasks to queue
[2025-03-29T18:35:19.781+0000] {logging_mixin.py:190} INFO - [2025-03-29T18:35:19.781+0000] {dagbag.py:588} INFO - Filling up the DagBag from /opt/airflow/dags/saving_file.py
[2025-03-29T18:35:19.916+0000] {processor.py:925} INFO - DAG(s) 'gerar_csv_dados_abertos_cnpj' retrieved from /opt/airflow/dags/saving_file.py
[2025-03-29T18:35:19.929+0000] {logging_mixin.py:190} INFO - [2025-03-29T18:35:19.929+0000] {dag.py:3239} INFO - Sync 1 DAGs
[2025-03-29T18:35:19.942+0000] {logging_mixin.py:190} INFO - [2025-03-29T18:35:19.942+0000] {dag.py:4180} INFO - Setting next_dagrun for gerar_csv_dados_abertos_cnpj to 2025-03-28 00:00:00+00:00, run_after=2025-03-29 00:00:00+00:00
[2025-03-29T18:35:19.953+0000] {processor.py:208} INFO - Processing /opt/airflow/dags/saving_file.py took 0.177 seconds
[2025-03-29T18:35:50.210+0000] {processor.py:186} INFO - Started process (PID=5215) to work on /opt/airflow/dags/saving_file.py
[2025-03-29T18:35:50.211+0000] {processor.py:914} INFO - Processing file /opt/airflow/dags/saving_file.py for tasks to queue
[2025-03-29T18:35:50.213+0000] {logging_mixin.py:190} INFO - [2025-03-29T18:35:50.213+0000] {dagbag.py:588} INFO - Filling up the DagBag from /opt/airflow/dags/saving_file.py
[2025-03-29T18:35:50.356+0000] {processor.py:925} INFO - DAG(s) 'gerar_csv_dados_abertos_cnpj' retrieved from /opt/airflow/dags/saving_file.py
[2025-03-29T18:35:50.370+0000] {logging_mixin.py:190} INFO - [2025-03-29T18:35:50.369+0000] {dag.py:3239} INFO - Sync 1 DAGs
[2025-03-29T18:35:50.381+0000] {logging_mixin.py:190} INFO - [2025-03-29T18:35:50.381+0000] {dag.py:4180} INFO - Setting next_dagrun for gerar_csv_dados_abertos_cnpj to 2025-03-28 00:00:00+00:00, run_after=2025-03-29 00:00:00+00:00
[2025-03-29T18:35:50.390+0000] {processor.py:208} INFO - Processing /opt/airflow/dags/saving_file.py took 0.183 seconds
[2025-03-29T18:36:20.590+0000] {processor.py:186} INFO - Started process (PID=5226) to work on /opt/airflow/dags/saving_file.py
[2025-03-29T18:36:20.591+0000] {processor.py:914} INFO - Processing file /opt/airflow/dags/saving_file.py for tasks to queue
[2025-03-29T18:36:20.593+0000] {logging_mixin.py:190} INFO - [2025-03-29T18:36:20.593+0000] {dagbag.py:588} INFO - Filling up the DagBag from /opt/airflow/dags/saving_file.py
[2025-03-29T18:36:20.727+0000] {processor.py:925} INFO - DAG(s) 'gerar_csv_dados_abertos_cnpj' retrieved from /opt/airflow/dags/saving_file.py
[2025-03-29T18:36:20.739+0000] {logging_mixin.py:190} INFO - [2025-03-29T18:36:20.739+0000] {dag.py:3239} INFO - Sync 1 DAGs
[2025-03-29T18:36:20.750+0000] {logging_mixin.py:190} INFO - [2025-03-29T18:36:20.750+0000] {dag.py:4180} INFO - Setting next_dagrun for gerar_csv_dados_abertos_cnpj to 2025-03-28 00:00:00+00:00, run_after=2025-03-29 00:00:00+00:00
[2025-03-29T18:36:20.759+0000] {processor.py:208} INFO - Processing /opt/airflow/dags/saving_file.py took 0.172 seconds
[2025-03-29T18:36:50.953+0000] {processor.py:186} INFO - Started process (PID=5237) to work on /opt/airflow/dags/saving_file.py
[2025-03-29T18:36:50.954+0000] {processor.py:914} INFO - Processing file /opt/airflow/dags/saving_file.py for tasks to queue
[2025-03-29T18:36:50.956+0000] {logging_mixin.py:190} INFO - [2025-03-29T18:36:50.956+0000] {dagbag.py:588} INFO - Filling up the DagBag from /opt/airflow/dags/saving_file.py
[2025-03-29T18:36:51.093+0000] {processor.py:925} INFO - DAG(s) 'gerar_csv_dados_abertos_cnpj' retrieved from /opt/airflow/dags/saving_file.py
[2025-03-29T18:36:51.105+0000] {logging_mixin.py:190} INFO - [2025-03-29T18:36:51.105+0000] {dag.py:3239} INFO - Sync 1 DAGs
[2025-03-29T18:36:51.116+0000] {logging_mixin.py:190} INFO - [2025-03-29T18:36:51.116+0000] {dag.py:4180} INFO - Setting next_dagrun for gerar_csv_dados_abertos_cnpj to 2025-03-28 00:00:00+00:00, run_after=2025-03-29 00:00:00+00:00
[2025-03-29T18:36:51.125+0000] {processor.py:208} INFO - Processing /opt/airflow/dags/saving_file.py took 0.175 seconds
[2025-03-29T18:37:21.316+0000] {processor.py:186} INFO - Started process (PID=5248) to work on /opt/airflow/dags/saving_file.py
[2025-03-29T18:37:21.318+0000] {processor.py:914} INFO - Processing file /opt/airflow/dags/saving_file.py for tasks to queue
[2025-03-29T18:37:21.320+0000] {logging_mixin.py:190} INFO - [2025-03-29T18:37:21.320+0000] {dagbag.py:588} INFO - Filling up the DagBag from /opt/airflow/dags/saving_file.py
[2025-03-29T18:37:21.455+0000] {processor.py:925} INFO - DAG(s) 'gerar_csv_dados_abertos_cnpj' retrieved from /opt/airflow/dags/saving_file.py
[2025-03-29T18:37:21.467+0000] {logging_mixin.py:190} INFO - [2025-03-29T18:37:21.467+0000] {dag.py:3239} INFO - Sync 1 DAGs
[2025-03-29T18:37:21.480+0000] {logging_mixin.py:190} INFO - [2025-03-29T18:37:21.480+0000] {dag.py:4180} INFO - Setting next_dagrun for gerar_csv_dados_abertos_cnpj to 2025-03-28 00:00:00+00:00, run_after=2025-03-29 00:00:00+00:00
[2025-03-29T18:37:21.489+0000] {processor.py:208} INFO - Processing /opt/airflow/dags/saving_file.py took 0.176 seconds
[2025-03-29T18:37:51.692+0000] {processor.py:186} INFO - Started process (PID=5259) to work on /opt/airflow/dags/saving_file.py
[2025-03-29T18:37:51.694+0000] {processor.py:914} INFO - Processing file /opt/airflow/dags/saving_file.py for tasks to queue
[2025-03-29T18:37:51.697+0000] {logging_mixin.py:190} INFO - [2025-03-29T18:37:51.696+0000] {dagbag.py:588} INFO - Filling up the DagBag from /opt/airflow/dags/saving_file.py
[2025-03-29T18:37:51.836+0000] {processor.py:925} INFO - DAG(s) 'gerar_csv_dados_abertos_cnpj' retrieved from /opt/airflow/dags/saving_file.py
[2025-03-29T18:37:51.850+0000] {logging_mixin.py:190} INFO - [2025-03-29T18:37:51.850+0000] {dag.py:3239} INFO - Sync 1 DAGs
[2025-03-29T18:37:51.860+0000] {logging_mixin.py:190} INFO - [2025-03-29T18:37:51.860+0000] {dag.py:4180} INFO - Setting next_dagrun for gerar_csv_dados_abertos_cnpj to 2025-03-28 00:00:00+00:00, run_after=2025-03-29 00:00:00+00:00
[2025-03-29T18:37:51.869+0000] {processor.py:208} INFO - Processing /opt/airflow/dags/saving_file.py took 0.180 seconds
[2025-03-29T18:38:22.067+0000] {processor.py:186} INFO - Started process (PID=5270) to work on /opt/airflow/dags/saving_file.py
[2025-03-29T18:38:22.068+0000] {processor.py:914} INFO - Processing file /opt/airflow/dags/saving_file.py for tasks to queue
[2025-03-29T18:38:22.070+0000] {logging_mixin.py:190} INFO - [2025-03-29T18:38:22.069+0000] {dagbag.py:588} INFO - Filling up the DagBag from /opt/airflow/dags/saving_file.py
[2025-03-29T18:38:22.205+0000] {processor.py:925} INFO - DAG(s) 'gerar_csv_dados_abertos_cnpj' retrieved from /opt/airflow/dags/saving_file.py
[2025-03-29T18:38:22.218+0000] {logging_mixin.py:190} INFO - [2025-03-29T18:38:22.217+0000] {dag.py:3239} INFO - Sync 1 DAGs
[2025-03-29T18:38:22.230+0000] {logging_mixin.py:190} INFO - [2025-03-29T18:38:22.230+0000] {dag.py:4180} INFO - Setting next_dagrun for gerar_csv_dados_abertos_cnpj to 2025-03-28 00:00:00+00:00, run_after=2025-03-29 00:00:00+00:00
[2025-03-29T18:38:22.239+0000] {processor.py:208} INFO - Processing /opt/airflow/dags/saving_file.py took 0.175 seconds
[2025-03-29T18:38:52.449+0000] {processor.py:186} INFO - Started process (PID=5281) to work on /opt/airflow/dags/saving_file.py
[2025-03-29T18:38:52.450+0000] {processor.py:914} INFO - Processing file /opt/airflow/dags/saving_file.py for tasks to queue
[2025-03-29T18:38:52.453+0000] {logging_mixin.py:190} INFO - [2025-03-29T18:38:52.453+0000] {dagbag.py:588} INFO - Filling up the DagBag from /opt/airflow/dags/saving_file.py
[2025-03-29T18:38:52.590+0000] {processor.py:925} INFO - DAG(s) 'gerar_csv_dados_abertos_cnpj' retrieved from /opt/airflow/dags/saving_file.py
[2025-03-29T18:38:52.603+0000] {logging_mixin.py:190} INFO - [2025-03-29T18:38:52.603+0000] {dag.py:3239} INFO - Sync 1 DAGs
[2025-03-29T18:38:52.615+0000] {logging_mixin.py:190} INFO - [2025-03-29T18:38:52.615+0000] {dag.py:4180} INFO - Setting next_dagrun for gerar_csv_dados_abertos_cnpj to 2025-03-28 00:00:00+00:00, run_after=2025-03-29 00:00:00+00:00
[2025-03-29T18:38:52.624+0000] {processor.py:208} INFO - Processing /opt/airflow/dags/saving_file.py took 0.177 seconds
[2025-03-29T18:39:22.828+0000] {processor.py:186} INFO - Started process (PID=5292) to work on /opt/airflow/dags/saving_file.py
[2025-03-29T18:39:22.829+0000] {processor.py:914} INFO - Processing file /opt/airflow/dags/saving_file.py for tasks to queue
[2025-03-29T18:39:22.832+0000] {logging_mixin.py:190} INFO - [2025-03-29T18:39:22.832+0000] {dagbag.py:588} INFO - Filling up the DagBag from /opt/airflow/dags/saving_file.py
[2025-03-29T18:39:22.971+0000] {processor.py:925} INFO - DAG(s) 'gerar_csv_dados_abertos_cnpj' retrieved from /opt/airflow/dags/saving_file.py
[2025-03-29T18:39:22.985+0000] {logging_mixin.py:190} INFO - [2025-03-29T18:39:22.984+0000] {dag.py:3239} INFO - Sync 1 DAGs
[2025-03-29T18:39:22.996+0000] {logging_mixin.py:190} INFO - [2025-03-29T18:39:22.996+0000] {dag.py:4180} INFO - Setting next_dagrun for gerar_csv_dados_abertos_cnpj to 2025-03-28 00:00:00+00:00, run_after=2025-03-29 00:00:00+00:00
[2025-03-29T18:39:23.006+0000] {processor.py:208} INFO - Processing /opt/airflow/dags/saving_file.py took 0.180 seconds
[2025-03-29T18:39:53.210+0000] {processor.py:186} INFO - Started process (PID=5303) to work on /opt/airflow/dags/saving_file.py
[2025-03-29T18:39:53.211+0000] {processor.py:914} INFO - Processing file /opt/airflow/dags/saving_file.py for tasks to queue
[2025-03-29T18:39:53.213+0000] {logging_mixin.py:190} INFO - [2025-03-29T18:39:53.213+0000] {dagbag.py:588} INFO - Filling up the DagBag from /opt/airflow/dags/saving_file.py
[2025-03-29T18:39:53.350+0000] {processor.py:925} INFO - DAG(s) 'gerar_csv_dados_abertos_cnpj' retrieved from /opt/airflow/dags/saving_file.py
[2025-03-29T18:39:53.362+0000] {logging_mixin.py:190} INFO - [2025-03-29T18:39:53.362+0000] {dag.py:3239} INFO - Sync 1 DAGs
[2025-03-29T18:39:53.374+0000] {logging_mixin.py:190} INFO - [2025-03-29T18:39:53.373+0000] {dag.py:4180} INFO - Setting next_dagrun for gerar_csv_dados_abertos_cnpj to 2025-03-28 00:00:00+00:00, run_after=2025-03-29 00:00:00+00:00
[2025-03-29T18:39:53.383+0000] {processor.py:208} INFO - Processing /opt/airflow/dags/saving_file.py took 0.175 seconds
[2025-03-29T18:40:23.596+0000] {processor.py:186} INFO - Started process (PID=5314) to work on /opt/airflow/dags/saving_file.py
[2025-03-29T18:40:23.596+0000] {processor.py:914} INFO - Processing file /opt/airflow/dags/saving_file.py for tasks to queue
[2025-03-29T18:40:23.599+0000] {logging_mixin.py:190} INFO - [2025-03-29T18:40:23.598+0000] {dagbag.py:588} INFO - Filling up the DagBag from /opt/airflow/dags/saving_file.py
[2025-03-29T18:40:23.730+0000] {processor.py:925} INFO - DAG(s) 'gerar_csv_dados_abertos_cnpj' retrieved from /opt/airflow/dags/saving_file.py
[2025-03-29T18:40:23.745+0000] {logging_mixin.py:190} INFO - [2025-03-29T18:40:23.745+0000] {dag.py:3239} INFO - Sync 1 DAGs
[2025-03-29T18:40:23.758+0000] {logging_mixin.py:190} INFO - [2025-03-29T18:40:23.758+0000] {dag.py:4180} INFO - Setting next_dagrun for gerar_csv_dados_abertos_cnpj to 2025-03-28 00:00:00+00:00, run_after=2025-03-29 00:00:00+00:00
[2025-03-29T18:40:23.771+0000] {processor.py:208} INFO - Processing /opt/airflow/dags/saving_file.py took 0.178 seconds
[2025-03-29T18:40:54.108+0000] {processor.py:186} INFO - Started process (PID=5325) to work on /opt/airflow/dags/saving_file.py
[2025-03-29T18:40:54.109+0000] {processor.py:914} INFO - Processing file /opt/airflow/dags/saving_file.py for tasks to queue
[2025-03-29T18:40:54.111+0000] {logging_mixin.py:190} INFO - [2025-03-29T18:40:54.111+0000] {dagbag.py:588} INFO - Filling up the DagBag from /opt/airflow/dags/saving_file.py
[2025-03-29T18:40:54.247+0000] {processor.py:925} INFO - DAG(s) 'gerar_csv_dados_abertos_cnpj' retrieved from /opt/airflow/dags/saving_file.py
[2025-03-29T18:40:54.258+0000] {logging_mixin.py:190} INFO - [2025-03-29T18:40:54.258+0000] {dag.py:3239} INFO - Sync 1 DAGs
[2025-03-29T18:40:54.269+0000] {logging_mixin.py:190} INFO - [2025-03-29T18:40:54.269+0000] {dag.py:4180} INFO - Setting next_dagrun for gerar_csv_dados_abertos_cnpj to 2025-03-28 00:00:00+00:00, run_after=2025-03-29 00:00:00+00:00
[2025-03-29T18:40:54.280+0000] {processor.py:208} INFO - Processing /opt/airflow/dags/saving_file.py took 0.175 seconds
[2025-03-29T18:41:24.524+0000] {processor.py:186} INFO - Started process (PID=5336) to work on /opt/airflow/dags/saving_file.py
[2025-03-29T18:41:24.525+0000] {processor.py:914} INFO - Processing file /opt/airflow/dags/saving_file.py for tasks to queue
[2025-03-29T18:41:24.528+0000] {logging_mixin.py:190} INFO - [2025-03-29T18:41:24.527+0000] {dagbag.py:588} INFO - Filling up the DagBag from /opt/airflow/dags/saving_file.py
[2025-03-29T18:41:24.663+0000] {processor.py:925} INFO - DAG(s) 'gerar_csv_dados_abertos_cnpj' retrieved from /opt/airflow/dags/saving_file.py
[2025-03-29T18:41:24.675+0000] {logging_mixin.py:190} INFO - [2025-03-29T18:41:24.674+0000] {dag.py:3239} INFO - Sync 1 DAGs
[2025-03-29T18:41:24.686+0000] {logging_mixin.py:190} INFO - [2025-03-29T18:41:24.685+0000] {dag.py:4180} INFO - Setting next_dagrun for gerar_csv_dados_abertos_cnpj to 2025-03-28 00:00:00+00:00, run_after=2025-03-29 00:00:00+00:00
[2025-03-29T18:41:24.695+0000] {processor.py:208} INFO - Processing /opt/airflow/dags/saving_file.py took 0.173 seconds
[2025-03-29T18:41:54.908+0000] {processor.py:186} INFO - Started process (PID=5347) to work on /opt/airflow/dags/saving_file.py
[2025-03-29T18:41:54.909+0000] {processor.py:914} INFO - Processing file /opt/airflow/dags/saving_file.py for tasks to queue
[2025-03-29T18:41:54.911+0000] {logging_mixin.py:190} INFO - [2025-03-29T18:41:54.911+0000] {dagbag.py:588} INFO - Filling up the DagBag from /opt/airflow/dags/saving_file.py
[2025-03-29T18:41:55.047+0000] {processor.py:925} INFO - DAG(s) 'gerar_csv_dados_abertos_cnpj' retrieved from /opt/airflow/dags/saving_file.py
[2025-03-29T18:41:55.061+0000] {logging_mixin.py:190} INFO - [2025-03-29T18:41:55.060+0000] {dag.py:3239} INFO - Sync 1 DAGs
[2025-03-29T18:41:55.073+0000] {logging_mixin.py:190} INFO - [2025-03-29T18:41:55.073+0000] {dag.py:4180} INFO - Setting next_dagrun for gerar_csv_dados_abertos_cnpj to 2025-03-28 00:00:00+00:00, run_after=2025-03-29 00:00:00+00:00
[2025-03-29T18:41:55.083+0000] {processor.py:208} INFO - Processing /opt/airflow/dags/saving_file.py took 0.178 seconds
[2025-03-29T18:42:25.379+0000] {processor.py:186} INFO - Started process (PID=5358) to work on /opt/airflow/dags/saving_file.py
[2025-03-29T18:42:25.381+0000] {processor.py:914} INFO - Processing file /opt/airflow/dags/saving_file.py for tasks to queue
[2025-03-29T18:42:25.382+0000] {logging_mixin.py:190} INFO - [2025-03-29T18:42:25.382+0000] {dagbag.py:588} INFO - Filling up the DagBag from /opt/airflow/dags/saving_file.py
[2025-03-29T18:42:25.520+0000] {processor.py:925} INFO - DAG(s) 'gerar_csv_dados_abertos_cnpj' retrieved from /opt/airflow/dags/saving_file.py
[2025-03-29T18:42:25.531+0000] {logging_mixin.py:190} INFO - [2025-03-29T18:42:25.531+0000] {dag.py:3239} INFO - Sync 1 DAGs
[2025-03-29T18:42:25.542+0000] {logging_mixin.py:190} INFO - [2025-03-29T18:42:25.542+0000] {dag.py:4180} INFO - Setting next_dagrun for gerar_csv_dados_abertos_cnpj to 2025-03-28 00:00:00+00:00, run_after=2025-03-29 00:00:00+00:00
[2025-03-29T18:42:25.552+0000] {processor.py:208} INFO - Processing /opt/airflow/dags/saving_file.py took 0.176 seconds
[2025-03-29T18:42:55.773+0000] {processor.py:186} INFO - Started process (PID=5369) to work on /opt/airflow/dags/saving_file.py
[2025-03-29T18:42:55.774+0000] {processor.py:914} INFO - Processing file /opt/airflow/dags/saving_file.py for tasks to queue
[2025-03-29T18:42:55.777+0000] {logging_mixin.py:190} INFO - [2025-03-29T18:42:55.776+0000] {dagbag.py:588} INFO - Filling up the DagBag from /opt/airflow/dags/saving_file.py
[2025-03-29T18:42:55.911+0000] {processor.py:925} INFO - DAG(s) 'gerar_csv_dados_abertos_cnpj' retrieved from /opt/airflow/dags/saving_file.py
[2025-03-29T18:42:55.923+0000] {logging_mixin.py:190} INFO - [2025-03-29T18:42:55.923+0000] {dag.py:3239} INFO - Sync 1 DAGs
[2025-03-29T18:42:55.935+0000] {logging_mixin.py:190} INFO - [2025-03-29T18:42:55.934+0000] {dag.py:4180} INFO - Setting next_dagrun for gerar_csv_dados_abertos_cnpj to 2025-03-28 00:00:00+00:00, run_after=2025-03-29 00:00:00+00:00
[2025-03-29T18:42:55.944+0000] {processor.py:208} INFO - Processing /opt/airflow/dags/saving_file.py took 0.174 seconds
[2025-03-29T18:43:26.240+0000] {processor.py:186} INFO - Started process (PID=5380) to work on /opt/airflow/dags/saving_file.py
[2025-03-29T18:43:26.241+0000] {processor.py:914} INFO - Processing file /opt/airflow/dags/saving_file.py for tasks to queue
[2025-03-29T18:43:26.243+0000] {logging_mixin.py:190} INFO - [2025-03-29T18:43:26.243+0000] {dagbag.py:588} INFO - Filling up the DagBag from /opt/airflow/dags/saving_file.py
[2025-03-29T18:43:26.379+0000] {processor.py:925} INFO - DAG(s) 'gerar_csv_dados_abertos_cnpj' retrieved from /opt/airflow/dags/saving_file.py
[2025-03-29T18:43:26.392+0000] {logging_mixin.py:190} INFO - [2025-03-29T18:43:26.392+0000] {dag.py:3239} INFO - Sync 1 DAGs
[2025-03-29T18:43:26.404+0000] {logging_mixin.py:190} INFO - [2025-03-29T18:43:26.404+0000] {dag.py:4180} INFO - Setting next_dagrun for gerar_csv_dados_abertos_cnpj to 2025-03-28 00:00:00+00:00, run_after=2025-03-29 00:00:00+00:00
[2025-03-29T18:43:26.415+0000] {processor.py:208} INFO - Processing /opt/airflow/dags/saving_file.py took 0.178 seconds
[2025-03-29T18:43:56.611+0000] {processor.py:186} INFO - Started process (PID=5391) to work on /opt/airflow/dags/saving_file.py
[2025-03-29T18:43:56.612+0000] {processor.py:914} INFO - Processing file /opt/airflow/dags/saving_file.py for tasks to queue
[2025-03-29T18:43:56.615+0000] {logging_mixin.py:190} INFO - [2025-03-29T18:43:56.614+0000] {dagbag.py:588} INFO - Filling up the DagBag from /opt/airflow/dags/saving_file.py
[2025-03-29T18:43:56.746+0000] {processor.py:925} INFO - DAG(s) 'gerar_csv_dados_abertos_cnpj' retrieved from /opt/airflow/dags/saving_file.py
[2025-03-29T18:43:56.767+0000] {logging_mixin.py:190} INFO - [2025-03-29T18:43:56.767+0000] {dag.py:3239} INFO - Sync 1 DAGs
[2025-03-29T18:43:56.779+0000] {logging_mixin.py:190} INFO - [2025-03-29T18:43:56.779+0000] {dag.py:4180} INFO - Setting next_dagrun for gerar_csv_dados_abertos_cnpj to 2025-03-28 00:00:00+00:00, run_after=2025-03-29 00:00:00+00:00
[2025-03-29T18:43:56.789+0000] {processor.py:208} INFO - Processing /opt/airflow/dags/saving_file.py took 0.181 seconds
[2025-03-29T18:44:27.023+0000] {processor.py:186} INFO - Started process (PID=5402) to work on /opt/airflow/dags/saving_file.py
[2025-03-29T18:44:27.024+0000] {processor.py:914} INFO - Processing file /opt/airflow/dags/saving_file.py for tasks to queue
[2025-03-29T18:44:27.026+0000] {logging_mixin.py:190} INFO - [2025-03-29T18:44:27.026+0000] {dagbag.py:588} INFO - Filling up the DagBag from /opt/airflow/dags/saving_file.py
[2025-03-29T18:44:27.161+0000] {processor.py:925} INFO - DAG(s) 'gerar_csv_dados_abertos_cnpj' retrieved from /opt/airflow/dags/saving_file.py
[2025-03-29T18:44:27.173+0000] {logging_mixin.py:190} INFO - [2025-03-29T18:44:27.172+0000] {dag.py:3239} INFO - Sync 1 DAGs
[2025-03-29T18:44:27.184+0000] {logging_mixin.py:190} INFO - [2025-03-29T18:44:27.183+0000] {dag.py:4180} INFO - Setting next_dagrun for gerar_csv_dados_abertos_cnpj to 2025-03-28 00:00:00+00:00, run_after=2025-03-29 00:00:00+00:00
[2025-03-29T18:44:27.192+0000] {processor.py:208} INFO - Processing /opt/airflow/dags/saving_file.py took 0.172 seconds
[2025-03-29T18:44:57.459+0000] {processor.py:186} INFO - Started process (PID=5413) to work on /opt/airflow/dags/saving_file.py
[2025-03-29T18:44:57.460+0000] {processor.py:914} INFO - Processing file /opt/airflow/dags/saving_file.py for tasks to queue
[2025-03-29T18:44:57.463+0000] {logging_mixin.py:190} INFO - [2025-03-29T18:44:57.462+0000] {dagbag.py:588} INFO - Filling up the DagBag from /opt/airflow/dags/saving_file.py
[2025-03-29T18:44:57.610+0000] {processor.py:925} INFO - DAG(s) 'gerar_csv_dados_abertos_cnpj' retrieved from /opt/airflow/dags/saving_file.py
[2025-03-29T18:44:57.622+0000] {logging_mixin.py:190} INFO - [2025-03-29T18:44:57.622+0000] {dag.py:3239} INFO - Sync 1 DAGs
[2025-03-29T18:44:57.633+0000] {logging_mixin.py:190} INFO - [2025-03-29T18:44:57.633+0000] {dag.py:4180} INFO - Setting next_dagrun for gerar_csv_dados_abertos_cnpj to 2025-03-28 00:00:00+00:00, run_after=2025-03-29 00:00:00+00:00
[2025-03-29T18:44:57.642+0000] {processor.py:208} INFO - Processing /opt/airflow/dags/saving_file.py took 0.186 seconds
[2025-03-29T18:45:27.853+0000] {processor.py:186} INFO - Started process (PID=5424) to work on /opt/airflow/dags/saving_file.py
[2025-03-29T18:45:27.854+0000] {processor.py:914} INFO - Processing file /opt/airflow/dags/saving_file.py for tasks to queue
[2025-03-29T18:45:27.856+0000] {logging_mixin.py:190} INFO - [2025-03-29T18:45:27.856+0000] {dagbag.py:588} INFO - Filling up the DagBag from /opt/airflow/dags/saving_file.py
[2025-03-29T18:45:27.990+0000] {processor.py:925} INFO - DAG(s) 'gerar_csv_dados_abertos_cnpj' retrieved from /opt/airflow/dags/saving_file.py
[2025-03-29T18:45:28.003+0000] {logging_mixin.py:190} INFO - [2025-03-29T18:45:28.002+0000] {dag.py:3239} INFO - Sync 1 DAGs
[2025-03-29T18:45:28.015+0000] {logging_mixin.py:190} INFO - [2025-03-29T18:45:28.015+0000] {dag.py:4180} INFO - Setting next_dagrun for gerar_csv_dados_abertos_cnpj to 2025-03-28 00:00:00+00:00, run_after=2025-03-29 00:00:00+00:00
[2025-03-29T18:45:28.025+0000] {processor.py:208} INFO - Processing /opt/airflow/dags/saving_file.py took 0.175 seconds
[2025-03-29T18:45:58.286+0000] {processor.py:186} INFO - Started process (PID=5435) to work on /opt/airflow/dags/saving_file.py
[2025-03-29T18:45:58.286+0000] {processor.py:914} INFO - Processing file /opt/airflow/dags/saving_file.py for tasks to queue
[2025-03-29T18:45:58.288+0000] {logging_mixin.py:190} INFO - [2025-03-29T18:45:58.288+0000] {dagbag.py:588} INFO - Filling up the DagBag from /opt/airflow/dags/saving_file.py
[2025-03-29T18:45:58.428+0000] {processor.py:925} INFO - DAG(s) 'gerar_csv_dados_abertos_cnpj' retrieved from /opt/airflow/dags/saving_file.py
[2025-03-29T18:45:58.441+0000] {logging_mixin.py:190} INFO - [2025-03-29T18:45:58.441+0000] {dag.py:3239} INFO - Sync 1 DAGs
[2025-03-29T18:45:58.454+0000] {logging_mixin.py:190} INFO - [2025-03-29T18:45:58.454+0000] {dag.py:4180} INFO - Setting next_dagrun for gerar_csv_dados_abertos_cnpj to 2025-03-28 00:00:00+00:00, run_after=2025-03-29 00:00:00+00:00
[2025-03-29T18:45:58.467+0000] {processor.py:208} INFO - Processing /opt/airflow/dags/saving_file.py took 0.185 seconds
[2025-03-29T18:46:28.670+0000] {processor.py:186} INFO - Started process (PID=5446) to work on /opt/airflow/dags/saving_file.py
[2025-03-29T18:46:28.671+0000] {processor.py:914} INFO - Processing file /opt/airflow/dags/saving_file.py for tasks to queue
[2025-03-29T18:46:28.673+0000] {logging_mixin.py:190} INFO - [2025-03-29T18:46:28.673+0000] {dagbag.py:588} INFO - Filling up the DagBag from /opt/airflow/dags/saving_file.py
[2025-03-29T18:46:28.812+0000] {processor.py:925} INFO - DAG(s) 'gerar_csv_dados_abertos_cnpj' retrieved from /opt/airflow/dags/saving_file.py
[2025-03-29T18:46:28.826+0000] {logging_mixin.py:190} INFO - [2025-03-29T18:46:28.826+0000] {dag.py:3239} INFO - Sync 1 DAGs
[2025-03-29T18:46:28.839+0000] {logging_mixin.py:190} INFO - [2025-03-29T18:46:28.839+0000] {dag.py:4180} INFO - Setting next_dagrun for gerar_csv_dados_abertos_cnpj to 2025-03-28 00:00:00+00:00, run_after=2025-03-29 00:00:00+00:00
[2025-03-29T18:46:28.849+0000] {processor.py:208} INFO - Processing /opt/airflow/dags/saving_file.py took 0.182 seconds
[2025-03-29T18:46:59.044+0000] {processor.py:186} INFO - Started process (PID=5457) to work on /opt/airflow/dags/saving_file.py
[2025-03-29T18:46:59.045+0000] {processor.py:914} INFO - Processing file /opt/airflow/dags/saving_file.py for tasks to queue
[2025-03-29T18:46:59.047+0000] {logging_mixin.py:190} INFO - [2025-03-29T18:46:59.047+0000] {dagbag.py:588} INFO - Filling up the DagBag from /opt/airflow/dags/saving_file.py
[2025-03-29T18:46:59.183+0000] {processor.py:925} INFO - DAG(s) 'gerar_csv_dados_abertos_cnpj' retrieved from /opt/airflow/dags/saving_file.py
[2025-03-29T18:46:59.197+0000] {logging_mixin.py:190} INFO - [2025-03-29T18:46:59.197+0000] {dag.py:3239} INFO - Sync 1 DAGs
[2025-03-29T18:46:59.210+0000] {logging_mixin.py:190} INFO - [2025-03-29T18:46:59.210+0000] {dag.py:4180} INFO - Setting next_dagrun for gerar_csv_dados_abertos_cnpj to 2025-03-28 00:00:00+00:00, run_after=2025-03-29 00:00:00+00:00
[2025-03-29T18:46:59.222+0000] {processor.py:208} INFO - Processing /opt/airflow/dags/saving_file.py took 0.181 seconds
[2025-03-29T18:47:29.415+0000] {processor.py:186} INFO - Started process (PID=5468) to work on /opt/airflow/dags/saving_file.py
[2025-03-29T18:47:29.417+0000] {processor.py:914} INFO - Processing file /opt/airflow/dags/saving_file.py for tasks to queue
[2025-03-29T18:47:29.420+0000] {logging_mixin.py:190} INFO - [2025-03-29T18:47:29.420+0000] {dagbag.py:588} INFO - Filling up the DagBag from /opt/airflow/dags/saving_file.py
[2025-03-29T18:47:29.558+0000] {processor.py:925} INFO - DAG(s) 'gerar_csv_dados_abertos_cnpj' retrieved from /opt/airflow/dags/saving_file.py
[2025-03-29T18:47:29.574+0000] {logging_mixin.py:190} INFO - [2025-03-29T18:47:29.574+0000] {dag.py:3239} INFO - Sync 1 DAGs
[2025-03-29T18:47:29.586+0000] {logging_mixin.py:190} INFO - [2025-03-29T18:47:29.586+0000] {dag.py:4180} INFO - Setting next_dagrun for gerar_csv_dados_abertos_cnpj to 2025-03-28 00:00:00+00:00, run_after=2025-03-29 00:00:00+00:00
[2025-03-29T18:47:29.600+0000] {processor.py:208} INFO - Processing /opt/airflow/dags/saving_file.py took 0.187 seconds
[2025-03-29T18:47:59.782+0000] {processor.py:186} INFO - Started process (PID=5479) to work on /opt/airflow/dags/saving_file.py
[2025-03-29T18:47:59.783+0000] {processor.py:914} INFO - Processing file /opt/airflow/dags/saving_file.py for tasks to queue
[2025-03-29T18:47:59.786+0000] {logging_mixin.py:190} INFO - [2025-03-29T18:47:59.786+0000] {dagbag.py:588} INFO - Filling up the DagBag from /opt/airflow/dags/saving_file.py
[2025-03-29T18:47:59.925+0000] {processor.py:925} INFO - DAG(s) 'gerar_csv_dados_abertos_cnpj' retrieved from /opt/airflow/dags/saving_file.py
[2025-03-29T18:47:59.937+0000] {logging_mixin.py:190} INFO - [2025-03-29T18:47:59.937+0000] {dag.py:3239} INFO - Sync 1 DAGs
[2025-03-29T18:47:59.950+0000] {logging_mixin.py:190} INFO - [2025-03-29T18:47:59.949+0000] {dag.py:4180} INFO - Setting next_dagrun for gerar_csv_dados_abertos_cnpj to 2025-03-28 00:00:00+00:00, run_after=2025-03-29 00:00:00+00:00
[2025-03-29T18:47:59.963+0000] {processor.py:208} INFO - Processing /opt/airflow/dags/saving_file.py took 0.183 seconds
[2025-03-29T18:48:30.154+0000] {processor.py:186} INFO - Started process (PID=5490) to work on /opt/airflow/dags/saving_file.py
[2025-03-29T18:48:30.155+0000] {processor.py:914} INFO - Processing file /opt/airflow/dags/saving_file.py for tasks to queue
[2025-03-29T18:48:30.157+0000] {logging_mixin.py:190} INFO - [2025-03-29T18:48:30.157+0000] {dagbag.py:588} INFO - Filling up the DagBag from /opt/airflow/dags/saving_file.py
[2025-03-29T18:48:30.293+0000] {processor.py:925} INFO - DAG(s) 'gerar_csv_dados_abertos_cnpj' retrieved from /opt/airflow/dags/saving_file.py
[2025-03-29T18:48:30.305+0000] {logging_mixin.py:190} INFO - [2025-03-29T18:48:30.304+0000] {dag.py:3239} INFO - Sync 1 DAGs
[2025-03-29T18:48:30.315+0000] {logging_mixin.py:190} INFO - [2025-03-29T18:48:30.315+0000] {dag.py:4180} INFO - Setting next_dagrun for gerar_csv_dados_abertos_cnpj to 2025-03-28 00:00:00+00:00, run_after=2025-03-29 00:00:00+00:00
[2025-03-29T18:48:30.325+0000] {processor.py:208} INFO - Processing /opt/airflow/dags/saving_file.py took 0.174 seconds
[2025-03-29T18:49:00.533+0000] {processor.py:186} INFO - Started process (PID=5501) to work on /opt/airflow/dags/saving_file.py
[2025-03-29T18:49:00.534+0000] {processor.py:914} INFO - Processing file /opt/airflow/dags/saving_file.py for tasks to queue
[2025-03-29T18:49:00.537+0000] {logging_mixin.py:190} INFO - [2025-03-29T18:49:00.536+0000] {dagbag.py:588} INFO - Filling up the DagBag from /opt/airflow/dags/saving_file.py
[2025-03-29T18:49:00.681+0000] {processor.py:925} INFO - DAG(s) 'gerar_csv_dados_abertos_cnpj' retrieved from /opt/airflow/dags/saving_file.py
[2025-03-29T18:49:00.694+0000] {logging_mixin.py:190} INFO - [2025-03-29T18:49:00.694+0000] {dag.py:3239} INFO - Sync 1 DAGs
[2025-03-29T18:49:00.705+0000] {logging_mixin.py:190} INFO - [2025-03-29T18:49:00.705+0000] {dag.py:4180} INFO - Setting next_dagrun for gerar_csv_dados_abertos_cnpj to 2025-03-28 00:00:00+00:00, run_after=2025-03-29 00:00:00+00:00
[2025-03-29T18:49:00.718+0000] {processor.py:208} INFO - Processing /opt/airflow/dags/saving_file.py took 0.187 seconds
[2025-03-29T18:49:30.915+0000] {processor.py:186} INFO - Started process (PID=5512) to work on /opt/airflow/dags/saving_file.py
[2025-03-29T18:49:30.916+0000] {processor.py:914} INFO - Processing file /opt/airflow/dags/saving_file.py for tasks to queue
[2025-03-29T18:49:30.917+0000] {logging_mixin.py:190} INFO - [2025-03-29T18:49:30.917+0000] {dagbag.py:588} INFO - Filling up the DagBag from /opt/airflow/dags/saving_file.py
[2025-03-29T18:49:31.062+0000] {processor.py:925} INFO - DAG(s) 'gerar_csv_dados_abertos_cnpj' retrieved from /opt/airflow/dags/saving_file.py
[2025-03-29T18:49:31.074+0000] {logging_mixin.py:190} INFO - [2025-03-29T18:49:31.074+0000] {dag.py:3239} INFO - Sync 1 DAGs
[2025-03-29T18:49:31.087+0000] {logging_mixin.py:190} INFO - [2025-03-29T18:49:31.087+0000] {dag.py:4180} INFO - Setting next_dagrun for gerar_csv_dados_abertos_cnpj to 2025-03-28 00:00:00+00:00, run_after=2025-03-29 00:00:00+00:00
[2025-03-29T18:49:31.097+0000] {processor.py:208} INFO - Processing /opt/airflow/dags/saving_file.py took 0.185 seconds
[2025-03-29T18:50:01.313+0000] {processor.py:186} INFO - Started process (PID=5523) to work on /opt/airflow/dags/saving_file.py
[2025-03-29T18:50:01.314+0000] {processor.py:914} INFO - Processing file /opt/airflow/dags/saving_file.py for tasks to queue
[2025-03-29T18:50:01.316+0000] {logging_mixin.py:190} INFO - [2025-03-29T18:50:01.316+0000] {dagbag.py:588} INFO - Filling up the DagBag from /opt/airflow/dags/saving_file.py
[2025-03-29T18:50:01.459+0000] {processor.py:925} INFO - DAG(s) 'gerar_csv_dados_abertos_cnpj' retrieved from /opt/airflow/dags/saving_file.py
[2025-03-29T18:50:01.473+0000] {logging_mixin.py:190} INFO - [2025-03-29T18:50:01.473+0000] {dag.py:3239} INFO - Sync 1 DAGs
[2025-03-29T18:50:01.485+0000] {logging_mixin.py:190} INFO - [2025-03-29T18:50:01.485+0000] {dag.py:4180} INFO - Setting next_dagrun for gerar_csv_dados_abertos_cnpj to 2025-03-28 00:00:00+00:00, run_after=2025-03-29 00:00:00+00:00
[2025-03-29T18:50:01.496+0000] {processor.py:208} INFO - Processing /opt/airflow/dags/saving_file.py took 0.186 seconds
[2025-03-29T18:50:31.703+0000] {processor.py:186} INFO - Started process (PID=5534) to work on /opt/airflow/dags/saving_file.py
[2025-03-29T18:50:31.705+0000] {processor.py:914} INFO - Processing file /opt/airflow/dags/saving_file.py for tasks to queue
[2025-03-29T18:50:31.707+0000] {logging_mixin.py:190} INFO - [2025-03-29T18:50:31.707+0000] {dagbag.py:588} INFO - Filling up the DagBag from /opt/airflow/dags/saving_file.py
[2025-03-29T18:50:31.850+0000] {processor.py:925} INFO - DAG(s) 'gerar_csv_dados_abertos_cnpj' retrieved from /opt/airflow/dags/saving_file.py
[2025-03-29T18:50:31.865+0000] {logging_mixin.py:190} INFO - [2025-03-29T18:50:31.864+0000] {dag.py:3239} INFO - Sync 1 DAGs
[2025-03-29T18:50:31.879+0000] {logging_mixin.py:190} INFO - [2025-03-29T18:50:31.879+0000] {dag.py:4180} INFO - Setting next_dagrun for gerar_csv_dados_abertos_cnpj to 2025-03-28 00:00:00+00:00, run_after=2025-03-29 00:00:00+00:00
[2025-03-29T18:50:31.889+0000] {processor.py:208} INFO - Processing /opt/airflow/dags/saving_file.py took 0.190 seconds
[2025-03-29T18:51:02.143+0000] {processor.py:186} INFO - Started process (PID=5545) to work on /opt/airflow/dags/saving_file.py
[2025-03-29T18:51:02.145+0000] {processor.py:914} INFO - Processing file /opt/airflow/dags/saving_file.py for tasks to queue
[2025-03-29T18:51:02.147+0000] {logging_mixin.py:190} INFO - [2025-03-29T18:51:02.146+0000] {dagbag.py:588} INFO - Filling up the DagBag from /opt/airflow/dags/saving_file.py
[2025-03-29T18:51:02.281+0000] {processor.py:925} INFO - DAG(s) 'gerar_csv_dados_abertos_cnpj' retrieved from /opt/airflow/dags/saving_file.py
[2025-03-29T18:51:02.297+0000] {logging_mixin.py:190} INFO - [2025-03-29T18:51:02.296+0000] {dag.py:3239} INFO - Sync 1 DAGs
[2025-03-29T18:51:02.309+0000] {logging_mixin.py:190} INFO - [2025-03-29T18:51:02.308+0000] {dag.py:4180} INFO - Setting next_dagrun for gerar_csv_dados_abertos_cnpj to 2025-03-28 00:00:00+00:00, run_after=2025-03-29 00:00:00+00:00
[2025-03-29T18:51:02.319+0000] {processor.py:208} INFO - Processing /opt/airflow/dags/saving_file.py took 0.180 seconds
[2025-03-29T18:51:32.507+0000] {processor.py:186} INFO - Started process (PID=5556) to work on /opt/airflow/dags/saving_file.py
[2025-03-29T18:51:32.508+0000] {processor.py:914} INFO - Processing file /opt/airflow/dags/saving_file.py for tasks to queue
[2025-03-29T18:51:32.511+0000] {logging_mixin.py:190} INFO - [2025-03-29T18:51:32.511+0000] {dagbag.py:588} INFO - Filling up the DagBag from /opt/airflow/dags/saving_file.py
[2025-03-29T18:51:32.649+0000] {processor.py:925} INFO - DAG(s) 'gerar_csv_dados_abertos_cnpj' retrieved from /opt/airflow/dags/saving_file.py
[2025-03-29T18:51:32.664+0000] {logging_mixin.py:190} INFO - [2025-03-29T18:51:32.663+0000] {dag.py:3239} INFO - Sync 1 DAGs
[2025-03-29T18:51:32.675+0000] {logging_mixin.py:190} INFO - [2025-03-29T18:51:32.675+0000] {dag.py:4180} INFO - Setting next_dagrun for gerar_csv_dados_abertos_cnpj to 2025-03-28 00:00:00+00:00, run_after=2025-03-29 00:00:00+00:00
[2025-03-29T18:51:32.686+0000] {processor.py:208} INFO - Processing /opt/airflow/dags/saving_file.py took 0.183 seconds
[2025-03-29T18:52:02.880+0000] {processor.py:186} INFO - Started process (PID=5567) to work on /opt/airflow/dags/saving_file.py
[2025-03-29T18:52:02.881+0000] {processor.py:914} INFO - Processing file /opt/airflow/dags/saving_file.py for tasks to queue
[2025-03-29T18:52:02.883+0000] {logging_mixin.py:190} INFO - [2025-03-29T18:52:02.882+0000] {dagbag.py:588} INFO - Filling up the DagBag from /opt/airflow/dags/saving_file.py
[2025-03-29T18:52:03.021+0000] {processor.py:925} INFO - DAG(s) 'gerar_csv_dados_abertos_cnpj' retrieved from /opt/airflow/dags/saving_file.py
[2025-03-29T18:52:03.033+0000] {logging_mixin.py:190} INFO - [2025-03-29T18:52:03.033+0000] {dag.py:3239} INFO - Sync 1 DAGs
[2025-03-29T18:52:03.045+0000] {logging_mixin.py:190} INFO - [2025-03-29T18:52:03.045+0000] {dag.py:4180} INFO - Setting next_dagrun for gerar_csv_dados_abertos_cnpj to 2025-03-28 00:00:00+00:00, run_after=2025-03-29 00:00:00+00:00
[2025-03-29T18:52:03.055+0000] {processor.py:208} INFO - Processing /opt/airflow/dags/saving_file.py took 0.178 seconds
[2025-03-29T18:52:33.252+0000] {processor.py:186} INFO - Started process (PID=5578) to work on /opt/airflow/dags/saving_file.py
[2025-03-29T18:52:33.253+0000] {processor.py:914} INFO - Processing file /opt/airflow/dags/saving_file.py for tasks to queue
[2025-03-29T18:52:33.256+0000] {logging_mixin.py:190} INFO - [2025-03-29T18:52:33.256+0000] {dagbag.py:588} INFO - Filling up the DagBag from /opt/airflow/dags/saving_file.py
[2025-03-29T18:52:33.398+0000] {processor.py:925} INFO - DAG(s) 'gerar_csv_dados_abertos_cnpj' retrieved from /opt/airflow/dags/saving_file.py
[2025-03-29T18:52:33.411+0000] {logging_mixin.py:190} INFO - [2025-03-29T18:52:33.410+0000] {dag.py:3239} INFO - Sync 1 DAGs
[2025-03-29T18:52:33.425+0000] {logging_mixin.py:190} INFO - [2025-03-29T18:52:33.424+0000] {dag.py:4180} INFO - Setting next_dagrun for gerar_csv_dados_abertos_cnpj to 2025-03-28 00:00:00+00:00, run_after=2025-03-29 00:00:00+00:00
[2025-03-29T18:52:33.438+0000] {processor.py:208} INFO - Processing /opt/airflow/dags/saving_file.py took 0.189 seconds
[2025-03-29T18:53:03.624+0000] {processor.py:186} INFO - Started process (PID=5589) to work on /opt/airflow/dags/saving_file.py
[2025-03-29T18:53:03.626+0000] {processor.py:914} INFO - Processing file /opt/airflow/dags/saving_file.py for tasks to queue
[2025-03-29T18:53:03.628+0000] {logging_mixin.py:190} INFO - [2025-03-29T18:53:03.627+0000] {dagbag.py:588} INFO - Filling up the DagBag from /opt/airflow/dags/saving_file.py
[2025-03-29T18:53:03.763+0000] {processor.py:925} INFO - DAG(s) 'gerar_csv_dados_abertos_cnpj' retrieved from /opt/airflow/dags/saving_file.py
[2025-03-29T18:53:03.776+0000] {logging_mixin.py:190} INFO - [2025-03-29T18:53:03.775+0000] {dag.py:3239} INFO - Sync 1 DAGs
[2025-03-29T18:53:03.787+0000] {logging_mixin.py:190} INFO - [2025-03-29T18:53:03.787+0000] {dag.py:4180} INFO - Setting next_dagrun for gerar_csv_dados_abertos_cnpj to 2025-03-28 00:00:00+00:00, run_after=2025-03-29 00:00:00+00:00
[2025-03-29T18:53:03.796+0000] {processor.py:208} INFO - Processing /opt/airflow/dags/saving_file.py took 0.175 seconds
[2025-03-29T18:53:33.996+0000] {processor.py:186} INFO - Started process (PID=5600) to work on /opt/airflow/dags/saving_file.py
[2025-03-29T18:53:33.997+0000] {processor.py:914} INFO - Processing file /opt/airflow/dags/saving_file.py for tasks to queue
[2025-03-29T18:53:33.999+0000] {logging_mixin.py:190} INFO - [2025-03-29T18:53:33.999+0000] {dagbag.py:588} INFO - Filling up the DagBag from /opt/airflow/dags/saving_file.py
[2025-03-29T18:53:34.140+0000] {processor.py:925} INFO - DAG(s) 'gerar_csv_dados_abertos_cnpj' retrieved from /opt/airflow/dags/saving_file.py
[2025-03-29T18:53:34.155+0000] {logging_mixin.py:190} INFO - [2025-03-29T18:53:34.155+0000] {dag.py:3239} INFO - Sync 1 DAGs
[2025-03-29T18:53:34.168+0000] {logging_mixin.py:190} INFO - [2025-03-29T18:53:34.168+0000] {dag.py:4180} INFO - Setting next_dagrun for gerar_csv_dados_abertos_cnpj to 2025-03-28 00:00:00+00:00, run_after=2025-03-29 00:00:00+00:00
[2025-03-29T18:53:34.181+0000] {processor.py:208} INFO - Processing /opt/airflow/dags/saving_file.py took 0.188 seconds
[2025-03-29T18:54:04.363+0000] {processor.py:186} INFO - Started process (PID=5611) to work on /opt/airflow/dags/saving_file.py
[2025-03-29T18:54:04.364+0000] {processor.py:914} INFO - Processing file /opt/airflow/dags/saving_file.py for tasks to queue
[2025-03-29T18:54:04.366+0000] {logging_mixin.py:190} INFO - [2025-03-29T18:54:04.366+0000] {dagbag.py:588} INFO - Filling up the DagBag from /opt/airflow/dags/saving_file.py
[2025-03-29T18:54:04.506+0000] {processor.py:925} INFO - DAG(s) 'gerar_csv_dados_abertos_cnpj' retrieved from /opt/airflow/dags/saving_file.py
[2025-03-29T18:54:04.518+0000] {logging_mixin.py:190} INFO - [2025-03-29T18:54:04.518+0000] {dag.py:3239} INFO - Sync 1 DAGs
[2025-03-29T18:54:04.534+0000] {logging_mixin.py:190} INFO - [2025-03-29T18:54:04.534+0000] {dag.py:4180} INFO - Setting next_dagrun for gerar_csv_dados_abertos_cnpj to 2025-03-28 00:00:00+00:00, run_after=2025-03-29 00:00:00+00:00
[2025-03-29T18:54:04.543+0000] {processor.py:208} INFO - Processing /opt/airflow/dags/saving_file.py took 0.184 seconds
[2025-03-29T18:54:34.737+0000] {processor.py:186} INFO - Started process (PID=5622) to work on /opt/airflow/dags/saving_file.py
[2025-03-29T18:54:34.738+0000] {processor.py:914} INFO - Processing file /opt/airflow/dags/saving_file.py for tasks to queue
[2025-03-29T18:54:34.741+0000] {logging_mixin.py:190} INFO - [2025-03-29T18:54:34.741+0000] {dagbag.py:588} INFO - Filling up the DagBag from /opt/airflow/dags/saving_file.py
[2025-03-29T18:54:34.880+0000] {processor.py:925} INFO - DAG(s) 'gerar_csv_dados_abertos_cnpj' retrieved from /opt/airflow/dags/saving_file.py
[2025-03-29T18:54:34.893+0000] {logging_mixin.py:190} INFO - [2025-03-29T18:54:34.892+0000] {dag.py:3239} INFO - Sync 1 DAGs
[2025-03-29T18:54:34.905+0000] {logging_mixin.py:190} INFO - [2025-03-29T18:54:34.905+0000] {dag.py:4180} INFO - Setting next_dagrun for gerar_csv_dados_abertos_cnpj to 2025-03-28 00:00:00+00:00, run_after=2025-03-29 00:00:00+00:00
[2025-03-29T18:54:34.917+0000] {processor.py:208} INFO - Processing /opt/airflow/dags/saving_file.py took 0.184 seconds
[2025-03-29T18:55:05.108+0000] {processor.py:186} INFO - Started process (PID=5633) to work on /opt/airflow/dags/saving_file.py
[2025-03-29T18:55:05.109+0000] {processor.py:914} INFO - Processing file /opt/airflow/dags/saving_file.py for tasks to queue
[2025-03-29T18:55:05.112+0000] {logging_mixin.py:190} INFO - [2025-03-29T18:55:05.111+0000] {dagbag.py:588} INFO - Filling up the DagBag from /opt/airflow/dags/saving_file.py
[2025-03-29T18:55:05.250+0000] {processor.py:925} INFO - DAG(s) 'gerar_csv_dados_abertos_cnpj' retrieved from /opt/airflow/dags/saving_file.py
[2025-03-29T18:55:05.263+0000] {logging_mixin.py:190} INFO - [2025-03-29T18:55:05.263+0000] {dag.py:3239} INFO - Sync 1 DAGs
[2025-03-29T18:55:05.276+0000] {logging_mixin.py:190} INFO - [2025-03-29T18:55:05.276+0000] {dag.py:4180} INFO - Setting next_dagrun for gerar_csv_dados_abertos_cnpj to 2025-03-28 00:00:00+00:00, run_after=2025-03-29 00:00:00+00:00
[2025-03-29T18:55:05.287+0000] {processor.py:208} INFO - Processing /opt/airflow/dags/saving_file.py took 0.182 seconds
[2025-03-29T18:55:35.465+0000] {processor.py:186} INFO - Started process (PID=5644) to work on /opt/airflow/dags/saving_file.py
[2025-03-29T18:55:35.466+0000] {processor.py:914} INFO - Processing file /opt/airflow/dags/saving_file.py for tasks to queue
[2025-03-29T18:55:35.468+0000] {logging_mixin.py:190} INFO - [2025-03-29T18:55:35.468+0000] {dagbag.py:588} INFO - Filling up the DagBag from /opt/airflow/dags/saving_file.py
[2025-03-29T18:55:35.606+0000] {processor.py:925} INFO - DAG(s) 'gerar_csv_dados_abertos_cnpj' retrieved from /opt/airflow/dags/saving_file.py
[2025-03-29T18:55:35.619+0000] {logging_mixin.py:190} INFO - [2025-03-29T18:55:35.618+0000] {dag.py:3239} INFO - Sync 1 DAGs
[2025-03-29T18:55:35.629+0000] {logging_mixin.py:190} INFO - [2025-03-29T18:55:35.629+0000] {dag.py:4180} INFO - Setting next_dagrun for gerar_csv_dados_abertos_cnpj to 2025-03-28 00:00:00+00:00, run_after=2025-03-29 00:00:00+00:00
[2025-03-29T18:55:35.639+0000] {processor.py:208} INFO - Processing /opt/airflow/dags/saving_file.py took 0.177 seconds
[2025-03-29T18:56:05.889+0000] {processor.py:186} INFO - Started process (PID=5655) to work on /opt/airflow/dags/saving_file.py
[2025-03-29T18:56:05.890+0000] {processor.py:914} INFO - Processing file /opt/airflow/dags/saving_file.py for tasks to queue
[2025-03-29T18:56:05.893+0000] {logging_mixin.py:190} INFO - [2025-03-29T18:56:05.893+0000] {dagbag.py:588} INFO - Filling up the DagBag from /opt/airflow/dags/saving_file.py
[2025-03-29T18:56:06.031+0000] {processor.py:925} INFO - DAG(s) 'gerar_csv_dados_abertos_cnpj' retrieved from /opt/airflow/dags/saving_file.py
[2025-03-29T18:56:06.045+0000] {logging_mixin.py:190} INFO - [2025-03-29T18:56:06.045+0000] {dag.py:3239} INFO - Sync 1 DAGs
[2025-03-29T18:56:06.056+0000] {logging_mixin.py:190} INFO - [2025-03-29T18:56:06.056+0000] {dag.py:4180} INFO - Setting next_dagrun for gerar_csv_dados_abertos_cnpj to 2025-03-28 00:00:00+00:00, run_after=2025-03-29 00:00:00+00:00
[2025-03-29T18:56:06.066+0000] {processor.py:208} INFO - Processing /opt/airflow/dags/saving_file.py took 0.180 seconds
[2025-03-29T18:56:36.268+0000] {processor.py:186} INFO - Started process (PID=5666) to work on /opt/airflow/dags/saving_file.py
[2025-03-29T18:56:36.269+0000] {processor.py:914} INFO - Processing file /opt/airflow/dags/saving_file.py for tasks to queue
[2025-03-29T18:56:36.271+0000] {logging_mixin.py:190} INFO - [2025-03-29T18:56:36.271+0000] {dagbag.py:588} INFO - Filling up the DagBag from /opt/airflow/dags/saving_file.py
[2025-03-29T18:56:36.418+0000] {processor.py:925} INFO - DAG(s) 'gerar_csv_dados_abertos_cnpj' retrieved from /opt/airflow/dags/saving_file.py
[2025-03-29T18:56:36.430+0000] {logging_mixin.py:190} INFO - [2025-03-29T18:56:36.430+0000] {dag.py:3239} INFO - Sync 1 DAGs
[2025-03-29T18:56:36.442+0000] {logging_mixin.py:190} INFO - [2025-03-29T18:56:36.442+0000] {dag.py:4180} INFO - Setting next_dagrun for gerar_csv_dados_abertos_cnpj to 2025-03-28 00:00:00+00:00, run_after=2025-03-29 00:00:00+00:00
[2025-03-29T18:56:36.453+0000] {processor.py:208} INFO - Processing /opt/airflow/dags/saving_file.py took 0.190 seconds
[2025-03-29T18:57:06.651+0000] {processor.py:186} INFO - Started process (PID=5683) to work on /opt/airflow/dags/saving_file.py
[2025-03-29T18:57:06.652+0000] {processor.py:914} INFO - Processing file /opt/airflow/dags/saving_file.py for tasks to queue
[2025-03-29T18:57:06.654+0000] {logging_mixin.py:190} INFO - [2025-03-29T18:57:06.654+0000] {dagbag.py:588} INFO - Filling up the DagBag from /opt/airflow/dags/saving_file.py
[2025-03-29T18:57:06.796+0000] {processor.py:925} INFO - DAG(s) 'gerar_csv_dados_abertos_cnpj' retrieved from /opt/airflow/dags/saving_file.py
[2025-03-29T18:57:06.809+0000] {logging_mixin.py:190} INFO - [2025-03-29T18:57:06.809+0000] {dag.py:3239} INFO - Sync 1 DAGs
[2025-03-29T18:57:06.820+0000] {logging_mixin.py:190} INFO - [2025-03-29T18:57:06.820+0000] {dag.py:4180} INFO - Setting next_dagrun for gerar_csv_dados_abertos_cnpj to 2025-03-28 00:00:00+00:00, run_after=2025-03-29 00:00:00+00:00
[2025-03-29T18:57:06.831+0000] {processor.py:208} INFO - Processing /opt/airflow/dags/saving_file.py took 0.184 seconds
[2025-03-29T18:57:37.030+0000] {processor.py:186} INFO - Started process (PID=5694) to work on /opt/airflow/dags/saving_file.py
[2025-03-29T18:57:37.031+0000] {processor.py:914} INFO - Processing file /opt/airflow/dags/saving_file.py for tasks to queue
[2025-03-29T18:57:37.033+0000] {logging_mixin.py:190} INFO - [2025-03-29T18:57:37.033+0000] {dagbag.py:588} INFO - Filling up the DagBag from /opt/airflow/dags/saving_file.py
[2025-03-29T18:57:37.172+0000] {processor.py:925} INFO - DAG(s) 'gerar_csv_dados_abertos_cnpj' retrieved from /opt/airflow/dags/saving_file.py
[2025-03-29T18:57:37.184+0000] {logging_mixin.py:190} INFO - [2025-03-29T18:57:37.184+0000] {dag.py:3239} INFO - Sync 1 DAGs
[2025-03-29T18:57:37.197+0000] {logging_mixin.py:190} INFO - [2025-03-29T18:57:37.197+0000] {dag.py:4180} INFO - Setting next_dagrun for gerar_csv_dados_abertos_cnpj to 2025-03-28 00:00:00+00:00, run_after=2025-03-29 00:00:00+00:00
[2025-03-29T18:57:37.207+0000] {processor.py:208} INFO - Processing /opt/airflow/dags/saving_file.py took 0.180 seconds
[2025-03-29T18:58:07.424+0000] {processor.py:186} INFO - Started process (PID=5705) to work on /opt/airflow/dags/saving_file.py
[2025-03-29T18:58:07.425+0000] {processor.py:914} INFO - Processing file /opt/airflow/dags/saving_file.py for tasks to queue
[2025-03-29T18:58:07.427+0000] {logging_mixin.py:190} INFO - [2025-03-29T18:58:07.427+0000] {dagbag.py:588} INFO - Filling up the DagBag from /opt/airflow/dags/saving_file.py
[2025-03-29T18:58:07.568+0000] {processor.py:925} INFO - DAG(s) 'gerar_csv_dados_abertos_cnpj' retrieved from /opt/airflow/dags/saving_file.py
[2025-03-29T18:58:07.580+0000] {logging_mixin.py:190} INFO - [2025-03-29T18:58:07.580+0000] {dag.py:3239} INFO - Sync 1 DAGs
[2025-03-29T18:58:07.593+0000] {logging_mixin.py:190} INFO - [2025-03-29T18:58:07.593+0000] {dag.py:4180} INFO - Setting next_dagrun for gerar_csv_dados_abertos_cnpj to 2025-03-28 00:00:00+00:00, run_after=2025-03-29 00:00:00+00:00
[2025-03-29T18:58:07.604+0000] {processor.py:208} INFO - Processing /opt/airflow/dags/saving_file.py took 0.184 seconds
[2025-03-29T18:58:37.815+0000] {processor.py:186} INFO - Started process (PID=5716) to work on /opt/airflow/dags/saving_file.py
[2025-03-29T18:58:37.816+0000] {processor.py:914} INFO - Processing file /opt/airflow/dags/saving_file.py for tasks to queue
[2025-03-29T18:58:37.818+0000] {logging_mixin.py:190} INFO - [2025-03-29T18:58:37.818+0000] {dagbag.py:588} INFO - Filling up the DagBag from /opt/airflow/dags/saving_file.py
[2025-03-29T18:58:37.961+0000] {processor.py:925} INFO - DAG(s) 'gerar_csv_dados_abertos_cnpj' retrieved from /opt/airflow/dags/saving_file.py
[2025-03-29T18:58:37.978+0000] {logging_mixin.py:190} INFO - [2025-03-29T18:58:37.978+0000] {dag.py:3239} INFO - Sync 1 DAGs
[2025-03-29T18:58:37.993+0000] {logging_mixin.py:190} INFO - [2025-03-29T18:58:37.992+0000] {dag.py:4180} INFO - Setting next_dagrun for gerar_csv_dados_abertos_cnpj to 2025-03-28 00:00:00+00:00, run_after=2025-03-29 00:00:00+00:00
[2025-03-29T18:58:38.009+0000] {processor.py:208} INFO - Processing /opt/airflow/dags/saving_file.py took 0.197 seconds
[2025-03-29T18:59:08.200+0000] {processor.py:186} INFO - Started process (PID=5727) to work on /opt/airflow/dags/saving_file.py
[2025-03-29T18:59:08.202+0000] {processor.py:914} INFO - Processing file /opt/airflow/dags/saving_file.py for tasks to queue
[2025-03-29T18:59:08.204+0000] {logging_mixin.py:190} INFO - [2025-03-29T18:59:08.203+0000] {dagbag.py:588} INFO - Filling up the DagBag from /opt/airflow/dags/saving_file.py
[2025-03-29T18:59:08.341+0000] {processor.py:925} INFO - DAG(s) 'gerar_csv_dados_abertos_cnpj' retrieved from /opt/airflow/dags/saving_file.py
[2025-03-29T18:59:08.356+0000] {logging_mixin.py:190} INFO - [2025-03-29T18:59:08.355+0000] {dag.py:3239} INFO - Sync 1 DAGs
[2025-03-29T18:59:08.368+0000] {logging_mixin.py:190} INFO - [2025-03-29T18:59:08.368+0000] {dag.py:4180} INFO - Setting next_dagrun for gerar_csv_dados_abertos_cnpj to 2025-03-28 00:00:00+00:00, run_after=2025-03-29 00:00:00+00:00
[2025-03-29T18:59:08.379+0000] {processor.py:208} INFO - Processing /opt/airflow/dags/saving_file.py took 0.182 seconds
[2025-03-29T18:59:38.580+0000] {processor.py:186} INFO - Started process (PID=5738) to work on /opt/airflow/dags/saving_file.py
[2025-03-29T18:59:38.581+0000] {processor.py:914} INFO - Processing file /opt/airflow/dags/saving_file.py for tasks to queue
[2025-03-29T18:59:38.584+0000] {logging_mixin.py:190} INFO - [2025-03-29T18:59:38.584+0000] {dagbag.py:588} INFO - Filling up the DagBag from /opt/airflow/dags/saving_file.py
[2025-03-29T18:59:38.725+0000] {processor.py:925} INFO - DAG(s) 'gerar_csv_dados_abertos_cnpj' retrieved from /opt/airflow/dags/saving_file.py
[2025-03-29T18:59:38.737+0000] {logging_mixin.py:190} INFO - [2025-03-29T18:59:38.737+0000] {dag.py:3239} INFO - Sync 1 DAGs
[2025-03-29T18:59:38.748+0000] {logging_mixin.py:190} INFO - [2025-03-29T18:59:38.747+0000] {dag.py:4180} INFO - Setting next_dagrun for gerar_csv_dados_abertos_cnpj to 2025-03-28 00:00:00+00:00, run_after=2025-03-29 00:00:00+00:00
[2025-03-29T18:59:38.758+0000] {processor.py:208} INFO - Processing /opt/airflow/dags/saving_file.py took 0.181 seconds
[2025-03-29T19:00:08.975+0000] {processor.py:186} INFO - Started process (PID=5749) to work on /opt/airflow/dags/saving_file.py
[2025-03-29T19:00:08.976+0000] {processor.py:914} INFO - Processing file /opt/airflow/dags/saving_file.py for tasks to queue
[2025-03-29T19:00:08.979+0000] {logging_mixin.py:190} INFO - [2025-03-29T19:00:08.979+0000] {dagbag.py:588} INFO - Filling up the DagBag from /opt/airflow/dags/saving_file.py
[2025-03-29T19:00:09.123+0000] {processor.py:925} INFO - DAG(s) 'gerar_csv_dados_abertos_cnpj' retrieved from /opt/airflow/dags/saving_file.py
[2025-03-29T19:00:09.138+0000] {logging_mixin.py:190} INFO - [2025-03-29T19:00:09.138+0000] {dag.py:3239} INFO - Sync 1 DAGs
[2025-03-29T19:00:09.151+0000] {logging_mixin.py:190} INFO - [2025-03-29T19:00:09.151+0000] {dag.py:4180} INFO - Setting next_dagrun for gerar_csv_dados_abertos_cnpj to 2025-03-28 00:00:00+00:00, run_after=2025-03-29 00:00:00+00:00
[2025-03-29T19:00:09.160+0000] {processor.py:208} INFO - Processing /opt/airflow/dags/saving_file.py took 0.189 seconds
[2025-03-29T19:00:39.356+0000] {processor.py:186} INFO - Started process (PID=5760) to work on /opt/airflow/dags/saving_file.py
[2025-03-29T19:00:39.357+0000] {processor.py:914} INFO - Processing file /opt/airflow/dags/saving_file.py for tasks to queue
[2025-03-29T19:00:39.359+0000] {logging_mixin.py:190} INFO - [2025-03-29T19:00:39.359+0000] {dagbag.py:588} INFO - Filling up the DagBag from /opt/airflow/dags/saving_file.py
[2025-03-29T19:00:39.496+0000] {processor.py:925} INFO - DAG(s) 'gerar_csv_dados_abertos_cnpj' retrieved from /opt/airflow/dags/saving_file.py
[2025-03-29T19:00:39.509+0000] {logging_mixin.py:190} INFO - [2025-03-29T19:00:39.509+0000] {dag.py:3239} INFO - Sync 1 DAGs
[2025-03-29T19:00:39.522+0000] {logging_mixin.py:190} INFO - [2025-03-29T19:00:39.522+0000] {dag.py:4180} INFO - Setting next_dagrun for gerar_csv_dados_abertos_cnpj to 2025-03-28 00:00:00+00:00, run_after=2025-03-29 00:00:00+00:00
[2025-03-29T19:00:39.533+0000] {processor.py:208} INFO - Processing /opt/airflow/dags/saving_file.py took 0.180 seconds
[2025-03-29T19:01:09.725+0000] {processor.py:186} INFO - Started process (PID=5770) to work on /opt/airflow/dags/saving_file.py
[2025-03-29T19:01:09.726+0000] {processor.py:914} INFO - Processing file /opt/airflow/dags/saving_file.py for tasks to queue
[2025-03-29T19:01:09.728+0000] {logging_mixin.py:190} INFO - [2025-03-29T19:01:09.728+0000] {dagbag.py:588} INFO - Filling up the DagBag from /opt/airflow/dags/saving_file.py
[2025-03-29T19:01:09.867+0000] {processor.py:925} INFO - DAG(s) 'gerar_csv_dados_abertos_cnpj' retrieved from /opt/airflow/dags/saving_file.py
[2025-03-29T19:01:09.881+0000] {logging_mixin.py:190} INFO - [2025-03-29T19:01:09.881+0000] {dag.py:3239} INFO - Sync 1 DAGs
[2025-03-29T19:01:09.894+0000] {logging_mixin.py:190} INFO - [2025-03-29T19:01:09.894+0000] {dag.py:4180} INFO - Setting next_dagrun for gerar_csv_dados_abertos_cnpj to 2025-03-28 00:00:00+00:00, run_after=2025-03-29 00:00:00+00:00
[2025-03-29T19:01:09.904+0000] {processor.py:208} INFO - Processing /opt/airflow/dags/saving_file.py took 0.181 seconds
[2025-03-29T19:01:40.095+0000] {processor.py:186} INFO - Started process (PID=5781) to work on /opt/airflow/dags/saving_file.py
[2025-03-29T19:01:40.096+0000] {processor.py:914} INFO - Processing file /opt/airflow/dags/saving_file.py for tasks to queue
[2025-03-29T19:01:40.099+0000] {logging_mixin.py:190} INFO - [2025-03-29T19:01:40.099+0000] {dagbag.py:588} INFO - Filling up the DagBag from /opt/airflow/dags/saving_file.py
[2025-03-29T19:01:40.242+0000] {processor.py:925} INFO - DAG(s) 'gerar_csv_dados_abertos_cnpj' retrieved from /opt/airflow/dags/saving_file.py
[2025-03-29T19:01:40.255+0000] {logging_mixin.py:190} INFO - [2025-03-29T19:01:40.254+0000] {dag.py:3239} INFO - Sync 1 DAGs
[2025-03-29T19:01:40.267+0000] {logging_mixin.py:190} INFO - [2025-03-29T19:01:40.267+0000] {dag.py:4180} INFO - Setting next_dagrun for gerar_csv_dados_abertos_cnpj to 2025-03-28 00:00:00+00:00, run_after=2025-03-29 00:00:00+00:00
[2025-03-29T19:01:40.276+0000] {processor.py:208} INFO - Processing /opt/airflow/dags/saving_file.py took 0.185 seconds
[2025-03-29T19:02:10.473+0000] {processor.py:186} INFO - Started process (PID=5792) to work on /opt/airflow/dags/saving_file.py
[2025-03-29T19:02:10.474+0000] {processor.py:914} INFO - Processing file /opt/airflow/dags/saving_file.py for tasks to queue
[2025-03-29T19:02:10.476+0000] {logging_mixin.py:190} INFO - [2025-03-29T19:02:10.476+0000] {dagbag.py:588} INFO - Filling up the DagBag from /opt/airflow/dags/saving_file.py
[2025-03-29T19:02:10.615+0000] {processor.py:925} INFO - DAG(s) 'gerar_csv_dados_abertos_cnpj' retrieved from /opt/airflow/dags/saving_file.py
[2025-03-29T19:02:10.628+0000] {logging_mixin.py:190} INFO - [2025-03-29T19:02:10.628+0000] {dag.py:3239} INFO - Sync 1 DAGs
[2025-03-29T19:02:10.640+0000] {logging_mixin.py:190} INFO - [2025-03-29T19:02:10.640+0000] {dag.py:4180} INFO - Setting next_dagrun for gerar_csv_dados_abertos_cnpj to 2025-03-28 00:00:00+00:00, run_after=2025-03-29 00:00:00+00:00
[2025-03-29T19:02:10.651+0000] {processor.py:208} INFO - Processing /opt/airflow/dags/saving_file.py took 0.181 seconds
[2025-03-29T19:02:40.851+0000] {processor.py:186} INFO - Started process (PID=5803) to work on /opt/airflow/dags/saving_file.py
[2025-03-29T19:02:40.852+0000] {processor.py:914} INFO - Processing file /opt/airflow/dags/saving_file.py for tasks to queue
[2025-03-29T19:02:40.855+0000] {logging_mixin.py:190} INFO - [2025-03-29T19:02:40.855+0000] {dagbag.py:588} INFO - Filling up the DagBag from /opt/airflow/dags/saving_file.py
[2025-03-29T19:02:40.993+0000] {processor.py:925} INFO - DAG(s) 'gerar_csv_dados_abertos_cnpj' retrieved from /opt/airflow/dags/saving_file.py
[2025-03-29T19:02:41.006+0000] {logging_mixin.py:190} INFO - [2025-03-29T19:02:41.006+0000] {dag.py:3239} INFO - Sync 1 DAGs
[2025-03-29T19:02:41.019+0000] {logging_mixin.py:190} INFO - [2025-03-29T19:02:41.019+0000] {dag.py:4180} INFO - Setting next_dagrun for gerar_csv_dados_abertos_cnpj to 2025-03-28 00:00:00+00:00, run_after=2025-03-29 00:00:00+00:00
[2025-03-29T19:02:41.027+0000] {processor.py:208} INFO - Processing /opt/airflow/dags/saving_file.py took 0.180 seconds
[2025-03-29T19:03:11.226+0000] {processor.py:186} INFO - Started process (PID=5814) to work on /opt/airflow/dags/saving_file.py
[2025-03-29T19:03:11.227+0000] {processor.py:914} INFO - Processing file /opt/airflow/dags/saving_file.py for tasks to queue
[2025-03-29T19:03:11.229+0000] {logging_mixin.py:190} INFO - [2025-03-29T19:03:11.229+0000] {dagbag.py:588} INFO - Filling up the DagBag from /opt/airflow/dags/saving_file.py
[2025-03-29T19:03:11.372+0000] {processor.py:925} INFO - DAG(s) 'gerar_csv_dados_abertos_cnpj' retrieved from /opt/airflow/dags/saving_file.py
[2025-03-29T19:03:11.384+0000] {logging_mixin.py:190} INFO - [2025-03-29T19:03:11.384+0000] {dag.py:3239} INFO - Sync 1 DAGs
[2025-03-29T19:03:11.396+0000] {logging_mixin.py:190} INFO - [2025-03-29T19:03:11.396+0000] {dag.py:4180} INFO - Setting next_dagrun for gerar_csv_dados_abertos_cnpj to 2025-03-28 00:00:00+00:00, run_after=2025-03-29 00:00:00+00:00
[2025-03-29T19:03:11.405+0000] {processor.py:208} INFO - Processing /opt/airflow/dags/saving_file.py took 0.183 seconds
[2025-03-29T19:03:41.608+0000] {processor.py:186} INFO - Started process (PID=5825) to work on /opt/airflow/dags/saving_file.py
[2025-03-29T19:03:41.609+0000] {processor.py:914} INFO - Processing file /opt/airflow/dags/saving_file.py for tasks to queue
[2025-03-29T19:03:41.612+0000] {logging_mixin.py:190} INFO - [2025-03-29T19:03:41.612+0000] {dagbag.py:588} INFO - Filling up the DagBag from /opt/airflow/dags/saving_file.py
[2025-03-29T19:03:41.757+0000] {processor.py:925} INFO - DAG(s) 'gerar_csv_dados_abertos_cnpj' retrieved from /opt/airflow/dags/saving_file.py
[2025-03-29T19:03:41.771+0000] {logging_mixin.py:190} INFO - [2025-03-29T19:03:41.771+0000] {dag.py:3239} INFO - Sync 1 DAGs
[2025-03-29T19:03:41.785+0000] {logging_mixin.py:190} INFO - [2025-03-29T19:03:41.784+0000] {dag.py:4180} INFO - Setting next_dagrun for gerar_csv_dados_abertos_cnpj to 2025-03-28 00:00:00+00:00, run_after=2025-03-29 00:00:00+00:00
[2025-03-29T19:03:41.794+0000] {processor.py:208} INFO - Processing /opt/airflow/dags/saving_file.py took 0.189 seconds
[2025-03-29T19:04:11.990+0000] {processor.py:186} INFO - Started process (PID=5836) to work on /opt/airflow/dags/saving_file.py
[2025-03-29T19:04:11.991+0000] {processor.py:914} INFO - Processing file /opt/airflow/dags/saving_file.py for tasks to queue
[2025-03-29T19:04:11.993+0000] {logging_mixin.py:190} INFO - [2025-03-29T19:04:11.993+0000] {dagbag.py:588} INFO - Filling up the DagBag from /opt/airflow/dags/saving_file.py
[2025-03-29T19:04:12.139+0000] {processor.py:925} INFO - DAG(s) 'gerar_csv_dados_abertos_cnpj' retrieved from /opt/airflow/dags/saving_file.py
[2025-03-29T19:04:12.152+0000] {logging_mixin.py:190} INFO - [2025-03-29T19:04:12.152+0000] {dag.py:3239} INFO - Sync 1 DAGs
[2025-03-29T19:04:12.165+0000] {logging_mixin.py:190} INFO - [2025-03-29T19:04:12.165+0000] {dag.py:4180} INFO - Setting next_dagrun for gerar_csv_dados_abertos_cnpj to 2025-03-28 00:00:00+00:00, run_after=2025-03-29 00:00:00+00:00
[2025-03-29T19:04:12.176+0000] {processor.py:208} INFO - Processing /opt/airflow/dags/saving_file.py took 0.189 seconds
[2025-03-29T19:04:42.387+0000] {processor.py:186} INFO - Started process (PID=5847) to work on /opt/airflow/dags/saving_file.py
[2025-03-29T19:04:42.388+0000] {processor.py:914} INFO - Processing file /opt/airflow/dags/saving_file.py for tasks to queue
[2025-03-29T19:04:42.390+0000] {logging_mixin.py:190} INFO - [2025-03-29T19:04:42.390+0000] {dagbag.py:588} INFO - Filling up the DagBag from /opt/airflow/dags/saving_file.py
[2025-03-29T19:04:42.530+0000] {processor.py:925} INFO - DAG(s) 'gerar_csv_dados_abertos_cnpj' retrieved from /opt/airflow/dags/saving_file.py
[2025-03-29T19:04:42.542+0000] {logging_mixin.py:190} INFO - [2025-03-29T19:04:42.541+0000] {dag.py:3239} INFO - Sync 1 DAGs
[2025-03-29T19:04:42.552+0000] {logging_mixin.py:190} INFO - [2025-03-29T19:04:42.552+0000] {dag.py:4180} INFO - Setting next_dagrun for gerar_csv_dados_abertos_cnpj to 2025-03-28 00:00:00+00:00, run_after=2025-03-29 00:00:00+00:00
[2025-03-29T19:04:42.562+0000] {processor.py:208} INFO - Processing /opt/airflow/dags/saving_file.py took 0.178 seconds
[2025-03-29T19:05:12.770+0000] {processor.py:186} INFO - Started process (PID=5858) to work on /opt/airflow/dags/saving_file.py
[2025-03-29T19:05:12.771+0000] {processor.py:914} INFO - Processing file /opt/airflow/dags/saving_file.py for tasks to queue
[2025-03-29T19:05:12.774+0000] {logging_mixin.py:190} INFO - [2025-03-29T19:05:12.774+0000] {dagbag.py:588} INFO - Filling up the DagBag from /opt/airflow/dags/saving_file.py
[2025-03-29T19:05:12.915+0000] {processor.py:925} INFO - DAG(s) 'gerar_csv_dados_abertos_cnpj' retrieved from /opt/airflow/dags/saving_file.py
[2025-03-29T19:05:12.931+0000] {logging_mixin.py:190} INFO - [2025-03-29T19:05:12.931+0000] {dag.py:3239} INFO - Sync 1 DAGs
[2025-03-29T19:05:12.943+0000] {logging_mixin.py:190} INFO - [2025-03-29T19:05:12.943+0000] {dag.py:4180} INFO - Setting next_dagrun for gerar_csv_dados_abertos_cnpj to 2025-03-28 00:00:00+00:00, run_after=2025-03-29 00:00:00+00:00
[2025-03-29T19:05:12.954+0000] {processor.py:208} INFO - Processing /opt/airflow/dags/saving_file.py took 0.187 seconds
[2025-03-29T19:05:43.152+0000] {processor.py:186} INFO - Started process (PID=5869) to work on /opt/airflow/dags/saving_file.py
[2025-03-29T19:05:43.154+0000] {processor.py:914} INFO - Processing file /opt/airflow/dags/saving_file.py for tasks to queue
[2025-03-29T19:05:43.156+0000] {logging_mixin.py:190} INFO - [2025-03-29T19:05:43.156+0000] {dagbag.py:588} INFO - Filling up the DagBag from /opt/airflow/dags/saving_file.py
[2025-03-29T19:05:43.293+0000] {processor.py:925} INFO - DAG(s) 'gerar_csv_dados_abertos_cnpj' retrieved from /opt/airflow/dags/saving_file.py
[2025-03-29T19:05:43.305+0000] {logging_mixin.py:190} INFO - [2025-03-29T19:05:43.305+0000] {dag.py:3239} INFO - Sync 1 DAGs
[2025-03-29T19:05:43.318+0000] {logging_mixin.py:190} INFO - [2025-03-29T19:05:43.318+0000] {dag.py:4180} INFO - Setting next_dagrun for gerar_csv_dados_abertos_cnpj to 2025-03-28 00:00:00+00:00, run_after=2025-03-29 00:00:00+00:00
[2025-03-29T19:05:43.328+0000] {processor.py:208} INFO - Processing /opt/airflow/dags/saving_file.py took 0.179 seconds
[2025-03-29T19:06:13.582+0000] {processor.py:186} INFO - Started process (PID=5880) to work on /opt/airflow/dags/saving_file.py
[2025-03-29T19:06:13.583+0000] {processor.py:914} INFO - Processing file /opt/airflow/dags/saving_file.py for tasks to queue
[2025-03-29T19:06:13.585+0000] {logging_mixin.py:190} INFO - [2025-03-29T19:06:13.585+0000] {dagbag.py:588} INFO - Filling up the DagBag from /opt/airflow/dags/saving_file.py
[2025-03-29T19:06:13.726+0000] {processor.py:925} INFO - DAG(s) 'gerar_csv_dados_abertos_cnpj' retrieved from /opt/airflow/dags/saving_file.py
[2025-03-29T19:06:13.740+0000] {logging_mixin.py:190} INFO - [2025-03-29T19:06:13.740+0000] {dag.py:3239} INFO - Sync 1 DAGs
[2025-03-29T19:06:13.753+0000] {logging_mixin.py:190} INFO - [2025-03-29T19:06:13.753+0000] {dag.py:4180} INFO - Setting next_dagrun for gerar_csv_dados_abertos_cnpj to 2025-03-28 00:00:00+00:00, run_after=2025-03-29 00:00:00+00:00
[2025-03-29T19:06:13.763+0000] {processor.py:208} INFO - Processing /opt/airflow/dags/saving_file.py took 0.185 seconds
[2025-03-29T19:06:43.980+0000] {processor.py:186} INFO - Started process (PID=5891) to work on /opt/airflow/dags/saving_file.py
[2025-03-29T19:06:43.981+0000] {processor.py:914} INFO - Processing file /opt/airflow/dags/saving_file.py for tasks to queue
[2025-03-29T19:06:43.983+0000] {logging_mixin.py:190} INFO - [2025-03-29T19:06:43.983+0000] {dagbag.py:588} INFO - Filling up the DagBag from /opt/airflow/dags/saving_file.py
[2025-03-29T19:06:44.128+0000] {processor.py:925} INFO - DAG(s) 'gerar_csv_dados_abertos_cnpj' retrieved from /opt/airflow/dags/saving_file.py
[2025-03-29T19:06:44.140+0000] {logging_mixin.py:190} INFO - [2025-03-29T19:06:44.140+0000] {dag.py:3239} INFO - Sync 1 DAGs
[2025-03-29T19:06:44.151+0000] {logging_mixin.py:190} INFO - [2025-03-29T19:06:44.151+0000] {dag.py:4180} INFO - Setting next_dagrun for gerar_csv_dados_abertos_cnpj to 2025-03-28 00:00:00+00:00, run_after=2025-03-29 00:00:00+00:00
[2025-03-29T19:06:44.160+0000] {processor.py:208} INFO - Processing /opt/airflow/dags/saving_file.py took 0.182 seconds
[2025-03-29T19:07:14.393+0000] {processor.py:186} INFO - Started process (PID=5902) to work on /opt/airflow/dags/saving_file.py
[2025-03-29T19:07:14.394+0000] {processor.py:914} INFO - Processing file /opt/airflow/dags/saving_file.py for tasks to queue
[2025-03-29T19:07:14.396+0000] {logging_mixin.py:190} INFO - [2025-03-29T19:07:14.396+0000] {dagbag.py:588} INFO - Filling up the DagBag from /opt/airflow/dags/saving_file.py
[2025-03-29T19:07:14.539+0000] {processor.py:925} INFO - DAG(s) 'gerar_csv_dados_abertos_cnpj' retrieved from /opt/airflow/dags/saving_file.py
[2025-03-29T19:07:14.553+0000] {logging_mixin.py:190} INFO - [2025-03-29T19:07:14.553+0000] {dag.py:3239} INFO - Sync 1 DAGs
[2025-03-29T19:07:14.566+0000] {logging_mixin.py:190} INFO - [2025-03-29T19:07:14.566+0000] {dag.py:4180} INFO - Setting next_dagrun for gerar_csv_dados_abertos_cnpj to 2025-03-28 00:00:00+00:00, run_after=2025-03-29 00:00:00+00:00
[2025-03-29T19:07:14.577+0000] {processor.py:208} INFO - Processing /opt/airflow/dags/saving_file.py took 0.187 seconds
[2025-03-29T19:07:44.786+0000] {processor.py:186} INFO - Started process (PID=5913) to work on /opt/airflow/dags/saving_file.py
[2025-03-29T19:07:44.787+0000] {processor.py:914} INFO - Processing file /opt/airflow/dags/saving_file.py for tasks to queue
[2025-03-29T19:07:44.790+0000] {logging_mixin.py:190} INFO - [2025-03-29T19:07:44.790+0000] {dagbag.py:588} INFO - Filling up the DagBag from /opt/airflow/dags/saving_file.py
[2025-03-29T19:07:44.933+0000] {processor.py:925} INFO - DAG(s) 'gerar_csv_dados_abertos_cnpj' retrieved from /opt/airflow/dags/saving_file.py
[2025-03-29T19:07:44.944+0000] {logging_mixin.py:190} INFO - [2025-03-29T19:07:44.944+0000] {dag.py:3239} INFO - Sync 1 DAGs
[2025-03-29T19:07:44.956+0000] {logging_mixin.py:190} INFO - [2025-03-29T19:07:44.956+0000] {dag.py:4180} INFO - Setting next_dagrun for gerar_csv_dados_abertos_cnpj to 2025-03-28 00:00:00+00:00, run_after=2025-03-29 00:00:00+00:00
[2025-03-29T19:07:44.967+0000] {processor.py:208} INFO - Processing /opt/airflow/dags/saving_file.py took 0.185 seconds
[2025-03-29T19:08:15.172+0000] {processor.py:186} INFO - Started process (PID=5924) to work on /opt/airflow/dags/saving_file.py
[2025-03-29T19:08:15.172+0000] {processor.py:914} INFO - Processing file /opt/airflow/dags/saving_file.py for tasks to queue
[2025-03-29T19:08:15.175+0000] {logging_mixin.py:190} INFO - [2025-03-29T19:08:15.175+0000] {dagbag.py:588} INFO - Filling up the DagBag from /opt/airflow/dags/saving_file.py
[2025-03-29T19:08:15.319+0000] {processor.py:925} INFO - DAG(s) 'gerar_csv_dados_abertos_cnpj' retrieved from /opt/airflow/dags/saving_file.py
[2025-03-29T19:08:15.332+0000] {logging_mixin.py:190} INFO - [2025-03-29T19:08:15.332+0000] {dag.py:3239} INFO - Sync 1 DAGs
[2025-03-29T19:08:15.345+0000] {logging_mixin.py:190} INFO - [2025-03-29T19:08:15.345+0000] {dag.py:4180} INFO - Setting next_dagrun for gerar_csv_dados_abertos_cnpj to 2025-03-28 00:00:00+00:00, run_after=2025-03-29 00:00:00+00:00
[2025-03-29T19:08:15.355+0000] {processor.py:208} INFO - Processing /opt/airflow/dags/saving_file.py took 0.186 seconds
[2025-03-29T19:08:45.547+0000] {processor.py:186} INFO - Started process (PID=5935) to work on /opt/airflow/dags/saving_file.py
[2025-03-29T19:08:45.548+0000] {processor.py:914} INFO - Processing file /opt/airflow/dags/saving_file.py for tasks to queue
[2025-03-29T19:08:45.551+0000] {logging_mixin.py:190} INFO - [2025-03-29T19:08:45.551+0000] {dagbag.py:588} INFO - Filling up the DagBag from /opt/airflow/dags/saving_file.py
[2025-03-29T19:08:45.694+0000] {processor.py:925} INFO - DAG(s) 'gerar_csv_dados_abertos_cnpj' retrieved from /opt/airflow/dags/saving_file.py
[2025-03-29T19:08:45.708+0000] {logging_mixin.py:190} INFO - [2025-03-29T19:08:45.708+0000] {dag.py:3239} INFO - Sync 1 DAGs
[2025-03-29T19:08:45.720+0000] {logging_mixin.py:190} INFO - [2025-03-29T19:08:45.720+0000] {dag.py:4180} INFO - Setting next_dagrun for gerar_csv_dados_abertos_cnpj to 2025-03-28 00:00:00+00:00, run_after=2025-03-29 00:00:00+00:00
[2025-03-29T19:08:45.730+0000] {processor.py:208} INFO - Processing /opt/airflow/dags/saving_file.py took 0.186 seconds
[2025-03-29T19:09:15.920+0000] {processor.py:186} INFO - Started process (PID=5946) to work on /opt/airflow/dags/saving_file.py
[2025-03-29T19:09:15.922+0000] {processor.py:914} INFO - Processing file /opt/airflow/dags/saving_file.py for tasks to queue
[2025-03-29T19:09:15.924+0000] {logging_mixin.py:190} INFO - [2025-03-29T19:09:15.924+0000] {dagbag.py:588} INFO - Filling up the DagBag from /opt/airflow/dags/saving_file.py
[2025-03-29T19:09:16.067+0000] {processor.py:925} INFO - DAG(s) 'gerar_csv_dados_abertos_cnpj' retrieved from /opt/airflow/dags/saving_file.py
[2025-03-29T19:09:16.081+0000] {logging_mixin.py:190} INFO - [2025-03-29T19:09:16.081+0000] {dag.py:3239} INFO - Sync 1 DAGs
[2025-03-29T19:09:16.092+0000] {logging_mixin.py:190} INFO - [2025-03-29T19:09:16.092+0000] {dag.py:4180} INFO - Setting next_dagrun for gerar_csv_dados_abertos_cnpj to 2025-03-28 00:00:00+00:00, run_after=2025-03-29 00:00:00+00:00
[2025-03-29T19:09:16.101+0000] {processor.py:208} INFO - Processing /opt/airflow/dags/saving_file.py took 0.183 seconds
[2025-03-29T19:09:46.288+0000] {processor.py:186} INFO - Started process (PID=5957) to work on /opt/airflow/dags/saving_file.py
[2025-03-29T19:09:46.289+0000] {processor.py:914} INFO - Processing file /opt/airflow/dags/saving_file.py for tasks to queue
[2025-03-29T19:09:46.292+0000] {logging_mixin.py:190} INFO - [2025-03-29T19:09:46.292+0000] {dagbag.py:588} INFO - Filling up the DagBag from /opt/airflow/dags/saving_file.py
[2025-03-29T19:09:46.432+0000] {processor.py:925} INFO - DAG(s) 'gerar_csv_dados_abertos_cnpj' retrieved from /opt/airflow/dags/saving_file.py
[2025-03-29T19:09:46.445+0000] {logging_mixin.py:190} INFO - [2025-03-29T19:09:46.445+0000] {dag.py:3239} INFO - Sync 1 DAGs
[2025-03-29T19:09:46.458+0000] {logging_mixin.py:190} INFO - [2025-03-29T19:09:46.458+0000] {dag.py:4180} INFO - Setting next_dagrun for gerar_csv_dados_abertos_cnpj to 2025-03-28 00:00:00+00:00, run_after=2025-03-29 00:00:00+00:00
[2025-03-29T19:09:46.467+0000] {processor.py:208} INFO - Processing /opt/airflow/dags/saving_file.py took 0.182 seconds
[2025-03-29T19:10:16.667+0000] {processor.py:186} INFO - Started process (PID=5968) to work on /opt/airflow/dags/saving_file.py
[2025-03-29T19:10:16.668+0000] {processor.py:914} INFO - Processing file /opt/airflow/dags/saving_file.py for tasks to queue
[2025-03-29T19:10:16.670+0000] {logging_mixin.py:190} INFO - [2025-03-29T19:10:16.670+0000] {dagbag.py:588} INFO - Filling up the DagBag from /opt/airflow/dags/saving_file.py
[2025-03-29T19:10:16.815+0000] {processor.py:925} INFO - DAG(s) 'gerar_csv_dados_abertos_cnpj' retrieved from /opt/airflow/dags/saving_file.py
[2025-03-29T19:10:16.829+0000] {logging_mixin.py:190} INFO - [2025-03-29T19:10:16.829+0000] {dag.py:3239} INFO - Sync 1 DAGs
[2025-03-29T19:10:16.842+0000] {logging_mixin.py:190} INFO - [2025-03-29T19:10:16.842+0000] {dag.py:4180} INFO - Setting next_dagrun for gerar_csv_dados_abertos_cnpj to 2025-03-28 00:00:00+00:00, run_after=2025-03-29 00:00:00+00:00
[2025-03-29T19:10:16.853+0000] {processor.py:208} INFO - Processing /opt/airflow/dags/saving_file.py took 0.191 seconds
[2025-03-29T19:10:47.096+0000] {processor.py:186} INFO - Started process (PID=5979) to work on /opt/airflow/dags/saving_file.py
[2025-03-29T19:10:47.097+0000] {processor.py:914} INFO - Processing file /opt/airflow/dags/saving_file.py for tasks to queue
[2025-03-29T19:10:47.099+0000] {logging_mixin.py:190} INFO - [2025-03-29T19:10:47.099+0000] {dagbag.py:588} INFO - Filling up the DagBag from /opt/airflow/dags/saving_file.py
[2025-03-29T19:10:47.243+0000] {processor.py:925} INFO - DAG(s) 'gerar_csv_dados_abertos_cnpj' retrieved from /opt/airflow/dags/saving_file.py
[2025-03-29T19:10:47.255+0000] {logging_mixin.py:190} INFO - [2025-03-29T19:10:47.255+0000] {dag.py:3239} INFO - Sync 1 DAGs
[2025-03-29T19:10:47.267+0000] {logging_mixin.py:190} INFO - [2025-03-29T19:10:47.267+0000] {dag.py:4180} INFO - Setting next_dagrun for gerar_csv_dados_abertos_cnpj to 2025-03-28 00:00:00+00:00, run_after=2025-03-29 00:00:00+00:00
[2025-03-29T19:10:47.276+0000] {processor.py:208} INFO - Processing /opt/airflow/dags/saving_file.py took 0.183 seconds
[2025-03-29T19:11:17.491+0000] {processor.py:186} INFO - Started process (PID=5990) to work on /opt/airflow/dags/saving_file.py
[2025-03-29T19:11:17.492+0000] {processor.py:914} INFO - Processing file /opt/airflow/dags/saving_file.py for tasks to queue
[2025-03-29T19:11:17.495+0000] {logging_mixin.py:190} INFO - [2025-03-29T19:11:17.495+0000] {dagbag.py:588} INFO - Filling up the DagBag from /opt/airflow/dags/saving_file.py
[2025-03-29T19:11:17.637+0000] {processor.py:925} INFO - DAG(s) 'gerar_csv_dados_abertos_cnpj' retrieved from /opt/airflow/dags/saving_file.py
[2025-03-29T19:11:17.650+0000] {logging_mixin.py:190} INFO - [2025-03-29T19:11:17.650+0000] {dag.py:3239} INFO - Sync 1 DAGs
[2025-03-29T19:11:17.662+0000] {logging_mixin.py:190} INFO - [2025-03-29T19:11:17.662+0000] {dag.py:4180} INFO - Setting next_dagrun for gerar_csv_dados_abertos_cnpj to 2025-03-28 00:00:00+00:00, run_after=2025-03-29 00:00:00+00:00
[2025-03-29T19:11:17.672+0000] {processor.py:208} INFO - Processing /opt/airflow/dags/saving_file.py took 0.185 seconds
[2025-03-29T19:11:47.863+0000] {processor.py:186} INFO - Started process (PID=6001) to work on /opt/airflow/dags/saving_file.py
[2025-03-29T19:11:47.864+0000] {processor.py:914} INFO - Processing file /opt/airflow/dags/saving_file.py for tasks to queue
[2025-03-29T19:11:47.866+0000] {logging_mixin.py:190} INFO - [2025-03-29T19:11:47.866+0000] {dagbag.py:588} INFO - Filling up the DagBag from /opt/airflow/dags/saving_file.py
[2025-03-29T19:11:48.012+0000] {processor.py:925} INFO - DAG(s) 'gerar_csv_dados_abertos_cnpj' retrieved from /opt/airflow/dags/saving_file.py
[2025-03-29T19:11:48.026+0000] {logging_mixin.py:190} INFO - [2025-03-29T19:11:48.026+0000] {dag.py:3239} INFO - Sync 1 DAGs
[2025-03-29T19:11:48.039+0000] {logging_mixin.py:190} INFO - [2025-03-29T19:11:48.039+0000] {dag.py:4180} INFO - Setting next_dagrun for gerar_csv_dados_abertos_cnpj to 2025-03-28 00:00:00+00:00, run_after=2025-03-29 00:00:00+00:00
[2025-03-29T19:11:48.052+0000] {processor.py:208} INFO - Processing /opt/airflow/dags/saving_file.py took 0.192 seconds
[2025-03-29T19:12:18.249+0000] {processor.py:186} INFO - Started process (PID=6012) to work on /opt/airflow/dags/saving_file.py
[2025-03-29T19:12:18.250+0000] {processor.py:914} INFO - Processing file /opt/airflow/dags/saving_file.py for tasks to queue
[2025-03-29T19:12:18.252+0000] {logging_mixin.py:190} INFO - [2025-03-29T19:12:18.252+0000] {dagbag.py:588} INFO - Filling up the DagBag from /opt/airflow/dags/saving_file.py
[2025-03-29T19:12:18.397+0000] {processor.py:925} INFO - DAG(s) 'gerar_csv_dados_abertos_cnpj' retrieved from /opt/airflow/dags/saving_file.py
[2025-03-29T19:12:18.411+0000] {logging_mixin.py:190} INFO - [2025-03-29T19:12:18.410+0000] {dag.py:3239} INFO - Sync 1 DAGs
[2025-03-29T19:12:18.423+0000] {logging_mixin.py:190} INFO - [2025-03-29T19:12:18.423+0000] {dag.py:4180} INFO - Setting next_dagrun for gerar_csv_dados_abertos_cnpj to 2025-03-28 00:00:00+00:00, run_after=2025-03-29 00:00:00+00:00
[2025-03-29T19:12:18.433+0000] {processor.py:208} INFO - Processing /opt/airflow/dags/saving_file.py took 0.188 seconds
[2025-03-29T19:12:48.650+0000] {processor.py:186} INFO - Started process (PID=6023) to work on /opt/airflow/dags/saving_file.py
[2025-03-29T19:12:48.652+0000] {processor.py:914} INFO - Processing file /opt/airflow/dags/saving_file.py for tasks to queue
[2025-03-29T19:12:48.654+0000] {logging_mixin.py:190} INFO - [2025-03-29T19:12:48.654+0000] {dagbag.py:588} INFO - Filling up the DagBag from /opt/airflow/dags/saving_file.py
[2025-03-29T19:12:48.795+0000] {processor.py:925} INFO - DAG(s) 'gerar_csv_dados_abertos_cnpj' retrieved from /opt/airflow/dags/saving_file.py
[2025-03-29T19:12:48.807+0000] {logging_mixin.py:190} INFO - [2025-03-29T19:12:48.806+0000] {dag.py:3239} INFO - Sync 1 DAGs
[2025-03-29T19:12:48.818+0000] {logging_mixin.py:190} INFO - [2025-03-29T19:12:48.818+0000] {dag.py:4180} INFO - Setting next_dagrun for gerar_csv_dados_abertos_cnpj to 2025-03-28 00:00:00+00:00, run_after=2025-03-29 00:00:00+00:00
[2025-03-29T19:12:48.827+0000] {processor.py:208} INFO - Processing /opt/airflow/dags/saving_file.py took 0.181 seconds
[2025-03-29T19:13:19.023+0000] {processor.py:186} INFO - Started process (PID=6034) to work on /opt/airflow/dags/saving_file.py
[2025-03-29T19:13:19.024+0000] {processor.py:914} INFO - Processing file /opt/airflow/dags/saving_file.py for tasks to queue
[2025-03-29T19:13:19.026+0000] {logging_mixin.py:190} INFO - [2025-03-29T19:13:19.026+0000] {dagbag.py:588} INFO - Filling up the DagBag from /opt/airflow/dags/saving_file.py
[2025-03-29T19:13:19.165+0000] {processor.py:925} INFO - DAG(s) 'gerar_csv_dados_abertos_cnpj' retrieved from /opt/airflow/dags/saving_file.py
[2025-03-29T19:13:19.177+0000] {logging_mixin.py:190} INFO - [2025-03-29T19:13:19.177+0000] {dag.py:3239} INFO - Sync 1 DAGs
[2025-03-29T19:13:19.188+0000] {logging_mixin.py:190} INFO - [2025-03-29T19:13:19.188+0000] {dag.py:4180} INFO - Setting next_dagrun for gerar_csv_dados_abertos_cnpj to 2025-03-28 00:00:00+00:00, run_after=2025-03-29 00:00:00+00:00
[2025-03-29T19:13:19.198+0000] {processor.py:208} INFO - Processing /opt/airflow/dags/saving_file.py took 0.178 seconds
[2025-03-29T19:13:49.395+0000] {processor.py:186} INFO - Started process (PID=6045) to work on /opt/airflow/dags/saving_file.py
[2025-03-29T19:13:49.397+0000] {processor.py:914} INFO - Processing file /opt/airflow/dags/saving_file.py for tasks to queue
[2025-03-29T19:13:49.399+0000] {logging_mixin.py:190} INFO - [2025-03-29T19:13:49.399+0000] {dagbag.py:588} INFO - Filling up the DagBag from /opt/airflow/dags/saving_file.py
[2025-03-29T19:13:49.542+0000] {processor.py:925} INFO - DAG(s) 'gerar_csv_dados_abertos_cnpj' retrieved from /opt/airflow/dags/saving_file.py
[2025-03-29T19:13:49.554+0000] {logging_mixin.py:190} INFO - [2025-03-29T19:13:49.554+0000] {dag.py:3239} INFO - Sync 1 DAGs
[2025-03-29T19:13:49.567+0000] {logging_mixin.py:190} INFO - [2025-03-29T19:13:49.567+0000] {dag.py:4180} INFO - Setting next_dagrun for gerar_csv_dados_abertos_cnpj to 2025-03-28 00:00:00+00:00, run_after=2025-03-29 00:00:00+00:00
[2025-03-29T19:13:49.576+0000] {processor.py:208} INFO - Processing /opt/airflow/dags/saving_file.py took 0.184 seconds
[2025-03-29T19:14:19.766+0000] {processor.py:186} INFO - Started process (PID=6056) to work on /opt/airflow/dags/saving_file.py
[2025-03-29T19:14:19.767+0000] {processor.py:914} INFO - Processing file /opt/airflow/dags/saving_file.py for tasks to queue
[2025-03-29T19:14:19.770+0000] {logging_mixin.py:190} INFO - [2025-03-29T19:14:19.769+0000] {dagbag.py:588} INFO - Filling up the DagBag from /opt/airflow/dags/saving_file.py
[2025-03-29T19:14:19.910+0000] {processor.py:925} INFO - DAG(s) 'gerar_csv_dados_abertos_cnpj' retrieved from /opt/airflow/dags/saving_file.py
[2025-03-29T19:14:19.923+0000] {logging_mixin.py:190} INFO - [2025-03-29T19:14:19.923+0000] {dag.py:3239} INFO - Sync 1 DAGs
[2025-03-29T19:14:19.935+0000] {logging_mixin.py:190} INFO - [2025-03-29T19:14:19.935+0000] {dag.py:4180} INFO - Setting next_dagrun for gerar_csv_dados_abertos_cnpj to 2025-03-28 00:00:00+00:00, run_after=2025-03-29 00:00:00+00:00
[2025-03-29T19:14:19.944+0000] {processor.py:208} INFO - Processing /opt/airflow/dags/saving_file.py took 0.182 seconds
[2025-03-29T19:14:50.144+0000] {processor.py:186} INFO - Started process (PID=6067) to work on /opt/airflow/dags/saving_file.py
[2025-03-29T19:14:50.145+0000] {processor.py:914} INFO - Processing file /opt/airflow/dags/saving_file.py for tasks to queue
[2025-03-29T19:14:50.148+0000] {logging_mixin.py:190} INFO - [2025-03-29T19:14:50.148+0000] {dagbag.py:588} INFO - Filling up the DagBag from /opt/airflow/dags/saving_file.py
[2025-03-29T19:14:50.286+0000] {processor.py:925} INFO - DAG(s) 'gerar_csv_dados_abertos_cnpj' retrieved from /opt/airflow/dags/saving_file.py
[2025-03-29T19:14:50.300+0000] {logging_mixin.py:190} INFO - [2025-03-29T19:14:50.300+0000] {dag.py:3239} INFO - Sync 1 DAGs
[2025-03-29T19:14:50.313+0000] {logging_mixin.py:190} INFO - [2025-03-29T19:14:50.313+0000] {dag.py:4180} INFO - Setting next_dagrun for gerar_csv_dados_abertos_cnpj to 2025-03-28 00:00:00+00:00, run_after=2025-03-29 00:00:00+00:00
[2025-03-29T19:14:50.322+0000] {processor.py:208} INFO - Processing /opt/airflow/dags/saving_file.py took 0.181 seconds
[2025-03-29T19:15:20.521+0000] {processor.py:186} INFO - Started process (PID=6078) to work on /opt/airflow/dags/saving_file.py
[2025-03-29T19:15:20.522+0000] {processor.py:914} INFO - Processing file /opt/airflow/dags/saving_file.py for tasks to queue
[2025-03-29T19:15:20.524+0000] {logging_mixin.py:190} INFO - [2025-03-29T19:15:20.524+0000] {dagbag.py:588} INFO - Filling up the DagBag from /opt/airflow/dags/saving_file.py
[2025-03-29T19:15:20.674+0000] {processor.py:925} INFO - DAG(s) 'gerar_csv_dados_abertos_cnpj' retrieved from /opt/airflow/dags/saving_file.py
[2025-03-29T19:15:20.688+0000] {logging_mixin.py:190} INFO - [2025-03-29T19:15:20.688+0000] {dag.py:3239} INFO - Sync 1 DAGs
[2025-03-29T19:15:20.702+0000] {logging_mixin.py:190} INFO - [2025-03-29T19:15:20.702+0000] {dag.py:4180} INFO - Setting next_dagrun for gerar_csv_dados_abertos_cnpj to 2025-03-28 00:00:00+00:00, run_after=2025-03-29 00:00:00+00:00
[2025-03-29T19:15:20.712+0000] {processor.py:208} INFO - Processing /opt/airflow/dags/saving_file.py took 0.193 seconds
[2025-03-29T19:15:50.962+0000] {processor.py:186} INFO - Started process (PID=6089) to work on /opt/airflow/dags/saving_file.py
[2025-03-29T19:15:50.964+0000] {processor.py:914} INFO - Processing file /opt/airflow/dags/saving_file.py for tasks to queue
[2025-03-29T19:15:50.967+0000] {logging_mixin.py:190} INFO - [2025-03-29T19:15:50.967+0000] {dagbag.py:588} INFO - Filling up the DagBag from /opt/airflow/dags/saving_file.py
[2025-03-29T19:15:51.111+0000] {processor.py:925} INFO - DAG(s) 'gerar_csv_dados_abertos_cnpj' retrieved from /opt/airflow/dags/saving_file.py
[2025-03-29T19:15:51.125+0000] {logging_mixin.py:190} INFO - [2025-03-29T19:15:51.124+0000] {dag.py:3239} INFO - Sync 1 DAGs
[2025-03-29T19:15:51.137+0000] {logging_mixin.py:190} INFO - [2025-03-29T19:15:51.137+0000] {dag.py:4180} INFO - Setting next_dagrun for gerar_csv_dados_abertos_cnpj to 2025-03-28 00:00:00+00:00, run_after=2025-03-29 00:00:00+00:00
[2025-03-29T19:15:51.148+0000] {processor.py:208} INFO - Processing /opt/airflow/dags/saving_file.py took 0.189 seconds
[2025-03-29T19:16:21.354+0000] {processor.py:186} INFO - Started process (PID=6100) to work on /opt/airflow/dags/saving_file.py
[2025-03-29T19:16:21.355+0000] {processor.py:914} INFO - Processing file /opt/airflow/dags/saving_file.py for tasks to queue
[2025-03-29T19:16:21.358+0000] {logging_mixin.py:190} INFO - [2025-03-29T19:16:21.357+0000] {dagbag.py:588} INFO - Filling up the DagBag from /opt/airflow/dags/saving_file.py
[2025-03-29T19:16:21.496+0000] {processor.py:925} INFO - DAG(s) 'gerar_csv_dados_abertos_cnpj' retrieved from /opt/airflow/dags/saving_file.py
[2025-03-29T19:16:21.509+0000] {logging_mixin.py:190} INFO - [2025-03-29T19:16:21.509+0000] {dag.py:3239} INFO - Sync 1 DAGs
[2025-03-29T19:16:21.522+0000] {logging_mixin.py:190} INFO - [2025-03-29T19:16:21.522+0000] {dag.py:4180} INFO - Setting next_dagrun for gerar_csv_dados_abertos_cnpj to 2025-03-28 00:00:00+00:00, run_after=2025-03-29 00:00:00+00:00
[2025-03-29T19:16:21.532+0000] {processor.py:208} INFO - Processing /opt/airflow/dags/saving_file.py took 0.181 seconds
[2025-03-29T19:16:51.730+0000] {processor.py:186} INFO - Started process (PID=6111) to work on /opt/airflow/dags/saving_file.py
[2025-03-29T19:16:51.731+0000] {processor.py:914} INFO - Processing file /opt/airflow/dags/saving_file.py for tasks to queue
[2025-03-29T19:16:51.733+0000] {logging_mixin.py:190} INFO - [2025-03-29T19:16:51.733+0000] {dagbag.py:588} INFO - Filling up the DagBag from /opt/airflow/dags/saving_file.py
[2025-03-29T19:16:51.874+0000] {processor.py:925} INFO - DAG(s) 'gerar_csv_dados_abertos_cnpj' retrieved from /opt/airflow/dags/saving_file.py
[2025-03-29T19:16:51.886+0000] {logging_mixin.py:190} INFO - [2025-03-29T19:16:51.886+0000] {dag.py:3239} INFO - Sync 1 DAGs
[2025-03-29T19:16:51.897+0000] {logging_mixin.py:190} INFO - [2025-03-29T19:16:51.897+0000] {dag.py:4180} INFO - Setting next_dagrun for gerar_csv_dados_abertos_cnpj to 2025-03-28 00:00:00+00:00, run_after=2025-03-29 00:00:00+00:00
[2025-03-29T19:16:51.907+0000] {processor.py:208} INFO - Processing /opt/airflow/dags/saving_file.py took 0.180 seconds
[2025-03-29T19:17:22.088+0000] {processor.py:186} INFO - Started process (PID=6123) to work on /opt/airflow/dags/saving_file.py
[2025-03-29T19:17:22.088+0000] {processor.py:914} INFO - Processing file /opt/airflow/dags/saving_file.py for tasks to queue
[2025-03-29T19:17:22.090+0000] {logging_mixin.py:190} INFO - [2025-03-29T19:17:22.090+0000] {dagbag.py:588} INFO - Filling up the DagBag from /opt/airflow/dags/saving_file.py
[2025-03-29T19:17:22.231+0000] {processor.py:925} INFO - DAG(s) 'gerar_csv_dados_abertos_cnpj' retrieved from /opt/airflow/dags/saving_file.py
[2025-03-29T19:17:22.247+0000] {logging_mixin.py:190} INFO - [2025-03-29T19:17:22.246+0000] {dag.py:3239} INFO - Sync 1 DAGs
[2025-03-29T19:17:22.259+0000] {logging_mixin.py:190} INFO - [2025-03-29T19:17:22.259+0000] {dag.py:4180} INFO - Setting next_dagrun for gerar_csv_dados_abertos_cnpj to 2025-03-28 00:00:00+00:00, run_after=2025-03-29 00:00:00+00:00
[2025-03-29T19:17:22.269+0000] {processor.py:208} INFO - Processing /opt/airflow/dags/saving_file.py took 0.184 seconds
[2025-03-29T19:17:52.462+0000] {processor.py:186} INFO - Started process (PID=6134) to work on /opt/airflow/dags/saving_file.py
[2025-03-29T19:17:52.462+0000] {processor.py:914} INFO - Processing file /opt/airflow/dags/saving_file.py for tasks to queue
[2025-03-29T19:17:52.465+0000] {logging_mixin.py:190} INFO - [2025-03-29T19:17:52.465+0000] {dagbag.py:588} INFO - Filling up the DagBag from /opt/airflow/dags/saving_file.py
[2025-03-29T19:17:52.603+0000] {processor.py:925} INFO - DAG(s) 'gerar_csv_dados_abertos_cnpj' retrieved from /opt/airflow/dags/saving_file.py
[2025-03-29T19:17:52.615+0000] {logging_mixin.py:190} INFO - [2025-03-29T19:17:52.614+0000] {dag.py:3239} INFO - Sync 1 DAGs
[2025-03-29T19:17:52.627+0000] {logging_mixin.py:190} INFO - [2025-03-29T19:17:52.627+0000] {dag.py:4180} INFO - Setting next_dagrun for gerar_csv_dados_abertos_cnpj to 2025-03-28 00:00:00+00:00, run_after=2025-03-29 00:00:00+00:00
[2025-03-29T19:17:52.636+0000] {processor.py:208} INFO - Processing /opt/airflow/dags/saving_file.py took 0.177 seconds
[2025-03-29T19:18:22.860+0000] {processor.py:186} INFO - Started process (PID=6145) to work on /opt/airflow/dags/saving_file.py
[2025-03-29T19:18:22.862+0000] {processor.py:914} INFO - Processing file /opt/airflow/dags/saving_file.py for tasks to queue
[2025-03-29T19:18:22.865+0000] {logging_mixin.py:190} INFO - [2025-03-29T19:18:22.864+0000] {dagbag.py:588} INFO - Filling up the DagBag from /opt/airflow/dags/saving_file.py
[2025-03-29T19:18:23.003+0000] {processor.py:925} INFO - DAG(s) 'gerar_csv_dados_abertos_cnpj' retrieved from /opt/airflow/dags/saving_file.py
[2025-03-29T19:18:23.015+0000] {logging_mixin.py:190} INFO - [2025-03-29T19:18:23.015+0000] {dag.py:3239} INFO - Sync 1 DAGs
[2025-03-29T19:18:23.028+0000] {logging_mixin.py:190} INFO - [2025-03-29T19:18:23.028+0000] {dag.py:4180} INFO - Setting next_dagrun for gerar_csv_dados_abertos_cnpj to 2025-03-28 00:00:00+00:00, run_after=2025-03-29 00:00:00+00:00
[2025-03-29T19:18:23.039+0000] {processor.py:208} INFO - Processing /opt/airflow/dags/saving_file.py took 0.181 seconds
[2025-03-29T19:18:53.232+0000] {processor.py:186} INFO - Started process (PID=6156) to work on /opt/airflow/dags/saving_file.py
[2025-03-29T19:18:53.233+0000] {processor.py:914} INFO - Processing file /opt/airflow/dags/saving_file.py for tasks to queue
[2025-03-29T19:18:53.235+0000] {logging_mixin.py:190} INFO - [2025-03-29T19:18:53.235+0000] {dagbag.py:588} INFO - Filling up the DagBag from /opt/airflow/dags/saving_file.py
[2025-03-29T19:18:53.381+0000] {processor.py:925} INFO - DAG(s) 'gerar_csv_dados_abertos_cnpj' retrieved from /opt/airflow/dags/saving_file.py
[2025-03-29T19:18:53.394+0000] {logging_mixin.py:190} INFO - [2025-03-29T19:18:53.394+0000] {dag.py:3239} INFO - Sync 1 DAGs
[2025-03-29T19:18:53.406+0000] {logging_mixin.py:190} INFO - [2025-03-29T19:18:53.406+0000] {dag.py:4180} INFO - Setting next_dagrun for gerar_csv_dados_abertos_cnpj to 2025-03-28 00:00:00+00:00, run_after=2025-03-29 00:00:00+00:00
[2025-03-29T19:18:53.416+0000] {processor.py:208} INFO - Processing /opt/airflow/dags/saving_file.py took 0.188 seconds
[2025-03-29T19:19:23.615+0000] {processor.py:186} INFO - Started process (PID=6167) to work on /opt/airflow/dags/saving_file.py
[2025-03-29T19:19:23.616+0000] {processor.py:914} INFO - Processing file /opt/airflow/dags/saving_file.py for tasks to queue
[2025-03-29T19:19:23.618+0000] {logging_mixin.py:190} INFO - [2025-03-29T19:19:23.618+0000] {dagbag.py:588} INFO - Filling up the DagBag from /opt/airflow/dags/saving_file.py
[2025-03-29T19:19:23.757+0000] {processor.py:925} INFO - DAG(s) 'gerar_csv_dados_abertos_cnpj' retrieved from /opt/airflow/dags/saving_file.py
[2025-03-29T19:19:23.770+0000] {logging_mixin.py:190} INFO - [2025-03-29T19:19:23.769+0000] {dag.py:3239} INFO - Sync 1 DAGs
[2025-03-29T19:19:23.782+0000] {logging_mixin.py:190} INFO - [2025-03-29T19:19:23.782+0000] {dag.py:4180} INFO - Setting next_dagrun for gerar_csv_dados_abertos_cnpj to 2025-03-28 00:00:00+00:00, run_after=2025-03-29 00:00:00+00:00
[2025-03-29T19:19:23.791+0000] {processor.py:208} INFO - Processing /opt/airflow/dags/saving_file.py took 0.180 seconds
[2025-03-29T19:19:53.996+0000] {processor.py:186} INFO - Started process (PID=6178) to work on /opt/airflow/dags/saving_file.py
[2025-03-29T19:19:53.997+0000] {processor.py:914} INFO - Processing file /opt/airflow/dags/saving_file.py for tasks to queue
[2025-03-29T19:19:54.000+0000] {logging_mixin.py:190} INFO - [2025-03-29T19:19:54.000+0000] {dagbag.py:588} INFO - Filling up the DagBag from /opt/airflow/dags/saving_file.py
[2025-03-29T19:19:54.142+0000] {processor.py:925} INFO - DAG(s) 'gerar_csv_dados_abertos_cnpj' retrieved from /opt/airflow/dags/saving_file.py
[2025-03-29T19:19:54.156+0000] {logging_mixin.py:190} INFO - [2025-03-29T19:19:54.156+0000] {dag.py:3239} INFO - Sync 1 DAGs
[2025-03-29T19:19:54.168+0000] {logging_mixin.py:190} INFO - [2025-03-29T19:19:54.168+0000] {dag.py:4180} INFO - Setting next_dagrun for gerar_csv_dados_abertos_cnpj to 2025-03-28 00:00:00+00:00, run_after=2025-03-29 00:00:00+00:00
[2025-03-29T19:19:54.178+0000] {processor.py:208} INFO - Processing /opt/airflow/dags/saving_file.py took 0.187 seconds
[2025-03-29T19:20:24.370+0000] {processor.py:186} INFO - Started process (PID=6189) to work on /opt/airflow/dags/saving_file.py
[2025-03-29T19:20:24.371+0000] {processor.py:914} INFO - Processing file /opt/airflow/dags/saving_file.py for tasks to queue
[2025-03-29T19:20:24.373+0000] {logging_mixin.py:190} INFO - [2025-03-29T19:20:24.373+0000] {dagbag.py:588} INFO - Filling up the DagBag from /opt/airflow/dags/saving_file.py
[2025-03-29T19:20:24.521+0000] {processor.py:925} INFO - DAG(s) 'gerar_csv_dados_abertos_cnpj' retrieved from /opt/airflow/dags/saving_file.py
[2025-03-29T19:20:24.533+0000] {logging_mixin.py:190} INFO - [2025-03-29T19:20:24.533+0000] {dag.py:3239} INFO - Sync 1 DAGs
[2025-03-29T19:20:24.546+0000] {logging_mixin.py:190} INFO - [2025-03-29T19:20:24.546+0000] {dag.py:4180} INFO - Setting next_dagrun for gerar_csv_dados_abertos_cnpj to 2025-03-28 00:00:00+00:00, run_after=2025-03-29 00:00:00+00:00
[2025-03-29T19:20:24.555+0000] {processor.py:208} INFO - Processing /opt/airflow/dags/saving_file.py took 0.189 seconds
[2025-03-29T19:20:54.802+0000] {processor.py:186} INFO - Started process (PID=6200) to work on /opt/airflow/dags/saving_file.py
[2025-03-29T19:20:54.803+0000] {processor.py:914} INFO - Processing file /opt/airflow/dags/saving_file.py for tasks to queue
[2025-03-29T19:20:54.805+0000] {logging_mixin.py:190} INFO - [2025-03-29T19:20:54.805+0000] {dagbag.py:588} INFO - Filling up the DagBag from /opt/airflow/dags/saving_file.py
[2025-03-29T19:20:54.953+0000] {processor.py:925} INFO - DAG(s) 'gerar_csv_dados_abertos_cnpj' retrieved from /opt/airflow/dags/saving_file.py
[2025-03-29T19:20:54.968+0000] {logging_mixin.py:190} INFO - [2025-03-29T19:20:54.968+0000] {dag.py:3239} INFO - Sync 1 DAGs
[2025-03-29T19:20:54.982+0000] {logging_mixin.py:190} INFO - [2025-03-29T19:20:54.982+0000] {dag.py:4180} INFO - Setting next_dagrun for gerar_csv_dados_abertos_cnpj to 2025-03-28 00:00:00+00:00, run_after=2025-03-29 00:00:00+00:00
[2025-03-29T19:20:54.994+0000] {processor.py:208} INFO - Processing /opt/airflow/dags/saving_file.py took 0.197 seconds
[2025-03-29T19:21:25.197+0000] {processor.py:186} INFO - Started process (PID=6211) to work on /opt/airflow/dags/saving_file.py
[2025-03-29T19:21:25.198+0000] {processor.py:914} INFO - Processing file /opt/airflow/dags/saving_file.py for tasks to queue
[2025-03-29T19:21:25.200+0000] {logging_mixin.py:190} INFO - [2025-03-29T19:21:25.200+0000] {dagbag.py:588} INFO - Filling up the DagBag from /opt/airflow/dags/saving_file.py
[2025-03-29T19:21:25.339+0000] {processor.py:925} INFO - DAG(s) 'gerar_csv_dados_abertos_cnpj' retrieved from /opt/airflow/dags/saving_file.py
[2025-03-29T19:21:25.353+0000] {logging_mixin.py:190} INFO - [2025-03-29T19:21:25.352+0000] {dag.py:3239} INFO - Sync 1 DAGs
[2025-03-29T19:21:25.365+0000] {logging_mixin.py:190} INFO - [2025-03-29T19:21:25.365+0000] {dag.py:4180} INFO - Setting next_dagrun for gerar_csv_dados_abertos_cnpj to 2025-03-28 00:00:00+00:00, run_after=2025-03-29 00:00:00+00:00
[2025-03-29T19:21:25.377+0000] {processor.py:208} INFO - Processing /opt/airflow/dags/saving_file.py took 0.183 seconds
[2025-03-29T19:21:55.588+0000] {processor.py:186} INFO - Started process (PID=6222) to work on /opt/airflow/dags/saving_file.py
[2025-03-29T19:21:55.590+0000] {processor.py:914} INFO - Processing file /opt/airflow/dags/saving_file.py for tasks to queue
[2025-03-29T19:21:55.592+0000] {logging_mixin.py:190} INFO - [2025-03-29T19:21:55.592+0000] {dagbag.py:588} INFO - Filling up the DagBag from /opt/airflow/dags/saving_file.py
[2025-03-29T19:21:55.736+0000] {processor.py:925} INFO - DAG(s) 'gerar_csv_dados_abertos_cnpj' retrieved from /opt/airflow/dags/saving_file.py
[2025-03-29T19:21:55.750+0000] {logging_mixin.py:190} INFO - [2025-03-29T19:21:55.750+0000] {dag.py:3239} INFO - Sync 1 DAGs
[2025-03-29T19:21:55.762+0000] {logging_mixin.py:190} INFO - [2025-03-29T19:21:55.762+0000] {dag.py:4180} INFO - Setting next_dagrun for gerar_csv_dados_abertos_cnpj to 2025-03-28 00:00:00+00:00, run_after=2025-03-29 00:00:00+00:00
[2025-03-29T19:21:55.773+0000] {processor.py:208} INFO - Processing /opt/airflow/dags/saving_file.py took 0.187 seconds
[2025-03-29T19:22:25.964+0000] {processor.py:186} INFO - Started process (PID=6233) to work on /opt/airflow/dags/saving_file.py
[2025-03-29T19:22:25.965+0000] {processor.py:914} INFO - Processing file /opt/airflow/dags/saving_file.py for tasks to queue
[2025-03-29T19:22:25.967+0000] {logging_mixin.py:190} INFO - [2025-03-29T19:22:25.967+0000] {dagbag.py:588} INFO - Filling up the DagBag from /opt/airflow/dags/saving_file.py
[2025-03-29T19:22:26.105+0000] {processor.py:925} INFO - DAG(s) 'gerar_csv_dados_abertos_cnpj' retrieved from /opt/airflow/dags/saving_file.py
[2025-03-29T19:22:26.118+0000] {logging_mixin.py:190} INFO - [2025-03-29T19:22:26.117+0000] {dag.py:3239} INFO - Sync 1 DAGs
[2025-03-29T19:22:26.132+0000] {logging_mixin.py:190} INFO - [2025-03-29T19:22:26.132+0000] {dag.py:4180} INFO - Setting next_dagrun for gerar_csv_dados_abertos_cnpj to 2025-03-28 00:00:00+00:00, run_after=2025-03-29 00:00:00+00:00
[2025-03-29T19:22:26.142+0000] {processor.py:208} INFO - Processing /opt/airflow/dags/saving_file.py took 0.181 seconds
[2025-03-29T19:22:56.328+0000] {processor.py:186} INFO - Started process (PID=6244) to work on /opt/airflow/dags/saving_file.py
[2025-03-29T19:22:56.329+0000] {processor.py:914} INFO - Processing file /opt/airflow/dags/saving_file.py for tasks to queue
[2025-03-29T19:22:56.332+0000] {logging_mixin.py:190} INFO - [2025-03-29T19:22:56.332+0000] {dagbag.py:588} INFO - Filling up the DagBag from /opt/airflow/dags/saving_file.py
[2025-03-29T19:22:56.475+0000] {processor.py:925} INFO - DAG(s) 'gerar_csv_dados_abertos_cnpj' retrieved from /opt/airflow/dags/saving_file.py
[2025-03-29T19:22:56.488+0000] {logging_mixin.py:190} INFO - [2025-03-29T19:22:56.488+0000] {dag.py:3239} INFO - Sync 1 DAGs
[2025-03-29T19:22:56.499+0000] {logging_mixin.py:190} INFO - [2025-03-29T19:22:56.499+0000] {dag.py:4180} INFO - Setting next_dagrun for gerar_csv_dados_abertos_cnpj to 2025-03-28 00:00:00+00:00, run_after=2025-03-29 00:00:00+00:00
[2025-03-29T19:22:56.508+0000] {processor.py:208} INFO - Processing /opt/airflow/dags/saving_file.py took 0.183 seconds
[2025-03-29T19:23:26.712+0000] {processor.py:186} INFO - Started process (PID=6255) to work on /opt/airflow/dags/saving_file.py
[2025-03-29T19:23:26.713+0000] {processor.py:914} INFO - Processing file /opt/airflow/dags/saving_file.py for tasks to queue
[2025-03-29T19:23:26.714+0000] {logging_mixin.py:190} INFO - [2025-03-29T19:23:26.714+0000] {dagbag.py:588} INFO - Filling up the DagBag from /opt/airflow/dags/saving_file.py
[2025-03-29T19:23:26.855+0000] {processor.py:925} INFO - DAG(s) 'gerar_csv_dados_abertos_cnpj' retrieved from /opt/airflow/dags/saving_file.py
[2025-03-29T19:23:26.868+0000] {logging_mixin.py:190} INFO - [2025-03-29T19:23:26.868+0000] {dag.py:3239} INFO - Sync 1 DAGs
[2025-03-29T19:23:26.880+0000] {logging_mixin.py:190} INFO - [2025-03-29T19:23:26.879+0000] {dag.py:4180} INFO - Setting next_dagrun for gerar_csv_dados_abertos_cnpj to 2025-03-28 00:00:00+00:00, run_after=2025-03-29 00:00:00+00:00
[2025-03-29T19:23:26.891+0000] {processor.py:208} INFO - Processing /opt/airflow/dags/saving_file.py took 0.182 seconds
[2025-03-29T19:23:57.087+0000] {processor.py:186} INFO - Started process (PID=6266) to work on /opt/airflow/dags/saving_file.py
[2025-03-29T19:23:57.088+0000] {processor.py:914} INFO - Processing file /opt/airflow/dags/saving_file.py for tasks to queue
[2025-03-29T19:23:57.090+0000] {logging_mixin.py:190} INFO - [2025-03-29T19:23:57.090+0000] {dagbag.py:588} INFO - Filling up the DagBag from /opt/airflow/dags/saving_file.py
[2025-03-29T19:23:57.230+0000] {processor.py:925} INFO - DAG(s) 'gerar_csv_dados_abertos_cnpj' retrieved from /opt/airflow/dags/saving_file.py
[2025-03-29T19:23:57.242+0000] {logging_mixin.py:190} INFO - [2025-03-29T19:23:57.242+0000] {dag.py:3239} INFO - Sync 1 DAGs
[2025-03-29T19:23:57.253+0000] {logging_mixin.py:190} INFO - [2025-03-29T19:23:57.252+0000] {dag.py:4180} INFO - Setting next_dagrun for gerar_csv_dados_abertos_cnpj to 2025-03-28 00:00:00+00:00, run_after=2025-03-29 00:00:00+00:00
[2025-03-29T19:23:57.263+0000] {processor.py:208} INFO - Processing /opt/airflow/dags/saving_file.py took 0.179 seconds
[2025-03-29T19:24:27.472+0000] {processor.py:186} INFO - Started process (PID=6277) to work on /opt/airflow/dags/saving_file.py
[2025-03-29T19:24:27.473+0000] {processor.py:914} INFO - Processing file /opt/airflow/dags/saving_file.py for tasks to queue
[2025-03-29T19:24:27.475+0000] {logging_mixin.py:190} INFO - [2025-03-29T19:24:27.475+0000] {dagbag.py:588} INFO - Filling up the DagBag from /opt/airflow/dags/saving_file.py
[2025-03-29T19:24:27.616+0000] {processor.py:925} INFO - DAG(s) 'gerar_csv_dados_abertos_cnpj' retrieved from /opt/airflow/dags/saving_file.py
[2025-03-29T19:24:27.630+0000] {logging_mixin.py:190} INFO - [2025-03-29T19:24:27.630+0000] {dag.py:3239} INFO - Sync 1 DAGs
[2025-03-29T19:24:27.643+0000] {logging_mixin.py:190} INFO - [2025-03-29T19:24:27.643+0000] {dag.py:4180} INFO - Setting next_dagrun for gerar_csv_dados_abertos_cnpj to 2025-03-28 00:00:00+00:00, run_after=2025-03-29 00:00:00+00:00
[2025-03-29T19:24:27.653+0000] {processor.py:208} INFO - Processing /opt/airflow/dags/saving_file.py took 0.184 seconds
[2025-03-29T19:24:57.848+0000] {processor.py:186} INFO - Started process (PID=6287) to work on /opt/airflow/dags/saving_file.py
[2025-03-29T19:24:57.849+0000] {processor.py:914} INFO - Processing file /opt/airflow/dags/saving_file.py for tasks to queue
[2025-03-29T19:24:57.851+0000] {logging_mixin.py:190} INFO - [2025-03-29T19:24:57.851+0000] {dagbag.py:588} INFO - Filling up the DagBag from /opt/airflow/dags/saving_file.py
[2025-03-29T19:24:57.992+0000] {processor.py:925} INFO - DAG(s) 'gerar_csv_dados_abertos_cnpj' retrieved from /opt/airflow/dags/saving_file.py
[2025-03-29T19:24:58.005+0000] {logging_mixin.py:190} INFO - [2025-03-29T19:24:58.004+0000] {dag.py:3239} INFO - Sync 1 DAGs
[2025-03-29T19:24:58.018+0000] {logging_mixin.py:190} INFO - [2025-03-29T19:24:58.018+0000] {dag.py:4180} INFO - Setting next_dagrun for gerar_csv_dados_abertos_cnpj to 2025-03-28 00:00:00+00:00, run_after=2025-03-29 00:00:00+00:00
[2025-03-29T19:24:58.027+0000] {processor.py:208} INFO - Processing /opt/airflow/dags/saving_file.py took 0.182 seconds
[2025-03-29T19:25:28.229+0000] {processor.py:186} INFO - Started process (PID=6298) to work on /opt/airflow/dags/saving_file.py
[2025-03-29T19:25:28.230+0000] {processor.py:914} INFO - Processing file /opt/airflow/dags/saving_file.py for tasks to queue
[2025-03-29T19:25:28.232+0000] {logging_mixin.py:190} INFO - [2025-03-29T19:25:28.232+0000] {dagbag.py:588} INFO - Filling up the DagBag from /opt/airflow/dags/saving_file.py
[2025-03-29T19:25:28.376+0000] {processor.py:925} INFO - DAG(s) 'gerar_csv_dados_abertos_cnpj' retrieved from /opt/airflow/dags/saving_file.py
[2025-03-29T19:25:28.390+0000] {logging_mixin.py:190} INFO - [2025-03-29T19:25:28.389+0000] {dag.py:3239} INFO - Sync 1 DAGs
[2025-03-29T19:25:28.402+0000] {logging_mixin.py:190} INFO - [2025-03-29T19:25:28.401+0000] {dag.py:4180} INFO - Setting next_dagrun for gerar_csv_dados_abertos_cnpj to 2025-03-28 00:00:00+00:00, run_after=2025-03-29 00:00:00+00:00
[2025-03-29T19:25:28.411+0000] {processor.py:208} INFO - Processing /opt/airflow/dags/saving_file.py took 0.185 seconds
[2025-03-29T19:25:58.662+0000] {processor.py:186} INFO - Started process (PID=6309) to work on /opt/airflow/dags/saving_file.py
[2025-03-29T19:25:58.663+0000] {processor.py:914} INFO - Processing file /opt/airflow/dags/saving_file.py for tasks to queue
[2025-03-29T19:25:58.665+0000] {logging_mixin.py:190} INFO - [2025-03-29T19:25:58.665+0000] {dagbag.py:588} INFO - Filling up the DagBag from /opt/airflow/dags/saving_file.py
[2025-03-29T19:25:58.806+0000] {processor.py:925} INFO - DAG(s) 'gerar_csv_dados_abertos_cnpj' retrieved from /opt/airflow/dags/saving_file.py
[2025-03-29T19:25:58.819+0000] {logging_mixin.py:190} INFO - [2025-03-29T19:25:58.818+0000] {dag.py:3239} INFO - Sync 1 DAGs
[2025-03-29T19:25:58.831+0000] {logging_mixin.py:190} INFO - [2025-03-29T19:25:58.830+0000] {dag.py:4180} INFO - Setting next_dagrun for gerar_csv_dados_abertos_cnpj to 2025-03-28 00:00:00+00:00, run_after=2025-03-29 00:00:00+00:00
[2025-03-29T19:25:58.840+0000] {processor.py:208} INFO - Processing /opt/airflow/dags/saving_file.py took 0.181 seconds
[2025-03-29T19:26:29.040+0000] {processor.py:186} INFO - Started process (PID=6319) to work on /opt/airflow/dags/saving_file.py
[2025-03-29T19:26:29.041+0000] {processor.py:914} INFO - Processing file /opt/airflow/dags/saving_file.py for tasks to queue
[2025-03-29T19:26:29.044+0000] {logging_mixin.py:190} INFO - [2025-03-29T19:26:29.044+0000] {dagbag.py:588} INFO - Filling up the DagBag from /opt/airflow/dags/saving_file.py
[2025-03-29T19:26:29.185+0000] {processor.py:925} INFO - DAG(s) 'gerar_csv_dados_abertos_cnpj' retrieved from /opt/airflow/dags/saving_file.py
[2025-03-29T19:26:29.198+0000] {logging_mixin.py:190} INFO - [2025-03-29T19:26:29.197+0000] {dag.py:3239} INFO - Sync 1 DAGs
[2025-03-29T19:26:29.209+0000] {logging_mixin.py:190} INFO - [2025-03-29T19:26:29.209+0000] {dag.py:4180} INFO - Setting next_dagrun for gerar_csv_dados_abertos_cnpj to 2025-03-28 00:00:00+00:00, run_after=2025-03-29 00:00:00+00:00
[2025-03-29T19:26:29.219+0000] {processor.py:208} INFO - Processing /opt/airflow/dags/saving_file.py took 0.182 seconds
[2025-03-29T19:26:59.421+0000] {processor.py:186} INFO - Started process (PID=6330) to work on /opt/airflow/dags/saving_file.py
[2025-03-29T19:26:59.423+0000] {processor.py:914} INFO - Processing file /opt/airflow/dags/saving_file.py for tasks to queue
[2025-03-29T19:26:59.425+0000] {logging_mixin.py:190} INFO - [2025-03-29T19:26:59.424+0000] {dagbag.py:588} INFO - Filling up the DagBag from /opt/airflow/dags/saving_file.py
[2025-03-29T19:26:59.564+0000] {processor.py:925} INFO - DAG(s) 'gerar_csv_dados_abertos_cnpj' retrieved from /opt/airflow/dags/saving_file.py
[2025-03-29T19:26:59.579+0000] {logging_mixin.py:190} INFO - [2025-03-29T19:26:59.579+0000] {dag.py:3239} INFO - Sync 1 DAGs
[2025-03-29T19:26:59.592+0000] {logging_mixin.py:190} INFO - [2025-03-29T19:26:59.592+0000] {dag.py:4180} INFO - Setting next_dagrun for gerar_csv_dados_abertos_cnpj to 2025-03-28 00:00:00+00:00, run_after=2025-03-29 00:00:00+00:00
[2025-03-29T19:26:59.601+0000] {processor.py:208} INFO - Processing /opt/airflow/dags/saving_file.py took 0.183 seconds
[2025-03-29T19:27:29.801+0000] {processor.py:186} INFO - Started process (PID=6341) to work on /opt/airflow/dags/saving_file.py
[2025-03-29T19:27:29.802+0000] {processor.py:914} INFO - Processing file /opt/airflow/dags/saving_file.py for tasks to queue
[2025-03-29T19:27:29.804+0000] {logging_mixin.py:190} INFO - [2025-03-29T19:27:29.804+0000] {dagbag.py:588} INFO - Filling up the DagBag from /opt/airflow/dags/saving_file.py
[2025-03-29T19:27:29.943+0000] {processor.py:925} INFO - DAG(s) 'gerar_csv_dados_abertos_cnpj' retrieved from /opt/airflow/dags/saving_file.py
[2025-03-29T19:27:29.955+0000] {logging_mixin.py:190} INFO - [2025-03-29T19:27:29.954+0000] {dag.py:3239} INFO - Sync 1 DAGs
[2025-03-29T19:27:29.966+0000] {logging_mixin.py:190} INFO - [2025-03-29T19:27:29.966+0000] {dag.py:4180} INFO - Setting next_dagrun for gerar_csv_dados_abertos_cnpj to 2025-03-28 00:00:00+00:00, run_after=2025-03-29 00:00:00+00:00
[2025-03-29T19:27:29.975+0000] {processor.py:208} INFO - Processing /opt/airflow/dags/saving_file.py took 0.177 seconds
[2025-03-29T19:28:00.185+0000] {processor.py:186} INFO - Started process (PID=6352) to work on /opt/airflow/dags/saving_file.py
[2025-03-29T19:28:00.186+0000] {processor.py:914} INFO - Processing file /opt/airflow/dags/saving_file.py for tasks to queue
[2025-03-29T19:28:00.189+0000] {logging_mixin.py:190} INFO - [2025-03-29T19:28:00.189+0000] {dagbag.py:588} INFO - Filling up the DagBag from /opt/airflow/dags/saving_file.py
[2025-03-29T19:28:00.327+0000] {processor.py:925} INFO - DAG(s) 'gerar_csv_dados_abertos_cnpj' retrieved from /opt/airflow/dags/saving_file.py
[2025-03-29T19:28:00.340+0000] {logging_mixin.py:190} INFO - [2025-03-29T19:28:00.340+0000] {dag.py:3239} INFO - Sync 1 DAGs
[2025-03-29T19:28:00.352+0000] {logging_mixin.py:190} INFO - [2025-03-29T19:28:00.352+0000] {dag.py:4180} INFO - Setting next_dagrun for gerar_csv_dados_abertos_cnpj to 2025-03-28 00:00:00+00:00, run_after=2025-03-29 00:00:00+00:00
[2025-03-29T19:28:00.361+0000] {processor.py:208} INFO - Processing /opt/airflow/dags/saving_file.py took 0.180 seconds
[2025-03-29T19:28:30.556+0000] {processor.py:186} INFO - Started process (PID=6363) to work on /opt/airflow/dags/saving_file.py
[2025-03-29T19:28:30.557+0000] {processor.py:914} INFO - Processing file /opt/airflow/dags/saving_file.py for tasks to queue
[2025-03-29T19:28:30.561+0000] {logging_mixin.py:190} INFO - [2025-03-29T19:28:30.560+0000] {dagbag.py:588} INFO - Filling up the DagBag from /opt/airflow/dags/saving_file.py
[2025-03-29T19:28:30.701+0000] {processor.py:925} INFO - DAG(s) 'gerar_csv_dados_abertos_cnpj' retrieved from /opt/airflow/dags/saving_file.py
[2025-03-29T19:28:30.714+0000] {logging_mixin.py:190} INFO - [2025-03-29T19:28:30.713+0000] {dag.py:3239} INFO - Sync 1 DAGs
[2025-03-29T19:28:30.724+0000] {logging_mixin.py:190} INFO - [2025-03-29T19:28:30.724+0000] {dag.py:4180} INFO - Setting next_dagrun for gerar_csv_dados_abertos_cnpj to 2025-03-28 00:00:00+00:00, run_after=2025-03-29 00:00:00+00:00
[2025-03-29T19:28:30.733+0000] {processor.py:208} INFO - Processing /opt/airflow/dags/saving_file.py took 0.182 seconds
[2025-03-29T19:29:00.929+0000] {processor.py:186} INFO - Started process (PID=6374) to work on /opt/airflow/dags/saving_file.py
[2025-03-29T19:29:00.930+0000] {processor.py:914} INFO - Processing file /opt/airflow/dags/saving_file.py for tasks to queue
[2025-03-29T19:29:00.932+0000] {logging_mixin.py:190} INFO - [2025-03-29T19:29:00.932+0000] {dagbag.py:588} INFO - Filling up the DagBag from /opt/airflow/dags/saving_file.py
[2025-03-29T19:29:01.077+0000] {processor.py:925} INFO - DAG(s) 'gerar_csv_dados_abertos_cnpj' retrieved from /opt/airflow/dags/saving_file.py
[2025-03-29T19:29:01.090+0000] {logging_mixin.py:190} INFO - [2025-03-29T19:29:01.089+0000] {dag.py:3239} INFO - Sync 1 DAGs
[2025-03-29T19:29:01.101+0000] {logging_mixin.py:190} INFO - [2025-03-29T19:29:01.101+0000] {dag.py:4180} INFO - Setting next_dagrun for gerar_csv_dados_abertos_cnpj to 2025-03-28 00:00:00+00:00, run_after=2025-03-29 00:00:00+00:00
[2025-03-29T19:29:01.110+0000] {processor.py:208} INFO - Processing /opt/airflow/dags/saving_file.py took 0.184 seconds
[2025-03-29T19:29:31.300+0000] {processor.py:186} INFO - Started process (PID=6385) to work on /opt/airflow/dags/saving_file.py
[2025-03-29T19:29:31.301+0000] {processor.py:914} INFO - Processing file /opt/airflow/dags/saving_file.py for tasks to queue
[2025-03-29T19:29:31.304+0000] {logging_mixin.py:190} INFO - [2025-03-29T19:29:31.304+0000] {dagbag.py:588} INFO - Filling up the DagBag from /opt/airflow/dags/saving_file.py
[2025-03-29T19:29:31.442+0000] {processor.py:925} INFO - DAG(s) 'gerar_csv_dados_abertos_cnpj' retrieved from /opt/airflow/dags/saving_file.py
[2025-03-29T19:29:31.457+0000] {logging_mixin.py:190} INFO - [2025-03-29T19:29:31.456+0000] {dag.py:3239} INFO - Sync 1 DAGs
[2025-03-29T19:29:31.469+0000] {logging_mixin.py:190} INFO - [2025-03-29T19:29:31.469+0000] {dag.py:4180} INFO - Setting next_dagrun for gerar_csv_dados_abertos_cnpj to 2025-03-28 00:00:00+00:00, run_after=2025-03-29 00:00:00+00:00
[2025-03-29T19:29:31.479+0000] {processor.py:208} INFO - Processing /opt/airflow/dags/saving_file.py took 0.182 seconds
[2025-03-29T19:30:01.673+0000] {processor.py:186} INFO - Started process (PID=6396) to work on /opt/airflow/dags/saving_file.py
[2025-03-29T19:30:01.674+0000] {processor.py:914} INFO - Processing file /opt/airflow/dags/saving_file.py for tasks to queue
[2025-03-29T19:30:01.676+0000] {logging_mixin.py:190} INFO - [2025-03-29T19:30:01.675+0000] {dagbag.py:588} INFO - Filling up the DagBag from /opt/airflow/dags/saving_file.py
[2025-03-29T19:30:01.818+0000] {processor.py:925} INFO - DAG(s) 'gerar_csv_dados_abertos_cnpj' retrieved from /opt/airflow/dags/saving_file.py
[2025-03-29T19:30:01.831+0000] {logging_mixin.py:190} INFO - [2025-03-29T19:30:01.831+0000] {dag.py:3239} INFO - Sync 1 DAGs
[2025-03-29T19:30:01.844+0000] {logging_mixin.py:190} INFO - [2025-03-29T19:30:01.844+0000] {dag.py:4180} INFO - Setting next_dagrun for gerar_csv_dados_abertos_cnpj to 2025-03-28 00:00:00+00:00, run_after=2025-03-29 00:00:00+00:00
[2025-03-29T19:30:01.853+0000] {processor.py:208} INFO - Processing /opt/airflow/dags/saving_file.py took 0.183 seconds
[2025-03-29T19:30:32.045+0000] {processor.py:186} INFO - Started process (PID=6407) to work on /opt/airflow/dags/saving_file.py
[2025-03-29T19:30:32.046+0000] {processor.py:914} INFO - Processing file /opt/airflow/dags/saving_file.py for tasks to queue
[2025-03-29T19:30:32.049+0000] {logging_mixin.py:190} INFO - [2025-03-29T19:30:32.049+0000] {dagbag.py:588} INFO - Filling up the DagBag from /opt/airflow/dags/saving_file.py
[2025-03-29T19:30:32.186+0000] {processor.py:925} INFO - DAG(s) 'gerar_csv_dados_abertos_cnpj' retrieved from /opt/airflow/dags/saving_file.py
[2025-03-29T19:30:32.200+0000] {logging_mixin.py:190} INFO - [2025-03-29T19:30:32.199+0000] {dag.py:3239} INFO - Sync 1 DAGs
[2025-03-29T19:30:32.212+0000] {logging_mixin.py:190} INFO - [2025-03-29T19:30:32.212+0000] {dag.py:4180} INFO - Setting next_dagrun for gerar_csv_dados_abertos_cnpj to 2025-03-28 00:00:00+00:00, run_after=2025-03-29 00:00:00+00:00
[2025-03-29T19:30:32.222+0000] {processor.py:208} INFO - Processing /opt/airflow/dags/saving_file.py took 0.180 seconds
[2025-03-29T19:31:02.482+0000] {processor.py:186} INFO - Started process (PID=6418) to work on /opt/airflow/dags/saving_file.py
[2025-03-29T19:31:02.484+0000] {processor.py:914} INFO - Processing file /opt/airflow/dags/saving_file.py for tasks to queue
[2025-03-29T19:31:02.486+0000] {logging_mixin.py:190} INFO - [2025-03-29T19:31:02.486+0000] {dagbag.py:588} INFO - Filling up the DagBag from /opt/airflow/dags/saving_file.py
[2025-03-29T19:31:02.636+0000] {processor.py:925} INFO - DAG(s) 'gerar_csv_dados_abertos_cnpj' retrieved from /opt/airflow/dags/saving_file.py
[2025-03-29T19:31:02.649+0000] {logging_mixin.py:190} INFO - [2025-03-29T19:31:02.648+0000] {dag.py:3239} INFO - Sync 1 DAGs
[2025-03-29T19:31:02.660+0000] {logging_mixin.py:190} INFO - [2025-03-29T19:31:02.660+0000] {dag.py:4180} INFO - Setting next_dagrun for gerar_csv_dados_abertos_cnpj to 2025-03-28 00:00:00+00:00, run_after=2025-03-29 00:00:00+00:00
[2025-03-29T19:31:02.671+0000] {processor.py:208} INFO - Processing /opt/airflow/dags/saving_file.py took 0.193 seconds
[2025-03-29T19:31:32.867+0000] {processor.py:186} INFO - Started process (PID=6429) to work on /opt/airflow/dags/saving_file.py
[2025-03-29T19:31:32.868+0000] {processor.py:914} INFO - Processing file /opt/airflow/dags/saving_file.py for tasks to queue
[2025-03-29T19:31:32.870+0000] {logging_mixin.py:190} INFO - [2025-03-29T19:31:32.870+0000] {dagbag.py:588} INFO - Filling up the DagBag from /opt/airflow/dags/saving_file.py
[2025-03-29T19:31:33.010+0000] {processor.py:925} INFO - DAG(s) 'gerar_csv_dados_abertos_cnpj' retrieved from /opt/airflow/dags/saving_file.py
[2025-03-29T19:31:33.023+0000] {logging_mixin.py:190} INFO - [2025-03-29T19:31:33.023+0000] {dag.py:3239} INFO - Sync 1 DAGs
[2025-03-29T19:31:33.035+0000] {logging_mixin.py:190} INFO - [2025-03-29T19:31:33.035+0000] {dag.py:4180} INFO - Setting next_dagrun for gerar_csv_dados_abertos_cnpj to 2025-03-28 00:00:00+00:00, run_after=2025-03-29 00:00:00+00:00
[2025-03-29T19:31:33.045+0000] {processor.py:208} INFO - Processing /opt/airflow/dags/saving_file.py took 0.181 seconds
[2025-03-29T19:32:03.249+0000] {processor.py:186} INFO - Started process (PID=6440) to work on /opt/airflow/dags/saving_file.py
[2025-03-29T19:32:03.250+0000] {processor.py:914} INFO - Processing file /opt/airflow/dags/saving_file.py for tasks to queue
[2025-03-29T19:32:03.251+0000] {logging_mixin.py:190} INFO - [2025-03-29T19:32:03.251+0000] {dagbag.py:588} INFO - Filling up the DagBag from /opt/airflow/dags/saving_file.py
[2025-03-29T19:32:03.393+0000] {processor.py:925} INFO - DAG(s) 'gerar_csv_dados_abertos_cnpj' retrieved from /opt/airflow/dags/saving_file.py
[2025-03-29T19:32:03.409+0000] {logging_mixin.py:190} INFO - [2025-03-29T19:32:03.409+0000] {dag.py:3239} INFO - Sync 1 DAGs
[2025-03-29T19:32:03.422+0000] {logging_mixin.py:190} INFO - [2025-03-29T19:32:03.422+0000] {dag.py:4180} INFO - Setting next_dagrun for gerar_csv_dados_abertos_cnpj to 2025-03-28 00:00:00+00:00, run_after=2025-03-29 00:00:00+00:00
[2025-03-29T19:32:03.432+0000] {processor.py:208} INFO - Processing /opt/airflow/dags/saving_file.py took 0.187 seconds
[2025-03-29T19:32:33.637+0000] {processor.py:186} INFO - Started process (PID=6451) to work on /opt/airflow/dags/saving_file.py
[2025-03-29T19:32:33.638+0000] {processor.py:914} INFO - Processing file /opt/airflow/dags/saving_file.py for tasks to queue
[2025-03-29T19:32:33.641+0000] {logging_mixin.py:190} INFO - [2025-03-29T19:32:33.641+0000] {dagbag.py:588} INFO - Filling up the DagBag from /opt/airflow/dags/saving_file.py
[2025-03-29T19:32:33.787+0000] {processor.py:925} INFO - DAG(s) 'gerar_csv_dados_abertos_cnpj' retrieved from /opt/airflow/dags/saving_file.py
[2025-03-29T19:32:33.801+0000] {logging_mixin.py:190} INFO - [2025-03-29T19:32:33.800+0000] {dag.py:3239} INFO - Sync 1 DAGs
[2025-03-29T19:32:33.814+0000] {logging_mixin.py:190} INFO - [2025-03-29T19:32:33.814+0000] {dag.py:4180} INFO - Setting next_dagrun for gerar_csv_dados_abertos_cnpj to 2025-03-28 00:00:00+00:00, run_after=2025-03-29 00:00:00+00:00
[2025-03-29T19:32:33.826+0000] {processor.py:208} INFO - Processing /opt/airflow/dags/saving_file.py took 0.191 seconds
[2025-03-29T19:33:04.024+0000] {processor.py:186} INFO - Started process (PID=6462) to work on /opt/airflow/dags/saving_file.py
[2025-03-29T19:33:04.025+0000] {processor.py:914} INFO - Processing file /opt/airflow/dags/saving_file.py for tasks to queue
[2025-03-29T19:33:04.027+0000] {logging_mixin.py:190} INFO - [2025-03-29T19:33:04.027+0000] {dagbag.py:588} INFO - Filling up the DagBag from /opt/airflow/dags/saving_file.py
[2025-03-29T19:33:04.167+0000] {processor.py:925} INFO - DAG(s) 'gerar_csv_dados_abertos_cnpj' retrieved from /opt/airflow/dags/saving_file.py
[2025-03-29T19:33:04.180+0000] {logging_mixin.py:190} INFO - [2025-03-29T19:33:04.180+0000] {dag.py:3239} INFO - Sync 1 DAGs
[2025-03-29T19:33:04.193+0000] {logging_mixin.py:190} INFO - [2025-03-29T19:33:04.193+0000] {dag.py:4180} INFO - Setting next_dagrun for gerar_csv_dados_abertos_cnpj to 2025-03-28 00:00:00+00:00, run_after=2025-03-29 00:00:00+00:00
[2025-03-29T19:33:04.203+0000] {processor.py:208} INFO - Processing /opt/airflow/dags/saving_file.py took 0.182 seconds
[2025-03-29T19:33:34.409+0000] {processor.py:186} INFO - Started process (PID=6473) to work on /opt/airflow/dags/saving_file.py
[2025-03-29T19:33:34.410+0000] {processor.py:914} INFO - Processing file /opt/airflow/dags/saving_file.py for tasks to queue
[2025-03-29T19:33:34.412+0000] {logging_mixin.py:190} INFO - [2025-03-29T19:33:34.411+0000] {dagbag.py:588} INFO - Filling up the DagBag from /opt/airflow/dags/saving_file.py
[2025-03-29T19:33:34.549+0000] {processor.py:925} INFO - DAG(s) 'gerar_csv_dados_abertos_cnpj' retrieved from /opt/airflow/dags/saving_file.py
[2025-03-29T19:33:34.561+0000] {logging_mixin.py:190} INFO - [2025-03-29T19:33:34.561+0000] {dag.py:3239} INFO - Sync 1 DAGs
[2025-03-29T19:33:34.572+0000] {logging_mixin.py:190} INFO - [2025-03-29T19:33:34.572+0000] {dag.py:4180} INFO - Setting next_dagrun for gerar_csv_dados_abertos_cnpj to 2025-03-28 00:00:00+00:00, run_after=2025-03-29 00:00:00+00:00
[2025-03-29T19:33:34.581+0000] {processor.py:208} INFO - Processing /opt/airflow/dags/saving_file.py took 0.175 seconds
[2025-03-29T19:34:04.775+0000] {processor.py:186} INFO - Started process (PID=6484) to work on /opt/airflow/dags/saving_file.py
[2025-03-29T19:34:04.776+0000] {processor.py:914} INFO - Processing file /opt/airflow/dags/saving_file.py for tasks to queue
[2025-03-29T19:34:04.778+0000] {logging_mixin.py:190} INFO - [2025-03-29T19:34:04.777+0000] {dagbag.py:588} INFO - Filling up the DagBag from /opt/airflow/dags/saving_file.py
[2025-03-29T19:34:04.920+0000] {processor.py:925} INFO - DAG(s) 'gerar_csv_dados_abertos_cnpj' retrieved from /opt/airflow/dags/saving_file.py
[2025-03-29T19:34:04.933+0000] {logging_mixin.py:190} INFO - [2025-03-29T19:34:04.932+0000] {dag.py:3239} INFO - Sync 1 DAGs
[2025-03-29T19:34:04.945+0000] {logging_mixin.py:190} INFO - [2025-03-29T19:34:04.945+0000] {dag.py:4180} INFO - Setting next_dagrun for gerar_csv_dados_abertos_cnpj to 2025-03-28 00:00:00+00:00, run_after=2025-03-29 00:00:00+00:00
[2025-03-29T19:34:04.955+0000] {processor.py:208} INFO - Processing /opt/airflow/dags/saving_file.py took 0.183 seconds
[2025-03-29T19:34:35.148+0000] {processor.py:186} INFO - Started process (PID=6495) to work on /opt/airflow/dags/saving_file.py
[2025-03-29T19:34:35.149+0000] {processor.py:914} INFO - Processing file /opt/airflow/dags/saving_file.py for tasks to queue
[2025-03-29T19:34:35.152+0000] {logging_mixin.py:190} INFO - [2025-03-29T19:34:35.151+0000] {dagbag.py:588} INFO - Filling up the DagBag from /opt/airflow/dags/saving_file.py
[2025-03-29T19:34:35.296+0000] {processor.py:925} INFO - DAG(s) 'gerar_csv_dados_abertos_cnpj' retrieved from /opt/airflow/dags/saving_file.py
[2025-03-29T19:34:35.309+0000] {logging_mixin.py:190} INFO - [2025-03-29T19:34:35.309+0000] {dag.py:3239} INFO - Sync 1 DAGs
[2025-03-29T19:34:35.320+0000] {logging_mixin.py:190} INFO - [2025-03-29T19:34:35.320+0000] {dag.py:4180} INFO - Setting next_dagrun for gerar_csv_dados_abertos_cnpj to 2025-03-28 00:00:00+00:00, run_after=2025-03-29 00:00:00+00:00
[2025-03-29T19:34:35.330+0000] {processor.py:208} INFO - Processing /opt/airflow/dags/saving_file.py took 0.185 seconds
[2025-03-29T19:35:05.545+0000] {processor.py:186} INFO - Started process (PID=6506) to work on /opt/airflow/dags/saving_file.py
[2025-03-29T19:35:05.546+0000] {processor.py:914} INFO - Processing file /opt/airflow/dags/saving_file.py for tasks to queue
[2025-03-29T19:35:05.549+0000] {logging_mixin.py:190} INFO - [2025-03-29T19:35:05.549+0000] {dagbag.py:588} INFO - Filling up the DagBag from /opt/airflow/dags/saving_file.py
[2025-03-29T19:35:05.691+0000] {processor.py:925} INFO - DAG(s) 'gerar_csv_dados_abertos_cnpj' retrieved from /opt/airflow/dags/saving_file.py
[2025-03-29T19:35:05.704+0000] {logging_mixin.py:190} INFO - [2025-03-29T19:35:05.704+0000] {dag.py:3239} INFO - Sync 1 DAGs
[2025-03-29T19:35:05.717+0000] {logging_mixin.py:190} INFO - [2025-03-29T19:35:05.717+0000] {dag.py:4180} INFO - Setting next_dagrun for gerar_csv_dados_abertos_cnpj to 2025-03-28 00:00:00+00:00, run_after=2025-03-29 00:00:00+00:00
[2025-03-29T19:35:05.727+0000] {processor.py:208} INFO - Processing /opt/airflow/dags/saving_file.py took 0.185 seconds
[2025-03-29T19:35:35.917+0000] {processor.py:186} INFO - Started process (PID=6517) to work on /opt/airflow/dags/saving_file.py
[2025-03-29T19:35:35.918+0000] {processor.py:914} INFO - Processing file /opt/airflow/dags/saving_file.py for tasks to queue
[2025-03-29T19:35:35.920+0000] {logging_mixin.py:190} INFO - [2025-03-29T19:35:35.919+0000] {dagbag.py:588} INFO - Filling up the DagBag from /opt/airflow/dags/saving_file.py
[2025-03-29T19:35:36.056+0000] {processor.py:925} INFO - DAG(s) 'gerar_csv_dados_abertos_cnpj' retrieved from /opt/airflow/dags/saving_file.py
[2025-03-29T19:35:36.069+0000] {logging_mixin.py:190} INFO - [2025-03-29T19:35:36.069+0000] {dag.py:3239} INFO - Sync 1 DAGs
[2025-03-29T19:35:36.081+0000] {logging_mixin.py:190} INFO - [2025-03-29T19:35:36.081+0000] {dag.py:4180} INFO - Setting next_dagrun for gerar_csv_dados_abertos_cnpj to 2025-03-28 00:00:00+00:00, run_after=2025-03-29 00:00:00+00:00
[2025-03-29T19:35:36.090+0000] {processor.py:208} INFO - Processing /opt/airflow/dags/saving_file.py took 0.176 seconds
[2025-03-29T19:36:06.347+0000] {processor.py:186} INFO - Started process (PID=6528) to work on /opt/airflow/dags/saving_file.py
[2025-03-29T19:36:06.348+0000] {processor.py:914} INFO - Processing file /opt/airflow/dags/saving_file.py for tasks to queue
[2025-03-29T19:36:06.351+0000] {logging_mixin.py:190} INFO - [2025-03-29T19:36:06.351+0000] {dagbag.py:588} INFO - Filling up the DagBag from /opt/airflow/dags/saving_file.py
[2025-03-29T19:36:06.497+0000] {processor.py:925} INFO - DAG(s) 'gerar_csv_dados_abertos_cnpj' retrieved from /opt/airflow/dags/saving_file.py
[2025-03-29T19:36:06.511+0000] {logging_mixin.py:190} INFO - [2025-03-29T19:36:06.511+0000] {dag.py:3239} INFO - Sync 1 DAGs
[2025-03-29T19:36:06.523+0000] {logging_mixin.py:190} INFO - [2025-03-29T19:36:06.523+0000] {dag.py:4180} INFO - Setting next_dagrun for gerar_csv_dados_abertos_cnpj to 2025-03-28 00:00:00+00:00, run_after=2025-03-29 00:00:00+00:00
[2025-03-29T19:36:06.533+0000] {processor.py:208} INFO - Processing /opt/airflow/dags/saving_file.py took 0.189 seconds
[2025-03-29T19:36:36.733+0000] {processor.py:186} INFO - Started process (PID=6539) to work on /opt/airflow/dags/saving_file.py
[2025-03-29T19:36:36.734+0000] {processor.py:914} INFO - Processing file /opt/airflow/dags/saving_file.py for tasks to queue
[2025-03-29T19:36:36.737+0000] {logging_mixin.py:190} INFO - [2025-03-29T19:36:36.737+0000] {dagbag.py:588} INFO - Filling up the DagBag from /opt/airflow/dags/saving_file.py
[2025-03-29T19:36:36.874+0000] {processor.py:925} INFO - DAG(s) 'gerar_csv_dados_abertos_cnpj' retrieved from /opt/airflow/dags/saving_file.py
[2025-03-29T19:36:36.888+0000] {logging_mixin.py:190} INFO - [2025-03-29T19:36:36.887+0000] {dag.py:3239} INFO - Sync 1 DAGs
[2025-03-29T19:36:36.899+0000] {logging_mixin.py:190} INFO - [2025-03-29T19:36:36.898+0000] {dag.py:4180} INFO - Setting next_dagrun for gerar_csv_dados_abertos_cnpj to 2025-03-28 00:00:00+00:00, run_after=2025-03-29 00:00:00+00:00
[2025-03-29T19:36:36.908+0000] {processor.py:208} INFO - Processing /opt/airflow/dags/saving_file.py took 0.178 seconds
[2025-03-29T19:37:07.120+0000] {processor.py:186} INFO - Started process (PID=6550) to work on /opt/airflow/dags/saving_file.py
[2025-03-29T19:37:07.121+0000] {processor.py:914} INFO - Processing file /opt/airflow/dags/saving_file.py for tasks to queue
[2025-03-29T19:37:07.123+0000] {logging_mixin.py:190} INFO - [2025-03-29T19:37:07.122+0000] {dagbag.py:588} INFO - Filling up the DagBag from /opt/airflow/dags/saving_file.py
[2025-03-29T19:37:07.265+0000] {processor.py:925} INFO - DAG(s) 'gerar_csv_dados_abertos_cnpj' retrieved from /opt/airflow/dags/saving_file.py
[2025-03-29T19:37:07.278+0000] {logging_mixin.py:190} INFO - [2025-03-29T19:37:07.278+0000] {dag.py:3239} INFO - Sync 1 DAGs
[2025-03-29T19:37:07.290+0000] {logging_mixin.py:190} INFO - [2025-03-29T19:37:07.290+0000] {dag.py:4180} INFO - Setting next_dagrun for gerar_csv_dados_abertos_cnpj to 2025-03-28 00:00:00+00:00, run_after=2025-03-29 00:00:00+00:00
[2025-03-29T19:37:07.304+0000] {processor.py:208} INFO - Processing /opt/airflow/dags/saving_file.py took 0.187 seconds
[2025-03-29T19:37:37.486+0000] {processor.py:186} INFO - Started process (PID=6561) to work on /opt/airflow/dags/saving_file.py
[2025-03-29T19:37:37.486+0000] {processor.py:914} INFO - Processing file /opt/airflow/dags/saving_file.py for tasks to queue
[2025-03-29T19:37:37.489+0000] {logging_mixin.py:190} INFO - [2025-03-29T19:37:37.488+0000] {dagbag.py:588} INFO - Filling up the DagBag from /opt/airflow/dags/saving_file.py
[2025-03-29T19:37:37.628+0000] {processor.py:925} INFO - DAG(s) 'gerar_csv_dados_abertos_cnpj' retrieved from /opt/airflow/dags/saving_file.py
[2025-03-29T19:37:37.642+0000] {logging_mixin.py:190} INFO - [2025-03-29T19:37:37.641+0000] {dag.py:3239} INFO - Sync 1 DAGs
[2025-03-29T19:37:37.654+0000] {logging_mixin.py:190} INFO - [2025-03-29T19:37:37.653+0000] {dag.py:4180} INFO - Setting next_dagrun for gerar_csv_dados_abertos_cnpj to 2025-03-28 00:00:00+00:00, run_after=2025-03-29 00:00:00+00:00
[2025-03-29T19:37:37.664+0000] {processor.py:208} INFO - Processing /opt/airflow/dags/saving_file.py took 0.182 seconds
[2025-03-29T19:38:07.865+0000] {processor.py:186} INFO - Started process (PID=6572) to work on /opt/airflow/dags/saving_file.py
[2025-03-29T19:38:07.866+0000] {processor.py:914} INFO - Processing file /opt/airflow/dags/saving_file.py for tasks to queue
[2025-03-29T19:38:07.868+0000] {logging_mixin.py:190} INFO - [2025-03-29T19:38:07.868+0000] {dagbag.py:588} INFO - Filling up the DagBag from /opt/airflow/dags/saving_file.py
[2025-03-29T19:38:08.007+0000] {processor.py:925} INFO - DAG(s) 'gerar_csv_dados_abertos_cnpj' retrieved from /opt/airflow/dags/saving_file.py
[2025-03-29T19:38:08.021+0000] {logging_mixin.py:190} INFO - [2025-03-29T19:38:08.021+0000] {dag.py:3239} INFO - Sync 1 DAGs
[2025-03-29T19:38:08.034+0000] {logging_mixin.py:190} INFO - [2025-03-29T19:38:08.034+0000] {dag.py:4180} INFO - Setting next_dagrun for gerar_csv_dados_abertos_cnpj to 2025-03-28 00:00:00+00:00, run_after=2025-03-29 00:00:00+00:00
[2025-03-29T19:38:08.044+0000] {processor.py:208} INFO - Processing /opt/airflow/dags/saving_file.py took 0.182 seconds
[2025-03-29T19:38:38.238+0000] {processor.py:186} INFO - Started process (PID=6583) to work on /opt/airflow/dags/saving_file.py
[2025-03-29T19:38:38.239+0000] {processor.py:914} INFO - Processing file /opt/airflow/dags/saving_file.py for tasks to queue
[2025-03-29T19:38:38.242+0000] {logging_mixin.py:190} INFO - [2025-03-29T19:38:38.241+0000] {dagbag.py:588} INFO - Filling up the DagBag from /opt/airflow/dags/saving_file.py
[2025-03-29T19:38:38.380+0000] {processor.py:925} INFO - DAG(s) 'gerar_csv_dados_abertos_cnpj' retrieved from /opt/airflow/dags/saving_file.py
[2025-03-29T19:38:38.393+0000] {logging_mixin.py:190} INFO - [2025-03-29T19:38:38.393+0000] {dag.py:3239} INFO - Sync 1 DAGs
[2025-03-29T19:38:38.405+0000] {logging_mixin.py:190} INFO - [2025-03-29T19:38:38.405+0000] {dag.py:4180} INFO - Setting next_dagrun for gerar_csv_dados_abertos_cnpj to 2025-03-28 00:00:00+00:00, run_after=2025-03-29 00:00:00+00:00
[2025-03-29T19:38:38.415+0000] {processor.py:208} INFO - Processing /opt/airflow/dags/saving_file.py took 0.181 seconds
[2025-03-29T19:39:08.723+0000] {processor.py:186} INFO - Started process (PID=6594) to work on /opt/airflow/dags/saving_file.py
[2025-03-29T19:39:08.724+0000] {processor.py:914} INFO - Processing file /opt/airflow/dags/saving_file.py for tasks to queue
[2025-03-29T19:39:08.726+0000] {logging_mixin.py:190} INFO - [2025-03-29T19:39:08.726+0000] {dagbag.py:588} INFO - Filling up the DagBag from /opt/airflow/dags/saving_file.py
[2025-03-29T19:39:08.866+0000] {processor.py:925} INFO - DAG(s) 'gerar_csv_dados_abertos_cnpj' retrieved from /opt/airflow/dags/saving_file.py
[2025-03-29T19:39:08.879+0000] {logging_mixin.py:190} INFO - [2025-03-29T19:39:08.879+0000] {dag.py:3239} INFO - Sync 1 DAGs
[2025-03-29T19:39:08.891+0000] {logging_mixin.py:190} INFO - [2025-03-29T19:39:08.891+0000] {dag.py:4180} INFO - Setting next_dagrun for gerar_csv_dados_abertos_cnpj to 2025-03-28 00:00:00+00:00, run_after=2025-03-29 00:00:00+00:00
[2025-03-29T19:39:08.900+0000] {processor.py:208} INFO - Processing /opt/airflow/dags/saving_file.py took 0.181 seconds
[2025-03-29T19:39:39.098+0000] {processor.py:186} INFO - Started process (PID=6605) to work on /opt/airflow/dags/saving_file.py
[2025-03-29T19:39:39.099+0000] {processor.py:914} INFO - Processing file /opt/airflow/dags/saving_file.py for tasks to queue
[2025-03-29T19:39:39.101+0000] {logging_mixin.py:190} INFO - [2025-03-29T19:39:39.101+0000] {dagbag.py:588} INFO - Filling up the DagBag from /opt/airflow/dags/saving_file.py
[2025-03-29T19:39:39.235+0000] {processor.py:925} INFO - DAG(s) 'gerar_csv_dados_abertos_cnpj' retrieved from /opt/airflow/dags/saving_file.py
[2025-03-29T19:39:39.250+0000] {logging_mixin.py:190} INFO - [2025-03-29T19:39:39.250+0000] {dag.py:3239} INFO - Sync 1 DAGs
[2025-03-29T19:39:39.266+0000] {logging_mixin.py:190} INFO - [2025-03-29T19:39:39.266+0000] {dag.py:4180} INFO - Setting next_dagrun for gerar_csv_dados_abertos_cnpj to 2025-03-28 00:00:00+00:00, run_after=2025-03-29 00:00:00+00:00
[2025-03-29T19:39:39.277+0000] {processor.py:208} INFO - Processing /opt/airflow/dags/saving_file.py took 0.182 seconds
[2025-03-29T19:40:09.476+0000] {processor.py:186} INFO - Started process (PID=6616) to work on /opt/airflow/dags/saving_file.py
[2025-03-29T19:40:09.477+0000] {processor.py:914} INFO - Processing file /opt/airflow/dags/saving_file.py for tasks to queue
[2025-03-29T19:40:09.479+0000] {logging_mixin.py:190} INFO - [2025-03-29T19:40:09.479+0000] {dagbag.py:588} INFO - Filling up the DagBag from /opt/airflow/dags/saving_file.py
[2025-03-29T19:40:09.617+0000] {processor.py:925} INFO - DAG(s) 'gerar_csv_dados_abertos_cnpj' retrieved from /opt/airflow/dags/saving_file.py
[2025-03-29T19:40:09.630+0000] {logging_mixin.py:190} INFO - [2025-03-29T19:40:09.630+0000] {dag.py:3239} INFO - Sync 1 DAGs
[2025-03-29T19:40:09.641+0000] {logging_mixin.py:190} INFO - [2025-03-29T19:40:09.641+0000] {dag.py:4180} INFO - Setting next_dagrun for gerar_csv_dados_abertos_cnpj to 2025-03-28 00:00:00+00:00, run_after=2025-03-29 00:00:00+00:00
[2025-03-29T19:40:09.652+0000] {processor.py:208} INFO - Processing /opt/airflow/dags/saving_file.py took 0.178 seconds
[2025-03-29T19:40:39.847+0000] {processor.py:186} INFO - Started process (PID=6633) to work on /opt/airflow/dags/saving_file.py
[2025-03-29T19:40:39.848+0000] {processor.py:914} INFO - Processing file /opt/airflow/dags/saving_file.py for tasks to queue
[2025-03-29T19:40:39.850+0000] {logging_mixin.py:190} INFO - [2025-03-29T19:40:39.850+0000] {dagbag.py:588} INFO - Filling up the DagBag from /opt/airflow/dags/saving_file.py
[2025-03-29T19:40:39.991+0000] {processor.py:925} INFO - DAG(s) 'gerar_csv_dados_abertos_cnpj' retrieved from /opt/airflow/dags/saving_file.py
[2025-03-29T19:40:40.004+0000] {logging_mixin.py:190} INFO - [2025-03-29T19:40:40.004+0000] {dag.py:3239} INFO - Sync 1 DAGs
[2025-03-29T19:40:40.016+0000] {logging_mixin.py:190} INFO - [2025-03-29T19:40:40.016+0000] {dag.py:4180} INFO - Setting next_dagrun for gerar_csv_dados_abertos_cnpj to 2025-03-28 00:00:00+00:00, run_after=2025-03-29 00:00:00+00:00
[2025-03-29T19:40:40.025+0000] {processor.py:208} INFO - Processing /opt/airflow/dags/saving_file.py took 0.181 seconds
[2025-03-29T19:41:10.228+0000] {processor.py:186} INFO - Started process (PID=6644) to work on /opt/airflow/dags/saving_file.py
[2025-03-29T19:41:10.229+0000] {processor.py:914} INFO - Processing file /opt/airflow/dags/saving_file.py for tasks to queue
[2025-03-29T19:41:10.231+0000] {logging_mixin.py:190} INFO - [2025-03-29T19:41:10.231+0000] {dagbag.py:588} INFO - Filling up the DagBag from /opt/airflow/dags/saving_file.py
[2025-03-29T19:41:10.375+0000] {processor.py:925} INFO - DAG(s) 'gerar_csv_dados_abertos_cnpj' retrieved from /opt/airflow/dags/saving_file.py
[2025-03-29T19:41:10.387+0000] {logging_mixin.py:190} INFO - [2025-03-29T19:41:10.387+0000] {dag.py:3239} INFO - Sync 1 DAGs
[2025-03-29T19:41:10.399+0000] {logging_mixin.py:190} INFO - [2025-03-29T19:41:10.398+0000] {dag.py:4180} INFO - Setting next_dagrun for gerar_csv_dados_abertos_cnpj to 2025-03-28 00:00:00+00:00, run_after=2025-03-29 00:00:00+00:00
[2025-03-29T19:41:10.409+0000] {processor.py:208} INFO - Processing /opt/airflow/dags/saving_file.py took 0.185 seconds
[2025-03-29T19:41:40.712+0000] {processor.py:186} INFO - Started process (PID=6655) to work on /opt/airflow/dags/saving_file.py
[2025-03-29T19:41:40.713+0000] {processor.py:914} INFO - Processing file /opt/airflow/dags/saving_file.py for tasks to queue
[2025-03-29T19:41:40.715+0000] {logging_mixin.py:190} INFO - [2025-03-29T19:41:40.715+0000] {dagbag.py:588} INFO - Filling up the DagBag from /opt/airflow/dags/saving_file.py
[2025-03-29T19:41:40.853+0000] {processor.py:925} INFO - DAG(s) 'gerar_csv_dados_abertos_cnpj' retrieved from /opt/airflow/dags/saving_file.py
[2025-03-29T19:41:40.869+0000] {logging_mixin.py:190} INFO - [2025-03-29T19:41:40.869+0000] {dag.py:3239} INFO - Sync 1 DAGs
[2025-03-29T19:41:40.881+0000] {logging_mixin.py:190} INFO - [2025-03-29T19:41:40.881+0000] {dag.py:4180} INFO - Setting next_dagrun for gerar_csv_dados_abertos_cnpj to 2025-03-28 00:00:00+00:00, run_after=2025-03-29 00:00:00+00:00
[2025-03-29T19:41:40.891+0000] {processor.py:208} INFO - Processing /opt/airflow/dags/saving_file.py took 0.182 seconds
[2025-03-29T19:42:11.088+0000] {processor.py:186} INFO - Started process (PID=6666) to work on /opt/airflow/dags/saving_file.py
[2025-03-29T19:42:11.089+0000] {processor.py:914} INFO - Processing file /opt/airflow/dags/saving_file.py for tasks to queue
[2025-03-29T19:42:11.092+0000] {logging_mixin.py:190} INFO - [2025-03-29T19:42:11.092+0000] {dagbag.py:588} INFO - Filling up the DagBag from /opt/airflow/dags/saving_file.py
[2025-03-29T19:42:11.233+0000] {processor.py:925} INFO - DAG(s) 'gerar_csv_dados_abertos_cnpj' retrieved from /opt/airflow/dags/saving_file.py
[2025-03-29T19:42:11.244+0000] {logging_mixin.py:190} INFO - [2025-03-29T19:42:11.244+0000] {dag.py:3239} INFO - Sync 1 DAGs
[2025-03-29T19:42:11.256+0000] {logging_mixin.py:190} INFO - [2025-03-29T19:42:11.256+0000] {dag.py:4180} INFO - Setting next_dagrun for gerar_csv_dados_abertos_cnpj to 2025-03-28 00:00:00+00:00, run_after=2025-03-29 00:00:00+00:00
[2025-03-29T19:42:11.266+0000] {processor.py:208} INFO - Processing /opt/airflow/dags/saving_file.py took 0.181 seconds
[2025-03-29T19:42:41.466+0000] {processor.py:186} INFO - Started process (PID=6677) to work on /opt/airflow/dags/saving_file.py
[2025-03-29T19:42:41.467+0000] {processor.py:914} INFO - Processing file /opt/airflow/dags/saving_file.py for tasks to queue
[2025-03-29T19:42:41.469+0000] {logging_mixin.py:190} INFO - [2025-03-29T19:42:41.469+0000] {dagbag.py:588} INFO - Filling up the DagBag from /opt/airflow/dags/saving_file.py
[2025-03-29T19:42:41.611+0000] {processor.py:925} INFO - DAG(s) 'gerar_csv_dados_abertos_cnpj' retrieved from /opt/airflow/dags/saving_file.py
[2025-03-29T19:42:41.625+0000] {logging_mixin.py:190} INFO - [2025-03-29T19:42:41.624+0000] {dag.py:3239} INFO - Sync 1 DAGs
[2025-03-29T19:42:41.636+0000] {logging_mixin.py:190} INFO - [2025-03-29T19:42:41.636+0000] {dag.py:4180} INFO - Setting next_dagrun for gerar_csv_dados_abertos_cnpj to 2025-03-28 00:00:00+00:00, run_after=2025-03-29 00:00:00+00:00
[2025-03-29T19:42:41.646+0000] {processor.py:208} INFO - Processing /opt/airflow/dags/saving_file.py took 0.183 seconds
[2025-03-29T19:43:11.843+0000] {processor.py:186} INFO - Started process (PID=6688) to work on /opt/airflow/dags/saving_file.py
[2025-03-29T19:43:11.844+0000] {processor.py:914} INFO - Processing file /opt/airflow/dags/saving_file.py for tasks to queue
[2025-03-29T19:43:11.846+0000] {logging_mixin.py:190} INFO - [2025-03-29T19:43:11.846+0000] {dagbag.py:588} INFO - Filling up the DagBag from /opt/airflow/dags/saving_file.py
[2025-03-29T19:43:11.987+0000] {processor.py:925} INFO - DAG(s) 'gerar_csv_dados_abertos_cnpj' retrieved from /opt/airflow/dags/saving_file.py
[2025-03-29T19:43:11.999+0000] {logging_mixin.py:190} INFO - [2025-03-29T19:43:11.999+0000] {dag.py:3239} INFO - Sync 1 DAGs
[2025-03-29T19:43:12.012+0000] {logging_mixin.py:190} INFO - [2025-03-29T19:43:12.012+0000] {dag.py:4180} INFO - Setting next_dagrun for gerar_csv_dados_abertos_cnpj to 2025-03-28 00:00:00+00:00, run_after=2025-03-29 00:00:00+00:00
[2025-03-29T19:43:12.023+0000] {processor.py:208} INFO - Processing /opt/airflow/dags/saving_file.py took 0.183 seconds
[2025-03-29T19:43:42.206+0000] {processor.py:186} INFO - Started process (PID=6699) to work on /opt/airflow/dags/saving_file.py
[2025-03-29T19:43:42.207+0000] {processor.py:914} INFO - Processing file /opt/airflow/dags/saving_file.py for tasks to queue
[2025-03-29T19:43:42.209+0000] {logging_mixin.py:190} INFO - [2025-03-29T19:43:42.209+0000] {dagbag.py:588} INFO - Filling up the DagBag from /opt/airflow/dags/saving_file.py
[2025-03-29T19:43:42.348+0000] {processor.py:925} INFO - DAG(s) 'gerar_csv_dados_abertos_cnpj' retrieved from /opt/airflow/dags/saving_file.py
[2025-03-29T19:43:42.361+0000] {logging_mixin.py:190} INFO - [2025-03-29T19:43:42.361+0000] {dag.py:3239} INFO - Sync 1 DAGs
[2025-03-29T19:43:42.374+0000] {logging_mixin.py:190} INFO - [2025-03-29T19:43:42.374+0000] {dag.py:4180} INFO - Setting next_dagrun for gerar_csv_dados_abertos_cnpj to 2025-03-28 00:00:00+00:00, run_after=2025-03-29 00:00:00+00:00
[2025-03-29T19:43:42.383+0000] {processor.py:208} INFO - Processing /opt/airflow/dags/saving_file.py took 0.179 seconds
[2025-03-29T19:44:12.576+0000] {processor.py:186} INFO - Started process (PID=6710) to work on /opt/airflow/dags/saving_file.py
[2025-03-29T19:44:12.577+0000] {processor.py:914} INFO - Processing file /opt/airflow/dags/saving_file.py for tasks to queue
[2025-03-29T19:44:12.579+0000] {logging_mixin.py:190} INFO - [2025-03-29T19:44:12.578+0000] {dagbag.py:588} INFO - Filling up the DagBag from /opt/airflow/dags/saving_file.py
[2025-03-29T19:44:12.716+0000] {processor.py:925} INFO - DAG(s) 'gerar_csv_dados_abertos_cnpj' retrieved from /opt/airflow/dags/saving_file.py
[2025-03-29T19:44:12.730+0000] {logging_mixin.py:190} INFO - [2025-03-29T19:44:12.730+0000] {dag.py:3239} INFO - Sync 1 DAGs
[2025-03-29T19:44:12.743+0000] {logging_mixin.py:190} INFO - [2025-03-29T19:44:12.742+0000] {dag.py:4180} INFO - Setting next_dagrun for gerar_csv_dados_abertos_cnpj to 2025-03-28 00:00:00+00:00, run_after=2025-03-29 00:00:00+00:00
[2025-03-29T19:44:12.754+0000] {processor.py:208} INFO - Processing /opt/airflow/dags/saving_file.py took 0.181 seconds
[2025-03-29T19:44:42.955+0000] {processor.py:186} INFO - Started process (PID=6721) to work on /opt/airflow/dags/saving_file.py
[2025-03-29T19:44:42.956+0000] {processor.py:914} INFO - Processing file /opt/airflow/dags/saving_file.py for tasks to queue
[2025-03-29T19:44:42.959+0000] {logging_mixin.py:190} INFO - [2025-03-29T19:44:42.958+0000] {dagbag.py:588} INFO - Filling up the DagBag from /opt/airflow/dags/saving_file.py
[2025-03-29T19:44:43.095+0000] {processor.py:925} INFO - DAG(s) 'gerar_csv_dados_abertos_cnpj' retrieved from /opt/airflow/dags/saving_file.py
[2025-03-29T19:44:43.109+0000] {logging_mixin.py:190} INFO - [2025-03-29T19:44:43.109+0000] {dag.py:3239} INFO - Sync 1 DAGs
[2025-03-29T19:44:43.122+0000] {logging_mixin.py:190} INFO - [2025-03-29T19:44:43.122+0000] {dag.py:4180} INFO - Setting next_dagrun for gerar_csv_dados_abertos_cnpj to 2025-03-28 00:00:00+00:00, run_after=2025-03-29 00:00:00+00:00
[2025-03-29T19:44:43.134+0000] {processor.py:208} INFO - Processing /opt/airflow/dags/saving_file.py took 0.182 seconds
[2025-03-29T19:45:13.317+0000] {processor.py:186} INFO - Started process (PID=6732) to work on /opt/airflow/dags/saving_file.py
[2025-03-29T19:45:13.318+0000] {processor.py:914} INFO - Processing file /opt/airflow/dags/saving_file.py for tasks to queue
[2025-03-29T19:45:13.320+0000] {logging_mixin.py:190} INFO - [2025-03-29T19:45:13.320+0000] {dagbag.py:588} INFO - Filling up the DagBag from /opt/airflow/dags/saving_file.py
[2025-03-29T19:45:13.463+0000] {processor.py:925} INFO - DAG(s) 'gerar_csv_dados_abertos_cnpj' retrieved from /opt/airflow/dags/saving_file.py
[2025-03-29T19:45:13.480+0000] {logging_mixin.py:190} INFO - [2025-03-29T19:45:13.480+0000] {dag.py:3239} INFO - Sync 1 DAGs
[2025-03-29T19:45:13.493+0000] {logging_mixin.py:190} INFO - [2025-03-29T19:45:13.492+0000] {dag.py:4180} INFO - Setting next_dagrun for gerar_csv_dados_abertos_cnpj to 2025-03-28 00:00:00+00:00, run_after=2025-03-29 00:00:00+00:00
[2025-03-29T19:45:13.506+0000] {processor.py:208} INFO - Processing /opt/airflow/dags/saving_file.py took 0.192 seconds
[2025-03-29T19:45:43.720+0000] {processor.py:186} INFO - Started process (PID=6743) to work on /opt/airflow/dags/saving_file.py
[2025-03-29T19:45:43.721+0000] {processor.py:914} INFO - Processing file /opt/airflow/dags/saving_file.py for tasks to queue
[2025-03-29T19:45:43.723+0000] {logging_mixin.py:190} INFO - [2025-03-29T19:45:43.723+0000] {dagbag.py:588} INFO - Filling up the DagBag from /opt/airflow/dags/saving_file.py
[2025-03-29T19:45:43.860+0000] {processor.py:925} INFO - DAG(s) 'gerar_csv_dados_abertos_cnpj' retrieved from /opt/airflow/dags/saving_file.py
[2025-03-29T19:45:43.874+0000] {logging_mixin.py:190} INFO - [2025-03-29T19:45:43.874+0000] {dag.py:3239} INFO - Sync 1 DAGs
[2025-03-29T19:45:43.889+0000] {logging_mixin.py:190} INFO - [2025-03-29T19:45:43.889+0000] {dag.py:4180} INFO - Setting next_dagrun for gerar_csv_dados_abertos_cnpj to 2025-03-28 00:00:00+00:00, run_after=2025-03-29 00:00:00+00:00
[2025-03-29T19:45:43.902+0000] {processor.py:208} INFO - Processing /opt/airflow/dags/saving_file.py took 0.185 seconds
[2025-03-29T19:46:14.148+0000] {processor.py:186} INFO - Started process (PID=6754) to work on /opt/airflow/dags/saving_file.py
[2025-03-29T19:46:14.149+0000] {processor.py:914} INFO - Processing file /opt/airflow/dags/saving_file.py for tasks to queue
[2025-03-29T19:46:14.152+0000] {logging_mixin.py:190} INFO - [2025-03-29T19:46:14.152+0000] {dagbag.py:588} INFO - Filling up the DagBag from /opt/airflow/dags/saving_file.py
[2025-03-29T19:46:14.290+0000] {processor.py:925} INFO - DAG(s) 'gerar_csv_dados_abertos_cnpj' retrieved from /opt/airflow/dags/saving_file.py
[2025-03-29T19:46:14.304+0000] {logging_mixin.py:190} INFO - [2025-03-29T19:46:14.304+0000] {dag.py:3239} INFO - Sync 1 DAGs
[2025-03-29T19:46:14.317+0000] {logging_mixin.py:190} INFO - [2025-03-29T19:46:14.317+0000] {dag.py:4180} INFO - Setting next_dagrun for gerar_csv_dados_abertos_cnpj to 2025-03-28 00:00:00+00:00, run_after=2025-03-29 00:00:00+00:00
[2025-03-29T19:46:14.326+0000] {processor.py:208} INFO - Processing /opt/airflow/dags/saving_file.py took 0.180 seconds
[2025-03-29T19:46:44.514+0000] {processor.py:186} INFO - Started process (PID=6765) to work on /opt/airflow/dags/saving_file.py
[2025-03-29T19:46:44.517+0000] {processor.py:914} INFO - Processing file /opt/airflow/dags/saving_file.py for tasks to queue
[2025-03-29T19:46:44.519+0000] {logging_mixin.py:190} INFO - [2025-03-29T19:46:44.519+0000] {dagbag.py:588} INFO - Filling up the DagBag from /opt/airflow/dags/saving_file.py
[2025-03-29T19:46:44.657+0000] {processor.py:925} INFO - DAG(s) 'gerar_csv_dados_abertos_cnpj' retrieved from /opt/airflow/dags/saving_file.py
[2025-03-29T19:46:44.671+0000] {logging_mixin.py:190} INFO - [2025-03-29T19:46:44.671+0000] {dag.py:3239} INFO - Sync 1 DAGs
[2025-03-29T19:46:44.685+0000] {logging_mixin.py:190} INFO - [2025-03-29T19:46:44.685+0000] {dag.py:4180} INFO - Setting next_dagrun for gerar_csv_dados_abertos_cnpj to 2025-03-28 00:00:00+00:00, run_after=2025-03-29 00:00:00+00:00
[2025-03-29T19:46:44.695+0000] {processor.py:208} INFO - Processing /opt/airflow/dags/saving_file.py took 0.183 seconds
[2025-03-29T19:47:14.986+0000] {processor.py:186} INFO - Started process (PID=6776) to work on /opt/airflow/dags/saving_file.py
[2025-03-29T19:47:14.987+0000] {processor.py:914} INFO - Processing file /opt/airflow/dags/saving_file.py for tasks to queue
[2025-03-29T19:47:14.989+0000] {logging_mixin.py:190} INFO - [2025-03-29T19:47:14.989+0000] {dagbag.py:588} INFO - Filling up the DagBag from /opt/airflow/dags/saving_file.py
[2025-03-29T19:47:15.129+0000] {processor.py:925} INFO - DAG(s) 'gerar_csv_dados_abertos_cnpj' retrieved from /opt/airflow/dags/saving_file.py
[2025-03-29T19:47:15.142+0000] {logging_mixin.py:190} INFO - [2025-03-29T19:47:15.142+0000] {dag.py:3239} INFO - Sync 1 DAGs
[2025-03-29T19:47:15.153+0000] {logging_mixin.py:190} INFO - [2025-03-29T19:47:15.153+0000] {dag.py:4180} INFO - Setting next_dagrun for gerar_csv_dados_abertos_cnpj to 2025-03-28 00:00:00+00:00, run_after=2025-03-29 00:00:00+00:00
[2025-03-29T19:47:15.164+0000] {processor.py:208} INFO - Processing /opt/airflow/dags/saving_file.py took 0.181 seconds
[2025-03-29T19:47:45.347+0000] {processor.py:186} INFO - Started process (PID=6787) to work on /opt/airflow/dags/saving_file.py
[2025-03-29T19:47:45.348+0000] {processor.py:914} INFO - Processing file /opt/airflow/dags/saving_file.py for tasks to queue
[2025-03-29T19:47:45.351+0000] {logging_mixin.py:190} INFO - [2025-03-29T19:47:45.350+0000] {dagbag.py:588} INFO - Filling up the DagBag from /opt/airflow/dags/saving_file.py
[2025-03-29T19:47:45.491+0000] {processor.py:925} INFO - DAG(s) 'gerar_csv_dados_abertos_cnpj' retrieved from /opt/airflow/dags/saving_file.py
[2025-03-29T19:47:45.506+0000] {logging_mixin.py:190} INFO - [2025-03-29T19:47:45.506+0000] {dag.py:3239} INFO - Sync 1 DAGs
[2025-03-29T19:47:45.519+0000] {logging_mixin.py:190} INFO - [2025-03-29T19:47:45.519+0000] {dag.py:4180} INFO - Setting next_dagrun for gerar_csv_dados_abertos_cnpj to 2025-03-28 00:00:00+00:00, run_after=2025-03-29 00:00:00+00:00
[2025-03-29T19:47:45.528+0000] {processor.py:208} INFO - Processing /opt/airflow/dags/saving_file.py took 0.184 seconds
[2025-03-29T19:48:15.718+0000] {processor.py:186} INFO - Started process (PID=6798) to work on /opt/airflow/dags/saving_file.py
[2025-03-29T19:48:15.719+0000] {processor.py:914} INFO - Processing file /opt/airflow/dags/saving_file.py for tasks to queue
[2025-03-29T19:48:15.722+0000] {logging_mixin.py:190} INFO - [2025-03-29T19:48:15.721+0000] {dagbag.py:588} INFO - Filling up the DagBag from /opt/airflow/dags/saving_file.py
[2025-03-29T19:48:15.856+0000] {processor.py:925} INFO - DAG(s) 'gerar_csv_dados_abertos_cnpj' retrieved from /opt/airflow/dags/saving_file.py
[2025-03-29T19:48:15.869+0000] {logging_mixin.py:190} INFO - [2025-03-29T19:48:15.868+0000] {dag.py:3239} INFO - Sync 1 DAGs
[2025-03-29T19:48:15.879+0000] {logging_mixin.py:190} INFO - [2025-03-29T19:48:15.879+0000] {dag.py:4180} INFO - Setting next_dagrun for gerar_csv_dados_abertos_cnpj to 2025-03-28 00:00:00+00:00, run_after=2025-03-29 00:00:00+00:00
[2025-03-29T19:48:15.889+0000] {processor.py:208} INFO - Processing /opt/airflow/dags/saving_file.py took 0.173 seconds
[2025-03-29T19:48:46.082+0000] {processor.py:186} INFO - Started process (PID=6809) to work on /opt/airflow/dags/saving_file.py
[2025-03-29T19:48:46.083+0000] {processor.py:914} INFO - Processing file /opt/airflow/dags/saving_file.py for tasks to queue
[2025-03-29T19:48:46.085+0000] {logging_mixin.py:190} INFO - [2025-03-29T19:48:46.085+0000] {dagbag.py:588} INFO - Filling up the DagBag from /opt/airflow/dags/saving_file.py
[2025-03-29T19:48:46.227+0000] {processor.py:925} INFO - DAG(s) 'gerar_csv_dados_abertos_cnpj' retrieved from /opt/airflow/dags/saving_file.py
[2025-03-29T19:48:46.239+0000] {logging_mixin.py:190} INFO - [2025-03-29T19:48:46.238+0000] {dag.py:3239} INFO - Sync 1 DAGs
[2025-03-29T19:48:46.251+0000] {logging_mixin.py:190} INFO - [2025-03-29T19:48:46.250+0000] {dag.py:4180} INFO - Setting next_dagrun for gerar_csv_dados_abertos_cnpj to 2025-03-28 00:00:00+00:00, run_after=2025-03-29 00:00:00+00:00
[2025-03-29T19:48:46.260+0000] {processor.py:208} INFO - Processing /opt/airflow/dags/saving_file.py took 0.181 seconds
[2025-03-29T19:49:16.464+0000] {processor.py:186} INFO - Started process (PID=6820) to work on /opt/airflow/dags/saving_file.py
[2025-03-29T19:49:16.465+0000] {processor.py:914} INFO - Processing file /opt/airflow/dags/saving_file.py for tasks to queue
[2025-03-29T19:49:16.467+0000] {logging_mixin.py:190} INFO - [2025-03-29T19:49:16.467+0000] {dagbag.py:588} INFO - Filling up the DagBag from /opt/airflow/dags/saving_file.py
[2025-03-29T19:49:16.609+0000] {processor.py:925} INFO - DAG(s) 'gerar_csv_dados_abertos_cnpj' retrieved from /opt/airflow/dags/saving_file.py
[2025-03-29T19:49:16.621+0000] {logging_mixin.py:190} INFO - [2025-03-29T19:49:16.621+0000] {dag.py:3239} INFO - Sync 1 DAGs
[2025-03-29T19:49:16.633+0000] {logging_mixin.py:190} INFO - [2025-03-29T19:49:16.633+0000] {dag.py:4180} INFO - Setting next_dagrun for gerar_csv_dados_abertos_cnpj to 2025-03-28 00:00:00+00:00, run_after=2025-03-29 00:00:00+00:00
[2025-03-29T19:49:16.642+0000] {processor.py:208} INFO - Processing /opt/airflow/dags/saving_file.py took 0.181 seconds
[2025-03-29T19:49:46.848+0000] {processor.py:186} INFO - Started process (PID=6831) to work on /opt/airflow/dags/saving_file.py
[2025-03-29T19:49:46.849+0000] {processor.py:914} INFO - Processing file /opt/airflow/dags/saving_file.py for tasks to queue
[2025-03-29T19:49:46.850+0000] {logging_mixin.py:190} INFO - [2025-03-29T19:49:46.850+0000] {dagbag.py:588} INFO - Filling up the DagBag from /opt/airflow/dags/saving_file.py
[2025-03-29T19:49:46.994+0000] {processor.py:925} INFO - DAG(s) 'gerar_csv_dados_abertos_cnpj' retrieved from /opt/airflow/dags/saving_file.py
[2025-03-29T19:49:47.010+0000] {logging_mixin.py:190} INFO - [2025-03-29T19:49:47.009+0000] {dag.py:3239} INFO - Sync 1 DAGs
[2025-03-29T19:49:47.023+0000] {logging_mixin.py:190} INFO - [2025-03-29T19:49:47.022+0000] {dag.py:4180} INFO - Setting next_dagrun for gerar_csv_dados_abertos_cnpj to 2025-03-28 00:00:00+00:00, run_after=2025-03-29 00:00:00+00:00
[2025-03-29T19:49:47.033+0000] {processor.py:208} INFO - Processing /opt/airflow/dags/saving_file.py took 0.189 seconds
[2025-03-29T19:50:17.232+0000] {processor.py:186} INFO - Started process (PID=6842) to work on /opt/airflow/dags/saving_file.py
[2025-03-29T19:50:17.234+0000] {processor.py:914} INFO - Processing file /opt/airflow/dags/saving_file.py for tasks to queue
[2025-03-29T19:50:17.235+0000] {logging_mixin.py:190} INFO - [2025-03-29T19:50:17.235+0000] {dagbag.py:588} INFO - Filling up the DagBag from /opt/airflow/dags/saving_file.py
[2025-03-29T19:50:17.377+0000] {processor.py:925} INFO - DAG(s) 'gerar_csv_dados_abertos_cnpj' retrieved from /opt/airflow/dags/saving_file.py
[2025-03-29T19:50:17.394+0000] {logging_mixin.py:190} INFO - [2025-03-29T19:50:17.393+0000] {dag.py:3239} INFO - Sync 1 DAGs
[2025-03-29T19:50:17.408+0000] {logging_mixin.py:190} INFO - [2025-03-29T19:50:17.408+0000] {dag.py:4180} INFO - Setting next_dagrun for gerar_csv_dados_abertos_cnpj to 2025-03-28 00:00:00+00:00, run_after=2025-03-29 00:00:00+00:00
[2025-03-29T19:50:17.419+0000] {processor.py:208} INFO - Processing /opt/airflow/dags/saving_file.py took 0.189 seconds
[2025-03-29T19:50:47.608+0000] {processor.py:186} INFO - Started process (PID=6853) to work on /opt/airflow/dags/saving_file.py
[2025-03-29T19:50:47.609+0000] {processor.py:914} INFO - Processing file /opt/airflow/dags/saving_file.py for tasks to queue
[2025-03-29T19:50:47.611+0000] {logging_mixin.py:190} INFO - [2025-03-29T19:50:47.611+0000] {dagbag.py:588} INFO - Filling up the DagBag from /opt/airflow/dags/saving_file.py
[2025-03-29T19:50:47.747+0000] {processor.py:925} INFO - DAG(s) 'gerar_csv_dados_abertos_cnpj' retrieved from /opt/airflow/dags/saving_file.py
[2025-03-29T19:50:47.760+0000] {logging_mixin.py:190} INFO - [2025-03-29T19:50:47.760+0000] {dag.py:3239} INFO - Sync 1 DAGs
[2025-03-29T19:50:47.772+0000] {logging_mixin.py:190} INFO - [2025-03-29T19:50:47.772+0000] {dag.py:4180} INFO - Setting next_dagrun for gerar_csv_dados_abertos_cnpj to 2025-03-28 00:00:00+00:00, run_after=2025-03-29 00:00:00+00:00
[2025-03-29T19:50:47.782+0000] {processor.py:208} INFO - Processing /opt/airflow/dags/saving_file.py took 0.177 seconds
[2025-03-29T19:51:18.033+0000] {processor.py:186} INFO - Started process (PID=6864) to work on /opt/airflow/dags/saving_file.py
[2025-03-29T19:51:18.034+0000] {processor.py:914} INFO - Processing file /opt/airflow/dags/saving_file.py for tasks to queue
[2025-03-29T19:51:18.036+0000] {logging_mixin.py:190} INFO - [2025-03-29T19:51:18.036+0000] {dagbag.py:588} INFO - Filling up the DagBag from /opt/airflow/dags/saving_file.py
[2025-03-29T19:51:18.176+0000] {processor.py:925} INFO - DAG(s) 'gerar_csv_dados_abertos_cnpj' retrieved from /opt/airflow/dags/saving_file.py
[2025-03-29T19:51:18.188+0000] {logging_mixin.py:190} INFO - [2025-03-29T19:51:18.188+0000] {dag.py:3239} INFO - Sync 1 DAGs
[2025-03-29T19:51:18.199+0000] {logging_mixin.py:190} INFO - [2025-03-29T19:51:18.199+0000] {dag.py:4180} INFO - Setting next_dagrun for gerar_csv_dados_abertos_cnpj to 2025-03-28 00:00:00+00:00, run_after=2025-03-29 00:00:00+00:00
[2025-03-29T19:51:18.209+0000] {processor.py:208} INFO - Processing /opt/airflow/dags/saving_file.py took 0.180 seconds
[2025-03-29T19:51:48.422+0000] {processor.py:186} INFO - Started process (PID=6875) to work on /opt/airflow/dags/saving_file.py
[2025-03-29T19:51:48.423+0000] {processor.py:914} INFO - Processing file /opt/airflow/dags/saving_file.py for tasks to queue
[2025-03-29T19:51:48.425+0000] {logging_mixin.py:190} INFO - [2025-03-29T19:51:48.424+0000] {dagbag.py:588} INFO - Filling up the DagBag from /opt/airflow/dags/saving_file.py
[2025-03-29T19:51:48.564+0000] {processor.py:925} INFO - DAG(s) 'gerar_csv_dados_abertos_cnpj' retrieved from /opt/airflow/dags/saving_file.py
[2025-03-29T19:51:48.577+0000] {logging_mixin.py:190} INFO - [2025-03-29T19:51:48.577+0000] {dag.py:3239} INFO - Sync 1 DAGs
[2025-03-29T19:51:48.590+0000] {logging_mixin.py:190} INFO - [2025-03-29T19:51:48.590+0000] {dag.py:4180} INFO - Setting next_dagrun for gerar_csv_dados_abertos_cnpj to 2025-03-28 00:00:00+00:00, run_after=2025-03-29 00:00:00+00:00
[2025-03-29T19:51:48.599+0000] {processor.py:208} INFO - Processing /opt/airflow/dags/saving_file.py took 0.180 seconds
[2025-03-29T19:52:18.789+0000] {processor.py:186} INFO - Started process (PID=6886) to work on /opt/airflow/dags/saving_file.py
[2025-03-29T19:52:18.791+0000] {processor.py:914} INFO - Processing file /opt/airflow/dags/saving_file.py for tasks to queue
[2025-03-29T19:52:18.792+0000] {logging_mixin.py:190} INFO - [2025-03-29T19:52:18.792+0000] {dagbag.py:588} INFO - Filling up the DagBag from /opt/airflow/dags/saving_file.py
[2025-03-29T19:52:18.930+0000] {processor.py:925} INFO - DAG(s) 'gerar_csv_dados_abertos_cnpj' retrieved from /opt/airflow/dags/saving_file.py
[2025-03-29T19:52:18.942+0000] {logging_mixin.py:190} INFO - [2025-03-29T19:52:18.942+0000] {dag.py:3239} INFO - Sync 1 DAGs
[2025-03-29T19:52:18.953+0000] {logging_mixin.py:190} INFO - [2025-03-29T19:52:18.953+0000] {dag.py:4180} INFO - Setting next_dagrun for gerar_csv_dados_abertos_cnpj to 2025-03-28 00:00:00+00:00, run_after=2025-03-29 00:00:00+00:00
[2025-03-29T19:52:18.962+0000] {processor.py:208} INFO - Processing /opt/airflow/dags/saving_file.py took 0.176 seconds
[2025-03-29T19:52:49.161+0000] {processor.py:186} INFO - Started process (PID=6897) to work on /opt/airflow/dags/saving_file.py
[2025-03-29T19:52:49.162+0000] {processor.py:914} INFO - Processing file /opt/airflow/dags/saving_file.py for tasks to queue
[2025-03-29T19:52:49.164+0000] {logging_mixin.py:190} INFO - [2025-03-29T19:52:49.164+0000] {dagbag.py:588} INFO - Filling up the DagBag from /opt/airflow/dags/saving_file.py
[2025-03-29T19:52:49.305+0000] {processor.py:925} INFO - DAG(s) 'gerar_csv_dados_abertos_cnpj' retrieved from /opt/airflow/dags/saving_file.py
[2025-03-29T19:52:49.319+0000] {logging_mixin.py:190} INFO - [2025-03-29T19:52:49.319+0000] {dag.py:3239} INFO - Sync 1 DAGs
[2025-03-29T19:52:49.331+0000] {logging_mixin.py:190} INFO - [2025-03-29T19:52:49.331+0000] {dag.py:4180} INFO - Setting next_dagrun for gerar_csv_dados_abertos_cnpj to 2025-03-28 00:00:00+00:00, run_after=2025-03-29 00:00:00+00:00
[2025-03-29T19:52:49.342+0000] {processor.py:208} INFO - Processing /opt/airflow/dags/saving_file.py took 0.184 seconds
[2025-03-29T19:53:19.528+0000] {processor.py:186} INFO - Started process (PID=6908) to work on /opt/airflow/dags/saving_file.py
[2025-03-29T19:53:19.530+0000] {processor.py:914} INFO - Processing file /opt/airflow/dags/saving_file.py for tasks to queue
[2025-03-29T19:53:19.532+0000] {logging_mixin.py:190} INFO - [2025-03-29T19:53:19.532+0000] {dagbag.py:588} INFO - Filling up the DagBag from /opt/airflow/dags/saving_file.py
[2025-03-29T19:53:19.672+0000] {processor.py:925} INFO - DAG(s) 'gerar_csv_dados_abertos_cnpj' retrieved from /opt/airflow/dags/saving_file.py
[2025-03-29T19:53:19.686+0000] {logging_mixin.py:190} INFO - [2025-03-29T19:53:19.686+0000] {dag.py:3239} INFO - Sync 1 DAGs
[2025-03-29T19:53:19.699+0000] {logging_mixin.py:190} INFO - [2025-03-29T19:53:19.699+0000] {dag.py:4180} INFO - Setting next_dagrun for gerar_csv_dados_abertos_cnpj to 2025-03-28 00:00:00+00:00, run_after=2025-03-29 00:00:00+00:00
[2025-03-29T19:53:19.709+0000] {processor.py:208} INFO - Processing /opt/airflow/dags/saving_file.py took 0.183 seconds
[2025-03-29T19:53:49.891+0000] {processor.py:186} INFO - Started process (PID=6919) to work on /opt/airflow/dags/saving_file.py
[2025-03-29T19:53:49.892+0000] {processor.py:914} INFO - Processing file /opt/airflow/dags/saving_file.py for tasks to queue
[2025-03-29T19:53:49.893+0000] {logging_mixin.py:190} INFO - [2025-03-29T19:53:49.893+0000] {dagbag.py:588} INFO - Filling up the DagBag from /opt/airflow/dags/saving_file.py
[2025-03-29T19:53:50.036+0000] {processor.py:925} INFO - DAG(s) 'gerar_csv_dados_abertos_cnpj' retrieved from /opt/airflow/dags/saving_file.py
[2025-03-29T19:53:50.048+0000] {logging_mixin.py:190} INFO - [2025-03-29T19:53:50.048+0000] {dag.py:3239} INFO - Sync 1 DAGs
[2025-03-29T19:53:50.059+0000] {logging_mixin.py:190} INFO - [2025-03-29T19:53:50.059+0000] {dag.py:4180} INFO - Setting next_dagrun for gerar_csv_dados_abertos_cnpj to 2025-03-28 00:00:00+00:00, run_after=2025-03-29 00:00:00+00:00
[2025-03-29T19:53:50.069+0000] {processor.py:208} INFO - Processing /opt/airflow/dags/saving_file.py took 0.181 seconds
[2025-03-29T19:54:20.275+0000] {processor.py:186} INFO - Started process (PID=6930) to work on /opt/airflow/dags/saving_file.py
[2025-03-29T19:54:20.276+0000] {processor.py:914} INFO - Processing file /opt/airflow/dags/saving_file.py for tasks to queue
[2025-03-29T19:54:20.280+0000] {logging_mixin.py:190} INFO - [2025-03-29T19:54:20.280+0000] {dagbag.py:588} INFO - Filling up the DagBag from /opt/airflow/dags/saving_file.py
[2025-03-29T19:54:20.417+0000] {processor.py:925} INFO - DAG(s) 'gerar_csv_dados_abertos_cnpj' retrieved from /opt/airflow/dags/saving_file.py
[2025-03-29T19:54:20.435+0000] {logging_mixin.py:190} INFO - [2025-03-29T19:54:20.434+0000] {dag.py:3239} INFO - Sync 1 DAGs
[2025-03-29T19:54:20.446+0000] {logging_mixin.py:190} INFO - [2025-03-29T19:54:20.446+0000] {dag.py:4180} INFO - Setting next_dagrun for gerar_csv_dados_abertos_cnpj to 2025-03-28 00:00:00+00:00, run_after=2025-03-29 00:00:00+00:00
[2025-03-29T19:54:20.455+0000] {processor.py:208} INFO - Processing /opt/airflow/dags/saving_file.py took 0.183 seconds
[2025-03-29T19:54:50.652+0000] {processor.py:186} INFO - Started process (PID=6941) to work on /opt/airflow/dags/saving_file.py
[2025-03-29T19:54:50.653+0000] {processor.py:914} INFO - Processing file /opt/airflow/dags/saving_file.py for tasks to queue
[2025-03-29T19:54:50.655+0000] {logging_mixin.py:190} INFO - [2025-03-29T19:54:50.655+0000] {dagbag.py:588} INFO - Filling up the DagBag from /opt/airflow/dags/saving_file.py
[2025-03-29T19:54:50.791+0000] {processor.py:925} INFO - DAG(s) 'gerar_csv_dados_abertos_cnpj' retrieved from /opt/airflow/dags/saving_file.py
[2025-03-29T19:54:50.804+0000] {logging_mixin.py:190} INFO - [2025-03-29T19:54:50.804+0000] {dag.py:3239} INFO - Sync 1 DAGs
[2025-03-29T19:54:50.816+0000] {logging_mixin.py:190} INFO - [2025-03-29T19:54:50.816+0000] {dag.py:4180} INFO - Setting next_dagrun for gerar_csv_dados_abertos_cnpj to 2025-03-28 00:00:00+00:00, run_after=2025-03-29 00:00:00+00:00
[2025-03-29T19:54:50.827+0000] {processor.py:208} INFO - Processing /opt/airflow/dags/saving_file.py took 0.177 seconds
[2025-03-29T19:55:21.111+0000] {processor.py:186} INFO - Started process (PID=6952) to work on /opt/airflow/dags/saving_file.py
[2025-03-29T19:55:21.112+0000] {processor.py:914} INFO - Processing file /opt/airflow/dags/saving_file.py for tasks to queue
[2025-03-29T19:55:21.115+0000] {logging_mixin.py:190} INFO - [2025-03-29T19:55:21.115+0000] {dagbag.py:588} INFO - Filling up the DagBag from /opt/airflow/dags/saving_file.py
[2025-03-29T19:55:21.261+0000] {processor.py:925} INFO - DAG(s) 'gerar_csv_dados_abertos_cnpj' retrieved from /opt/airflow/dags/saving_file.py
[2025-03-29T19:55:21.274+0000] {logging_mixin.py:190} INFO - [2025-03-29T19:55:21.274+0000] {dag.py:3239} INFO - Sync 1 DAGs
[2025-03-29T19:55:21.286+0000] {logging_mixin.py:190} INFO - [2025-03-29T19:55:21.286+0000] {dag.py:4180} INFO - Setting next_dagrun for gerar_csv_dados_abertos_cnpj to 2025-03-28 00:00:00+00:00, run_after=2025-03-29 00:00:00+00:00
[2025-03-29T19:55:21.295+0000] {processor.py:208} INFO - Processing /opt/airflow/dags/saving_file.py took 0.186 seconds
[2025-03-29T19:55:51.489+0000] {processor.py:186} INFO - Started process (PID=6963) to work on /opt/airflow/dags/saving_file.py
[2025-03-29T19:55:51.490+0000] {processor.py:914} INFO - Processing file /opt/airflow/dags/saving_file.py for tasks to queue
[2025-03-29T19:55:51.491+0000] {logging_mixin.py:190} INFO - [2025-03-29T19:55:51.491+0000] {dagbag.py:588} INFO - Filling up the DagBag from /opt/airflow/dags/saving_file.py
[2025-03-29T19:55:51.628+0000] {processor.py:925} INFO - DAG(s) 'gerar_csv_dados_abertos_cnpj' retrieved from /opt/airflow/dags/saving_file.py
[2025-03-29T19:55:51.640+0000] {logging_mixin.py:190} INFO - [2025-03-29T19:55:51.640+0000] {dag.py:3239} INFO - Sync 1 DAGs
[2025-03-29T19:55:51.651+0000] {logging_mixin.py:190} INFO - [2025-03-29T19:55:51.651+0000] {dag.py:4180} INFO - Setting next_dagrun for gerar_csv_dados_abertos_cnpj to 2025-03-28 00:00:00+00:00, run_after=2025-03-29 00:00:00+00:00
[2025-03-29T19:55:51.660+0000] {processor.py:208} INFO - Processing /opt/airflow/dags/saving_file.py took 0.174 seconds
[2025-03-29T19:56:21.919+0000] {processor.py:186} INFO - Started process (PID=6974) to work on /opt/airflow/dags/saving_file.py
[2025-03-29T19:56:21.920+0000] {processor.py:914} INFO - Processing file /opt/airflow/dags/saving_file.py for tasks to queue
[2025-03-29T19:56:21.922+0000] {logging_mixin.py:190} INFO - [2025-03-29T19:56:21.922+0000] {dagbag.py:588} INFO - Filling up the DagBag from /opt/airflow/dags/saving_file.py
[2025-03-29T19:56:22.057+0000] {processor.py:925} INFO - DAG(s) 'gerar_csv_dados_abertos_cnpj' retrieved from /opt/airflow/dags/saving_file.py
[2025-03-29T19:56:22.069+0000] {logging_mixin.py:190} INFO - [2025-03-29T19:56:22.069+0000] {dag.py:3239} INFO - Sync 1 DAGs
[2025-03-29T19:56:22.081+0000] {logging_mixin.py:190} INFO - [2025-03-29T19:56:22.081+0000] {dag.py:4180} INFO - Setting next_dagrun for gerar_csv_dados_abertos_cnpj to 2025-03-28 00:00:00+00:00, run_after=2025-03-29 00:00:00+00:00
[2025-03-29T19:56:22.092+0000] {processor.py:208} INFO - Processing /opt/airflow/dags/saving_file.py took 0.177 seconds
[2025-03-29T19:56:52.296+0000] {processor.py:186} INFO - Started process (PID=6985) to work on /opt/airflow/dags/saving_file.py
[2025-03-29T19:56:52.297+0000] {processor.py:914} INFO - Processing file /opt/airflow/dags/saving_file.py for tasks to queue
[2025-03-29T19:56:52.300+0000] {logging_mixin.py:190} INFO - [2025-03-29T19:56:52.300+0000] {dagbag.py:588} INFO - Filling up the DagBag from /opt/airflow/dags/saving_file.py
[2025-03-29T19:56:52.437+0000] {processor.py:925} INFO - DAG(s) 'gerar_csv_dados_abertos_cnpj' retrieved from /opt/airflow/dags/saving_file.py
[2025-03-29T19:56:52.451+0000] {logging_mixin.py:190} INFO - [2025-03-29T19:56:52.450+0000] {dag.py:3239} INFO - Sync 1 DAGs
[2025-03-29T19:56:52.465+0000] {logging_mixin.py:190} INFO - [2025-03-29T19:56:52.465+0000] {dag.py:4180} INFO - Setting next_dagrun for gerar_csv_dados_abertos_cnpj to 2025-03-28 00:00:00+00:00, run_after=2025-03-29 00:00:00+00:00
[2025-03-29T19:56:52.475+0000] {processor.py:208} INFO - Processing /opt/airflow/dags/saving_file.py took 0.182 seconds
[2025-03-29T19:57:22.668+0000] {processor.py:186} INFO - Started process (PID=6996) to work on /opt/airflow/dags/saving_file.py
[2025-03-29T19:57:22.669+0000] {processor.py:914} INFO - Processing file /opt/airflow/dags/saving_file.py for tasks to queue
[2025-03-29T19:57:22.672+0000] {logging_mixin.py:190} INFO - [2025-03-29T19:57:22.671+0000] {dagbag.py:588} INFO - Filling up the DagBag from /opt/airflow/dags/saving_file.py
[2025-03-29T19:57:22.810+0000] {processor.py:925} INFO - DAG(s) 'gerar_csv_dados_abertos_cnpj' retrieved from /opt/airflow/dags/saving_file.py
[2025-03-29T19:57:22.825+0000] {logging_mixin.py:190} INFO - [2025-03-29T19:57:22.824+0000] {dag.py:3239} INFO - Sync 1 DAGs
[2025-03-29T19:57:22.838+0000] {logging_mixin.py:190} INFO - [2025-03-29T19:57:22.838+0000] {dag.py:4180} INFO - Setting next_dagrun for gerar_csv_dados_abertos_cnpj to 2025-03-28 00:00:00+00:00, run_after=2025-03-29 00:00:00+00:00
[2025-03-29T19:57:22.848+0000] {processor.py:208} INFO - Processing /opt/airflow/dags/saving_file.py took 0.183 seconds
[2025-03-29T19:57:53.149+0000] {processor.py:186} INFO - Started process (PID=7007) to work on /opt/airflow/dags/saving_file.py
[2025-03-29T19:57:53.150+0000] {processor.py:914} INFO - Processing file /opt/airflow/dags/saving_file.py for tasks to queue
[2025-03-29T19:57:53.151+0000] {logging_mixin.py:190} INFO - [2025-03-29T19:57:53.151+0000] {dagbag.py:588} INFO - Filling up the DagBag from /opt/airflow/dags/saving_file.py
[2025-03-29T19:57:53.287+0000] {processor.py:925} INFO - DAG(s) 'gerar_csv_dados_abertos_cnpj' retrieved from /opt/airflow/dags/saving_file.py
[2025-03-29T19:57:53.301+0000] {logging_mixin.py:190} INFO - [2025-03-29T19:57:53.300+0000] {dag.py:3239} INFO - Sync 1 DAGs
[2025-03-29T19:57:53.312+0000] {logging_mixin.py:190} INFO - [2025-03-29T19:57:53.312+0000] {dag.py:4180} INFO - Setting next_dagrun for gerar_csv_dados_abertos_cnpj to 2025-03-28 00:00:00+00:00, run_after=2025-03-29 00:00:00+00:00
[2025-03-29T19:57:53.322+0000] {processor.py:208} INFO - Processing /opt/airflow/dags/saving_file.py took 0.176 seconds
[2025-03-29T19:58:23.526+0000] {processor.py:186} INFO - Started process (PID=7018) to work on /opt/airflow/dags/saving_file.py
[2025-03-29T19:58:23.527+0000] {processor.py:914} INFO - Processing file /opt/airflow/dags/saving_file.py for tasks to queue
[2025-03-29T19:58:23.529+0000] {logging_mixin.py:190} INFO - [2025-03-29T19:58:23.528+0000] {dagbag.py:588} INFO - Filling up the DagBag from /opt/airflow/dags/saving_file.py
[2025-03-29T19:58:23.664+0000] {processor.py:925} INFO - DAG(s) 'gerar_csv_dados_abertos_cnpj' retrieved from /opt/airflow/dags/saving_file.py
[2025-03-29T19:58:23.677+0000] {logging_mixin.py:190} INFO - [2025-03-29T19:58:23.676+0000] {dag.py:3239} INFO - Sync 1 DAGs
[2025-03-29T19:58:23.689+0000] {logging_mixin.py:190} INFO - [2025-03-29T19:58:23.689+0000] {dag.py:4180} INFO - Setting next_dagrun for gerar_csv_dados_abertos_cnpj to 2025-03-28 00:00:00+00:00, run_after=2025-03-29 00:00:00+00:00
[2025-03-29T19:58:23.698+0000] {processor.py:208} INFO - Processing /opt/airflow/dags/saving_file.py took 0.175 seconds
[2025-03-29T19:58:53.921+0000] {processor.py:186} INFO - Started process (PID=7029) to work on /opt/airflow/dags/saving_file.py
[2025-03-29T19:58:53.922+0000] {processor.py:914} INFO - Processing file /opt/airflow/dags/saving_file.py for tasks to queue
[2025-03-29T19:58:53.924+0000] {logging_mixin.py:190} INFO - [2025-03-29T19:58:53.924+0000] {dagbag.py:588} INFO - Filling up the DagBag from /opt/airflow/dags/saving_file.py
[2025-03-29T19:58:54.060+0000] {processor.py:925} INFO - DAG(s) 'gerar_csv_dados_abertos_cnpj' retrieved from /opt/airflow/dags/saving_file.py
[2025-03-29T19:58:54.072+0000] {logging_mixin.py:190} INFO - [2025-03-29T19:58:54.072+0000] {dag.py:3239} INFO - Sync 1 DAGs
[2025-03-29T19:58:54.085+0000] {logging_mixin.py:190} INFO - [2025-03-29T19:58:54.085+0000] {dag.py:4180} INFO - Setting next_dagrun for gerar_csv_dados_abertos_cnpj to 2025-03-28 00:00:00+00:00, run_after=2025-03-29 00:00:00+00:00
[2025-03-29T19:58:54.094+0000] {processor.py:208} INFO - Processing /opt/airflow/dags/saving_file.py took 0.176 seconds
[2025-03-29T19:59:24.288+0000] {processor.py:186} INFO - Started process (PID=7040) to work on /opt/airflow/dags/saving_file.py
[2025-03-29T19:59:24.289+0000] {processor.py:914} INFO - Processing file /opt/airflow/dags/saving_file.py for tasks to queue
[2025-03-29T19:59:24.291+0000] {logging_mixin.py:190} INFO - [2025-03-29T19:59:24.291+0000] {dagbag.py:588} INFO - Filling up the DagBag from /opt/airflow/dags/saving_file.py
[2025-03-29T19:59:24.429+0000] {processor.py:925} INFO - DAG(s) 'gerar_csv_dados_abertos_cnpj' retrieved from /opt/airflow/dags/saving_file.py
[2025-03-29T19:59:24.442+0000] {logging_mixin.py:190} INFO - [2025-03-29T19:59:24.442+0000] {dag.py:3239} INFO - Sync 1 DAGs
[2025-03-29T19:59:24.455+0000] {logging_mixin.py:190} INFO - [2025-03-29T19:59:24.455+0000] {dag.py:4180} INFO - Setting next_dagrun for gerar_csv_dados_abertos_cnpj to 2025-03-28 00:00:00+00:00, run_after=2025-03-29 00:00:00+00:00
[2025-03-29T19:59:24.465+0000] {processor.py:208} INFO - Processing /opt/airflow/dags/saving_file.py took 0.180 seconds
[2025-03-29T19:59:54.666+0000] {processor.py:186} INFO - Started process (PID=7051) to work on /opt/airflow/dags/saving_file.py
[2025-03-29T19:59:54.667+0000] {processor.py:914} INFO - Processing file /opt/airflow/dags/saving_file.py for tasks to queue
[2025-03-29T19:59:54.671+0000] {logging_mixin.py:190} INFO - [2025-03-29T19:59:54.671+0000] {dagbag.py:588} INFO - Filling up the DagBag from /opt/airflow/dags/saving_file.py
[2025-03-29T19:59:54.804+0000] {processor.py:925} INFO - DAG(s) 'gerar_csv_dados_abertos_cnpj' retrieved from /opt/airflow/dags/saving_file.py
[2025-03-29T19:59:54.819+0000] {logging_mixin.py:190} INFO - [2025-03-29T19:59:54.818+0000] {dag.py:3239} INFO - Sync 1 DAGs
[2025-03-29T19:59:54.831+0000] {logging_mixin.py:190} INFO - [2025-03-29T19:59:54.831+0000] {dag.py:4180} INFO - Setting next_dagrun for gerar_csv_dados_abertos_cnpj to 2025-03-28 00:00:00+00:00, run_after=2025-03-29 00:00:00+00:00
[2025-03-29T19:59:54.842+0000] {processor.py:208} INFO - Processing /opt/airflow/dags/saving_file.py took 0.179 seconds
[2025-03-29T20:00:25.034+0000] {processor.py:186} INFO - Started process (PID=7062) to work on /opt/airflow/dags/saving_file.py
[2025-03-29T20:00:25.034+0000] {processor.py:914} INFO - Processing file /opt/airflow/dags/saving_file.py for tasks to queue
[2025-03-29T20:00:25.037+0000] {logging_mixin.py:190} INFO - [2025-03-29T20:00:25.037+0000] {dagbag.py:588} INFO - Filling up the DagBag from /opt/airflow/dags/saving_file.py
[2025-03-29T20:00:25.184+0000] {processor.py:925} INFO - DAG(s) 'gerar_csv_dados_abertos_cnpj' retrieved from /opt/airflow/dags/saving_file.py
[2025-03-29T20:00:25.197+0000] {logging_mixin.py:190} INFO - [2025-03-29T20:00:25.197+0000] {dag.py:3239} INFO - Sync 1 DAGs
[2025-03-29T20:00:25.208+0000] {logging_mixin.py:190} INFO - [2025-03-29T20:00:25.208+0000] {dag.py:4180} INFO - Setting next_dagrun for gerar_csv_dados_abertos_cnpj to 2025-03-28 00:00:00+00:00, run_after=2025-03-29 00:00:00+00:00
[2025-03-29T20:00:25.218+0000] {processor.py:208} INFO - Processing /opt/airflow/dags/saving_file.py took 0.188 seconds
[2025-03-29T20:00:55.555+0000] {processor.py:186} INFO - Started process (PID=7073) to work on /opt/airflow/dags/saving_file.py
[2025-03-29T20:00:55.556+0000] {processor.py:914} INFO - Processing file /opt/airflow/dags/saving_file.py for tasks to queue
[2025-03-29T20:00:55.559+0000] {logging_mixin.py:190} INFO - [2025-03-29T20:00:55.558+0000] {dagbag.py:588} INFO - Filling up the DagBag from /opt/airflow/dags/saving_file.py
[2025-03-29T20:00:55.699+0000] {processor.py:925} INFO - DAG(s) 'gerar_csv_dados_abertos_cnpj' retrieved from /opt/airflow/dags/saving_file.py
[2025-03-29T20:00:55.712+0000] {logging_mixin.py:190} INFO - [2025-03-29T20:00:55.711+0000] {dag.py:3239} INFO - Sync 1 DAGs
[2025-03-29T20:00:55.722+0000] {logging_mixin.py:190} INFO - [2025-03-29T20:00:55.722+0000] {dag.py:4180} INFO - Setting next_dagrun for gerar_csv_dados_abertos_cnpj to 2025-03-28 00:00:00+00:00, run_after=2025-03-29 00:00:00+00:00
[2025-03-29T20:00:55.732+0000] {processor.py:208} INFO - Processing /opt/airflow/dags/saving_file.py took 0.180 seconds
[2025-03-29T20:01:25.939+0000] {processor.py:186} INFO - Started process (PID=7084) to work on /opt/airflow/dags/saving_file.py
[2025-03-29T20:01:25.940+0000] {processor.py:914} INFO - Processing file /opt/airflow/dags/saving_file.py for tasks to queue
[2025-03-29T20:01:25.942+0000] {logging_mixin.py:190} INFO - [2025-03-29T20:01:25.941+0000] {dagbag.py:588} INFO - Filling up the DagBag from /opt/airflow/dags/saving_file.py
[2025-03-29T20:01:26.079+0000] {processor.py:925} INFO - DAG(s) 'gerar_csv_dados_abertos_cnpj' retrieved from /opt/airflow/dags/saving_file.py
[2025-03-29T20:01:26.094+0000] {logging_mixin.py:190} INFO - [2025-03-29T20:01:26.094+0000] {dag.py:3239} INFO - Sync 1 DAGs
[2025-03-29T20:01:26.106+0000] {logging_mixin.py:190} INFO - [2025-03-29T20:01:26.106+0000] {dag.py:4180} INFO - Setting next_dagrun for gerar_csv_dados_abertos_cnpj to 2025-03-28 00:00:00+00:00, run_after=2025-03-29 00:00:00+00:00
[2025-03-29T20:01:26.116+0000] {processor.py:208} INFO - Processing /opt/airflow/dags/saving_file.py took 0.180 seconds
[2025-03-29T20:01:56.322+0000] {processor.py:186} INFO - Started process (PID=7095) to work on /opt/airflow/dags/saving_file.py
[2025-03-29T20:01:56.323+0000] {processor.py:914} INFO - Processing file /opt/airflow/dags/saving_file.py for tasks to queue
[2025-03-29T20:01:56.324+0000] {logging_mixin.py:190} INFO - [2025-03-29T20:01:56.324+0000] {dagbag.py:588} INFO - Filling up the DagBag from /opt/airflow/dags/saving_file.py
[2025-03-29T20:01:56.463+0000] {processor.py:925} INFO - DAG(s) 'gerar_csv_dados_abertos_cnpj' retrieved from /opt/airflow/dags/saving_file.py
[2025-03-29T20:01:56.476+0000] {logging_mixin.py:190} INFO - [2025-03-29T20:01:56.476+0000] {dag.py:3239} INFO - Sync 1 DAGs
[2025-03-29T20:01:56.487+0000] {logging_mixin.py:190} INFO - [2025-03-29T20:01:56.487+0000] {dag.py:4180} INFO - Setting next_dagrun for gerar_csv_dados_abertos_cnpj to 2025-03-28 00:00:00+00:00, run_after=2025-03-29 00:00:00+00:00
[2025-03-29T20:01:56.498+0000] {processor.py:208} INFO - Processing /opt/airflow/dags/saving_file.py took 0.179 seconds
[2025-03-29T20:02:26.699+0000] {processor.py:186} INFO - Started process (PID=7106) to work on /opt/airflow/dags/saving_file.py
[2025-03-29T20:02:26.700+0000] {processor.py:914} INFO - Processing file /opt/airflow/dags/saving_file.py for tasks to queue
[2025-03-29T20:02:26.703+0000] {logging_mixin.py:190} INFO - [2025-03-29T20:02:26.703+0000] {dagbag.py:588} INFO - Filling up the DagBag from /opt/airflow/dags/saving_file.py
[2025-03-29T20:02:26.844+0000] {processor.py:925} INFO - DAG(s) 'gerar_csv_dados_abertos_cnpj' retrieved from /opt/airflow/dags/saving_file.py
[2025-03-29T20:02:26.857+0000] {logging_mixin.py:190} INFO - [2025-03-29T20:02:26.857+0000] {dag.py:3239} INFO - Sync 1 DAGs
[2025-03-29T20:02:26.869+0000] {logging_mixin.py:190} INFO - [2025-03-29T20:02:26.869+0000] {dag.py:4180} INFO - Setting next_dagrun for gerar_csv_dados_abertos_cnpj to 2025-03-28 00:00:00+00:00, run_after=2025-03-29 00:00:00+00:00
[2025-03-29T20:02:26.878+0000] {processor.py:208} INFO - Processing /opt/airflow/dags/saving_file.py took 0.182 seconds
[2025-03-29T20:02:57.071+0000] {processor.py:186} INFO - Started process (PID=7117) to work on /opt/airflow/dags/saving_file.py
[2025-03-29T20:02:57.072+0000] {processor.py:914} INFO - Processing file /opt/airflow/dags/saving_file.py for tasks to queue
[2025-03-29T20:02:57.075+0000] {logging_mixin.py:190} INFO - [2025-03-29T20:02:57.074+0000] {dagbag.py:588} INFO - Filling up the DagBag from /opt/airflow/dags/saving_file.py
[2025-03-29T20:02:57.219+0000] {processor.py:925} INFO - DAG(s) 'gerar_csv_dados_abertos_cnpj' retrieved from /opt/airflow/dags/saving_file.py
[2025-03-29T20:02:57.233+0000] {logging_mixin.py:190} INFO - [2025-03-29T20:02:57.233+0000] {dag.py:3239} INFO - Sync 1 DAGs
[2025-03-29T20:02:57.246+0000] {logging_mixin.py:190} INFO - [2025-03-29T20:02:57.246+0000] {dag.py:4180} INFO - Setting next_dagrun for gerar_csv_dados_abertos_cnpj to 2025-03-28 00:00:00+00:00, run_after=2025-03-29 00:00:00+00:00
[2025-03-29T20:02:57.258+0000] {processor.py:208} INFO - Processing /opt/airflow/dags/saving_file.py took 0.191 seconds
[2025-03-29T20:03:27.553+0000] {processor.py:186} INFO - Started process (PID=7128) to work on /opt/airflow/dags/saving_file.py
[2025-03-29T20:03:27.554+0000] {processor.py:914} INFO - Processing file /opt/airflow/dags/saving_file.py for tasks to queue
[2025-03-29T20:03:27.556+0000] {logging_mixin.py:190} INFO - [2025-03-29T20:03:27.556+0000] {dagbag.py:588} INFO - Filling up the DagBag from /opt/airflow/dags/saving_file.py
[2025-03-29T20:03:27.697+0000] {processor.py:925} INFO - DAG(s) 'gerar_csv_dados_abertos_cnpj' retrieved from /opt/airflow/dags/saving_file.py
[2025-03-29T20:03:27.711+0000] {logging_mixin.py:190} INFO - [2025-03-29T20:03:27.710+0000] {dag.py:3239} INFO - Sync 1 DAGs
[2025-03-29T20:03:27.722+0000] {logging_mixin.py:190} INFO - [2025-03-29T20:03:27.722+0000] {dag.py:4180} INFO - Setting next_dagrun for gerar_csv_dados_abertos_cnpj to 2025-03-28 00:00:00+00:00, run_after=2025-03-29 00:00:00+00:00
[2025-03-29T20:03:27.732+0000] {processor.py:208} INFO - Processing /opt/airflow/dags/saving_file.py took 0.183 seconds
[2025-03-29T20:03:57.927+0000] {processor.py:186} INFO - Started process (PID=7139) to work on /opt/airflow/dags/saving_file.py
[2025-03-29T20:03:57.928+0000] {processor.py:914} INFO - Processing file /opt/airflow/dags/saving_file.py for tasks to queue
[2025-03-29T20:03:57.930+0000] {logging_mixin.py:190} INFO - [2025-03-29T20:03:57.930+0000] {dagbag.py:588} INFO - Filling up the DagBag from /opt/airflow/dags/saving_file.py
[2025-03-29T20:03:58.069+0000] {processor.py:925} INFO - DAG(s) 'gerar_csv_dados_abertos_cnpj' retrieved from /opt/airflow/dags/saving_file.py
[2025-03-29T20:03:58.083+0000] {logging_mixin.py:190} INFO - [2025-03-29T20:03:58.083+0000] {dag.py:3239} INFO - Sync 1 DAGs
[2025-03-29T20:03:58.096+0000] {logging_mixin.py:190} INFO - [2025-03-29T20:03:58.096+0000] {dag.py:4180} INFO - Setting next_dagrun for gerar_csv_dados_abertos_cnpj to 2025-03-28 00:00:00+00:00, run_after=2025-03-29 00:00:00+00:00
[2025-03-29T20:03:58.108+0000] {processor.py:208} INFO - Processing /opt/airflow/dags/saving_file.py took 0.184 seconds
[2025-03-29T20:04:28.297+0000] {processor.py:186} INFO - Started process (PID=7150) to work on /opt/airflow/dags/saving_file.py
[2025-03-29T20:04:28.298+0000] {processor.py:914} INFO - Processing file /opt/airflow/dags/saving_file.py for tasks to queue
[2025-03-29T20:04:28.300+0000] {logging_mixin.py:190} INFO - [2025-03-29T20:04:28.300+0000] {dagbag.py:588} INFO - Filling up the DagBag from /opt/airflow/dags/saving_file.py
[2025-03-29T20:04:28.446+0000] {processor.py:925} INFO - DAG(s) 'gerar_csv_dados_abertos_cnpj' retrieved from /opt/airflow/dags/saving_file.py
[2025-03-29T20:04:28.460+0000] {logging_mixin.py:190} INFO - [2025-03-29T20:04:28.460+0000] {dag.py:3239} INFO - Sync 1 DAGs
[2025-03-29T20:04:28.474+0000] {logging_mixin.py:190} INFO - [2025-03-29T20:04:28.474+0000] {dag.py:4180} INFO - Setting next_dagrun for gerar_csv_dados_abertos_cnpj to 2025-03-28 00:00:00+00:00, run_after=2025-03-29 00:00:00+00:00
[2025-03-29T20:04:28.485+0000] {processor.py:208} INFO - Processing /opt/airflow/dags/saving_file.py took 0.191 seconds
[2025-03-29T20:04:58.666+0000] {processor.py:186} INFO - Started process (PID=7161) to work on /opt/airflow/dags/saving_file.py
[2025-03-29T20:04:58.668+0000] {processor.py:914} INFO - Processing file /opt/airflow/dags/saving_file.py for tasks to queue
[2025-03-29T20:04:58.670+0000] {logging_mixin.py:190} INFO - [2025-03-29T20:04:58.670+0000] {dagbag.py:588} INFO - Filling up the DagBag from /opt/airflow/dags/saving_file.py
[2025-03-29T20:04:58.808+0000] {processor.py:925} INFO - DAG(s) 'gerar_csv_dados_abertos_cnpj' retrieved from /opt/airflow/dags/saving_file.py
[2025-03-29T20:04:58.821+0000] {logging_mixin.py:190} INFO - [2025-03-29T20:04:58.820+0000] {dag.py:3239} INFO - Sync 1 DAGs
[2025-03-29T20:04:58.833+0000] {logging_mixin.py:190} INFO - [2025-03-29T20:04:58.833+0000] {dag.py:4180} INFO - Setting next_dagrun for gerar_csv_dados_abertos_cnpj to 2025-03-28 00:00:00+00:00, run_after=2025-03-29 00:00:00+00:00
[2025-03-29T20:04:58.843+0000] {processor.py:208} INFO - Processing /opt/airflow/dags/saving_file.py took 0.179 seconds
[2025-03-29T20:05:29.044+0000] {processor.py:186} INFO - Started process (PID=7172) to work on /opt/airflow/dags/saving_file.py
[2025-03-29T20:05:29.045+0000] {processor.py:914} INFO - Processing file /opt/airflow/dags/saving_file.py for tasks to queue
[2025-03-29T20:05:29.047+0000] {logging_mixin.py:190} INFO - [2025-03-29T20:05:29.047+0000] {dagbag.py:588} INFO - Filling up the DagBag from /opt/airflow/dags/saving_file.py
[2025-03-29T20:05:29.184+0000] {processor.py:925} INFO - DAG(s) 'gerar_csv_dados_abertos_cnpj' retrieved from /opt/airflow/dags/saving_file.py
[2025-03-29T20:05:29.197+0000] {logging_mixin.py:190} INFO - [2025-03-29T20:05:29.197+0000] {dag.py:3239} INFO - Sync 1 DAGs
[2025-03-29T20:05:29.210+0000] {logging_mixin.py:190} INFO - [2025-03-29T20:05:29.209+0000] {dag.py:4180} INFO - Setting next_dagrun for gerar_csv_dados_abertos_cnpj to 2025-03-28 00:00:00+00:00, run_after=2025-03-29 00:00:00+00:00
[2025-03-29T20:05:29.219+0000] {processor.py:208} INFO - Processing /opt/airflow/dags/saving_file.py took 0.177 seconds
[2025-03-29T20:05:59.555+0000] {processor.py:186} INFO - Started process (PID=7183) to work on /opt/airflow/dags/saving_file.py
[2025-03-29T20:05:59.557+0000] {processor.py:914} INFO - Processing file /opt/airflow/dags/saving_file.py for tasks to queue
[2025-03-29T20:05:59.558+0000] {logging_mixin.py:190} INFO - [2025-03-29T20:05:59.558+0000] {dagbag.py:588} INFO - Filling up the DagBag from /opt/airflow/dags/saving_file.py
[2025-03-29T20:05:59.692+0000] {processor.py:925} INFO - DAG(s) 'gerar_csv_dados_abertos_cnpj' retrieved from /opt/airflow/dags/saving_file.py
[2025-03-29T20:05:59.707+0000] {logging_mixin.py:190} INFO - [2025-03-29T20:05:59.706+0000] {dag.py:3239} INFO - Sync 1 DAGs
[2025-03-29T20:05:59.719+0000] {logging_mixin.py:190} INFO - [2025-03-29T20:05:59.719+0000] {dag.py:4180} INFO - Setting next_dagrun for gerar_csv_dados_abertos_cnpj to 2025-03-28 00:00:00+00:00, run_after=2025-03-29 00:00:00+00:00
[2025-03-29T20:05:59.731+0000] {processor.py:208} INFO - Processing /opt/airflow/dags/saving_file.py took 0.178 seconds
[2025-03-29T20:06:29.914+0000] {processor.py:186} INFO - Started process (PID=7194) to work on /opt/airflow/dags/saving_file.py
[2025-03-29T20:06:29.915+0000] {processor.py:914} INFO - Processing file /opt/airflow/dags/saving_file.py for tasks to queue
[2025-03-29T20:06:29.918+0000] {logging_mixin.py:190} INFO - [2025-03-29T20:06:29.917+0000] {dagbag.py:588} INFO - Filling up the DagBag from /opt/airflow/dags/saving_file.py
[2025-03-29T20:06:30.067+0000] {processor.py:925} INFO - DAG(s) 'gerar_csv_dados_abertos_cnpj' retrieved from /opt/airflow/dags/saving_file.py
[2025-03-29T20:06:30.079+0000] {logging_mixin.py:190} INFO - [2025-03-29T20:06:30.079+0000] {dag.py:3239} INFO - Sync 1 DAGs
[2025-03-29T20:06:30.092+0000] {logging_mixin.py:190} INFO - [2025-03-29T20:06:30.092+0000] {dag.py:4180} INFO - Setting next_dagrun for gerar_csv_dados_abertos_cnpj to 2025-03-28 00:00:00+00:00, run_after=2025-03-29 00:00:00+00:00
[2025-03-29T20:06:30.102+0000] {processor.py:208} INFO - Processing /opt/airflow/dags/saving_file.py took 0.192 seconds
[2025-03-29T20:07:00.296+0000] {processor.py:186} INFO - Started process (PID=7205) to work on /opt/airflow/dags/saving_file.py
[2025-03-29T20:07:00.297+0000] {processor.py:914} INFO - Processing file /opt/airflow/dags/saving_file.py for tasks to queue
[2025-03-29T20:07:00.301+0000] {logging_mixin.py:190} INFO - [2025-03-29T20:07:00.301+0000] {dagbag.py:588} INFO - Filling up the DagBag from /opt/airflow/dags/saving_file.py
[2025-03-29T20:07:00.460+0000] {processor.py:925} INFO - DAG(s) 'gerar_csv_dados_abertos_cnpj' retrieved from /opt/airflow/dags/saving_file.py
[2025-03-29T20:07:00.474+0000] {logging_mixin.py:190} INFO - [2025-03-29T20:07:00.474+0000] {dag.py:3239} INFO - Sync 1 DAGs
[2025-03-29T20:07:00.486+0000] {logging_mixin.py:190} INFO - [2025-03-29T20:07:00.486+0000] {dag.py:4180} INFO - Setting next_dagrun for gerar_csv_dados_abertos_cnpj to 2025-03-28 00:00:00+00:00, run_after=2025-03-29 00:00:00+00:00
[2025-03-29T20:07:00.499+0000] {processor.py:208} INFO - Processing /opt/airflow/dags/saving_file.py took 0.207 seconds
[2025-03-29T20:07:30.682+0000] {processor.py:186} INFO - Started process (PID=7216) to work on /opt/airflow/dags/saving_file.py
[2025-03-29T20:07:30.684+0000] {processor.py:914} INFO - Processing file /opt/airflow/dags/saving_file.py for tasks to queue
[2025-03-29T20:07:30.685+0000] {logging_mixin.py:190} INFO - [2025-03-29T20:07:30.685+0000] {dagbag.py:588} INFO - Filling up the DagBag from /opt/airflow/dags/saving_file.py
[2025-03-29T20:07:30.825+0000] {processor.py:925} INFO - DAG(s) 'gerar_csv_dados_abertos_cnpj' retrieved from /opt/airflow/dags/saving_file.py
[2025-03-29T20:07:30.838+0000] {logging_mixin.py:190} INFO - [2025-03-29T20:07:30.838+0000] {dag.py:3239} INFO - Sync 1 DAGs
[2025-03-29T20:07:30.851+0000] {logging_mixin.py:190} INFO - [2025-03-29T20:07:30.851+0000] {dag.py:4180} INFO - Setting next_dagrun for gerar_csv_dados_abertos_cnpj to 2025-03-28 00:00:00+00:00, run_after=2025-03-29 00:00:00+00:00
[2025-03-29T20:07:30.860+0000] {processor.py:208} INFO - Processing /opt/airflow/dags/saving_file.py took 0.181 seconds
[2025-03-29T20:08:01.055+0000] {processor.py:186} INFO - Started process (PID=7227) to work on /opt/airflow/dags/saving_file.py
[2025-03-29T20:08:01.056+0000] {processor.py:914} INFO - Processing file /opt/airflow/dags/saving_file.py for tasks to queue
[2025-03-29T20:08:01.058+0000] {logging_mixin.py:190} INFO - [2025-03-29T20:08:01.058+0000] {dagbag.py:588} INFO - Filling up the DagBag from /opt/airflow/dags/saving_file.py
[2025-03-29T20:08:01.196+0000] {processor.py:925} INFO - DAG(s) 'gerar_csv_dados_abertos_cnpj' retrieved from /opt/airflow/dags/saving_file.py
[2025-03-29T20:08:01.209+0000] {logging_mixin.py:190} INFO - [2025-03-29T20:08:01.208+0000] {dag.py:3239} INFO - Sync 1 DAGs
[2025-03-29T20:08:01.220+0000] {logging_mixin.py:190} INFO - [2025-03-29T20:08:01.220+0000] {dag.py:4180} INFO - Setting next_dagrun for gerar_csv_dados_abertos_cnpj to 2025-03-28 00:00:00+00:00, run_after=2025-03-29 00:00:00+00:00
[2025-03-29T20:08:01.229+0000] {processor.py:208} INFO - Processing /opt/airflow/dags/saving_file.py took 0.177 seconds
[2025-03-29T20:08:31.517+0000] {processor.py:186} INFO - Started process (PID=7238) to work on /opt/airflow/dags/saving_file.py
[2025-03-29T20:08:31.518+0000] {processor.py:914} INFO - Processing file /opt/airflow/dags/saving_file.py for tasks to queue
[2025-03-29T20:08:31.520+0000] {logging_mixin.py:190} INFO - [2025-03-29T20:08:31.520+0000] {dagbag.py:588} INFO - Filling up the DagBag from /opt/airflow/dags/saving_file.py
[2025-03-29T20:08:31.661+0000] {processor.py:925} INFO - DAG(s) 'gerar_csv_dados_abertos_cnpj' retrieved from /opt/airflow/dags/saving_file.py
[2025-03-29T20:08:31.675+0000] {logging_mixin.py:190} INFO - [2025-03-29T20:08:31.674+0000] {dag.py:3239} INFO - Sync 1 DAGs
[2025-03-29T20:08:31.688+0000] {logging_mixin.py:190} INFO - [2025-03-29T20:08:31.688+0000] {dag.py:4180} INFO - Setting next_dagrun for gerar_csv_dados_abertos_cnpj to 2025-03-28 00:00:00+00:00, run_after=2025-03-29 00:00:00+00:00
[2025-03-29T20:08:31.698+0000] {processor.py:208} INFO - Processing /opt/airflow/dags/saving_file.py took 0.184 seconds
[2025-03-29T20:09:01.974+0000] {processor.py:186} INFO - Started process (PID=7250) to work on /opt/airflow/dags/saving_file.py
[2025-03-29T20:09:01.975+0000] {processor.py:914} INFO - Processing file /opt/airflow/dags/saving_file.py for tasks to queue
[2025-03-29T20:09:01.978+0000] {logging_mixin.py:190} INFO - [2025-03-29T20:09:01.978+0000] {dagbag.py:588} INFO - Filling up the DagBag from /opt/airflow/dags/saving_file.py
[2025-03-29T20:09:02.117+0000] {processor.py:925} INFO - DAG(s) 'gerar_csv_dados_abertos_cnpj' retrieved from /opt/airflow/dags/saving_file.py
[2025-03-29T20:09:02.131+0000] {logging_mixin.py:190} INFO - [2025-03-29T20:09:02.131+0000] {dag.py:3239} INFO - Sync 1 DAGs
[2025-03-29T20:09:02.142+0000] {logging_mixin.py:190} INFO - [2025-03-29T20:09:02.142+0000] {dag.py:4180} INFO - Setting next_dagrun for gerar_csv_dados_abertos_cnpj to 2025-03-28 00:00:00+00:00, run_after=2025-03-29 00:00:00+00:00
[2025-03-29T20:09:02.152+0000] {processor.py:208} INFO - Processing /opt/airflow/dags/saving_file.py took 0.182 seconds
[2025-03-29T20:09:32.363+0000] {processor.py:186} INFO - Started process (PID=7261) to work on /opt/airflow/dags/saving_file.py
[2025-03-29T20:09:32.365+0000] {processor.py:914} INFO - Processing file /opt/airflow/dags/saving_file.py for tasks to queue
[2025-03-29T20:09:32.367+0000] {logging_mixin.py:190} INFO - [2025-03-29T20:09:32.366+0000] {dagbag.py:588} INFO - Filling up the DagBag from /opt/airflow/dags/saving_file.py
[2025-03-29T20:09:32.507+0000] {processor.py:925} INFO - DAG(s) 'gerar_csv_dados_abertos_cnpj' retrieved from /opt/airflow/dags/saving_file.py
[2025-03-29T20:09:32.522+0000] {logging_mixin.py:190} INFO - [2025-03-29T20:09:32.521+0000] {dag.py:3239} INFO - Sync 1 DAGs
[2025-03-29T20:09:32.534+0000] {logging_mixin.py:190} INFO - [2025-03-29T20:09:32.534+0000] {dag.py:4180} INFO - Setting next_dagrun for gerar_csv_dados_abertos_cnpj to 2025-03-28 00:00:00+00:00, run_after=2025-03-29 00:00:00+00:00
[2025-03-29T20:09:32.543+0000] {processor.py:208} INFO - Processing /opt/airflow/dags/saving_file.py took 0.183 seconds
[2025-03-29T20:10:02.735+0000] {processor.py:186} INFO - Started process (PID=7272) to work on /opt/airflow/dags/saving_file.py
[2025-03-29T20:10:02.736+0000] {processor.py:914} INFO - Processing file /opt/airflow/dags/saving_file.py for tasks to queue
[2025-03-29T20:10:02.738+0000] {logging_mixin.py:190} INFO - [2025-03-29T20:10:02.738+0000] {dagbag.py:588} INFO - Filling up the DagBag from /opt/airflow/dags/saving_file.py
[2025-03-29T20:10:02.876+0000] {processor.py:925} INFO - DAG(s) 'gerar_csv_dados_abertos_cnpj' retrieved from /opt/airflow/dags/saving_file.py
[2025-03-29T20:10:02.888+0000] {logging_mixin.py:190} INFO - [2025-03-29T20:10:02.888+0000] {dag.py:3239} INFO - Sync 1 DAGs
[2025-03-29T20:10:02.898+0000] {logging_mixin.py:190} INFO - [2025-03-29T20:10:02.898+0000] {dag.py:4180} INFO - Setting next_dagrun for gerar_csv_dados_abertos_cnpj to 2025-03-28 00:00:00+00:00, run_after=2025-03-29 00:00:00+00:00
[2025-03-29T20:10:02.908+0000] {processor.py:208} INFO - Processing /opt/airflow/dags/saving_file.py took 0.176 seconds
[2025-03-29T20:10:33.111+0000] {processor.py:186} INFO - Started process (PID=7283) to work on /opt/airflow/dags/saving_file.py
[2025-03-29T20:10:33.112+0000] {processor.py:914} INFO - Processing file /opt/airflow/dags/saving_file.py for tasks to queue
[2025-03-29T20:10:33.113+0000] {logging_mixin.py:190} INFO - [2025-03-29T20:10:33.113+0000] {dagbag.py:588} INFO - Filling up the DagBag from /opt/airflow/dags/saving_file.py
[2025-03-29T20:10:33.253+0000] {processor.py:925} INFO - DAG(s) 'gerar_csv_dados_abertos_cnpj' retrieved from /opt/airflow/dags/saving_file.py
[2025-03-29T20:10:33.267+0000] {logging_mixin.py:190} INFO - [2025-03-29T20:10:33.266+0000] {dag.py:3239} INFO - Sync 1 DAGs
[2025-03-29T20:10:33.278+0000] {logging_mixin.py:190} INFO - [2025-03-29T20:10:33.278+0000] {dag.py:4180} INFO - Setting next_dagrun for gerar_csv_dados_abertos_cnpj to 2025-03-28 00:00:00+00:00, run_after=2025-03-29 00:00:00+00:00
[2025-03-29T20:10:33.302+0000] {processor.py:208} INFO - Processing /opt/airflow/dags/saving_file.py took 0.194 seconds
[2025-03-29T20:11:03.472+0000] {processor.py:186} INFO - Started process (PID=7294) to work on /opt/airflow/dags/saving_file.py
[2025-03-29T20:11:03.473+0000] {processor.py:914} INFO - Processing file /opt/airflow/dags/saving_file.py for tasks to queue
[2025-03-29T20:11:03.476+0000] {logging_mixin.py:190} INFO - [2025-03-29T20:11:03.476+0000] {dagbag.py:588} INFO - Filling up the DagBag from /opt/airflow/dags/saving_file.py
[2025-03-29T20:11:03.616+0000] {processor.py:925} INFO - DAG(s) 'gerar_csv_dados_abertos_cnpj' retrieved from /opt/airflow/dags/saving_file.py
[2025-03-29T20:11:03.629+0000] {logging_mixin.py:190} INFO - [2025-03-29T20:11:03.629+0000] {dag.py:3239} INFO - Sync 1 DAGs
[2025-03-29T20:11:03.642+0000] {logging_mixin.py:190} INFO - [2025-03-29T20:11:03.642+0000] {dag.py:4180} INFO - Setting next_dagrun for gerar_csv_dados_abertos_cnpj to 2025-03-28 00:00:00+00:00, run_after=2025-03-29 00:00:00+00:00
[2025-03-29T20:11:03.653+0000] {processor.py:208} INFO - Processing /opt/airflow/dags/saving_file.py took 0.184 seconds
[2025-03-29T20:11:33.948+0000] {processor.py:186} INFO - Started process (PID=7305) to work on /opt/airflow/dags/saving_file.py
[2025-03-29T20:11:33.949+0000] {processor.py:914} INFO - Processing file /opt/airflow/dags/saving_file.py for tasks to queue
[2025-03-29T20:11:33.951+0000] {logging_mixin.py:190} INFO - [2025-03-29T20:11:33.951+0000] {dagbag.py:588} INFO - Filling up the DagBag from /opt/airflow/dags/saving_file.py
[2025-03-29T20:11:34.096+0000] {processor.py:925} INFO - DAG(s) 'gerar_csv_dados_abertos_cnpj' retrieved from /opt/airflow/dags/saving_file.py
[2025-03-29T20:11:34.112+0000] {logging_mixin.py:190} INFO - [2025-03-29T20:11:34.111+0000] {dag.py:3239} INFO - Sync 1 DAGs
[2025-03-29T20:11:34.124+0000] {logging_mixin.py:190} INFO - [2025-03-29T20:11:34.123+0000] {dag.py:4180} INFO - Setting next_dagrun for gerar_csv_dados_abertos_cnpj to 2025-03-28 00:00:00+00:00, run_after=2025-03-29 00:00:00+00:00
[2025-03-29T20:11:34.136+0000] {processor.py:208} INFO - Processing /opt/airflow/dags/saving_file.py took 0.193 seconds
[2025-03-29T20:12:04.325+0000] {processor.py:186} INFO - Started process (PID=7316) to work on /opt/airflow/dags/saving_file.py
[2025-03-29T20:12:04.326+0000] {processor.py:914} INFO - Processing file /opt/airflow/dags/saving_file.py for tasks to queue
[2025-03-29T20:12:04.328+0000] {logging_mixin.py:190} INFO - [2025-03-29T20:12:04.327+0000] {dagbag.py:588} INFO - Filling up the DagBag from /opt/airflow/dags/saving_file.py
[2025-03-29T20:12:04.472+0000] {processor.py:925} INFO - DAG(s) 'gerar_csv_dados_abertos_cnpj' retrieved from /opt/airflow/dags/saving_file.py
[2025-03-29T20:12:04.485+0000] {logging_mixin.py:190} INFO - [2025-03-29T20:12:04.484+0000] {dag.py:3239} INFO - Sync 1 DAGs
[2025-03-29T20:12:04.497+0000] {logging_mixin.py:190} INFO - [2025-03-29T20:12:04.496+0000] {dag.py:4180} INFO - Setting next_dagrun for gerar_csv_dados_abertos_cnpj to 2025-03-28 00:00:00+00:00, run_after=2025-03-29 00:00:00+00:00
[2025-03-29T20:12:04.507+0000] {processor.py:208} INFO - Processing /opt/airflow/dags/saving_file.py took 0.185 seconds
[2025-03-29T20:12:34.688+0000] {processor.py:186} INFO - Started process (PID=7327) to work on /opt/airflow/dags/saving_file.py
[2025-03-29T20:12:34.689+0000] {processor.py:914} INFO - Processing file /opt/airflow/dags/saving_file.py for tasks to queue
[2025-03-29T20:12:34.691+0000] {logging_mixin.py:190} INFO - [2025-03-29T20:12:34.690+0000] {dagbag.py:588} INFO - Filling up the DagBag from /opt/airflow/dags/saving_file.py
[2025-03-29T20:12:34.837+0000] {processor.py:925} INFO - DAG(s) 'gerar_csv_dados_abertos_cnpj' retrieved from /opt/airflow/dags/saving_file.py
[2025-03-29T20:12:34.850+0000] {logging_mixin.py:190} INFO - [2025-03-29T20:12:34.850+0000] {dag.py:3239} INFO - Sync 1 DAGs
[2025-03-29T20:12:34.862+0000] {logging_mixin.py:190} INFO - [2025-03-29T20:12:34.862+0000] {dag.py:4180} INFO - Setting next_dagrun for gerar_csv_dados_abertos_cnpj to 2025-03-28 00:00:00+00:00, run_after=2025-03-29 00:00:00+00:00
[2025-03-29T20:12:34.874+0000] {processor.py:208} INFO - Processing /opt/airflow/dags/saving_file.py took 0.190 seconds
[2025-03-29T20:13:05.084+0000] {processor.py:186} INFO - Started process (PID=7338) to work on /opt/airflow/dags/saving_file.py
[2025-03-29T20:13:05.086+0000] {processor.py:914} INFO - Processing file /opt/airflow/dags/saving_file.py for tasks to queue
[2025-03-29T20:13:05.088+0000] {logging_mixin.py:190} INFO - [2025-03-29T20:13:05.087+0000] {dagbag.py:588} INFO - Filling up the DagBag from /opt/airflow/dags/saving_file.py
[2025-03-29T20:13:05.226+0000] {processor.py:925} INFO - DAG(s) 'gerar_csv_dados_abertos_cnpj' retrieved from /opt/airflow/dags/saving_file.py
[2025-03-29T20:13:05.238+0000] {logging_mixin.py:190} INFO - [2025-03-29T20:13:05.238+0000] {dag.py:3239} INFO - Sync 1 DAGs
[2025-03-29T20:13:05.251+0000] {logging_mixin.py:190} INFO - [2025-03-29T20:13:05.251+0000] {dag.py:4180} INFO - Setting next_dagrun for gerar_csv_dados_abertos_cnpj to 2025-03-28 00:00:00+00:00, run_after=2025-03-29 00:00:00+00:00
[2025-03-29T20:13:05.260+0000] {processor.py:208} INFO - Processing /opt/airflow/dags/saving_file.py took 0.179 seconds
[2025-03-29T20:13:35.451+0000] {processor.py:186} INFO - Started process (PID=7349) to work on /opt/airflow/dags/saving_file.py
[2025-03-29T20:13:35.453+0000] {processor.py:914} INFO - Processing file /opt/airflow/dags/saving_file.py for tasks to queue
[2025-03-29T20:13:35.456+0000] {logging_mixin.py:190} INFO - [2025-03-29T20:13:35.456+0000] {dagbag.py:588} INFO - Filling up the DagBag from /opt/airflow/dags/saving_file.py
[2025-03-29T20:13:35.598+0000] {processor.py:925} INFO - DAG(s) 'gerar_csv_dados_abertos_cnpj' retrieved from /opt/airflow/dags/saving_file.py
[2025-03-29T20:13:35.610+0000] {logging_mixin.py:190} INFO - [2025-03-29T20:13:35.610+0000] {dag.py:3239} INFO - Sync 1 DAGs
[2025-03-29T20:13:35.622+0000] {logging_mixin.py:190} INFO - [2025-03-29T20:13:35.622+0000] {dag.py:4180} INFO - Setting next_dagrun for gerar_csv_dados_abertos_cnpj to 2025-03-28 00:00:00+00:00, run_after=2025-03-29 00:00:00+00:00
[2025-03-29T20:13:35.631+0000] {processor.py:208} INFO - Processing /opt/airflow/dags/saving_file.py took 0.183 seconds
[2025-03-29T20:14:05.922+0000] {processor.py:186} INFO - Started process (PID=7360) to work on /opt/airflow/dags/saving_file.py
[2025-03-29T20:14:05.923+0000] {processor.py:914} INFO - Processing file /opt/airflow/dags/saving_file.py for tasks to queue
[2025-03-29T20:14:05.925+0000] {logging_mixin.py:190} INFO - [2025-03-29T20:14:05.925+0000] {dagbag.py:588} INFO - Filling up the DagBag from /opt/airflow/dags/saving_file.py
[2025-03-29T20:14:06.067+0000] {processor.py:925} INFO - DAG(s) 'gerar_csv_dados_abertos_cnpj' retrieved from /opt/airflow/dags/saving_file.py
[2025-03-29T20:14:06.081+0000] {logging_mixin.py:190} INFO - [2025-03-29T20:14:06.080+0000] {dag.py:3239} INFO - Sync 1 DAGs
[2025-03-29T20:14:06.093+0000] {logging_mixin.py:190} INFO - [2025-03-29T20:14:06.093+0000] {dag.py:4180} INFO - Setting next_dagrun for gerar_csv_dados_abertos_cnpj to 2025-03-28 00:00:00+00:00, run_after=2025-03-29 00:00:00+00:00
[2025-03-29T20:14:06.103+0000] {processor.py:208} INFO - Processing /opt/airflow/dags/saving_file.py took 0.184 seconds
[2025-03-29T20:14:36.293+0000] {processor.py:186} INFO - Started process (PID=7371) to work on /opt/airflow/dags/saving_file.py
[2025-03-29T20:14:36.294+0000] {processor.py:914} INFO - Processing file /opt/airflow/dags/saving_file.py for tasks to queue
[2025-03-29T20:14:36.296+0000] {logging_mixin.py:190} INFO - [2025-03-29T20:14:36.296+0000] {dagbag.py:588} INFO - Filling up the DagBag from /opt/airflow/dags/saving_file.py
[2025-03-29T20:14:36.435+0000] {processor.py:925} INFO - DAG(s) 'gerar_csv_dados_abertos_cnpj' retrieved from /opt/airflow/dags/saving_file.py
[2025-03-29T20:14:36.450+0000] {logging_mixin.py:190} INFO - [2025-03-29T20:14:36.449+0000] {dag.py:3239} INFO - Sync 1 DAGs
[2025-03-29T20:14:36.461+0000] {logging_mixin.py:190} INFO - [2025-03-29T20:14:36.461+0000] {dag.py:4180} INFO - Setting next_dagrun for gerar_csv_dados_abertos_cnpj to 2025-03-28 00:00:00+00:00, run_after=2025-03-29 00:00:00+00:00
[2025-03-29T20:14:36.472+0000] {processor.py:208} INFO - Processing /opt/airflow/dags/saving_file.py took 0.182 seconds
[2025-03-29T20:15:06.662+0000] {processor.py:186} INFO - Started process (PID=7382) to work on /opt/airflow/dags/saving_file.py
[2025-03-29T20:15:06.663+0000] {processor.py:914} INFO - Processing file /opt/airflow/dags/saving_file.py for tasks to queue
[2025-03-29T20:15:06.665+0000] {logging_mixin.py:190} INFO - [2025-03-29T20:15:06.665+0000] {dagbag.py:588} INFO - Filling up the DagBag from /opt/airflow/dags/saving_file.py
[2025-03-29T20:15:06.810+0000] {processor.py:925} INFO - DAG(s) 'gerar_csv_dados_abertos_cnpj' retrieved from /opt/airflow/dags/saving_file.py
[2025-03-29T20:15:06.824+0000] {logging_mixin.py:190} INFO - [2025-03-29T20:15:06.824+0000] {dag.py:3239} INFO - Sync 1 DAGs
[2025-03-29T20:15:06.836+0000] {logging_mixin.py:190} INFO - [2025-03-29T20:15:06.835+0000] {dag.py:4180} INFO - Setting next_dagrun for gerar_csv_dados_abertos_cnpj to 2025-03-28 00:00:00+00:00, run_after=2025-03-29 00:00:00+00:00
[2025-03-29T20:15:06.846+0000] {processor.py:208} INFO - Processing /opt/airflow/dags/saving_file.py took 0.187 seconds
[2025-03-29T20:15:37.038+0000] {processor.py:186} INFO - Started process (PID=7393) to work on /opt/airflow/dags/saving_file.py
[2025-03-29T20:15:37.039+0000] {processor.py:914} INFO - Processing file /opt/airflow/dags/saving_file.py for tasks to queue
[2025-03-29T20:15:37.041+0000] {logging_mixin.py:190} INFO - [2025-03-29T20:15:37.041+0000] {dagbag.py:588} INFO - Filling up the DagBag from /opt/airflow/dags/saving_file.py
[2025-03-29T20:15:37.177+0000] {processor.py:925} INFO - DAG(s) 'gerar_csv_dados_abertos_cnpj' retrieved from /opt/airflow/dags/saving_file.py
[2025-03-29T20:15:37.190+0000] {logging_mixin.py:190} INFO - [2025-03-29T20:15:37.190+0000] {dag.py:3239} INFO - Sync 1 DAGs
[2025-03-29T20:15:37.201+0000] {logging_mixin.py:190} INFO - [2025-03-29T20:15:37.201+0000] {dag.py:4180} INFO - Setting next_dagrun for gerar_csv_dados_abertos_cnpj to 2025-03-28 00:00:00+00:00, run_after=2025-03-29 00:00:00+00:00
[2025-03-29T20:15:37.212+0000] {processor.py:208} INFO - Processing /opt/airflow/dags/saving_file.py took 0.176 seconds
[2025-03-29T20:16:07.467+0000] {processor.py:186} INFO - Started process (PID=7404) to work on /opt/airflow/dags/saving_file.py
[2025-03-29T20:16:07.468+0000] {processor.py:914} INFO - Processing file /opt/airflow/dags/saving_file.py for tasks to queue
[2025-03-29T20:16:07.470+0000] {logging_mixin.py:190} INFO - [2025-03-29T20:16:07.469+0000] {dagbag.py:588} INFO - Filling up the DagBag from /opt/airflow/dags/saving_file.py
[2025-03-29T20:16:07.605+0000] {processor.py:925} INFO - DAG(s) 'gerar_csv_dados_abertos_cnpj' retrieved from /opt/airflow/dags/saving_file.py
[2025-03-29T20:16:07.618+0000] {logging_mixin.py:190} INFO - [2025-03-29T20:16:07.618+0000] {dag.py:3239} INFO - Sync 1 DAGs
[2025-03-29T20:16:07.630+0000] {logging_mixin.py:190} INFO - [2025-03-29T20:16:07.630+0000] {dag.py:4180} INFO - Setting next_dagrun for gerar_csv_dados_abertos_cnpj to 2025-03-28 00:00:00+00:00, run_after=2025-03-29 00:00:00+00:00
[2025-03-29T20:16:07.654+0000] {processor.py:208} INFO - Processing /opt/airflow/dags/saving_file.py took 0.190 seconds
[2025-03-29T20:16:37.920+0000] {processor.py:186} INFO - Started process (PID=7415) to work on /opt/airflow/dags/saving_file.py
[2025-03-29T20:16:37.921+0000] {processor.py:914} INFO - Processing file /opt/airflow/dags/saving_file.py for tasks to queue
[2025-03-29T20:16:37.924+0000] {logging_mixin.py:190} INFO - [2025-03-29T20:16:37.924+0000] {dagbag.py:588} INFO - Filling up the DagBag from /opt/airflow/dags/saving_file.py
[2025-03-29T20:16:38.062+0000] {processor.py:925} INFO - DAG(s) 'gerar_csv_dados_abertos_cnpj' retrieved from /opt/airflow/dags/saving_file.py
[2025-03-29T20:16:38.076+0000] {logging_mixin.py:190} INFO - [2025-03-29T20:16:38.076+0000] {dag.py:3239} INFO - Sync 1 DAGs
[2025-03-29T20:16:38.089+0000] {logging_mixin.py:190} INFO - [2025-03-29T20:16:38.089+0000] {dag.py:4180} INFO - Setting next_dagrun for gerar_csv_dados_abertos_cnpj to 2025-03-28 00:00:00+00:00, run_after=2025-03-29 00:00:00+00:00
[2025-03-29T20:16:38.100+0000] {processor.py:208} INFO - Processing /opt/airflow/dags/saving_file.py took 0.184 seconds
[2025-03-29T20:17:08.383+0000] {processor.py:186} INFO - Started process (PID=7426) to work on /opt/airflow/dags/saving_file.py
[2025-03-29T20:17:08.384+0000] {processor.py:914} INFO - Processing file /opt/airflow/dags/saving_file.py for tasks to queue
[2025-03-29T20:17:08.386+0000] {logging_mixin.py:190} INFO - [2025-03-29T20:17:08.386+0000] {dagbag.py:588} INFO - Filling up the DagBag from /opt/airflow/dags/saving_file.py
[2025-03-29T20:17:08.526+0000] {processor.py:925} INFO - DAG(s) 'gerar_csv_dados_abertos_cnpj' retrieved from /opt/airflow/dags/saving_file.py
[2025-03-29T20:17:08.540+0000] {logging_mixin.py:190} INFO - [2025-03-29T20:17:08.539+0000] {dag.py:3239} INFO - Sync 1 DAGs
[2025-03-29T20:17:08.552+0000] {logging_mixin.py:190} INFO - [2025-03-29T20:17:08.552+0000] {dag.py:4180} INFO - Setting next_dagrun for gerar_csv_dados_abertos_cnpj to 2025-03-28 00:00:00+00:00, run_after=2025-03-29 00:00:00+00:00
[2025-03-29T20:17:08.563+0000] {processor.py:208} INFO - Processing /opt/airflow/dags/saving_file.py took 0.183 seconds
[2025-03-29T20:17:38.744+0000] {processor.py:186} INFO - Started process (PID=7437) to work on /opt/airflow/dags/saving_file.py
[2025-03-29T20:17:38.745+0000] {processor.py:914} INFO - Processing file /opt/airflow/dags/saving_file.py for tasks to queue
[2025-03-29T20:17:38.747+0000] {logging_mixin.py:190} INFO - [2025-03-29T20:17:38.746+0000] {dagbag.py:588} INFO - Filling up the DagBag from /opt/airflow/dags/saving_file.py
[2025-03-29T20:17:38.885+0000] {processor.py:925} INFO - DAG(s) 'gerar_csv_dados_abertos_cnpj' retrieved from /opt/airflow/dags/saving_file.py
[2025-03-29T20:17:38.899+0000] {logging_mixin.py:190} INFO - [2025-03-29T20:17:38.899+0000] {dag.py:3239} INFO - Sync 1 DAGs
[2025-03-29T20:17:38.911+0000] {logging_mixin.py:190} INFO - [2025-03-29T20:17:38.911+0000] {dag.py:4180} INFO - Setting next_dagrun for gerar_csv_dados_abertos_cnpj to 2025-03-28 00:00:00+00:00, run_after=2025-03-29 00:00:00+00:00
[2025-03-29T20:17:38.921+0000] {processor.py:208} INFO - Processing /opt/airflow/dags/saving_file.py took 0.180 seconds
[2025-03-29T20:18:09.104+0000] {processor.py:186} INFO - Started process (PID=7448) to work on /opt/airflow/dags/saving_file.py
[2025-03-29T20:18:09.106+0000] {processor.py:914} INFO - Processing file /opt/airflow/dags/saving_file.py for tasks to queue
[2025-03-29T20:18:09.109+0000] {logging_mixin.py:190} INFO - [2025-03-29T20:18:09.109+0000] {dagbag.py:588} INFO - Filling up the DagBag from /opt/airflow/dags/saving_file.py
[2025-03-29T20:18:09.247+0000] {processor.py:925} INFO - DAG(s) 'gerar_csv_dados_abertos_cnpj' retrieved from /opt/airflow/dags/saving_file.py
[2025-03-29T20:18:09.261+0000] {logging_mixin.py:190} INFO - [2025-03-29T20:18:09.261+0000] {dag.py:3239} INFO - Sync 1 DAGs
[2025-03-29T20:18:09.274+0000] {logging_mixin.py:190} INFO - [2025-03-29T20:18:09.274+0000] {dag.py:4180} INFO - Setting next_dagrun for gerar_csv_dados_abertos_cnpj to 2025-03-28 00:00:00+00:00, run_after=2025-03-29 00:00:00+00:00
[2025-03-29T20:18:09.285+0000] {processor.py:208} INFO - Processing /opt/airflow/dags/saving_file.py took 0.184 seconds
[2025-03-29T20:18:39.483+0000] {processor.py:186} INFO - Started process (PID=7459) to work on /opt/airflow/dags/saving_file.py
[2025-03-29T20:18:39.485+0000] {processor.py:914} INFO - Processing file /opt/airflow/dags/saving_file.py for tasks to queue
[2025-03-29T20:18:39.487+0000] {logging_mixin.py:190} INFO - [2025-03-29T20:18:39.487+0000] {dagbag.py:588} INFO - Filling up the DagBag from /opt/airflow/dags/saving_file.py
[2025-03-29T20:18:39.631+0000] {processor.py:925} INFO - DAG(s) 'gerar_csv_dados_abertos_cnpj' retrieved from /opt/airflow/dags/saving_file.py
[2025-03-29T20:18:39.645+0000] {logging_mixin.py:190} INFO - [2025-03-29T20:18:39.645+0000] {dag.py:3239} INFO - Sync 1 DAGs
[2025-03-29T20:18:39.658+0000] {logging_mixin.py:190} INFO - [2025-03-29T20:18:39.658+0000] {dag.py:4180} INFO - Setting next_dagrun for gerar_csv_dados_abertos_cnpj to 2025-03-28 00:00:00+00:00, run_after=2025-03-29 00:00:00+00:00
[2025-03-29T20:18:39.668+0000] {processor.py:208} INFO - Processing /opt/airflow/dags/saving_file.py took 0.188 seconds
[2025-03-29T20:19:09.860+0000] {processor.py:186} INFO - Started process (PID=7470) to work on /opt/airflow/dags/saving_file.py
[2025-03-29T20:19:09.861+0000] {processor.py:914} INFO - Processing file /opt/airflow/dags/saving_file.py for tasks to queue
[2025-03-29T20:19:09.863+0000] {logging_mixin.py:190} INFO - [2025-03-29T20:19:09.863+0000] {dagbag.py:588} INFO - Filling up the DagBag from /opt/airflow/dags/saving_file.py
[2025-03-29T20:19:10.001+0000] {processor.py:925} INFO - DAG(s) 'gerar_csv_dados_abertos_cnpj' retrieved from /opt/airflow/dags/saving_file.py
[2025-03-29T20:19:10.014+0000] {logging_mixin.py:190} INFO - [2025-03-29T20:19:10.013+0000] {dag.py:3239} INFO - Sync 1 DAGs
[2025-03-29T20:19:10.025+0000] {logging_mixin.py:190} INFO - [2025-03-29T20:19:10.025+0000] {dag.py:4180} INFO - Setting next_dagrun for gerar_csv_dados_abertos_cnpj to 2025-03-28 00:00:00+00:00, run_after=2025-03-29 00:00:00+00:00
[2025-03-29T20:19:10.034+0000] {processor.py:208} INFO - Processing /opt/airflow/dags/saving_file.py took 0.177 seconds
[2025-03-29T20:19:40.320+0000] {processor.py:186} INFO - Started process (PID=7481) to work on /opt/airflow/dags/saving_file.py
[2025-03-29T20:19:40.321+0000] {processor.py:914} INFO - Processing file /opt/airflow/dags/saving_file.py for tasks to queue
[2025-03-29T20:19:40.323+0000] {logging_mixin.py:190} INFO - [2025-03-29T20:19:40.322+0000] {dagbag.py:588} INFO - Filling up the DagBag from /opt/airflow/dags/saving_file.py
[2025-03-29T20:19:40.465+0000] {processor.py:925} INFO - DAG(s) 'gerar_csv_dados_abertos_cnpj' retrieved from /opt/airflow/dags/saving_file.py
[2025-03-29T20:19:40.480+0000] {logging_mixin.py:190} INFO - [2025-03-29T20:19:40.479+0000] {dag.py:3239} INFO - Sync 1 DAGs
[2025-03-29T20:19:40.492+0000] {logging_mixin.py:190} INFO - [2025-03-29T20:19:40.492+0000] {dag.py:4180} INFO - Setting next_dagrun for gerar_csv_dados_abertos_cnpj to 2025-03-28 00:00:00+00:00, run_after=2025-03-29 00:00:00+00:00
[2025-03-29T20:19:40.503+0000] {processor.py:208} INFO - Processing /opt/airflow/dags/saving_file.py took 0.186 seconds
[2025-03-29T20:20:10.688+0000] {processor.py:186} INFO - Started process (PID=7492) to work on /opt/airflow/dags/saving_file.py
[2025-03-29T20:20:10.689+0000] {processor.py:914} INFO - Processing file /opt/airflow/dags/saving_file.py for tasks to queue
[2025-03-29T20:20:10.691+0000] {logging_mixin.py:190} INFO - [2025-03-29T20:20:10.691+0000] {dagbag.py:588} INFO - Filling up the DagBag from /opt/airflow/dags/saving_file.py
[2025-03-29T20:20:10.834+0000] {processor.py:925} INFO - DAG(s) 'gerar_csv_dados_abertos_cnpj' retrieved from /opt/airflow/dags/saving_file.py
[2025-03-29T20:20:10.848+0000] {logging_mixin.py:190} INFO - [2025-03-29T20:20:10.848+0000] {dag.py:3239} INFO - Sync 1 DAGs
[2025-03-29T20:20:10.861+0000] {logging_mixin.py:190} INFO - [2025-03-29T20:20:10.861+0000] {dag.py:4180} INFO - Setting next_dagrun for gerar_csv_dados_abertos_cnpj to 2025-03-28 00:00:00+00:00, run_after=2025-03-29 00:00:00+00:00
[2025-03-29T20:20:10.872+0000] {processor.py:208} INFO - Processing /opt/airflow/dags/saving_file.py took 0.187 seconds
[2025-03-29T20:20:41.067+0000] {processor.py:186} INFO - Started process (PID=7503) to work on /opt/airflow/dags/saving_file.py
[2025-03-29T20:20:41.068+0000] {processor.py:914} INFO - Processing file /opt/airflow/dags/saving_file.py for tasks to queue
[2025-03-29T20:20:41.070+0000] {logging_mixin.py:190} INFO - [2025-03-29T20:20:41.070+0000] {dagbag.py:588} INFO - Filling up the DagBag from /opt/airflow/dags/saving_file.py
[2025-03-29T20:20:41.217+0000] {processor.py:925} INFO - DAG(s) 'gerar_csv_dados_abertos_cnpj' retrieved from /opt/airflow/dags/saving_file.py
[2025-03-29T20:20:41.231+0000] {logging_mixin.py:190} INFO - [2025-03-29T20:20:41.230+0000] {dag.py:3239} INFO - Sync 1 DAGs
[2025-03-29T20:20:41.243+0000] {logging_mixin.py:190} INFO - [2025-03-29T20:20:41.243+0000] {dag.py:4180} INFO - Setting next_dagrun for gerar_csv_dados_abertos_cnpj to 2025-03-28 00:00:00+00:00, run_after=2025-03-29 00:00:00+00:00
[2025-03-29T20:20:41.254+0000] {processor.py:208} INFO - Processing /opt/airflow/dags/saving_file.py took 0.189 seconds
[2025-03-29T20:21:11.494+0000] {processor.py:186} INFO - Started process (PID=7514) to work on /opt/airflow/dags/saving_file.py
[2025-03-29T20:21:11.495+0000] {processor.py:914} INFO - Processing file /opt/airflow/dags/saving_file.py for tasks to queue
[2025-03-29T20:21:11.497+0000] {logging_mixin.py:190} INFO - [2025-03-29T20:21:11.497+0000] {dagbag.py:588} INFO - Filling up the DagBag from /opt/airflow/dags/saving_file.py
[2025-03-29T20:21:11.637+0000] {processor.py:925} INFO - DAG(s) 'gerar_csv_dados_abertos_cnpj' retrieved from /opt/airflow/dags/saving_file.py
[2025-03-29T20:21:11.650+0000] {logging_mixin.py:190} INFO - [2025-03-29T20:21:11.650+0000] {dag.py:3239} INFO - Sync 1 DAGs
[2025-03-29T20:21:11.663+0000] {logging_mixin.py:190} INFO - [2025-03-29T20:21:11.662+0000] {dag.py:4180} INFO - Setting next_dagrun for gerar_csv_dados_abertos_cnpj to 2025-03-28 00:00:00+00:00, run_after=2025-03-29 00:00:00+00:00
[2025-03-29T20:21:11.672+0000] {processor.py:208} INFO - Processing /opt/airflow/dags/saving_file.py took 0.182 seconds
[2025-03-29T20:21:41.879+0000] {processor.py:186} INFO - Started process (PID=7524) to work on /opt/airflow/dags/saving_file.py
[2025-03-29T20:21:41.880+0000] {processor.py:914} INFO - Processing file /opt/airflow/dags/saving_file.py for tasks to queue
[2025-03-29T20:21:41.882+0000] {logging_mixin.py:190} INFO - [2025-03-29T20:21:41.882+0000] {dagbag.py:588} INFO - Filling up the DagBag from /opt/airflow/dags/saving_file.py
[2025-03-29T20:21:42.023+0000] {processor.py:925} INFO - DAG(s) 'gerar_csv_dados_abertos_cnpj' retrieved from /opt/airflow/dags/saving_file.py
[2025-03-29T20:21:42.037+0000] {logging_mixin.py:190} INFO - [2025-03-29T20:21:42.036+0000] {dag.py:3239} INFO - Sync 1 DAGs
[2025-03-29T20:21:42.049+0000] {logging_mixin.py:190} INFO - [2025-03-29T20:21:42.049+0000] {dag.py:4180} INFO - Setting next_dagrun for gerar_csv_dados_abertos_cnpj to 2025-03-28 00:00:00+00:00, run_after=2025-03-29 00:00:00+00:00
[2025-03-29T20:21:42.060+0000] {processor.py:208} INFO - Processing /opt/airflow/dags/saving_file.py took 0.185 seconds
[2025-03-29T20:22:12.339+0000] {processor.py:186} INFO - Started process (PID=7535) to work on /opt/airflow/dags/saving_file.py
[2025-03-29T20:22:12.341+0000] {processor.py:914} INFO - Processing file /opt/airflow/dags/saving_file.py for tasks to queue
[2025-03-29T20:22:12.343+0000] {logging_mixin.py:190} INFO - [2025-03-29T20:22:12.343+0000] {dagbag.py:588} INFO - Filling up the DagBag from /opt/airflow/dags/saving_file.py
[2025-03-29T20:22:12.480+0000] {processor.py:925} INFO - DAG(s) 'gerar_csv_dados_abertos_cnpj' retrieved from /opt/airflow/dags/saving_file.py
[2025-03-29T20:22:12.494+0000] {logging_mixin.py:190} INFO - [2025-03-29T20:22:12.493+0000] {dag.py:3239} INFO - Sync 1 DAGs
[2025-03-29T20:22:12.506+0000] {logging_mixin.py:190} INFO - [2025-03-29T20:22:12.506+0000] {dag.py:4180} INFO - Setting next_dagrun for gerar_csv_dados_abertos_cnpj to 2025-03-28 00:00:00+00:00, run_after=2025-03-29 00:00:00+00:00
[2025-03-29T20:22:12.515+0000] {processor.py:208} INFO - Processing /opt/airflow/dags/saving_file.py took 0.179 seconds
[2025-03-29T20:22:42.799+0000] {processor.py:186} INFO - Started process (PID=7546) to work on /opt/airflow/dags/saving_file.py
[2025-03-29T20:22:42.800+0000] {processor.py:914} INFO - Processing file /opt/airflow/dags/saving_file.py for tasks to queue
[2025-03-29T20:22:42.802+0000] {logging_mixin.py:190} INFO - [2025-03-29T20:22:42.802+0000] {dagbag.py:588} INFO - Filling up the DagBag from /opt/airflow/dags/saving_file.py
[2025-03-29T20:22:42.940+0000] {processor.py:925} INFO - DAG(s) 'gerar_csv_dados_abertos_cnpj' retrieved from /opt/airflow/dags/saving_file.py
[2025-03-29T20:22:42.952+0000] {logging_mixin.py:190} INFO - [2025-03-29T20:22:42.952+0000] {dag.py:3239} INFO - Sync 1 DAGs
[2025-03-29T20:22:42.964+0000] {logging_mixin.py:190} INFO - [2025-03-29T20:22:42.964+0000] {dag.py:4180} INFO - Setting next_dagrun for gerar_csv_dados_abertos_cnpj to 2025-03-28 00:00:00+00:00, run_after=2025-03-29 00:00:00+00:00
[2025-03-29T20:22:42.974+0000] {processor.py:208} INFO - Processing /opt/airflow/dags/saving_file.py took 0.178 seconds
[2025-03-29T20:23:13.177+0000] {processor.py:186} INFO - Started process (PID=7562) to work on /opt/airflow/dags/saving_file.py
[2025-03-29T20:23:13.178+0000] {processor.py:914} INFO - Processing file /opt/airflow/dags/saving_file.py for tasks to queue
[2025-03-29T20:23:13.180+0000] {logging_mixin.py:190} INFO - [2025-03-29T20:23:13.179+0000] {dagbag.py:588} INFO - Filling up the DagBag from /opt/airflow/dags/saving_file.py
[2025-03-29T20:23:13.319+0000] {processor.py:925} INFO - DAG(s) 'gerar_csv_dados_abertos_cnpj' retrieved from /opt/airflow/dags/saving_file.py
[2025-03-29T20:23:13.332+0000] {logging_mixin.py:190} INFO - [2025-03-29T20:23:13.332+0000] {dag.py:3239} INFO - Sync 1 DAGs
[2025-03-29T20:23:13.344+0000] {logging_mixin.py:190} INFO - [2025-03-29T20:23:13.344+0000] {dag.py:4180} INFO - Setting next_dagrun for gerar_csv_dados_abertos_cnpj to 2025-03-28 00:00:00+00:00, run_after=2025-03-29 00:00:00+00:00
[2025-03-29T20:23:13.355+0000] {processor.py:208} INFO - Processing /opt/airflow/dags/saving_file.py took 0.181 seconds
[2025-03-29T20:23:43.543+0000] {processor.py:186} INFO - Started process (PID=7572) to work on /opt/airflow/dags/saving_file.py
[2025-03-29T20:23:43.544+0000] {processor.py:914} INFO - Processing file /opt/airflow/dags/saving_file.py for tasks to queue
[2025-03-29T20:23:43.547+0000] {logging_mixin.py:190} INFO - [2025-03-29T20:23:43.546+0000] {dagbag.py:588} INFO - Filling up the DagBag from /opt/airflow/dags/saving_file.py
[2025-03-29T20:23:43.686+0000] {processor.py:925} INFO - DAG(s) 'gerar_csv_dados_abertos_cnpj' retrieved from /opt/airflow/dags/saving_file.py
[2025-03-29T20:23:43.699+0000] {logging_mixin.py:190} INFO - [2025-03-29T20:23:43.699+0000] {dag.py:3239} INFO - Sync 1 DAGs
[2025-03-29T20:23:43.712+0000] {logging_mixin.py:190} INFO - [2025-03-29T20:23:43.712+0000] {dag.py:4180} INFO - Setting next_dagrun for gerar_csv_dados_abertos_cnpj to 2025-03-28 00:00:00+00:00, run_after=2025-03-29 00:00:00+00:00
[2025-03-29T20:23:43.737+0000] {processor.py:208} INFO - Processing /opt/airflow/dags/saving_file.py took 0.196 seconds
[2025-03-29T20:24:13.919+0000] {processor.py:186} INFO - Started process (PID=7583) to work on /opt/airflow/dags/saving_file.py
[2025-03-29T20:24:13.920+0000] {processor.py:914} INFO - Processing file /opt/airflow/dags/saving_file.py for tasks to queue
[2025-03-29T20:24:13.922+0000] {logging_mixin.py:190} INFO - [2025-03-29T20:24:13.922+0000] {dagbag.py:588} INFO - Filling up the DagBag from /opt/airflow/dags/saving_file.py
[2025-03-29T20:24:14.064+0000] {processor.py:925} INFO - DAG(s) 'gerar_csv_dados_abertos_cnpj' retrieved from /opt/airflow/dags/saving_file.py
[2025-03-29T20:24:14.080+0000] {logging_mixin.py:190} INFO - [2025-03-29T20:24:14.079+0000] {dag.py:3239} INFO - Sync 1 DAGs
[2025-03-29T20:24:14.092+0000] {logging_mixin.py:190} INFO - [2025-03-29T20:24:14.092+0000] {dag.py:4180} INFO - Setting next_dagrun for gerar_csv_dados_abertos_cnpj to 2025-03-28 00:00:00+00:00, run_after=2025-03-29 00:00:00+00:00
[2025-03-29T20:24:14.104+0000] {processor.py:208} INFO - Processing /opt/airflow/dags/saving_file.py took 0.188 seconds
[2025-03-29T20:24:44.389+0000] {processor.py:186} INFO - Started process (PID=7594) to work on /opt/airflow/dags/saving_file.py
[2025-03-29T20:24:44.390+0000] {processor.py:914} INFO - Processing file /opt/airflow/dags/saving_file.py for tasks to queue
[2025-03-29T20:24:44.393+0000] {logging_mixin.py:190} INFO - [2025-03-29T20:24:44.393+0000] {dagbag.py:588} INFO - Filling up the DagBag from /opt/airflow/dags/saving_file.py
[2025-03-29T20:24:44.537+0000] {processor.py:925} INFO - DAG(s) 'gerar_csv_dados_abertos_cnpj' retrieved from /opt/airflow/dags/saving_file.py
[2025-03-29T20:24:44.551+0000] {logging_mixin.py:190} INFO - [2025-03-29T20:24:44.551+0000] {dag.py:3239} INFO - Sync 1 DAGs
[2025-03-29T20:24:44.564+0000] {logging_mixin.py:190} INFO - [2025-03-29T20:24:44.564+0000] {dag.py:4180} INFO - Setting next_dagrun for gerar_csv_dados_abertos_cnpj to 2025-03-28 00:00:00+00:00, run_after=2025-03-29 00:00:00+00:00
[2025-03-29T20:24:44.578+0000] {processor.py:208} INFO - Processing /opt/airflow/dags/saving_file.py took 0.192 seconds
[2025-03-29T20:25:14.862+0000] {processor.py:186} INFO - Started process (PID=7605) to work on /opt/airflow/dags/saving_file.py
[2025-03-29T20:25:14.863+0000] {processor.py:914} INFO - Processing file /opt/airflow/dags/saving_file.py for tasks to queue
[2025-03-29T20:25:14.866+0000] {logging_mixin.py:190} INFO - [2025-03-29T20:25:14.865+0000] {dagbag.py:588} INFO - Filling up the DagBag from /opt/airflow/dags/saving_file.py
[2025-03-29T20:25:14.999+0000] {processor.py:925} INFO - DAG(s) 'gerar_csv_dados_abertos_cnpj' retrieved from /opt/airflow/dags/saving_file.py
[2025-03-29T20:25:15.014+0000] {logging_mixin.py:190} INFO - [2025-03-29T20:25:15.013+0000] {dag.py:3239} INFO - Sync 1 DAGs
[2025-03-29T20:25:15.026+0000] {logging_mixin.py:190} INFO - [2025-03-29T20:25:15.026+0000] {dag.py:4180} INFO - Setting next_dagrun for gerar_csv_dados_abertos_cnpj to 2025-03-28 00:00:00+00:00, run_after=2025-03-29 00:00:00+00:00
[2025-03-29T20:25:15.036+0000] {processor.py:208} INFO - Processing /opt/airflow/dags/saving_file.py took 0.177 seconds
[2025-03-29T20:25:45.237+0000] {processor.py:186} INFO - Started process (PID=7616) to work on /opt/airflow/dags/saving_file.py
[2025-03-29T20:25:45.238+0000] {processor.py:914} INFO - Processing file /opt/airflow/dags/saving_file.py for tasks to queue
[2025-03-29T20:25:45.240+0000] {logging_mixin.py:190} INFO - [2025-03-29T20:25:45.239+0000] {dagbag.py:588} INFO - Filling up the DagBag from /opt/airflow/dags/saving_file.py
[2025-03-29T20:25:45.385+0000] {processor.py:925} INFO - DAG(s) 'gerar_csv_dados_abertos_cnpj' retrieved from /opt/airflow/dags/saving_file.py
[2025-03-29T20:25:45.399+0000] {logging_mixin.py:190} INFO - [2025-03-29T20:25:45.398+0000] {dag.py:3239} INFO - Sync 1 DAGs
[2025-03-29T20:25:45.410+0000] {logging_mixin.py:190} INFO - [2025-03-29T20:25:45.410+0000] {dag.py:4180} INFO - Setting next_dagrun for gerar_csv_dados_abertos_cnpj to 2025-03-28 00:00:00+00:00, run_after=2025-03-29 00:00:00+00:00
[2025-03-29T20:25:45.420+0000] {processor.py:208} INFO - Processing /opt/airflow/dags/saving_file.py took 0.187 seconds
[2025-03-29T20:26:15.660+0000] {processor.py:186} INFO - Started process (PID=7627) to work on /opt/airflow/dags/saving_file.py
[2025-03-29T20:26:15.661+0000] {processor.py:914} INFO - Processing file /opt/airflow/dags/saving_file.py for tasks to queue
[2025-03-29T20:26:15.663+0000] {logging_mixin.py:190} INFO - [2025-03-29T20:26:15.663+0000] {dagbag.py:588} INFO - Filling up the DagBag from /opt/airflow/dags/saving_file.py
[2025-03-29T20:26:15.803+0000] {processor.py:925} INFO - DAG(s) 'gerar_csv_dados_abertos_cnpj' retrieved from /opt/airflow/dags/saving_file.py
[2025-03-29T20:26:15.815+0000] {logging_mixin.py:190} INFO - [2025-03-29T20:26:15.814+0000] {dag.py:3239} INFO - Sync 1 DAGs
[2025-03-29T20:26:15.826+0000] {logging_mixin.py:190} INFO - [2025-03-29T20:26:15.826+0000] {dag.py:4180} INFO - Setting next_dagrun for gerar_csv_dados_abertos_cnpj to 2025-03-28 00:00:00+00:00, run_after=2025-03-29 00:00:00+00:00
[2025-03-29T20:26:15.835+0000] {processor.py:208} INFO - Processing /opt/airflow/dags/saving_file.py took 0.179 seconds
[2025-03-29T20:26:46.028+0000] {processor.py:186} INFO - Started process (PID=7638) to work on /opt/airflow/dags/saving_file.py
[2025-03-29T20:26:46.029+0000] {processor.py:914} INFO - Processing file /opt/airflow/dags/saving_file.py for tasks to queue
[2025-03-29T20:26:46.032+0000] {logging_mixin.py:190} INFO - [2025-03-29T20:26:46.031+0000] {dagbag.py:588} INFO - Filling up the DagBag from /opt/airflow/dags/saving_file.py
[2025-03-29T20:26:46.166+0000] {processor.py:925} INFO - DAG(s) 'gerar_csv_dados_abertos_cnpj' retrieved from /opt/airflow/dags/saving_file.py
[2025-03-29T20:26:46.179+0000] {logging_mixin.py:190} INFO - [2025-03-29T20:26:46.179+0000] {dag.py:3239} INFO - Sync 1 DAGs
[2025-03-29T20:26:46.191+0000] {logging_mixin.py:190} INFO - [2025-03-29T20:26:46.191+0000] {dag.py:4180} INFO - Setting next_dagrun for gerar_csv_dados_abertos_cnpj to 2025-03-28 00:00:00+00:00, run_after=2025-03-29 00:00:00+00:00
[2025-03-29T20:26:46.202+0000] {processor.py:208} INFO - Processing /opt/airflow/dags/saving_file.py took 0.176 seconds
[2025-03-29T20:27:16.389+0000] {processor.py:186} INFO - Started process (PID=7649) to work on /opt/airflow/dags/saving_file.py
[2025-03-29T20:27:16.391+0000] {processor.py:914} INFO - Processing file /opt/airflow/dags/saving_file.py for tasks to queue
[2025-03-29T20:27:16.393+0000] {logging_mixin.py:190} INFO - [2025-03-29T20:27:16.393+0000] {dagbag.py:588} INFO - Filling up the DagBag from /opt/airflow/dags/saving_file.py
[2025-03-29T20:27:16.531+0000] {processor.py:925} INFO - DAG(s) 'gerar_csv_dados_abertos_cnpj' retrieved from /opt/airflow/dags/saving_file.py
[2025-03-29T20:27:16.544+0000] {logging_mixin.py:190} INFO - [2025-03-29T20:27:16.544+0000] {dag.py:3239} INFO - Sync 1 DAGs
[2025-03-29T20:27:16.557+0000] {logging_mixin.py:190} INFO - [2025-03-29T20:27:16.557+0000] {dag.py:4180} INFO - Setting next_dagrun for gerar_csv_dados_abertos_cnpj to 2025-03-28 00:00:00+00:00, run_after=2025-03-29 00:00:00+00:00
[2025-03-29T20:27:16.568+0000] {processor.py:208} INFO - Processing /opt/airflow/dags/saving_file.py took 0.182 seconds
[2025-03-29T20:27:46.843+0000] {processor.py:186} INFO - Started process (PID=7660) to work on /opt/airflow/dags/saving_file.py
[2025-03-29T20:27:46.844+0000] {processor.py:914} INFO - Processing file /opt/airflow/dags/saving_file.py for tasks to queue
[2025-03-29T20:27:46.847+0000] {logging_mixin.py:190} INFO - [2025-03-29T20:27:46.847+0000] {dagbag.py:588} INFO - Filling up the DagBag from /opt/airflow/dags/saving_file.py
[2025-03-29T20:27:46.990+0000] {processor.py:925} INFO - DAG(s) 'gerar_csv_dados_abertos_cnpj' retrieved from /opt/airflow/dags/saving_file.py
[2025-03-29T20:27:47.004+0000] {logging_mixin.py:190} INFO - [2025-03-29T20:27:47.004+0000] {dag.py:3239} INFO - Sync 1 DAGs
[2025-03-29T20:27:47.017+0000] {logging_mixin.py:190} INFO - [2025-03-29T20:27:47.017+0000] {dag.py:4180} INFO - Setting next_dagrun for gerar_csv_dados_abertos_cnpj to 2025-03-28 00:00:00+00:00, run_after=2025-03-29 00:00:00+00:00
[2025-03-29T20:27:47.027+0000] {processor.py:208} INFO - Processing /opt/airflow/dags/saving_file.py took 0.187 seconds
[2025-03-29T20:28:17.210+0000] {processor.py:186} INFO - Started process (PID=7671) to work on /opt/airflow/dags/saving_file.py
[2025-03-29T20:28:17.211+0000] {processor.py:914} INFO - Processing file /opt/airflow/dags/saving_file.py for tasks to queue
[2025-03-29T20:28:17.213+0000] {logging_mixin.py:190} INFO - [2025-03-29T20:28:17.213+0000] {dagbag.py:588} INFO - Filling up the DagBag from /opt/airflow/dags/saving_file.py
[2025-03-29T20:28:17.350+0000] {processor.py:925} INFO - DAG(s) 'gerar_csv_dados_abertos_cnpj' retrieved from /opt/airflow/dags/saving_file.py
[2025-03-29T20:28:17.364+0000] {logging_mixin.py:190} INFO - [2025-03-29T20:28:17.363+0000] {dag.py:3239} INFO - Sync 1 DAGs
[2025-03-29T20:28:17.376+0000] {logging_mixin.py:190} INFO - [2025-03-29T20:28:17.375+0000] {dag.py:4180} INFO - Setting next_dagrun for gerar_csv_dados_abertos_cnpj to 2025-03-28 00:00:00+00:00, run_after=2025-03-29 00:00:00+00:00
[2025-03-29T20:28:17.400+0000] {processor.py:208} INFO - Processing /opt/airflow/dags/saving_file.py took 0.194 seconds
[2025-03-29T20:28:47.582+0000] {processor.py:186} INFO - Started process (PID=7682) to work on /opt/airflow/dags/saving_file.py
[2025-03-29T20:28:47.583+0000] {processor.py:914} INFO - Processing file /opt/airflow/dags/saving_file.py for tasks to queue
[2025-03-29T20:28:47.585+0000] {logging_mixin.py:190} INFO - [2025-03-29T20:28:47.585+0000] {dagbag.py:588} INFO - Filling up the DagBag from /opt/airflow/dags/saving_file.py
[2025-03-29T20:28:47.725+0000] {processor.py:925} INFO - DAG(s) 'gerar_csv_dados_abertos_cnpj' retrieved from /opt/airflow/dags/saving_file.py
[2025-03-29T20:28:47.739+0000] {logging_mixin.py:190} INFO - [2025-03-29T20:28:47.739+0000] {dag.py:3239} INFO - Sync 1 DAGs
[2025-03-29T20:28:47.752+0000] {logging_mixin.py:190} INFO - [2025-03-29T20:28:47.752+0000] {dag.py:4180} INFO - Setting next_dagrun for gerar_csv_dados_abertos_cnpj to 2025-03-28 00:00:00+00:00, run_after=2025-03-29 00:00:00+00:00
[2025-03-29T20:28:47.778+0000] {processor.py:208} INFO - Processing /opt/airflow/dags/saving_file.py took 0.199 seconds
[2025-03-29T20:29:17.948+0000] {processor.py:186} INFO - Started process (PID=7693) to work on /opt/airflow/dags/saving_file.py
[2025-03-29T20:29:17.948+0000] {processor.py:914} INFO - Processing file /opt/airflow/dags/saving_file.py for tasks to queue
[2025-03-29T20:29:17.951+0000] {logging_mixin.py:190} INFO - [2025-03-29T20:29:17.951+0000] {dagbag.py:588} INFO - Filling up the DagBag from /opt/airflow/dags/saving_file.py
[2025-03-29T20:29:18.088+0000] {processor.py:925} INFO - DAG(s) 'gerar_csv_dados_abertos_cnpj' retrieved from /opt/airflow/dags/saving_file.py
[2025-03-29T20:29:18.102+0000] {logging_mixin.py:190} INFO - [2025-03-29T20:29:18.101+0000] {dag.py:3239} INFO - Sync 1 DAGs
[2025-03-29T20:29:18.114+0000] {logging_mixin.py:190} INFO - [2025-03-29T20:29:18.114+0000] {dag.py:4180} INFO - Setting next_dagrun for gerar_csv_dados_abertos_cnpj to 2025-03-28 00:00:00+00:00, run_after=2025-03-29 00:00:00+00:00
[2025-03-29T20:29:18.125+0000] {processor.py:208} INFO - Processing /opt/airflow/dags/saving_file.py took 0.180 seconds
[2025-03-29T20:29:48.317+0000] {processor.py:186} INFO - Started process (PID=7704) to work on /opt/airflow/dags/saving_file.py
[2025-03-29T20:29:48.319+0000] {processor.py:914} INFO - Processing file /opt/airflow/dags/saving_file.py for tasks to queue
[2025-03-29T20:29:48.321+0000] {logging_mixin.py:190} INFO - [2025-03-29T20:29:48.321+0000] {dagbag.py:588} INFO - Filling up the DagBag from /opt/airflow/dags/saving_file.py
[2025-03-29T20:29:48.460+0000] {processor.py:925} INFO - DAG(s) 'gerar_csv_dados_abertos_cnpj' retrieved from /opt/airflow/dags/saving_file.py
[2025-03-29T20:29:48.476+0000] {logging_mixin.py:190} INFO - [2025-03-29T20:29:48.476+0000] {dag.py:3239} INFO - Sync 1 DAGs
[2025-03-29T20:29:48.492+0000] {logging_mixin.py:190} INFO - [2025-03-29T20:29:48.492+0000] {dag.py:4180} INFO - Setting next_dagrun for gerar_csv_dados_abertos_cnpj to 2025-03-28 00:00:00+00:00, run_after=2025-03-29 00:00:00+00:00
[2025-03-29T20:29:48.502+0000] {processor.py:208} INFO - Processing /opt/airflow/dags/saving_file.py took 0.188 seconds
[2025-03-29T20:30:18.765+0000] {processor.py:186} INFO - Started process (PID=7715) to work on /opt/airflow/dags/saving_file.py
[2025-03-29T20:30:18.768+0000] {processor.py:914} INFO - Processing file /opt/airflow/dags/saving_file.py for tasks to queue
[2025-03-29T20:30:18.770+0000] {logging_mixin.py:190} INFO - [2025-03-29T20:30:18.769+0000] {dagbag.py:588} INFO - Filling up the DagBag from /opt/airflow/dags/saving_file.py
[2025-03-29T20:30:18.908+0000] {processor.py:925} INFO - DAG(s) 'gerar_csv_dados_abertos_cnpj' retrieved from /opt/airflow/dags/saving_file.py
[2025-03-29T20:30:18.924+0000] {logging_mixin.py:190} INFO - [2025-03-29T20:30:18.923+0000] {dag.py:3239} INFO - Sync 1 DAGs
[2025-03-29T20:30:18.937+0000] {logging_mixin.py:190} INFO - [2025-03-29T20:30:18.937+0000] {dag.py:4180} INFO - Setting next_dagrun for gerar_csv_dados_abertos_cnpj to 2025-03-28 00:00:00+00:00, run_after=2025-03-29 00:00:00+00:00
[2025-03-29T20:30:18.947+0000] {processor.py:208} INFO - Processing /opt/airflow/dags/saving_file.py took 0.184 seconds
[2025-03-29T20:30:49.222+0000] {processor.py:186} INFO - Started process (PID=7726) to work on /opt/airflow/dags/saving_file.py
[2025-03-29T20:30:49.224+0000] {processor.py:914} INFO - Processing file /opt/airflow/dags/saving_file.py for tasks to queue
[2025-03-29T20:30:49.226+0000] {logging_mixin.py:190} INFO - [2025-03-29T20:30:49.226+0000] {dagbag.py:588} INFO - Filling up the DagBag from /opt/airflow/dags/saving_file.py
[2025-03-29T20:30:49.366+0000] {processor.py:925} INFO - DAG(s) 'gerar_csv_dados_abertos_cnpj' retrieved from /opt/airflow/dags/saving_file.py
[2025-03-29T20:30:49.380+0000] {logging_mixin.py:190} INFO - [2025-03-29T20:30:49.379+0000] {dag.py:3239} INFO - Sync 1 DAGs
[2025-03-29T20:30:49.392+0000] {logging_mixin.py:190} INFO - [2025-03-29T20:30:49.392+0000] {dag.py:4180} INFO - Setting next_dagrun for gerar_csv_dados_abertos_cnpj to 2025-03-28 00:00:00+00:00, run_after=2025-03-29 00:00:00+00:00
[2025-03-29T20:30:49.403+0000] {processor.py:208} INFO - Processing /opt/airflow/dags/saving_file.py took 0.184 seconds
[2025-03-29T20:31:19.594+0000] {processor.py:186} INFO - Started process (PID=7737) to work on /opt/airflow/dags/saving_file.py
[2025-03-29T20:31:19.597+0000] {processor.py:914} INFO - Processing file /opt/airflow/dags/saving_file.py for tasks to queue
[2025-03-29T20:31:19.599+0000] {logging_mixin.py:190} INFO - [2025-03-29T20:31:19.599+0000] {dagbag.py:588} INFO - Filling up the DagBag from /opt/airflow/dags/saving_file.py
[2025-03-29T20:31:19.734+0000] {processor.py:925} INFO - DAG(s) 'gerar_csv_dados_abertos_cnpj' retrieved from /opt/airflow/dags/saving_file.py
[2025-03-29T20:31:19.747+0000] {logging_mixin.py:190} INFO - [2025-03-29T20:31:19.747+0000] {dag.py:3239} INFO - Sync 1 DAGs
[2025-03-29T20:31:19.758+0000] {logging_mixin.py:190} INFO - [2025-03-29T20:31:19.758+0000] {dag.py:4180} INFO - Setting next_dagrun for gerar_csv_dados_abertos_cnpj to 2025-03-28 00:00:00+00:00, run_after=2025-03-29 00:00:00+00:00
[2025-03-29T20:31:19.770+0000] {processor.py:208} INFO - Processing /opt/airflow/dags/saving_file.py took 0.178 seconds
[2025-03-29T20:31:49.961+0000] {processor.py:186} INFO - Started process (PID=7748) to work on /opt/airflow/dags/saving_file.py
[2025-03-29T20:31:49.962+0000] {processor.py:914} INFO - Processing file /opt/airflow/dags/saving_file.py for tasks to queue
[2025-03-29T20:31:49.964+0000] {logging_mixin.py:190} INFO - [2025-03-29T20:31:49.964+0000] {dagbag.py:588} INFO - Filling up the DagBag from /opt/airflow/dags/saving_file.py
[2025-03-29T20:31:50.104+0000] {processor.py:925} INFO - DAG(s) 'gerar_csv_dados_abertos_cnpj' retrieved from /opt/airflow/dags/saving_file.py
[2025-03-29T20:31:50.117+0000] {logging_mixin.py:190} INFO - [2025-03-29T20:31:50.117+0000] {dag.py:3239} INFO - Sync 1 DAGs
[2025-03-29T20:31:50.130+0000] {logging_mixin.py:190} INFO - [2025-03-29T20:31:50.130+0000] {dag.py:4180} INFO - Setting next_dagrun for gerar_csv_dados_abertos_cnpj to 2025-03-28 00:00:00+00:00, run_after=2025-03-29 00:00:00+00:00
[2025-03-29T20:31:50.144+0000] {processor.py:208} INFO - Processing /opt/airflow/dags/saving_file.py took 0.186 seconds
[2025-03-29T20:32:20.326+0000] {processor.py:186} INFO - Started process (PID=7759) to work on /opt/airflow/dags/saving_file.py
[2025-03-29T20:32:20.329+0000] {processor.py:914} INFO - Processing file /opt/airflow/dags/saving_file.py for tasks to queue
[2025-03-29T20:32:20.330+0000] {logging_mixin.py:190} INFO - [2025-03-29T20:32:20.330+0000] {dagbag.py:588} INFO - Filling up the DagBag from /opt/airflow/dags/saving_file.py
[2025-03-29T20:32:20.465+0000] {processor.py:925} INFO - DAG(s) 'gerar_csv_dados_abertos_cnpj' retrieved from /opt/airflow/dags/saving_file.py
[2025-03-29T20:32:20.479+0000] {logging_mixin.py:190} INFO - [2025-03-29T20:32:20.479+0000] {dag.py:3239} INFO - Sync 1 DAGs
[2025-03-29T20:32:20.492+0000] {logging_mixin.py:190} INFO - [2025-03-29T20:32:20.492+0000] {dag.py:4180} INFO - Setting next_dagrun for gerar_csv_dados_abertos_cnpj to 2025-03-28 00:00:00+00:00, run_after=2025-03-29 00:00:00+00:00
[2025-03-29T20:32:20.502+0000] {processor.py:208} INFO - Processing /opt/airflow/dags/saving_file.py took 0.179 seconds
[2025-03-29T20:32:50.780+0000] {processor.py:186} INFO - Started process (PID=7770) to work on /opt/airflow/dags/saving_file.py
[2025-03-29T20:32:50.781+0000] {processor.py:914} INFO - Processing file /opt/airflow/dags/saving_file.py for tasks to queue
[2025-03-29T20:32:50.784+0000] {logging_mixin.py:190} INFO - [2025-03-29T20:32:50.784+0000] {dagbag.py:588} INFO - Filling up the DagBag from /opt/airflow/dags/saving_file.py
[2025-03-29T20:32:50.924+0000] {processor.py:925} INFO - DAG(s) 'gerar_csv_dados_abertos_cnpj' retrieved from /opt/airflow/dags/saving_file.py
[2025-03-29T20:32:50.937+0000] {logging_mixin.py:190} INFO - [2025-03-29T20:32:50.937+0000] {dag.py:3239} INFO - Sync 1 DAGs
[2025-03-29T20:32:50.948+0000] {logging_mixin.py:190} INFO - [2025-03-29T20:32:50.948+0000] {dag.py:4180} INFO - Setting next_dagrun for gerar_csv_dados_abertos_cnpj to 2025-03-28 00:00:00+00:00, run_after=2025-03-29 00:00:00+00:00
[2025-03-29T20:32:50.959+0000] {processor.py:208} INFO - Processing /opt/airflow/dags/saving_file.py took 0.182 seconds
[2025-03-29T20:33:21.247+0000] {processor.py:186} INFO - Started process (PID=7781) to work on /opt/airflow/dags/saving_file.py
[2025-03-29T20:33:21.248+0000] {processor.py:914} INFO - Processing file /opt/airflow/dags/saving_file.py for tasks to queue
[2025-03-29T20:33:21.250+0000] {logging_mixin.py:190} INFO - [2025-03-29T20:33:21.250+0000] {dagbag.py:588} INFO - Filling up the DagBag from /opt/airflow/dags/saving_file.py
[2025-03-29T20:33:21.391+0000] {processor.py:925} INFO - DAG(s) 'gerar_csv_dados_abertos_cnpj' retrieved from /opt/airflow/dags/saving_file.py
[2025-03-29T20:33:21.404+0000] {logging_mixin.py:190} INFO - [2025-03-29T20:33:21.403+0000] {dag.py:3239} INFO - Sync 1 DAGs
[2025-03-29T20:33:21.415+0000] {logging_mixin.py:190} INFO - [2025-03-29T20:33:21.415+0000] {dag.py:4180} INFO - Setting next_dagrun for gerar_csv_dados_abertos_cnpj to 2025-03-28 00:00:00+00:00, run_after=2025-03-29 00:00:00+00:00
[2025-03-29T20:33:21.426+0000] {processor.py:208} INFO - Processing /opt/airflow/dags/saving_file.py took 0.183 seconds
[2025-03-29T20:33:51.623+0000] {processor.py:186} INFO - Started process (PID=7792) to work on /opt/airflow/dags/saving_file.py
[2025-03-29T20:33:51.624+0000] {processor.py:914} INFO - Processing file /opt/airflow/dags/saving_file.py for tasks to queue
[2025-03-29T20:33:51.627+0000] {logging_mixin.py:190} INFO - [2025-03-29T20:33:51.626+0000] {dagbag.py:588} INFO - Filling up the DagBag from /opt/airflow/dags/saving_file.py
[2025-03-29T20:33:51.778+0000] {processor.py:925} INFO - DAG(s) 'gerar_csv_dados_abertos_cnpj' retrieved from /opt/airflow/dags/saving_file.py
[2025-03-29T20:33:51.791+0000] {logging_mixin.py:190} INFO - [2025-03-29T20:33:51.791+0000] {dag.py:3239} INFO - Sync 1 DAGs
[2025-03-29T20:33:51.804+0000] {logging_mixin.py:190} INFO - [2025-03-29T20:33:51.804+0000] {dag.py:4180} INFO - Setting next_dagrun for gerar_csv_dados_abertos_cnpj to 2025-03-28 00:00:00+00:00, run_after=2025-03-29 00:00:00+00:00
[2025-03-29T20:33:51.816+0000] {processor.py:208} INFO - Processing /opt/airflow/dags/saving_file.py took 0.196 seconds
[2025-03-29T20:34:22.005+0000] {processor.py:186} INFO - Started process (PID=7803) to work on /opt/airflow/dags/saving_file.py
[2025-03-29T20:34:22.007+0000] {processor.py:914} INFO - Processing file /opt/airflow/dags/saving_file.py for tasks to queue
[2025-03-29T20:34:22.009+0000] {logging_mixin.py:190} INFO - [2025-03-29T20:34:22.009+0000] {dagbag.py:588} INFO - Filling up the DagBag from /opt/airflow/dags/saving_file.py
[2025-03-29T20:34:22.144+0000] {processor.py:925} INFO - DAG(s) 'gerar_csv_dados_abertos_cnpj' retrieved from /opt/airflow/dags/saving_file.py
[2025-03-29T20:34:22.158+0000] {logging_mixin.py:190} INFO - [2025-03-29T20:34:22.158+0000] {dag.py:3239} INFO - Sync 1 DAGs
[2025-03-29T20:34:22.169+0000] {logging_mixin.py:190} INFO - [2025-03-29T20:34:22.169+0000] {dag.py:4180} INFO - Setting next_dagrun for gerar_csv_dados_abertos_cnpj to 2025-03-28 00:00:00+00:00, run_after=2025-03-29 00:00:00+00:00
[2025-03-29T20:34:22.180+0000] {processor.py:208} INFO - Processing /opt/airflow/dags/saving_file.py took 0.177 seconds
[2025-03-29T20:34:52.372+0000] {processor.py:186} INFO - Started process (PID=7814) to work on /opt/airflow/dags/saving_file.py
[2025-03-29T20:34:52.373+0000] {processor.py:914} INFO - Processing file /opt/airflow/dags/saving_file.py for tasks to queue
[2025-03-29T20:34:52.376+0000] {logging_mixin.py:190} INFO - [2025-03-29T20:34:52.376+0000] {dagbag.py:588} INFO - Filling up the DagBag from /opt/airflow/dags/saving_file.py
[2025-03-29T20:34:52.520+0000] {processor.py:925} INFO - DAG(s) 'gerar_csv_dados_abertos_cnpj' retrieved from /opt/airflow/dags/saving_file.py
[2025-03-29T20:34:52.532+0000] {logging_mixin.py:190} INFO - [2025-03-29T20:34:52.532+0000] {dag.py:3239} INFO - Sync 1 DAGs
[2025-03-29T20:34:52.544+0000] {logging_mixin.py:190} INFO - [2025-03-29T20:34:52.544+0000] {dag.py:4180} INFO - Setting next_dagrun for gerar_csv_dados_abertos_cnpj to 2025-03-28 00:00:00+00:00, run_after=2025-03-29 00:00:00+00:00
[2025-03-29T20:34:52.554+0000] {processor.py:208} INFO - Processing /opt/airflow/dags/saving_file.py took 0.185 seconds
[2025-03-29T20:35:22.743+0000] {processor.py:186} INFO - Started process (PID=7825) to work on /opt/airflow/dags/saving_file.py
[2025-03-29T20:35:22.745+0000] {processor.py:914} INFO - Processing file /opt/airflow/dags/saving_file.py for tasks to queue
[2025-03-29T20:35:22.747+0000] {logging_mixin.py:190} INFO - [2025-03-29T20:35:22.747+0000] {dagbag.py:588} INFO - Filling up the DagBag from /opt/airflow/dags/saving_file.py
[2025-03-29T20:35:22.887+0000] {processor.py:925} INFO - DAG(s) 'gerar_csv_dados_abertos_cnpj' retrieved from /opt/airflow/dags/saving_file.py
[2025-03-29T20:35:22.900+0000] {logging_mixin.py:190} INFO - [2025-03-29T20:35:22.899+0000] {dag.py:3239} INFO - Sync 1 DAGs
[2025-03-29T20:35:22.911+0000] {logging_mixin.py:190} INFO - [2025-03-29T20:35:22.911+0000] {dag.py:4180} INFO - Setting next_dagrun for gerar_csv_dados_abertos_cnpj to 2025-03-28 00:00:00+00:00, run_after=2025-03-29 00:00:00+00:00
[2025-03-29T20:35:22.922+0000] {processor.py:208} INFO - Processing /opt/airflow/dags/saving_file.py took 0.182 seconds
[2025-03-29T20:35:53.204+0000] {processor.py:186} INFO - Started process (PID=7836) to work on /opt/airflow/dags/saving_file.py
[2025-03-29T20:35:53.205+0000] {processor.py:914} INFO - Processing file /opt/airflow/dags/saving_file.py for tasks to queue
[2025-03-29T20:35:53.207+0000] {logging_mixin.py:190} INFO - [2025-03-29T20:35:53.207+0000] {dagbag.py:588} INFO - Filling up the DagBag from /opt/airflow/dags/saving_file.py
[2025-03-29T20:35:53.343+0000] {processor.py:925} INFO - DAG(s) 'gerar_csv_dados_abertos_cnpj' retrieved from /opt/airflow/dags/saving_file.py
[2025-03-29T20:35:53.356+0000] {logging_mixin.py:190} INFO - [2025-03-29T20:35:53.355+0000] {dag.py:3239} INFO - Sync 1 DAGs
[2025-03-29T20:35:53.366+0000] {logging_mixin.py:190} INFO - [2025-03-29T20:35:53.366+0000] {dag.py:4180} INFO - Setting next_dagrun for gerar_csv_dados_abertos_cnpj to 2025-03-28 00:00:00+00:00, run_after=2025-03-29 00:00:00+00:00
[2025-03-29T20:35:53.378+0000] {processor.py:208} INFO - Processing /opt/airflow/dags/saving_file.py took 0.177 seconds
[2025-03-29T20:36:23.614+0000] {processor.py:186} INFO - Started process (PID=7847) to work on /opt/airflow/dags/saving_file.py
[2025-03-29T20:36:23.616+0000] {processor.py:914} INFO - Processing file /opt/airflow/dags/saving_file.py for tasks to queue
[2025-03-29T20:36:23.618+0000] {logging_mixin.py:190} INFO - [2025-03-29T20:36:23.618+0000] {dagbag.py:588} INFO - Filling up the DagBag from /opt/airflow/dags/saving_file.py
[2025-03-29T20:36:23.758+0000] {processor.py:925} INFO - DAG(s) 'gerar_csv_dados_abertos_cnpj' retrieved from /opt/airflow/dags/saving_file.py
[2025-03-29T20:36:23.771+0000] {logging_mixin.py:190} INFO - [2025-03-29T20:36:23.771+0000] {dag.py:3239} INFO - Sync 1 DAGs
[2025-03-29T20:36:23.782+0000] {logging_mixin.py:190} INFO - [2025-03-29T20:36:23.782+0000] {dag.py:4180} INFO - Setting next_dagrun for gerar_csv_dados_abertos_cnpj to 2025-03-28 00:00:00+00:00, run_after=2025-03-29 00:00:00+00:00
[2025-03-29T20:36:23.792+0000] {processor.py:208} INFO - Processing /opt/airflow/dags/saving_file.py took 0.181 seconds
[2025-03-29T20:36:53.979+0000] {processor.py:186} INFO - Started process (PID=7858) to work on /opt/airflow/dags/saving_file.py
[2025-03-29T20:36:53.980+0000] {processor.py:914} INFO - Processing file /opt/airflow/dags/saving_file.py for tasks to queue
[2025-03-29T20:36:53.982+0000] {logging_mixin.py:190} INFO - [2025-03-29T20:36:53.982+0000] {dagbag.py:588} INFO - Filling up the DagBag from /opt/airflow/dags/saving_file.py
[2025-03-29T20:36:54.123+0000] {processor.py:925} INFO - DAG(s) 'gerar_csv_dados_abertos_cnpj' retrieved from /opt/airflow/dags/saving_file.py
[2025-03-29T20:36:54.136+0000] {logging_mixin.py:190} INFO - [2025-03-29T20:36:54.136+0000] {dag.py:3239} INFO - Sync 1 DAGs
[2025-03-29T20:36:54.148+0000] {logging_mixin.py:190} INFO - [2025-03-29T20:36:54.148+0000] {dag.py:4180} INFO - Setting next_dagrun for gerar_csv_dados_abertos_cnpj to 2025-03-28 00:00:00+00:00, run_after=2025-03-29 00:00:00+00:00
[2025-03-29T20:36:54.160+0000] {processor.py:208} INFO - Processing /opt/airflow/dags/saving_file.py took 0.185 seconds
[2025-03-29T20:37:24.348+0000] {processor.py:186} INFO - Started process (PID=7869) to work on /opt/airflow/dags/saving_file.py
[2025-03-29T20:37:24.349+0000] {processor.py:914} INFO - Processing file /opt/airflow/dags/saving_file.py for tasks to queue
[2025-03-29T20:37:24.351+0000] {logging_mixin.py:190} INFO - [2025-03-29T20:37:24.350+0000] {dagbag.py:588} INFO - Filling up the DagBag from /opt/airflow/dags/saving_file.py
[2025-03-29T20:37:24.495+0000] {processor.py:925} INFO - DAG(s) 'gerar_csv_dados_abertos_cnpj' retrieved from /opt/airflow/dags/saving_file.py
[2025-03-29T20:37:24.507+0000] {logging_mixin.py:190} INFO - [2025-03-29T20:37:24.507+0000] {dag.py:3239} INFO - Sync 1 DAGs
[2025-03-29T20:37:24.519+0000] {logging_mixin.py:190} INFO - [2025-03-29T20:37:24.519+0000] {dag.py:4180} INFO - Setting next_dagrun for gerar_csv_dados_abertos_cnpj to 2025-03-28 00:00:00+00:00, run_after=2025-03-29 00:00:00+00:00
[2025-03-29T20:37:24.544+0000] {processor.py:208} INFO - Processing /opt/airflow/dags/saving_file.py took 0.200 seconds
[2025-03-29T20:37:54.725+0000] {processor.py:186} INFO - Started process (PID=7880) to work on /opt/airflow/dags/saving_file.py
[2025-03-29T20:37:54.726+0000] {processor.py:914} INFO - Processing file /opt/airflow/dags/saving_file.py for tasks to queue
[2025-03-29T20:37:54.728+0000] {logging_mixin.py:190} INFO - [2025-03-29T20:37:54.728+0000] {dagbag.py:588} INFO - Filling up the DagBag from /opt/airflow/dags/saving_file.py
[2025-03-29T20:37:54.870+0000] {processor.py:925} INFO - DAG(s) 'gerar_csv_dados_abertos_cnpj' retrieved from /opt/airflow/dags/saving_file.py
[2025-03-29T20:37:54.885+0000] {logging_mixin.py:190} INFO - [2025-03-29T20:37:54.884+0000] {dag.py:3239} INFO - Sync 1 DAGs
[2025-03-29T20:37:54.898+0000] {logging_mixin.py:190} INFO - [2025-03-29T20:37:54.898+0000] {dag.py:4180} INFO - Setting next_dagrun for gerar_csv_dados_abertos_cnpj to 2025-03-28 00:00:00+00:00, run_after=2025-03-29 00:00:00+00:00
[2025-03-29T20:37:54.907+0000] {processor.py:208} INFO - Processing /opt/airflow/dags/saving_file.py took 0.186 seconds
[2025-03-29T20:38:25.184+0000] {processor.py:186} INFO - Started process (PID=7891) to work on /opt/airflow/dags/saving_file.py
[2025-03-29T20:38:25.185+0000] {processor.py:914} INFO - Processing file /opt/airflow/dags/saving_file.py for tasks to queue
[2025-03-29T20:38:25.187+0000] {logging_mixin.py:190} INFO - [2025-03-29T20:38:25.187+0000] {dagbag.py:588} INFO - Filling up the DagBag from /opt/airflow/dags/saving_file.py
[2025-03-29T20:38:25.328+0000] {processor.py:925} INFO - DAG(s) 'gerar_csv_dados_abertos_cnpj' retrieved from /opt/airflow/dags/saving_file.py
[2025-03-29T20:38:25.341+0000] {logging_mixin.py:190} INFO - [2025-03-29T20:38:25.341+0000] {dag.py:3239} INFO - Sync 1 DAGs
[2025-03-29T20:38:25.353+0000] {logging_mixin.py:190} INFO - [2025-03-29T20:38:25.353+0000] {dag.py:4180} INFO - Setting next_dagrun for gerar_csv_dados_abertos_cnpj to 2025-03-28 00:00:00+00:00, run_after=2025-03-29 00:00:00+00:00
[2025-03-29T20:38:25.363+0000] {processor.py:208} INFO - Processing /opt/airflow/dags/saving_file.py took 0.182 seconds
[2025-03-29T20:38:55.657+0000] {processor.py:186} INFO - Started process (PID=7902) to work on /opt/airflow/dags/saving_file.py
[2025-03-29T20:38:55.659+0000] {processor.py:914} INFO - Processing file /opt/airflow/dags/saving_file.py for tasks to queue
[2025-03-29T20:38:55.661+0000] {logging_mixin.py:190} INFO - [2025-03-29T20:38:55.661+0000] {dagbag.py:588} INFO - Filling up the DagBag from /opt/airflow/dags/saving_file.py
[2025-03-29T20:38:55.800+0000] {processor.py:925} INFO - DAG(s) 'gerar_csv_dados_abertos_cnpj' retrieved from /opt/airflow/dags/saving_file.py
[2025-03-29T20:38:55.813+0000] {logging_mixin.py:190} INFO - [2025-03-29T20:38:55.813+0000] {dag.py:3239} INFO - Sync 1 DAGs
[2025-03-29T20:38:55.825+0000] {logging_mixin.py:190} INFO - [2025-03-29T20:38:55.825+0000] {dag.py:4180} INFO - Setting next_dagrun for gerar_csv_dados_abertos_cnpj to 2025-03-28 00:00:00+00:00, run_after=2025-03-29 00:00:00+00:00
[2025-03-29T20:38:55.834+0000] {processor.py:208} INFO - Processing /opt/airflow/dags/saving_file.py took 0.180 seconds
[2025-03-29T20:39:26.034+0000] {processor.py:186} INFO - Started process (PID=7913) to work on /opt/airflow/dags/saving_file.py
[2025-03-29T20:39:26.035+0000] {processor.py:914} INFO - Processing file /opt/airflow/dags/saving_file.py for tasks to queue
[2025-03-29T20:39:26.037+0000] {logging_mixin.py:190} INFO - [2025-03-29T20:39:26.037+0000] {dagbag.py:588} INFO - Filling up the DagBag from /opt/airflow/dags/saving_file.py
[2025-03-29T20:39:26.186+0000] {processor.py:925} INFO - DAG(s) 'gerar_csv_dados_abertos_cnpj' retrieved from /opt/airflow/dags/saving_file.py
[2025-03-29T20:39:26.200+0000] {logging_mixin.py:190} INFO - [2025-03-29T20:39:26.200+0000] {dag.py:3239} INFO - Sync 1 DAGs
[2025-03-29T20:39:26.213+0000] {logging_mixin.py:190} INFO - [2025-03-29T20:39:26.213+0000] {dag.py:4180} INFO - Setting next_dagrun for gerar_csv_dados_abertos_cnpj to 2025-03-28 00:00:00+00:00, run_after=2025-03-29 00:00:00+00:00
[2025-03-29T20:39:26.230+0000] {processor.py:208} INFO - Processing /opt/airflow/dags/saving_file.py took 0.199 seconds
[2025-03-29T20:39:56.495+0000] {processor.py:186} INFO - Started process (PID=7924) to work on /opt/airflow/dags/saving_file.py
[2025-03-29T20:39:56.497+0000] {processor.py:914} INFO - Processing file /opt/airflow/dags/saving_file.py for tasks to queue
[2025-03-29T20:39:56.499+0000] {logging_mixin.py:190} INFO - [2025-03-29T20:39:56.499+0000] {dagbag.py:588} INFO - Filling up the DagBag from /opt/airflow/dags/saving_file.py
[2025-03-29T20:39:56.638+0000] {processor.py:925} INFO - DAG(s) 'gerar_csv_dados_abertos_cnpj' retrieved from /opt/airflow/dags/saving_file.py
[2025-03-29T20:39:56.652+0000] {logging_mixin.py:190} INFO - [2025-03-29T20:39:56.651+0000] {dag.py:3239} INFO - Sync 1 DAGs
[2025-03-29T20:39:56.663+0000] {logging_mixin.py:190} INFO - [2025-03-29T20:39:56.663+0000] {dag.py:4180} INFO - Setting next_dagrun for gerar_csv_dados_abertos_cnpj to 2025-03-28 00:00:00+00:00, run_after=2025-03-29 00:00:00+00:00
[2025-03-29T20:39:56.672+0000] {processor.py:208} INFO - Processing /opt/airflow/dags/saving_file.py took 0.181 seconds
[2025-03-29T20:40:26.931+0000] {processor.py:186} INFO - Started process (PID=7935) to work on /opt/airflow/dags/saving_file.py
[2025-03-29T20:40:26.932+0000] {processor.py:914} INFO - Processing file /opt/airflow/dags/saving_file.py for tasks to queue
[2025-03-29T20:40:26.934+0000] {logging_mixin.py:190} INFO - [2025-03-29T20:40:26.934+0000] {dagbag.py:588} INFO - Filling up the DagBag from /opt/airflow/dags/saving_file.py
[2025-03-29T20:40:27.070+0000] {processor.py:925} INFO - DAG(s) 'gerar_csv_dados_abertos_cnpj' retrieved from /opt/airflow/dags/saving_file.py
[2025-03-29T20:40:27.083+0000] {logging_mixin.py:190} INFO - [2025-03-29T20:40:27.083+0000] {dag.py:3239} INFO - Sync 1 DAGs
[2025-03-29T20:40:27.095+0000] {logging_mixin.py:190} INFO - [2025-03-29T20:40:27.095+0000] {dag.py:4180} INFO - Setting next_dagrun for gerar_csv_dados_abertos_cnpj to 2025-03-28 00:00:00+00:00, run_after=2025-03-29 00:00:00+00:00
[2025-03-29T20:40:27.105+0000] {processor.py:208} INFO - Processing /opt/airflow/dags/saving_file.py took 0.177 seconds
[2025-03-29T20:40:57.396+0000] {processor.py:186} INFO - Started process (PID=7946) to work on /opt/airflow/dags/saving_file.py
[2025-03-29T20:40:57.398+0000] {processor.py:914} INFO - Processing file /opt/airflow/dags/saving_file.py for tasks to queue
[2025-03-29T20:40:57.401+0000] {logging_mixin.py:190} INFO - [2025-03-29T20:40:57.401+0000] {dagbag.py:588} INFO - Filling up the DagBag from /opt/airflow/dags/saving_file.py
[2025-03-29T20:40:57.553+0000] {processor.py:925} INFO - DAG(s) 'gerar_csv_dados_abertos_cnpj' retrieved from /opt/airflow/dags/saving_file.py
[2025-03-29T20:40:57.569+0000] {logging_mixin.py:190} INFO - [2025-03-29T20:40:57.569+0000] {dag.py:3239} INFO - Sync 1 DAGs
[2025-03-29T20:40:57.581+0000] {logging_mixin.py:190} INFO - [2025-03-29T20:40:57.581+0000] {dag.py:4180} INFO - Setting next_dagrun for gerar_csv_dados_abertos_cnpj to 2025-03-28 00:00:00+00:00, run_after=2025-03-29 00:00:00+00:00
[2025-03-29T20:40:57.590+0000] {processor.py:208} INFO - Processing /opt/airflow/dags/saving_file.py took 0.198 seconds
[2025-03-29T20:41:27.879+0000] {processor.py:186} INFO - Started process (PID=7957) to work on /opt/airflow/dags/saving_file.py
[2025-03-29T20:41:27.880+0000] {processor.py:914} INFO - Processing file /opt/airflow/dags/saving_file.py for tasks to queue
[2025-03-29T20:41:27.882+0000] {logging_mixin.py:190} INFO - [2025-03-29T20:41:27.882+0000] {dagbag.py:588} INFO - Filling up the DagBag from /opt/airflow/dags/saving_file.py
[2025-03-29T20:41:28.022+0000] {processor.py:925} INFO - DAG(s) 'gerar_csv_dados_abertos_cnpj' retrieved from /opt/airflow/dags/saving_file.py
[2025-03-29T20:41:28.035+0000] {logging_mixin.py:190} INFO - [2025-03-29T20:41:28.035+0000] {dag.py:3239} INFO - Sync 1 DAGs
[2025-03-29T20:41:28.047+0000] {logging_mixin.py:190} INFO - [2025-03-29T20:41:28.047+0000] {dag.py:4180} INFO - Setting next_dagrun for gerar_csv_dados_abertos_cnpj to 2025-03-28 00:00:00+00:00, run_after=2025-03-29 00:00:00+00:00
[2025-03-29T20:41:28.056+0000] {processor.py:208} INFO - Processing /opt/airflow/dags/saving_file.py took 0.180 seconds
[2025-03-29T20:41:58.299+0000] {processor.py:186} INFO - Started process (PID=7968) to work on /opt/airflow/dags/saving_file.py
[2025-03-29T20:41:58.302+0000] {processor.py:914} INFO - Processing file /opt/airflow/dags/saving_file.py for tasks to queue
[2025-03-29T20:41:58.304+0000] {logging_mixin.py:190} INFO - [2025-03-29T20:41:58.304+0000] {dagbag.py:588} INFO - Filling up the DagBag from /opt/airflow/dags/saving_file.py
[2025-03-29T20:41:58.446+0000] {processor.py:925} INFO - DAG(s) 'gerar_csv_dados_abertos_cnpj' retrieved from /opt/airflow/dags/saving_file.py
[2025-03-29T20:41:58.461+0000] {logging_mixin.py:190} INFO - [2025-03-29T20:41:58.461+0000] {dag.py:3239} INFO - Sync 1 DAGs
[2025-03-29T20:41:58.473+0000] {logging_mixin.py:190} INFO - [2025-03-29T20:41:58.472+0000] {dag.py:4180} INFO - Setting next_dagrun for gerar_csv_dados_abertos_cnpj to 2025-03-28 00:00:00+00:00, run_after=2025-03-29 00:00:00+00:00
[2025-03-29T20:41:58.483+0000] {processor.py:208} INFO - Processing /opt/airflow/dags/saving_file.py took 0.189 seconds
[2025-03-29T20:42:28.794+0000] {processor.py:186} INFO - Started process (PID=7979) to work on /opt/airflow/dags/saving_file.py
[2025-03-29T20:42:28.796+0000] {processor.py:914} INFO - Processing file /opt/airflow/dags/saving_file.py for tasks to queue
[2025-03-29T20:42:28.798+0000] {logging_mixin.py:190} INFO - [2025-03-29T20:42:28.798+0000] {dagbag.py:588} INFO - Filling up the DagBag from /opt/airflow/dags/saving_file.py
[2025-03-29T20:42:28.931+0000] {processor.py:925} INFO - DAG(s) 'gerar_csv_dados_abertos_cnpj' retrieved from /opt/airflow/dags/saving_file.py
[2025-03-29T20:42:28.943+0000] {logging_mixin.py:190} INFO - [2025-03-29T20:42:28.943+0000] {dag.py:3239} INFO - Sync 1 DAGs
[2025-03-29T20:42:28.953+0000] {logging_mixin.py:190} INFO - [2025-03-29T20:42:28.953+0000] {dag.py:4180} INFO - Setting next_dagrun for gerar_csv_dados_abertos_cnpj to 2025-03-28 00:00:00+00:00, run_after=2025-03-29 00:00:00+00:00
[2025-03-29T20:42:28.963+0000] {processor.py:208} INFO - Processing /opt/airflow/dags/saving_file.py took 0.172 seconds
[2025-03-29T20:42:59.171+0000] {processor.py:186} INFO - Started process (PID=7990) to work on /opt/airflow/dags/saving_file.py
[2025-03-29T20:42:59.173+0000] {processor.py:914} INFO - Processing file /opt/airflow/dags/saving_file.py for tasks to queue
[2025-03-29T20:42:59.175+0000] {logging_mixin.py:190} INFO - [2025-03-29T20:42:59.175+0000] {dagbag.py:588} INFO - Filling up the DagBag from /opt/airflow/dags/saving_file.py
[2025-03-29T20:42:59.312+0000] {processor.py:925} INFO - DAG(s) 'gerar_csv_dados_abertos_cnpj' retrieved from /opt/airflow/dags/saving_file.py
[2025-03-29T20:42:59.324+0000] {logging_mixin.py:190} INFO - [2025-03-29T20:42:59.323+0000] {dag.py:3239} INFO - Sync 1 DAGs
[2025-03-29T20:42:59.335+0000] {logging_mixin.py:190} INFO - [2025-03-29T20:42:59.335+0000] {dag.py:4180} INFO - Setting next_dagrun for gerar_csv_dados_abertos_cnpj to 2025-03-28 00:00:00+00:00, run_after=2025-03-29 00:00:00+00:00
[2025-03-29T20:42:59.344+0000] {processor.py:208} INFO - Processing /opt/airflow/dags/saving_file.py took 0.176 seconds
[2025-03-29T20:43:29.549+0000] {processor.py:186} INFO - Started process (PID=8001) to work on /opt/airflow/dags/saving_file.py
[2025-03-29T20:43:29.552+0000] {processor.py:914} INFO - Processing file /opt/airflow/dags/saving_file.py for tasks to queue
[2025-03-29T20:43:29.554+0000] {logging_mixin.py:190} INFO - [2025-03-29T20:43:29.554+0000] {dagbag.py:588} INFO - Filling up the DagBag from /opt/airflow/dags/saving_file.py
[2025-03-29T20:43:29.693+0000] {processor.py:925} INFO - DAG(s) 'gerar_csv_dados_abertos_cnpj' retrieved from /opt/airflow/dags/saving_file.py
[2025-03-29T20:43:29.706+0000] {logging_mixin.py:190} INFO - [2025-03-29T20:43:29.705+0000] {dag.py:3239} INFO - Sync 1 DAGs
[2025-03-29T20:43:29.718+0000] {logging_mixin.py:190} INFO - [2025-03-29T20:43:29.718+0000] {dag.py:4180} INFO - Setting next_dagrun for gerar_csv_dados_abertos_cnpj to 2025-03-28 00:00:00+00:00, run_after=2025-03-29 00:00:00+00:00
[2025-03-29T20:43:29.729+0000] {processor.py:208} INFO - Processing /opt/airflow/dags/saving_file.py took 0.183 seconds
[2025-03-29T20:44:00.031+0000] {processor.py:186} INFO - Started process (PID=8012) to work on /opt/airflow/dags/saving_file.py
[2025-03-29T20:44:00.034+0000] {processor.py:914} INFO - Processing file /opt/airflow/dags/saving_file.py for tasks to queue
[2025-03-29T20:44:00.036+0000] {logging_mixin.py:190} INFO - [2025-03-29T20:44:00.036+0000] {dagbag.py:588} INFO - Filling up the DagBag from /opt/airflow/dags/saving_file.py
[2025-03-29T20:44:00.169+0000] {processor.py:925} INFO - DAG(s) 'gerar_csv_dados_abertos_cnpj' retrieved from /opt/airflow/dags/saving_file.py
[2025-03-29T20:44:00.180+0000] {logging_mixin.py:190} INFO - [2025-03-29T20:44:00.180+0000] {dag.py:3239} INFO - Sync 1 DAGs
[2025-03-29T20:44:00.192+0000] {logging_mixin.py:190} INFO - [2025-03-29T20:44:00.191+0000] {dag.py:4180} INFO - Setting next_dagrun for gerar_csv_dados_abertos_cnpj to 2025-03-28 00:00:00+00:00, run_after=2025-03-29 00:00:00+00:00
[2025-03-29T20:44:00.203+0000] {processor.py:208} INFO - Processing /opt/airflow/dags/saving_file.py took 0.177 seconds
[2025-03-29T20:44:30.398+0000] {processor.py:186} INFO - Started process (PID=8023) to work on /opt/airflow/dags/saving_file.py
[2025-03-29T20:44:30.401+0000] {processor.py:914} INFO - Processing file /opt/airflow/dags/saving_file.py for tasks to queue
[2025-03-29T20:44:30.403+0000] {logging_mixin.py:190} INFO - [2025-03-29T20:44:30.403+0000] {dagbag.py:588} INFO - Filling up the DagBag from /opt/airflow/dags/saving_file.py
[2025-03-29T20:44:30.547+0000] {processor.py:925} INFO - DAG(s) 'gerar_csv_dados_abertos_cnpj' retrieved from /opt/airflow/dags/saving_file.py
[2025-03-29T20:44:30.560+0000] {logging_mixin.py:190} INFO - [2025-03-29T20:44:30.560+0000] {dag.py:3239} INFO - Sync 1 DAGs
[2025-03-29T20:44:30.573+0000] {logging_mixin.py:190} INFO - [2025-03-29T20:44:30.573+0000] {dag.py:4180} INFO - Setting next_dagrun for gerar_csv_dados_abertos_cnpj to 2025-03-28 00:00:00+00:00, run_after=2025-03-29 00:00:00+00:00
[2025-03-29T20:44:30.584+0000] {processor.py:208} INFO - Processing /opt/airflow/dags/saving_file.py took 0.189 seconds
[2025-03-29T20:45:00.824+0000] {processor.py:186} INFO - Started process (PID=8034) to work on /opt/airflow/dags/saving_file.py
[2025-03-29T20:45:00.827+0000] {processor.py:914} INFO - Processing file /opt/airflow/dags/saving_file.py for tasks to queue
[2025-03-29T20:45:00.830+0000] {logging_mixin.py:190} INFO - [2025-03-29T20:45:00.829+0000] {dagbag.py:588} INFO - Filling up the DagBag from /opt/airflow/dags/saving_file.py
[2025-03-29T20:45:00.967+0000] {processor.py:925} INFO - DAG(s) 'gerar_csv_dados_abertos_cnpj' retrieved from /opt/airflow/dags/saving_file.py
[2025-03-29T20:45:00.979+0000] {logging_mixin.py:190} INFO - [2025-03-29T20:45:00.979+0000] {dag.py:3239} INFO - Sync 1 DAGs
[2025-03-29T20:45:00.992+0000] {logging_mixin.py:190} INFO - [2025-03-29T20:45:00.991+0000] {dag.py:4180} INFO - Setting next_dagrun for gerar_csv_dados_abertos_cnpj to 2025-03-28 00:00:00+00:00, run_after=2025-03-29 00:00:00+00:00
[2025-03-29T20:45:01.001+0000] {processor.py:208} INFO - Processing /opt/airflow/dags/saving_file.py took 0.180 seconds
[2025-03-29T20:45:31.317+0000] {processor.py:186} INFO - Started process (PID=8045) to work on /opt/airflow/dags/saving_file.py
[2025-03-29T20:45:31.320+0000] {processor.py:914} INFO - Processing file /opt/airflow/dags/saving_file.py for tasks to queue
[2025-03-29T20:45:31.323+0000] {logging_mixin.py:190} INFO - [2025-03-29T20:45:31.322+0000] {dagbag.py:588} INFO - Filling up the DagBag from /opt/airflow/dags/saving_file.py
[2025-03-29T20:45:31.456+0000] {processor.py:925} INFO - DAG(s) 'gerar_csv_dados_abertos_cnpj' retrieved from /opt/airflow/dags/saving_file.py
[2025-03-29T20:45:31.469+0000] {logging_mixin.py:190} INFO - [2025-03-29T20:45:31.468+0000] {dag.py:3239} INFO - Sync 1 DAGs
[2025-03-29T20:45:31.481+0000] {logging_mixin.py:190} INFO - [2025-03-29T20:45:31.481+0000] {dag.py:4180} INFO - Setting next_dagrun for gerar_csv_dados_abertos_cnpj to 2025-03-28 00:00:00+00:00, run_after=2025-03-29 00:00:00+00:00
[2025-03-29T20:45:31.492+0000] {processor.py:208} INFO - Processing /opt/airflow/dags/saving_file.py took 0.180 seconds
[2025-03-29T20:46:01.868+0000] {processor.py:186} INFO - Started process (PID=8056) to work on /opt/airflow/dags/saving_file.py
[2025-03-29T20:46:01.870+0000] {processor.py:914} INFO - Processing file /opt/airflow/dags/saving_file.py for tasks to queue
[2025-03-29T20:46:01.872+0000] {logging_mixin.py:190} INFO - [2025-03-29T20:46:01.872+0000] {dagbag.py:588} INFO - Filling up the DagBag from /opt/airflow/dags/saving_file.py
[2025-03-29T20:46:02.013+0000] {processor.py:925} INFO - DAG(s) 'gerar_csv_dados_abertos_cnpj' retrieved from /opt/airflow/dags/saving_file.py
[2025-03-29T20:46:02.026+0000] {logging_mixin.py:190} INFO - [2025-03-29T20:46:02.026+0000] {dag.py:3239} INFO - Sync 1 DAGs
[2025-03-29T20:46:02.040+0000] {logging_mixin.py:190} INFO - [2025-03-29T20:46:02.040+0000] {dag.py:4180} INFO - Setting next_dagrun for gerar_csv_dados_abertos_cnpj to 2025-03-28 00:00:00+00:00, run_after=2025-03-29 00:00:00+00:00
[2025-03-29T20:46:02.051+0000] {processor.py:208} INFO - Processing /opt/airflow/dags/saving_file.py took 0.187 seconds
[2025-03-29T20:46:32.421+0000] {processor.py:186} INFO - Started process (PID=8068) to work on /opt/airflow/dags/saving_file.py
[2025-03-29T20:46:32.422+0000] {processor.py:914} INFO - Processing file /opt/airflow/dags/saving_file.py for tasks to queue
[2025-03-29T20:46:32.425+0000] {logging_mixin.py:190} INFO - [2025-03-29T20:46:32.425+0000] {dagbag.py:588} INFO - Filling up the DagBag from /opt/airflow/dags/saving_file.py
[2025-03-29T20:46:32.566+0000] {processor.py:925} INFO - DAG(s) 'gerar_csv_dados_abertos_cnpj' retrieved from /opt/airflow/dags/saving_file.py
[2025-03-29T20:46:32.579+0000] {logging_mixin.py:190} INFO - [2025-03-29T20:46:32.579+0000] {dag.py:3239} INFO - Sync 1 DAGs
[2025-03-29T20:46:32.591+0000] {logging_mixin.py:190} INFO - [2025-03-29T20:46:32.591+0000] {dag.py:4180} INFO - Setting next_dagrun for gerar_csv_dados_abertos_cnpj to 2025-03-28 00:00:00+00:00, run_after=2025-03-29 00:00:00+00:00
[2025-03-29T20:46:32.601+0000] {processor.py:208} INFO - Processing /opt/airflow/dags/saving_file.py took 0.185 seconds
[2025-03-29T20:47:02.921+0000] {processor.py:186} INFO - Started process (PID=8079) to work on /opt/airflow/dags/saving_file.py
[2025-03-29T20:47:02.922+0000] {processor.py:914} INFO - Processing file /opt/airflow/dags/saving_file.py for tasks to queue
[2025-03-29T20:47:02.924+0000] {logging_mixin.py:190} INFO - [2025-03-29T20:47:02.924+0000] {dagbag.py:588} INFO - Filling up the DagBag from /opt/airflow/dags/saving_file.py
[2025-03-29T20:47:03.065+0000] {processor.py:925} INFO - DAG(s) 'gerar_csv_dados_abertos_cnpj' retrieved from /opt/airflow/dags/saving_file.py
[2025-03-29T20:47:03.079+0000] {logging_mixin.py:190} INFO - [2025-03-29T20:47:03.079+0000] {dag.py:3239} INFO - Sync 1 DAGs
[2025-03-29T20:47:03.090+0000] {logging_mixin.py:190} INFO - [2025-03-29T20:47:03.090+0000] {dag.py:4180} INFO - Setting next_dagrun for gerar_csv_dados_abertos_cnpj to 2025-03-28 00:00:00+00:00, run_after=2025-03-29 00:00:00+00:00
[2025-03-29T20:47:03.099+0000] {processor.py:208} INFO - Processing /opt/airflow/dags/saving_file.py took 0.182 seconds
[2025-03-29T20:47:33.341+0000] {processor.py:186} INFO - Started process (PID=8090) to work on /opt/airflow/dags/saving_file.py
[2025-03-29T20:47:33.342+0000] {processor.py:914} INFO - Processing file /opt/airflow/dags/saving_file.py for tasks to queue
[2025-03-29T20:47:33.343+0000] {logging_mixin.py:190} INFO - [2025-03-29T20:47:33.343+0000] {dagbag.py:588} INFO - Filling up the DagBag from /opt/airflow/dags/saving_file.py
[2025-03-29T20:47:33.485+0000] {processor.py:925} INFO - DAG(s) 'gerar_csv_dados_abertos_cnpj' retrieved from /opt/airflow/dags/saving_file.py
[2025-03-29T20:47:33.498+0000] {logging_mixin.py:190} INFO - [2025-03-29T20:47:33.498+0000] {dag.py:3239} INFO - Sync 1 DAGs
[2025-03-29T20:47:33.510+0000] {logging_mixin.py:190} INFO - [2025-03-29T20:47:33.510+0000] {dag.py:4180} INFO - Setting next_dagrun for gerar_csv_dados_abertos_cnpj to 2025-03-28 00:00:00+00:00, run_after=2025-03-29 00:00:00+00:00
[2025-03-29T20:47:33.521+0000] {processor.py:208} INFO - Processing /opt/airflow/dags/saving_file.py took 0.184 seconds
[2025-03-29T20:48:03.772+0000] {processor.py:186} INFO - Started process (PID=8101) to work on /opt/airflow/dags/saving_file.py
[2025-03-29T20:48:03.787+0000] {processor.py:914} INFO - Processing file /opt/airflow/dags/saving_file.py for tasks to queue
[2025-03-29T20:48:03.789+0000] {logging_mixin.py:190} INFO - [2025-03-29T20:48:03.789+0000] {dagbag.py:588} INFO - Filling up the DagBag from /opt/airflow/dags/saving_file.py
[2025-03-29T20:48:03.925+0000] {processor.py:925} INFO - DAG(s) 'gerar_csv_dados_abertos_cnpj' retrieved from /opt/airflow/dags/saving_file.py
[2025-03-29T20:48:03.937+0000] {logging_mixin.py:190} INFO - [2025-03-29T20:48:03.937+0000] {dag.py:3239} INFO - Sync 1 DAGs
[2025-03-29T20:48:03.949+0000] {logging_mixin.py:190} INFO - [2025-03-29T20:48:03.948+0000] {dag.py:4180} INFO - Setting next_dagrun for gerar_csv_dados_abertos_cnpj to 2025-03-28 00:00:00+00:00, run_after=2025-03-29 00:00:00+00:00
[2025-03-29T20:48:03.959+0000] {processor.py:208} INFO - Processing /opt/airflow/dags/saving_file.py took 0.189 seconds
[2025-03-29T20:48:34.178+0000] {processor.py:186} INFO - Started process (PID=8112) to work on /opt/airflow/dags/saving_file.py
[2025-03-29T20:48:34.179+0000] {processor.py:914} INFO - Processing file /opt/airflow/dags/saving_file.py for tasks to queue
[2025-03-29T20:48:34.181+0000] {logging_mixin.py:190} INFO - [2025-03-29T20:48:34.181+0000] {dagbag.py:588} INFO - Filling up the DagBag from /opt/airflow/dags/saving_file.py
[2025-03-29T20:48:34.324+0000] {processor.py:925} INFO - DAG(s) 'gerar_csv_dados_abertos_cnpj' retrieved from /opt/airflow/dags/saving_file.py
[2025-03-29T20:48:34.337+0000] {logging_mixin.py:190} INFO - [2025-03-29T20:48:34.337+0000] {dag.py:3239} INFO - Sync 1 DAGs
[2025-03-29T20:48:34.351+0000] {logging_mixin.py:190} INFO - [2025-03-29T20:48:34.351+0000] {dag.py:4180} INFO - Setting next_dagrun for gerar_csv_dados_abertos_cnpj to 2025-03-28 00:00:00+00:00, run_after=2025-03-29 00:00:00+00:00
[2025-03-29T20:48:34.363+0000] {processor.py:208} INFO - Processing /opt/airflow/dags/saving_file.py took 0.188 seconds
[2025-03-29T20:49:04.637+0000] {processor.py:186} INFO - Started process (PID=8123) to work on /opt/airflow/dags/saving_file.py
[2025-03-29T20:49:04.639+0000] {processor.py:914} INFO - Processing file /opt/airflow/dags/saving_file.py for tasks to queue
[2025-03-29T20:49:04.641+0000] {logging_mixin.py:190} INFO - [2025-03-29T20:49:04.641+0000] {dagbag.py:588} INFO - Filling up the DagBag from /opt/airflow/dags/saving_file.py
[2025-03-29T20:49:04.786+0000] {processor.py:925} INFO - DAG(s) 'gerar_csv_dados_abertos_cnpj' retrieved from /opt/airflow/dags/saving_file.py
[2025-03-29T20:49:04.801+0000] {logging_mixin.py:190} INFO - [2025-03-29T20:49:04.801+0000] {dag.py:3239} INFO - Sync 1 DAGs
[2025-03-29T20:49:04.814+0000] {logging_mixin.py:190} INFO - [2025-03-29T20:49:04.814+0000] {dag.py:4180} INFO - Setting next_dagrun for gerar_csv_dados_abertos_cnpj to 2025-03-28 00:00:00+00:00, run_after=2025-03-29 00:00:00+00:00
[2025-03-29T20:49:04.825+0000] {processor.py:208} INFO - Processing /opt/airflow/dags/saving_file.py took 0.192 seconds
[2025-03-29T20:49:35.113+0000] {processor.py:186} INFO - Started process (PID=8134) to work on /opt/airflow/dags/saving_file.py
[2025-03-29T20:49:35.114+0000] {processor.py:914} INFO - Processing file /opt/airflow/dags/saving_file.py for tasks to queue
[2025-03-29T20:49:35.117+0000] {logging_mixin.py:190} INFO - [2025-03-29T20:49:35.116+0000] {dagbag.py:588} INFO - Filling up the DagBag from /opt/airflow/dags/saving_file.py
[2025-03-29T20:49:35.256+0000] {processor.py:925} INFO - DAG(s) 'gerar_csv_dados_abertos_cnpj' retrieved from /opt/airflow/dags/saving_file.py
[2025-03-29T20:49:35.273+0000] {logging_mixin.py:190} INFO - [2025-03-29T20:49:35.272+0000] {dag.py:3239} INFO - Sync 1 DAGs
[2025-03-29T20:49:35.285+0000] {logging_mixin.py:190} INFO - [2025-03-29T20:49:35.285+0000] {dag.py:4180} INFO - Setting next_dagrun for gerar_csv_dados_abertos_cnpj to 2025-03-28 00:00:00+00:00, run_after=2025-03-29 00:00:00+00:00
[2025-03-29T20:49:35.297+0000] {processor.py:208} INFO - Processing /opt/airflow/dags/saving_file.py took 0.187 seconds
[2025-03-29T20:50:05.489+0000] {processor.py:186} INFO - Started process (PID=8145) to work on /opt/airflow/dags/saving_file.py
[2025-03-29T20:50:05.490+0000] {processor.py:914} INFO - Processing file /opt/airflow/dags/saving_file.py for tasks to queue
[2025-03-29T20:50:05.492+0000] {logging_mixin.py:190} INFO - [2025-03-29T20:50:05.491+0000] {dagbag.py:588} INFO - Filling up the DagBag from /opt/airflow/dags/saving_file.py
[2025-03-29T20:50:05.629+0000] {processor.py:925} INFO - DAG(s) 'gerar_csv_dados_abertos_cnpj' retrieved from /opt/airflow/dags/saving_file.py
[2025-03-29T20:50:05.643+0000] {logging_mixin.py:190} INFO - [2025-03-29T20:50:05.642+0000] {dag.py:3239} INFO - Sync 1 DAGs
[2025-03-29T20:50:05.655+0000] {logging_mixin.py:190} INFO - [2025-03-29T20:50:05.654+0000] {dag.py:4180} INFO - Setting next_dagrun for gerar_csv_dados_abertos_cnpj to 2025-03-28 00:00:00+00:00, run_after=2025-03-29 00:00:00+00:00
[2025-03-29T20:50:05.664+0000] {processor.py:208} INFO - Processing /opt/airflow/dags/saving_file.py took 0.179 seconds
[2025-03-29T20:50:35.899+0000] {processor.py:186} INFO - Started process (PID=8156) to work on /opt/airflow/dags/saving_file.py
[2025-03-29T20:50:35.901+0000] {processor.py:914} INFO - Processing file /opt/airflow/dags/saving_file.py for tasks to queue
[2025-03-29T20:50:35.902+0000] {logging_mixin.py:190} INFO - [2025-03-29T20:50:35.902+0000] {dagbag.py:588} INFO - Filling up the DagBag from /opt/airflow/dags/saving_file.py
[2025-03-29T20:50:36.043+0000] {processor.py:925} INFO - DAG(s) 'gerar_csv_dados_abertos_cnpj' retrieved from /opt/airflow/dags/saving_file.py
[2025-03-29T20:50:36.055+0000] {logging_mixin.py:190} INFO - [2025-03-29T20:50:36.055+0000] {dag.py:3239} INFO - Sync 1 DAGs
[2025-03-29T20:50:36.068+0000] {logging_mixin.py:190} INFO - [2025-03-29T20:50:36.068+0000] {dag.py:4180} INFO - Setting next_dagrun for gerar_csv_dados_abertos_cnpj to 2025-03-28 00:00:00+00:00, run_after=2025-03-29 00:00:00+00:00
[2025-03-29T20:50:36.079+0000] {processor.py:208} INFO - Processing /opt/airflow/dags/saving_file.py took 0.184 seconds
[2025-03-29T20:51:06.317+0000] {processor.py:186} INFO - Started process (PID=8167) to work on /opt/airflow/dags/saving_file.py
[2025-03-29T20:51:06.320+0000] {processor.py:914} INFO - Processing file /opt/airflow/dags/saving_file.py for tasks to queue
[2025-03-29T20:51:06.322+0000] {logging_mixin.py:190} INFO - [2025-03-29T20:51:06.322+0000] {dagbag.py:588} INFO - Filling up the DagBag from /opt/airflow/dags/saving_file.py
[2025-03-29T20:51:06.461+0000] {processor.py:925} INFO - DAG(s) 'gerar_csv_dados_abertos_cnpj' retrieved from /opt/airflow/dags/saving_file.py
[2025-03-29T20:51:06.472+0000] {logging_mixin.py:190} INFO - [2025-03-29T20:51:06.472+0000] {dag.py:3239} INFO - Sync 1 DAGs
[2025-03-29T20:51:06.484+0000] {logging_mixin.py:190} INFO - [2025-03-29T20:51:06.484+0000] {dag.py:4180} INFO - Setting next_dagrun for gerar_csv_dados_abertos_cnpj to 2025-03-28 00:00:00+00:00, run_after=2025-03-29 00:00:00+00:00
[2025-03-29T20:51:06.495+0000] {processor.py:208} INFO - Processing /opt/airflow/dags/saving_file.py took 0.180 seconds
[2025-03-29T20:51:36.694+0000] {processor.py:186} INFO - Started process (PID=8178) to work on /opt/airflow/dags/saving_file.py
[2025-03-29T20:51:36.709+0000] {processor.py:914} INFO - Processing file /opt/airflow/dags/saving_file.py for tasks to queue
[2025-03-29T20:51:36.712+0000] {logging_mixin.py:190} INFO - [2025-03-29T20:51:36.712+0000] {dagbag.py:588} INFO - Filling up the DagBag from /opt/airflow/dags/saving_file.py
[2025-03-29T20:51:36.849+0000] {processor.py:925} INFO - DAG(s) 'gerar_csv_dados_abertos_cnpj' retrieved from /opt/airflow/dags/saving_file.py
[2025-03-29T20:51:36.863+0000] {logging_mixin.py:190} INFO - [2025-03-29T20:51:36.863+0000] {dag.py:3239} INFO - Sync 1 DAGs
[2025-03-29T20:51:36.876+0000] {logging_mixin.py:190} INFO - [2025-03-29T20:51:36.876+0000] {dag.py:4180} INFO - Setting next_dagrun for gerar_csv_dados_abertos_cnpj to 2025-03-28 00:00:00+00:00, run_after=2025-03-29 00:00:00+00:00
[2025-03-29T20:51:36.886+0000] {processor.py:208} INFO - Processing /opt/airflow/dags/saving_file.py took 0.195 seconds
[2025-03-29T20:52:07.230+0000] {processor.py:186} INFO - Started process (PID=8189) to work on /opt/airflow/dags/saving_file.py
[2025-03-29T20:52:07.232+0000] {processor.py:914} INFO - Processing file /opt/airflow/dags/saving_file.py for tasks to queue
[2025-03-29T20:52:07.235+0000] {logging_mixin.py:190} INFO - [2025-03-29T20:52:07.235+0000] {dagbag.py:588} INFO - Filling up the DagBag from /opt/airflow/dags/saving_file.py
[2025-03-29T20:52:07.378+0000] {processor.py:925} INFO - DAG(s) 'gerar_csv_dados_abertos_cnpj' retrieved from /opt/airflow/dags/saving_file.py
[2025-03-29T20:52:07.391+0000] {logging_mixin.py:190} INFO - [2025-03-29T20:52:07.391+0000] {dag.py:3239} INFO - Sync 1 DAGs
[2025-03-29T20:52:07.403+0000] {logging_mixin.py:190} INFO - [2025-03-29T20:52:07.403+0000] {dag.py:4180} INFO - Setting next_dagrun for gerar_csv_dados_abertos_cnpj to 2025-03-28 00:00:00+00:00, run_after=2025-03-29 00:00:00+00:00
[2025-03-29T20:52:07.412+0000] {processor.py:208} INFO - Processing /opt/airflow/dags/saving_file.py took 0.184 seconds
[2025-03-29T20:52:37.782+0000] {processor.py:186} INFO - Started process (PID=8200) to work on /opt/airflow/dags/saving_file.py
[2025-03-29T20:52:37.797+0000] {processor.py:914} INFO - Processing file /opt/airflow/dags/saving_file.py for tasks to queue
[2025-03-29T20:52:37.800+0000] {logging_mixin.py:190} INFO - [2025-03-29T20:52:37.799+0000] {dagbag.py:588} INFO - Filling up the DagBag from /opt/airflow/dags/saving_file.py
[2025-03-29T20:52:37.937+0000] {processor.py:925} INFO - DAG(s) 'gerar_csv_dados_abertos_cnpj' retrieved from /opt/airflow/dags/saving_file.py
[2025-03-29T20:52:37.952+0000] {logging_mixin.py:190} INFO - [2025-03-29T20:52:37.951+0000] {dag.py:3239} INFO - Sync 1 DAGs
[2025-03-29T20:52:37.964+0000] {logging_mixin.py:190} INFO - [2025-03-29T20:52:37.964+0000] {dag.py:4180} INFO - Setting next_dagrun for gerar_csv_dados_abertos_cnpj to 2025-03-28 00:00:00+00:00, run_after=2025-03-29 00:00:00+00:00
[2025-03-29T20:52:37.974+0000] {processor.py:208} INFO - Processing /opt/airflow/dags/saving_file.py took 0.197 seconds
[2025-03-29T20:53:08.219+0000] {processor.py:186} INFO - Started process (PID=8211) to work on /opt/airflow/dags/saving_file.py
[2025-03-29T20:53:08.220+0000] {processor.py:914} INFO - Processing file /opt/airflow/dags/saving_file.py for tasks to queue
[2025-03-29T20:53:08.222+0000] {logging_mixin.py:190} INFO - [2025-03-29T20:53:08.222+0000] {dagbag.py:588} INFO - Filling up the DagBag from /opt/airflow/dags/saving_file.py
[2025-03-29T20:53:08.364+0000] {processor.py:925} INFO - DAG(s) 'gerar_csv_dados_abertos_cnpj' retrieved from /opt/airflow/dags/saving_file.py
[2025-03-29T20:53:08.380+0000] {logging_mixin.py:190} INFO - [2025-03-29T20:53:08.380+0000] {dag.py:3239} INFO - Sync 1 DAGs
[2025-03-29T20:53:08.395+0000] {logging_mixin.py:190} INFO - [2025-03-29T20:53:08.395+0000] {dag.py:4180} INFO - Setting next_dagrun for gerar_csv_dados_abertos_cnpj to 2025-03-28 00:00:00+00:00, run_after=2025-03-29 00:00:00+00:00
[2025-03-29T20:53:08.407+0000] {processor.py:208} INFO - Processing /opt/airflow/dags/saving_file.py took 0.191 seconds
[2025-03-29T20:53:38.731+0000] {processor.py:186} INFO - Started process (PID=8221) to work on /opt/airflow/dags/saving_file.py
[2025-03-29T20:53:38.732+0000] {processor.py:914} INFO - Processing file /opt/airflow/dags/saving_file.py for tasks to queue
[2025-03-29T20:53:38.735+0000] {logging_mixin.py:190} INFO - [2025-03-29T20:53:38.735+0000] {dagbag.py:588} INFO - Filling up the DagBag from /opt/airflow/dags/saving_file.py
[2025-03-29T20:53:38.871+0000] {processor.py:925} INFO - DAG(s) 'gerar_csv_dados_abertos_cnpj' retrieved from /opt/airflow/dags/saving_file.py
[2025-03-29T20:53:38.886+0000] {logging_mixin.py:190} INFO - [2025-03-29T20:53:38.886+0000] {dag.py:3239} INFO - Sync 1 DAGs
[2025-03-29T20:53:38.900+0000] {logging_mixin.py:190} INFO - [2025-03-29T20:53:38.899+0000] {dag.py:4180} INFO - Setting next_dagrun for gerar_csv_dados_abertos_cnpj to 2025-03-28 00:00:00+00:00, run_after=2025-03-29 00:00:00+00:00
[2025-03-29T20:53:38.926+0000] {processor.py:208} INFO - Processing /opt/airflow/dags/saving_file.py took 0.199 seconds
[2025-03-29T20:54:09.225+0000] {processor.py:186} INFO - Started process (PID=8232) to work on /opt/airflow/dags/saving_file.py
[2025-03-29T20:54:09.240+0000] {processor.py:914} INFO - Processing file /opt/airflow/dags/saving_file.py for tasks to queue
[2025-03-29T20:54:09.243+0000] {logging_mixin.py:190} INFO - [2025-03-29T20:54:09.242+0000] {dagbag.py:588} INFO - Filling up the DagBag from /opt/airflow/dags/saving_file.py
[2025-03-29T20:54:09.385+0000] {processor.py:925} INFO - DAG(s) 'gerar_csv_dados_abertos_cnpj' retrieved from /opt/airflow/dags/saving_file.py
[2025-03-29T20:54:09.398+0000] {logging_mixin.py:190} INFO - [2025-03-29T20:54:09.398+0000] {dag.py:3239} INFO - Sync 1 DAGs
[2025-03-29T20:54:09.412+0000] {logging_mixin.py:190} INFO - [2025-03-29T20:54:09.411+0000] {dag.py:4180} INFO - Setting next_dagrun for gerar_csv_dados_abertos_cnpj to 2025-03-28 00:00:00+00:00, run_after=2025-03-29 00:00:00+00:00
[2025-03-29T20:54:09.421+0000] {processor.py:208} INFO - Processing /opt/airflow/dags/saving_file.py took 0.199 seconds
[2025-03-29T20:54:39.739+0000] {processor.py:186} INFO - Started process (PID=8243) to work on /opt/airflow/dags/saving_file.py
[2025-03-29T20:54:39.740+0000] {processor.py:914} INFO - Processing file /opt/airflow/dags/saving_file.py for tasks to queue
[2025-03-29T20:54:39.743+0000] {logging_mixin.py:190} INFO - [2025-03-29T20:54:39.743+0000] {dagbag.py:588} INFO - Filling up the DagBag from /opt/airflow/dags/saving_file.py
[2025-03-29T20:54:39.884+0000] {processor.py:925} INFO - DAG(s) 'gerar_csv_dados_abertos_cnpj' retrieved from /opt/airflow/dags/saving_file.py
[2025-03-29T20:54:39.900+0000] {logging_mixin.py:190} INFO - [2025-03-29T20:54:39.899+0000] {dag.py:3239} INFO - Sync 1 DAGs
[2025-03-29T20:54:39.912+0000] {logging_mixin.py:190} INFO - [2025-03-29T20:54:39.912+0000] {dag.py:4180} INFO - Setting next_dagrun for gerar_csv_dados_abertos_cnpj to 2025-03-28 00:00:00+00:00, run_after=2025-03-29 00:00:00+00:00
[2025-03-29T20:54:39.922+0000] {processor.py:208} INFO - Processing /opt/airflow/dags/saving_file.py took 0.186 seconds
[2025-03-29T20:55:10.237+0000] {processor.py:186} INFO - Started process (PID=8254) to work on /opt/airflow/dags/saving_file.py
[2025-03-29T20:55:10.239+0000] {processor.py:914} INFO - Processing file /opt/airflow/dags/saving_file.py for tasks to queue
[2025-03-29T20:55:10.242+0000] {logging_mixin.py:190} INFO - [2025-03-29T20:55:10.242+0000] {dagbag.py:588} INFO - Filling up the DagBag from /opt/airflow/dags/saving_file.py
[2025-03-29T20:55:10.383+0000] {processor.py:925} INFO - DAG(s) 'gerar_csv_dados_abertos_cnpj' retrieved from /opt/airflow/dags/saving_file.py
[2025-03-29T20:55:10.404+0000] {logging_mixin.py:190} INFO - [2025-03-29T20:55:10.403+0000] {dag.py:3239} INFO - Sync 1 DAGs
[2025-03-29T20:55:10.416+0000] {logging_mixin.py:190} INFO - [2025-03-29T20:55:10.416+0000] {dag.py:4180} INFO - Setting next_dagrun for gerar_csv_dados_abertos_cnpj to 2025-03-28 00:00:00+00:00, run_after=2025-03-29 00:00:00+00:00
[2025-03-29T20:55:10.428+0000] {processor.py:208} INFO - Processing /opt/airflow/dags/saving_file.py took 0.194 seconds
[2025-03-29T20:55:40.630+0000] {processor.py:186} INFO - Started process (PID=8265) to work on /opt/airflow/dags/saving_file.py
[2025-03-29T20:55:40.632+0000] {processor.py:914} INFO - Processing file /opt/airflow/dags/saving_file.py for tasks to queue
[2025-03-29T20:55:40.634+0000] {logging_mixin.py:190} INFO - [2025-03-29T20:55:40.634+0000] {dagbag.py:588} INFO - Filling up the DagBag from /opt/airflow/dags/saving_file.py
[2025-03-29T20:55:40.769+0000] {processor.py:925} INFO - DAG(s) 'gerar_csv_dados_abertos_cnpj' retrieved from /opt/airflow/dags/saving_file.py
[2025-03-29T20:55:40.783+0000] {logging_mixin.py:190} INFO - [2025-03-29T20:55:40.782+0000] {dag.py:3239} INFO - Sync 1 DAGs
[2025-03-29T20:55:40.795+0000] {logging_mixin.py:190} INFO - [2025-03-29T20:55:40.795+0000] {dag.py:4180} INFO - Setting next_dagrun for gerar_csv_dados_abertos_cnpj to 2025-03-28 00:00:00+00:00, run_after=2025-03-29 00:00:00+00:00
[2025-03-29T20:55:40.804+0000] {processor.py:208} INFO - Processing /opt/airflow/dags/saving_file.py took 0.177 seconds
[2025-03-29T20:56:11.238+0000] {processor.py:186} INFO - Started process (PID=8276) to work on /opt/airflow/dags/saving_file.py
[2025-03-29T20:56:11.240+0000] {processor.py:914} INFO - Processing file /opt/airflow/dags/saving_file.py for tasks to queue
[2025-03-29T20:56:11.243+0000] {logging_mixin.py:190} INFO - [2025-03-29T20:56:11.243+0000] {dagbag.py:588} INFO - Filling up the DagBag from /opt/airflow/dags/saving_file.py
[2025-03-29T20:56:11.378+0000] {processor.py:925} INFO - DAG(s) 'gerar_csv_dados_abertos_cnpj' retrieved from /opt/airflow/dags/saving_file.py
[2025-03-29T20:56:11.389+0000] {logging_mixin.py:190} INFO - [2025-03-29T20:56:11.389+0000] {dag.py:3239} INFO - Sync 1 DAGs
[2025-03-29T20:56:11.401+0000] {logging_mixin.py:190} INFO - [2025-03-29T20:56:11.401+0000] {dag.py:4180} INFO - Setting next_dagrun for gerar_csv_dados_abertos_cnpj to 2025-03-28 00:00:00+00:00, run_after=2025-03-29 00:00:00+00:00
[2025-03-29T20:56:11.411+0000] {processor.py:208} INFO - Processing /opt/airflow/dags/saving_file.py took 0.178 seconds
[2025-03-29T20:56:41.661+0000] {processor.py:186} INFO - Started process (PID=8287) to work on /opt/airflow/dags/saving_file.py
[2025-03-29T20:56:41.662+0000] {processor.py:914} INFO - Processing file /opt/airflow/dags/saving_file.py for tasks to queue
[2025-03-29T20:56:41.664+0000] {logging_mixin.py:190} INFO - [2025-03-29T20:56:41.664+0000] {dagbag.py:588} INFO - Filling up the DagBag from /opt/airflow/dags/saving_file.py
[2025-03-29T20:56:41.803+0000] {processor.py:925} INFO - DAG(s) 'gerar_csv_dados_abertos_cnpj' retrieved from /opt/airflow/dags/saving_file.py
[2025-03-29T20:56:41.816+0000] {logging_mixin.py:190} INFO - [2025-03-29T20:56:41.816+0000] {dag.py:3239} INFO - Sync 1 DAGs
[2025-03-29T20:56:41.829+0000] {logging_mixin.py:190} INFO - [2025-03-29T20:56:41.829+0000] {dag.py:4180} INFO - Setting next_dagrun for gerar_csv_dados_abertos_cnpj to 2025-03-28 00:00:00+00:00, run_after=2025-03-29 00:00:00+00:00
[2025-03-29T20:56:41.839+0000] {processor.py:208} INFO - Processing /opt/airflow/dags/saving_file.py took 0.183 seconds
[2025-03-29T20:57:12.186+0000] {processor.py:186} INFO - Started process (PID=8298) to work on /opt/airflow/dags/saving_file.py
[2025-03-29T20:57:12.188+0000] {processor.py:914} INFO - Processing file /opt/airflow/dags/saving_file.py for tasks to queue
[2025-03-29T20:57:12.190+0000] {logging_mixin.py:190} INFO - [2025-03-29T20:57:12.190+0000] {dagbag.py:588} INFO - Filling up the DagBag from /opt/airflow/dags/saving_file.py
[2025-03-29T20:57:12.330+0000] {processor.py:925} INFO - DAG(s) 'gerar_csv_dados_abertos_cnpj' retrieved from /opt/airflow/dags/saving_file.py
[2025-03-29T20:57:12.343+0000] {logging_mixin.py:190} INFO - [2025-03-29T20:57:12.343+0000] {dag.py:3239} INFO - Sync 1 DAGs
[2025-03-29T20:57:12.355+0000] {logging_mixin.py:190} INFO - [2025-03-29T20:57:12.355+0000] {dag.py:4180} INFO - Setting next_dagrun for gerar_csv_dados_abertos_cnpj to 2025-03-28 00:00:00+00:00, run_after=2025-03-29 00:00:00+00:00
[2025-03-29T20:57:12.364+0000] {processor.py:208} INFO - Processing /opt/airflow/dags/saving_file.py took 0.183 seconds
[2025-03-29T20:57:42.729+0000] {processor.py:186} INFO - Started process (PID=8309) to work on /opt/airflow/dags/saving_file.py
[2025-03-29T20:57:42.731+0000] {processor.py:914} INFO - Processing file /opt/airflow/dags/saving_file.py for tasks to queue
[2025-03-29T20:57:42.733+0000] {logging_mixin.py:190} INFO - [2025-03-29T20:57:42.733+0000] {dagbag.py:588} INFO - Filling up the DagBag from /opt/airflow/dags/saving_file.py
[2025-03-29T20:57:42.872+0000] {processor.py:925} INFO - DAG(s) 'gerar_csv_dados_abertos_cnpj' retrieved from /opt/airflow/dags/saving_file.py
[2025-03-29T20:57:42.884+0000] {logging_mixin.py:190} INFO - [2025-03-29T20:57:42.884+0000] {dag.py:3239} INFO - Sync 1 DAGs
[2025-03-29T20:57:42.895+0000] {logging_mixin.py:190} INFO - [2025-03-29T20:57:42.895+0000] {dag.py:4180} INFO - Setting next_dagrun for gerar_csv_dados_abertos_cnpj to 2025-03-28 00:00:00+00:00, run_after=2025-03-29 00:00:00+00:00
[2025-03-29T20:57:42.918+0000] {processor.py:208} INFO - Processing /opt/airflow/dags/saving_file.py took 0.192 seconds
[2025-03-29T20:58:13.291+0000] {processor.py:186} INFO - Started process (PID=8320) to work on /opt/airflow/dags/saving_file.py
[2025-03-29T20:58:13.293+0000] {processor.py:914} INFO - Processing file /opt/airflow/dags/saving_file.py for tasks to queue
[2025-03-29T20:58:13.295+0000] {logging_mixin.py:190} INFO - [2025-03-29T20:58:13.295+0000] {dagbag.py:588} INFO - Filling up the DagBag from /opt/airflow/dags/saving_file.py
[2025-03-29T20:58:13.433+0000] {processor.py:925} INFO - DAG(s) 'gerar_csv_dados_abertos_cnpj' retrieved from /opt/airflow/dags/saving_file.py
[2025-03-29T20:58:13.446+0000] {logging_mixin.py:190} INFO - [2025-03-29T20:58:13.446+0000] {dag.py:3239} INFO - Sync 1 DAGs
[2025-03-29T20:58:13.458+0000] {logging_mixin.py:190} INFO - [2025-03-29T20:58:13.458+0000] {dag.py:4180} INFO - Setting next_dagrun for gerar_csv_dados_abertos_cnpj to 2025-03-28 00:00:00+00:00, run_after=2025-03-29 00:00:00+00:00
[2025-03-29T20:58:13.468+0000] {processor.py:208} INFO - Processing /opt/airflow/dags/saving_file.py took 0.181 seconds
[2025-03-29T20:58:43.718+0000] {processor.py:186} INFO - Started process (PID=8331) to work on /opt/airflow/dags/saving_file.py
[2025-03-29T20:58:43.720+0000] {processor.py:914} INFO - Processing file /opt/airflow/dags/saving_file.py for tasks to queue
[2025-03-29T20:58:43.722+0000] {logging_mixin.py:190} INFO - [2025-03-29T20:58:43.721+0000] {dagbag.py:588} INFO - Filling up the DagBag from /opt/airflow/dags/saving_file.py
[2025-03-29T20:58:43.862+0000] {processor.py:925} INFO - DAG(s) 'gerar_csv_dados_abertos_cnpj' retrieved from /opt/airflow/dags/saving_file.py
[2025-03-29T20:58:43.875+0000] {logging_mixin.py:190} INFO - [2025-03-29T20:58:43.875+0000] {dag.py:3239} INFO - Sync 1 DAGs
[2025-03-29T20:58:43.886+0000] {logging_mixin.py:190} INFO - [2025-03-29T20:58:43.886+0000] {dag.py:4180} INFO - Setting next_dagrun for gerar_csv_dados_abertos_cnpj to 2025-03-28 00:00:00+00:00, run_after=2025-03-29 00:00:00+00:00
[2025-03-29T20:58:43.896+0000] {processor.py:208} INFO - Processing /opt/airflow/dags/saving_file.py took 0.182 seconds
[2025-03-29T20:59:14.215+0000] {processor.py:186} INFO - Started process (PID=8343) to work on /opt/airflow/dags/saving_file.py
[2025-03-29T20:59:14.216+0000] {processor.py:914} INFO - Processing file /opt/airflow/dags/saving_file.py for tasks to queue
[2025-03-29T20:59:14.218+0000] {logging_mixin.py:190} INFO - [2025-03-29T20:59:14.218+0000] {dagbag.py:588} INFO - Filling up the DagBag from /opt/airflow/dags/saving_file.py
[2025-03-29T20:59:14.359+0000] {processor.py:925} INFO - DAG(s) 'gerar_csv_dados_abertos_cnpj' retrieved from /opt/airflow/dags/saving_file.py
[2025-03-29T20:59:14.372+0000] {logging_mixin.py:190} INFO - [2025-03-29T20:59:14.371+0000] {dag.py:3239} INFO - Sync 1 DAGs
[2025-03-29T20:59:14.384+0000] {logging_mixin.py:190} INFO - [2025-03-29T20:59:14.384+0000] {dag.py:4180} INFO - Setting next_dagrun for gerar_csv_dados_abertos_cnpj to 2025-03-28 00:00:00+00:00, run_after=2025-03-29 00:00:00+00:00
[2025-03-29T20:59:14.407+0000] {processor.py:208} INFO - Processing /opt/airflow/dags/saving_file.py took 0.195 seconds
[2025-03-29T20:59:44.743+0000] {processor.py:186} INFO - Started process (PID=8354) to work on /opt/airflow/dags/saving_file.py
[2025-03-29T20:59:44.745+0000] {processor.py:914} INFO - Processing file /opt/airflow/dags/saving_file.py for tasks to queue
[2025-03-29T20:59:44.747+0000] {logging_mixin.py:190} INFO - [2025-03-29T20:59:44.747+0000] {dagbag.py:588} INFO - Filling up the DagBag from /opt/airflow/dags/saving_file.py
[2025-03-29T20:59:44.886+0000] {processor.py:925} INFO - DAG(s) 'gerar_csv_dados_abertos_cnpj' retrieved from /opt/airflow/dags/saving_file.py
[2025-03-29T20:59:44.901+0000] {logging_mixin.py:190} INFO - [2025-03-29T20:59:44.900+0000] {dag.py:3239} INFO - Sync 1 DAGs
[2025-03-29T20:59:44.913+0000] {logging_mixin.py:190} INFO - [2025-03-29T20:59:44.913+0000] {dag.py:4180} INFO - Setting next_dagrun for gerar_csv_dados_abertos_cnpj to 2025-03-28 00:00:00+00:00, run_after=2025-03-29 00:00:00+00:00
[2025-03-29T20:59:44.937+0000] {processor.py:208} INFO - Processing /opt/airflow/dags/saving_file.py took 0.199 seconds
[2025-03-29T21:00:15.291+0000] {processor.py:186} INFO - Started process (PID=8365) to work on /opt/airflow/dags/saving_file.py
[2025-03-29T21:00:15.292+0000] {processor.py:914} INFO - Processing file /opt/airflow/dags/saving_file.py for tasks to queue
[2025-03-29T21:00:15.294+0000] {logging_mixin.py:190} INFO - [2025-03-29T21:00:15.294+0000] {dagbag.py:588} INFO - Filling up the DagBag from /opt/airflow/dags/saving_file.py
[2025-03-29T21:00:15.435+0000] {processor.py:925} INFO - DAG(s) 'gerar_csv_dados_abertos_cnpj' retrieved from /opt/airflow/dags/saving_file.py
[2025-03-29T21:00:15.449+0000] {logging_mixin.py:190} INFO - [2025-03-29T21:00:15.449+0000] {dag.py:3239} INFO - Sync 1 DAGs
[2025-03-29T21:00:15.462+0000] {logging_mixin.py:190} INFO - [2025-03-29T21:00:15.462+0000] {dag.py:4180} INFO - Setting next_dagrun for gerar_csv_dados_abertos_cnpj to 2025-03-28 00:00:00+00:00, run_after=2025-03-29 00:00:00+00:00
[2025-03-29T21:00:15.472+0000] {processor.py:208} INFO - Processing /opt/airflow/dags/saving_file.py took 0.186 seconds
[2025-03-29T21:00:45.866+0000] {processor.py:186} INFO - Started process (PID=8376) to work on /opt/airflow/dags/saving_file.py
[2025-03-29T21:00:45.881+0000] {processor.py:914} INFO - Processing file /opt/airflow/dags/saving_file.py for tasks to queue
[2025-03-29T21:00:45.884+0000] {logging_mixin.py:190} INFO - [2025-03-29T21:00:45.883+0000] {dagbag.py:588} INFO - Filling up the DagBag from /opt/airflow/dags/saving_file.py
[2025-03-29T21:00:46.022+0000] {processor.py:925} INFO - DAG(s) 'gerar_csv_dados_abertos_cnpj' retrieved from /opt/airflow/dags/saving_file.py
[2025-03-29T21:00:46.037+0000] {logging_mixin.py:190} INFO - [2025-03-29T21:00:46.036+0000] {dag.py:3239} INFO - Sync 1 DAGs
[2025-03-29T21:00:46.049+0000] {logging_mixin.py:190} INFO - [2025-03-29T21:00:46.049+0000] {dag.py:4180} INFO - Setting next_dagrun for gerar_csv_dados_abertos_cnpj to 2025-03-28 00:00:00+00:00, run_after=2025-03-29 00:00:00+00:00
[2025-03-29T21:00:46.058+0000] {processor.py:208} INFO - Processing /opt/airflow/dags/saving_file.py took 0.195 seconds
[2025-03-29T21:01:16.394+0000] {processor.py:186} INFO - Started process (PID=8393) to work on /opt/airflow/dags/saving_file.py
[2025-03-29T21:01:16.395+0000] {processor.py:914} INFO - Processing file /opt/airflow/dags/saving_file.py for tasks to queue
[2025-03-29T21:01:16.397+0000] {logging_mixin.py:190} INFO - [2025-03-29T21:01:16.397+0000] {dagbag.py:588} INFO - Filling up the DagBag from /opt/airflow/dags/saving_file.py
[2025-03-29T21:01:16.534+0000] {processor.py:925} INFO - DAG(s) 'gerar_csv_dados_abertos_cnpj' retrieved from /opt/airflow/dags/saving_file.py
[2025-03-29T21:01:16.545+0000] {logging_mixin.py:190} INFO - [2025-03-29T21:01:16.545+0000] {dag.py:3239} INFO - Sync 1 DAGs
[2025-03-29T21:01:16.556+0000] {logging_mixin.py:190} INFO - [2025-03-29T21:01:16.556+0000] {dag.py:4180} INFO - Setting next_dagrun for gerar_csv_dados_abertos_cnpj to 2025-03-28 00:00:00+00:00, run_after=2025-03-29 00:00:00+00:00
[2025-03-29T21:01:16.573+0000] {processor.py:208} INFO - Processing /opt/airflow/dags/saving_file.py took 0.181 seconds
[2025-03-29T21:01:46.863+0000] {processor.py:186} INFO - Started process (PID=8404) to work on /opt/airflow/dags/saving_file.py
[2025-03-29T21:01:46.864+0000] {processor.py:914} INFO - Processing file /opt/airflow/dags/saving_file.py for tasks to queue
[2025-03-29T21:01:46.867+0000] {logging_mixin.py:190} INFO - [2025-03-29T21:01:46.867+0000] {dagbag.py:588} INFO - Filling up the DagBag from /opt/airflow/dags/saving_file.py
[2025-03-29T21:01:47.003+0000] {processor.py:925} INFO - DAG(s) 'gerar_csv_dados_abertos_cnpj' retrieved from /opt/airflow/dags/saving_file.py
[2025-03-29T21:01:47.014+0000] {logging_mixin.py:190} INFO - [2025-03-29T21:01:47.014+0000] {dag.py:3239} INFO - Sync 1 DAGs
[2025-03-29T21:01:47.027+0000] {logging_mixin.py:190} INFO - [2025-03-29T21:01:47.026+0000] {dag.py:4180} INFO - Setting next_dagrun for gerar_csv_dados_abertos_cnpj to 2025-03-28 00:00:00+00:00, run_after=2025-03-29 00:00:00+00:00
[2025-03-29T21:01:47.037+0000] {processor.py:208} INFO - Processing /opt/airflow/dags/saving_file.py took 0.179 seconds
[2025-03-29T21:02:17.344+0000] {processor.py:186} INFO - Started process (PID=8415) to work on /opt/airflow/dags/saving_file.py
[2025-03-29T21:02:17.344+0000] {processor.py:914} INFO - Processing file /opt/airflow/dags/saving_file.py for tasks to queue
[2025-03-29T21:02:17.346+0000] {logging_mixin.py:190} INFO - [2025-03-29T21:02:17.346+0000] {dagbag.py:588} INFO - Filling up the DagBag from /opt/airflow/dags/saving_file.py
[2025-03-29T21:02:17.478+0000] {processor.py:925} INFO - DAG(s) 'gerar_csv_dados_abertos_cnpj' retrieved from /opt/airflow/dags/saving_file.py
[2025-03-29T21:02:17.490+0000] {logging_mixin.py:190} INFO - [2025-03-29T21:02:17.490+0000] {dag.py:3239} INFO - Sync 1 DAGs
[2025-03-29T21:02:17.501+0000] {logging_mixin.py:190} INFO - [2025-03-29T21:02:17.501+0000] {dag.py:4180} INFO - Setting next_dagrun for gerar_csv_dados_abertos_cnpj to 2025-03-28 00:00:00+00:00, run_after=2025-03-29 00:00:00+00:00
[2025-03-29T21:02:17.512+0000] {processor.py:208} INFO - Processing /opt/airflow/dags/saving_file.py took 0.171 seconds
[2025-03-29T21:02:47.895+0000] {processor.py:186} INFO - Started process (PID=8426) to work on /opt/airflow/dags/saving_file.py
[2025-03-29T21:02:47.897+0000] {processor.py:914} INFO - Processing file /opt/airflow/dags/saving_file.py for tasks to queue
[2025-03-29T21:02:47.899+0000] {logging_mixin.py:190} INFO - [2025-03-29T21:02:47.898+0000] {dagbag.py:588} INFO - Filling up the DagBag from /opt/airflow/dags/saving_file.py
[2025-03-29T21:02:48.042+0000] {processor.py:925} INFO - DAG(s) 'gerar_csv_dados_abertos_cnpj' retrieved from /opt/airflow/dags/saving_file.py
[2025-03-29T21:02:48.054+0000] {logging_mixin.py:190} INFO - [2025-03-29T21:02:48.054+0000] {dag.py:3239} INFO - Sync 1 DAGs
[2025-03-29T21:02:48.065+0000] {logging_mixin.py:190} INFO - [2025-03-29T21:02:48.065+0000] {dag.py:4180} INFO - Setting next_dagrun for gerar_csv_dados_abertos_cnpj to 2025-03-28 00:00:00+00:00, run_after=2025-03-29 00:00:00+00:00
[2025-03-29T21:02:48.074+0000] {processor.py:208} INFO - Processing /opt/airflow/dags/saving_file.py took 0.184 seconds
[2025-03-29T21:03:18.450+0000] {processor.py:186} INFO - Started process (PID=8437) to work on /opt/airflow/dags/saving_file.py
[2025-03-29T21:03:18.451+0000] {processor.py:914} INFO - Processing file /opt/airflow/dags/saving_file.py for tasks to queue
[2025-03-29T21:03:18.454+0000] {logging_mixin.py:190} INFO - [2025-03-29T21:03:18.453+0000] {dagbag.py:588} INFO - Filling up the DagBag from /opt/airflow/dags/saving_file.py
[2025-03-29T21:03:18.598+0000] {processor.py:925} INFO - DAG(s) 'gerar_csv_dados_abertos_cnpj' retrieved from /opt/airflow/dags/saving_file.py
[2025-03-29T21:03:18.611+0000] {logging_mixin.py:190} INFO - [2025-03-29T21:03:18.611+0000] {dag.py:3239} INFO - Sync 1 DAGs
[2025-03-29T21:03:18.624+0000] {logging_mixin.py:190} INFO - [2025-03-29T21:03:18.624+0000] {dag.py:4180} INFO - Setting next_dagrun for gerar_csv_dados_abertos_cnpj to 2025-03-28 00:00:00+00:00, run_after=2025-03-29 00:00:00+00:00
[2025-03-29T21:03:18.634+0000] {processor.py:208} INFO - Processing /opt/airflow/dags/saving_file.py took 0.189 seconds
[2025-03-29T21:03:48.979+0000] {processor.py:186} INFO - Started process (PID=8448) to work on /opt/airflow/dags/saving_file.py
[2025-03-29T21:03:48.980+0000] {processor.py:914} INFO - Processing file /opt/airflow/dags/saving_file.py for tasks to queue
[2025-03-29T21:03:48.982+0000] {logging_mixin.py:190} INFO - [2025-03-29T21:03:48.982+0000] {dagbag.py:588} INFO - Filling up the DagBag from /opt/airflow/dags/saving_file.py
[2025-03-29T21:03:49.119+0000] {processor.py:925} INFO - DAG(s) 'gerar_csv_dados_abertos_cnpj' retrieved from /opt/airflow/dags/saving_file.py
[2025-03-29T21:03:49.132+0000] {logging_mixin.py:190} INFO - [2025-03-29T21:03:49.131+0000] {dag.py:3239} INFO - Sync 1 DAGs
[2025-03-29T21:03:49.143+0000] {logging_mixin.py:190} INFO - [2025-03-29T21:03:49.143+0000] {dag.py:4180} INFO - Setting next_dagrun for gerar_csv_dados_abertos_cnpj to 2025-03-28 00:00:00+00:00, run_after=2025-03-29 00:00:00+00:00
[2025-03-29T21:03:49.153+0000] {processor.py:208} INFO - Processing /opt/airflow/dags/saving_file.py took 0.177 seconds
[2025-03-29T21:04:19.472+0000] {processor.py:186} INFO - Started process (PID=8459) to work on /opt/airflow/dags/saving_file.py
[2025-03-29T21:04:19.487+0000] {processor.py:914} INFO - Processing file /opt/airflow/dags/saving_file.py for tasks to queue
[2025-03-29T21:04:19.489+0000] {logging_mixin.py:190} INFO - [2025-03-29T21:04:19.489+0000] {dagbag.py:588} INFO - Filling up the DagBag from /opt/airflow/dags/saving_file.py
[2025-03-29T21:04:19.633+0000] {processor.py:925} INFO - DAG(s) 'gerar_csv_dados_abertos_cnpj' retrieved from /opt/airflow/dags/saving_file.py
[2025-03-29T21:04:19.646+0000] {logging_mixin.py:190} INFO - [2025-03-29T21:04:19.646+0000] {dag.py:3239} INFO - Sync 1 DAGs
[2025-03-29T21:04:19.658+0000] {logging_mixin.py:190} INFO - [2025-03-29T21:04:19.658+0000] {dag.py:4180} INFO - Setting next_dagrun for gerar_csv_dados_abertos_cnpj to 2025-03-28 00:00:00+00:00, run_after=2025-03-29 00:00:00+00:00
[2025-03-29T21:04:19.668+0000] {processor.py:208} INFO - Processing /opt/airflow/dags/saving_file.py took 0.200 seconds
[2025-03-29T21:04:49.970+0000] {processor.py:186} INFO - Started process (PID=8470) to work on /opt/airflow/dags/saving_file.py
[2025-03-29T21:04:49.971+0000] {processor.py:914} INFO - Processing file /opt/airflow/dags/saving_file.py for tasks to queue
[2025-03-29T21:04:49.973+0000] {logging_mixin.py:190} INFO - [2025-03-29T21:04:49.973+0000] {dagbag.py:588} INFO - Filling up the DagBag from /opt/airflow/dags/saving_file.py
[2025-03-29T21:04:50.110+0000] {processor.py:925} INFO - DAG(s) 'gerar_csv_dados_abertos_cnpj' retrieved from /opt/airflow/dags/saving_file.py
[2025-03-29T21:04:50.122+0000] {logging_mixin.py:190} INFO - [2025-03-29T21:04:50.122+0000] {dag.py:3239} INFO - Sync 1 DAGs
[2025-03-29T21:04:50.134+0000] {logging_mixin.py:190} INFO - [2025-03-29T21:04:50.133+0000] {dag.py:4180} INFO - Setting next_dagrun for gerar_csv_dados_abertos_cnpj to 2025-03-28 00:00:00+00:00, run_after=2025-03-29 00:00:00+00:00
[2025-03-29T21:04:50.142+0000] {processor.py:208} INFO - Processing /opt/airflow/dags/saving_file.py took 0.175 seconds
[2025-03-29T21:05:20.524+0000] {processor.py:186} INFO - Started process (PID=8481) to work on /opt/airflow/dags/saving_file.py
[2025-03-29T21:05:20.525+0000] {processor.py:914} INFO - Processing file /opt/airflow/dags/saving_file.py for tasks to queue
[2025-03-29T21:05:20.527+0000] {logging_mixin.py:190} INFO - [2025-03-29T21:05:20.527+0000] {dagbag.py:588} INFO - Filling up the DagBag from /opt/airflow/dags/saving_file.py
[2025-03-29T21:05:20.673+0000] {processor.py:925} INFO - DAG(s) 'gerar_csv_dados_abertos_cnpj' retrieved from /opt/airflow/dags/saving_file.py
[2025-03-29T21:05:20.685+0000] {logging_mixin.py:190} INFO - [2025-03-29T21:05:20.685+0000] {dag.py:3239} INFO - Sync 1 DAGs
[2025-03-29T21:05:20.696+0000] {logging_mixin.py:190} INFO - [2025-03-29T21:05:20.696+0000] {dag.py:4180} INFO - Setting next_dagrun for gerar_csv_dados_abertos_cnpj to 2025-03-28 00:00:00+00:00, run_after=2025-03-29 00:00:00+00:00
[2025-03-29T21:05:20.705+0000] {processor.py:208} INFO - Processing /opt/airflow/dags/saving_file.py took 0.186 seconds
[2025-03-29T21:05:51.179+0000] {processor.py:186} INFO - Started process (PID=8492) to work on /opt/airflow/dags/saving_file.py
[2025-03-29T21:05:51.180+0000] {processor.py:914} INFO - Processing file /opt/airflow/dags/saving_file.py for tasks to queue
[2025-03-29T21:05:51.184+0000] {logging_mixin.py:190} INFO - [2025-03-29T21:05:51.183+0000] {dagbag.py:588} INFO - Filling up the DagBag from /opt/airflow/dags/saving_file.py
[2025-03-29T21:05:51.320+0000] {processor.py:925} INFO - DAG(s) 'gerar_csv_dados_abertos_cnpj' retrieved from /opt/airflow/dags/saving_file.py
[2025-03-29T21:05:51.332+0000] {logging_mixin.py:190} INFO - [2025-03-29T21:05:51.332+0000] {dag.py:3239} INFO - Sync 1 DAGs
[2025-03-29T21:05:51.344+0000] {logging_mixin.py:190} INFO - [2025-03-29T21:05:51.343+0000] {dag.py:4180} INFO - Setting next_dagrun for gerar_csv_dados_abertos_cnpj to 2025-03-28 00:00:00+00:00, run_after=2025-03-29 00:00:00+00:00
[2025-03-29T21:05:51.358+0000] {processor.py:208} INFO - Processing /opt/airflow/dags/saving_file.py took 0.183 seconds
[2025-03-29T21:06:21.784+0000] {processor.py:186} INFO - Started process (PID=8502) to work on /opt/airflow/dags/saving_file.py
[2025-03-29T21:06:21.785+0000] {processor.py:914} INFO - Processing file /opt/airflow/dags/saving_file.py for tasks to queue
[2025-03-29T21:06:21.788+0000] {logging_mixin.py:190} INFO - [2025-03-29T21:06:21.788+0000] {dagbag.py:588} INFO - Filling up the DagBag from /opt/airflow/dags/saving_file.py
[2025-03-29T21:06:21.927+0000] {processor.py:925} INFO - DAG(s) 'gerar_csv_dados_abertos_cnpj' retrieved from /opt/airflow/dags/saving_file.py
[2025-03-29T21:06:21.939+0000] {logging_mixin.py:190} INFO - [2025-03-29T21:06:21.939+0000] {dag.py:3239} INFO - Sync 1 DAGs
[2025-03-29T21:06:21.950+0000] {logging_mixin.py:190} INFO - [2025-03-29T21:06:21.950+0000] {dag.py:4180} INFO - Setting next_dagrun for gerar_csv_dados_abertos_cnpj to 2025-03-28 00:00:00+00:00, run_after=2025-03-29 00:00:00+00:00
[2025-03-29T21:06:21.960+0000] {processor.py:208} INFO - Processing /opt/airflow/dags/saving_file.py took 0.179 seconds
[2025-03-29T21:06:52.218+0000] {processor.py:186} INFO - Started process (PID=8513) to work on /opt/airflow/dags/saving_file.py
[2025-03-29T21:06:52.220+0000] {processor.py:914} INFO - Processing file /opt/airflow/dags/saving_file.py for tasks to queue
[2025-03-29T21:06:52.221+0000] {logging_mixin.py:190} INFO - [2025-03-29T21:06:52.221+0000] {dagbag.py:588} INFO - Filling up the DagBag from /opt/airflow/dags/saving_file.py
[2025-03-29T21:06:52.357+0000] {processor.py:925} INFO - DAG(s) 'gerar_csv_dados_abertos_cnpj' retrieved from /opt/airflow/dags/saving_file.py
[2025-03-29T21:06:52.370+0000] {logging_mixin.py:190} INFO - [2025-03-29T21:06:52.369+0000] {dag.py:3239} INFO - Sync 1 DAGs
[2025-03-29T21:06:52.381+0000] {logging_mixin.py:190} INFO - [2025-03-29T21:06:52.381+0000] {dag.py:4180} INFO - Setting next_dagrun for gerar_csv_dados_abertos_cnpj to 2025-03-28 00:00:00+00:00, run_after=2025-03-29 00:00:00+00:00
[2025-03-29T21:06:52.391+0000] {processor.py:208} INFO - Processing /opt/airflow/dags/saving_file.py took 0.176 seconds
[2025-03-29T21:07:22.648+0000] {processor.py:186} INFO - Started process (PID=8524) to work on /opt/airflow/dags/saving_file.py
[2025-03-29T21:07:22.649+0000] {processor.py:914} INFO - Processing file /opt/airflow/dags/saving_file.py for tasks to queue
[2025-03-29T21:07:22.651+0000] {logging_mixin.py:190} INFO - [2025-03-29T21:07:22.651+0000] {dagbag.py:588} INFO - Filling up the DagBag from /opt/airflow/dags/saving_file.py
[2025-03-29T21:07:22.784+0000] {processor.py:925} INFO - DAG(s) 'gerar_csv_dados_abertos_cnpj' retrieved from /opt/airflow/dags/saving_file.py
[2025-03-29T21:07:22.798+0000] {logging_mixin.py:190} INFO - [2025-03-29T21:07:22.798+0000] {dag.py:3239} INFO - Sync 1 DAGs
[2025-03-29T21:07:22.812+0000] {logging_mixin.py:190} INFO - [2025-03-29T21:07:22.811+0000] {dag.py:4180} INFO - Setting next_dagrun for gerar_csv_dados_abertos_cnpj to 2025-03-28 00:00:00+00:00, run_after=2025-03-29 00:00:00+00:00
[2025-03-29T21:07:22.823+0000] {processor.py:208} INFO - Processing /opt/airflow/dags/saving_file.py took 0.177 seconds
[2025-03-29T21:07:53.116+0000] {processor.py:186} INFO - Started process (PID=8535) to work on /opt/airflow/dags/saving_file.py
[2025-03-29T21:07:53.118+0000] {processor.py:914} INFO - Processing file /opt/airflow/dags/saving_file.py for tasks to queue
[2025-03-29T21:07:53.121+0000] {logging_mixin.py:190} INFO - [2025-03-29T21:07:53.121+0000] {dagbag.py:588} INFO - Filling up the DagBag from /opt/airflow/dags/saving_file.py
[2025-03-29T21:07:53.265+0000] {processor.py:925} INFO - DAG(s) 'gerar_csv_dados_abertos_cnpj' retrieved from /opt/airflow/dags/saving_file.py
[2025-03-29T21:07:53.279+0000] {logging_mixin.py:190} INFO - [2025-03-29T21:07:53.279+0000] {dag.py:3239} INFO - Sync 1 DAGs
[2025-03-29T21:07:53.293+0000] {logging_mixin.py:190} INFO - [2025-03-29T21:07:53.293+0000] {dag.py:4180} INFO - Setting next_dagrun for gerar_csv_dados_abertos_cnpj to 2025-03-28 00:00:00+00:00, run_after=2025-03-29 00:00:00+00:00
[2025-03-29T21:07:53.304+0000] {processor.py:208} INFO - Processing /opt/airflow/dags/saving_file.py took 0.193 seconds
[2025-03-29T21:08:23.613+0000] {processor.py:186} INFO - Started process (PID=8546) to work on /opt/airflow/dags/saving_file.py
[2025-03-29T21:08:23.628+0000] {processor.py:914} INFO - Processing file /opt/airflow/dags/saving_file.py for tasks to queue
[2025-03-29T21:08:23.631+0000] {logging_mixin.py:190} INFO - [2025-03-29T21:08:23.631+0000] {dagbag.py:588} INFO - Filling up the DagBag from /opt/airflow/dags/saving_file.py
[2025-03-29T21:08:23.764+0000] {processor.py:925} INFO - DAG(s) 'gerar_csv_dados_abertos_cnpj' retrieved from /opt/airflow/dags/saving_file.py
[2025-03-29T21:08:23.778+0000] {logging_mixin.py:190} INFO - [2025-03-29T21:08:23.778+0000] {dag.py:3239} INFO - Sync 1 DAGs
[2025-03-29T21:08:23.790+0000] {logging_mixin.py:190} INFO - [2025-03-29T21:08:23.790+0000] {dag.py:4180} INFO - Setting next_dagrun for gerar_csv_dados_abertos_cnpj to 2025-03-28 00:00:00+00:00, run_after=2025-03-29 00:00:00+00:00
[2025-03-29T21:08:23.802+0000] {processor.py:208} INFO - Processing /opt/airflow/dags/saving_file.py took 0.192 seconds
[2025-03-29T21:08:54.207+0000] {processor.py:186} INFO - Started process (PID=8557) to work on /opt/airflow/dags/saving_file.py
[2025-03-29T21:08:54.209+0000] {processor.py:914} INFO - Processing file /opt/airflow/dags/saving_file.py for tasks to queue
[2025-03-29T21:08:54.211+0000] {logging_mixin.py:190} INFO - [2025-03-29T21:08:54.211+0000] {dagbag.py:588} INFO - Filling up the DagBag from /opt/airflow/dags/saving_file.py
[2025-03-29T21:08:54.350+0000] {processor.py:925} INFO - DAG(s) 'gerar_csv_dados_abertos_cnpj' retrieved from /opt/airflow/dags/saving_file.py
[2025-03-29T21:08:54.363+0000] {logging_mixin.py:190} INFO - [2025-03-29T21:08:54.363+0000] {dag.py:3239} INFO - Sync 1 DAGs
[2025-03-29T21:08:54.376+0000] {logging_mixin.py:190} INFO - [2025-03-29T21:08:54.376+0000] {dag.py:4180} INFO - Setting next_dagrun for gerar_csv_dados_abertos_cnpj to 2025-03-28 00:00:00+00:00, run_after=2025-03-29 00:00:00+00:00
[2025-03-29T21:08:54.385+0000] {processor.py:208} INFO - Processing /opt/airflow/dags/saving_file.py took 0.182 seconds
[2025-03-29T21:09:24.680+0000] {processor.py:186} INFO - Started process (PID=8568) to work on /opt/airflow/dags/saving_file.py
[2025-03-29T21:09:24.683+0000] {processor.py:914} INFO - Processing file /opt/airflow/dags/saving_file.py for tasks to queue
[2025-03-29T21:09:24.685+0000] {logging_mixin.py:190} INFO - [2025-03-29T21:09:24.685+0000] {dagbag.py:588} INFO - Filling up the DagBag from /opt/airflow/dags/saving_file.py
[2025-03-29T21:09:24.824+0000] {processor.py:925} INFO - DAG(s) 'gerar_csv_dados_abertos_cnpj' retrieved from /opt/airflow/dags/saving_file.py
[2025-03-29T21:09:24.837+0000] {logging_mixin.py:190} INFO - [2025-03-29T21:09:24.837+0000] {dag.py:3239} INFO - Sync 1 DAGs
[2025-03-29T21:09:24.849+0000] {logging_mixin.py:190} INFO - [2025-03-29T21:09:24.849+0000] {dag.py:4180} INFO - Setting next_dagrun for gerar_csv_dados_abertos_cnpj to 2025-03-28 00:00:00+00:00, run_after=2025-03-29 00:00:00+00:00
[2025-03-29T21:09:24.859+0000] {processor.py:208} INFO - Processing /opt/airflow/dags/saving_file.py took 0.184 seconds
[2025-03-29T21:09:55.119+0000] {processor.py:186} INFO - Started process (PID=8579) to work on /opt/airflow/dags/saving_file.py
[2025-03-29T21:09:55.120+0000] {processor.py:914} INFO - Processing file /opt/airflow/dags/saving_file.py for tasks to queue
[2025-03-29T21:09:55.123+0000] {logging_mixin.py:190} INFO - [2025-03-29T21:09:55.123+0000] {dagbag.py:588} INFO - Filling up the DagBag from /opt/airflow/dags/saving_file.py
[2025-03-29T21:09:55.262+0000] {processor.py:925} INFO - DAG(s) 'gerar_csv_dados_abertos_cnpj' retrieved from /opt/airflow/dags/saving_file.py
[2025-03-29T21:09:55.277+0000] {logging_mixin.py:190} INFO - [2025-03-29T21:09:55.277+0000] {dag.py:3239} INFO - Sync 1 DAGs
[2025-03-29T21:09:55.290+0000] {logging_mixin.py:190} INFO - [2025-03-29T21:09:55.290+0000] {dag.py:4180} INFO - Setting next_dagrun for gerar_csv_dados_abertos_cnpj to 2025-03-28 00:00:00+00:00, run_after=2025-03-29 00:00:00+00:00
[2025-03-29T21:09:55.299+0000] {processor.py:208} INFO - Processing /opt/airflow/dags/saving_file.py took 0.183 seconds
[2025-03-29T21:10:25.570+0000] {processor.py:186} INFO - Started process (PID=8590) to work on /opt/airflow/dags/saving_file.py
[2025-03-29T21:10:25.571+0000] {processor.py:914} INFO - Processing file /opt/airflow/dags/saving_file.py for tasks to queue
[2025-03-29T21:10:25.574+0000] {logging_mixin.py:190} INFO - [2025-03-29T21:10:25.574+0000] {dagbag.py:588} INFO - Filling up the DagBag from /opt/airflow/dags/saving_file.py
[2025-03-29T21:10:25.714+0000] {processor.py:925} INFO - DAG(s) 'gerar_csv_dados_abertos_cnpj' retrieved from /opt/airflow/dags/saving_file.py
[2025-03-29T21:10:25.726+0000] {logging_mixin.py:190} INFO - [2025-03-29T21:10:25.726+0000] {dag.py:3239} INFO - Sync 1 DAGs
[2025-03-29T21:10:25.738+0000] {logging_mixin.py:190} INFO - [2025-03-29T21:10:25.738+0000] {dag.py:4180} INFO - Setting next_dagrun for gerar_csv_dados_abertos_cnpj to 2025-03-28 00:00:00+00:00, run_after=2025-03-29 00:00:00+00:00
[2025-03-29T21:10:25.747+0000] {processor.py:208} INFO - Processing /opt/airflow/dags/saving_file.py took 0.179 seconds
[2025-03-29T21:10:56.116+0000] {processor.py:186} INFO - Started process (PID=8601) to work on /opt/airflow/dags/saving_file.py
[2025-03-29T21:10:56.117+0000] {processor.py:914} INFO - Processing file /opt/airflow/dags/saving_file.py for tasks to queue
[2025-03-29T21:10:56.119+0000] {logging_mixin.py:190} INFO - [2025-03-29T21:10:56.119+0000] {dagbag.py:588} INFO - Filling up the DagBag from /opt/airflow/dags/saving_file.py
[2025-03-29T21:10:56.253+0000] {processor.py:925} INFO - DAG(s) 'gerar_csv_dados_abertos_cnpj' retrieved from /opt/airflow/dags/saving_file.py
[2025-03-29T21:10:56.267+0000] {logging_mixin.py:190} INFO - [2025-03-29T21:10:56.266+0000] {dag.py:3239} INFO - Sync 1 DAGs
[2025-03-29T21:10:56.278+0000] {logging_mixin.py:190} INFO - [2025-03-29T21:10:56.278+0000] {dag.py:4180} INFO - Setting next_dagrun for gerar_csv_dados_abertos_cnpj to 2025-03-28 00:00:00+00:00, run_after=2025-03-29 00:00:00+00:00
[2025-03-29T21:10:56.289+0000] {processor.py:208} INFO - Processing /opt/airflow/dags/saving_file.py took 0.176 seconds
[2025-03-29T21:11:26.685+0000] {processor.py:186} INFO - Started process (PID=8612) to work on /opt/airflow/dags/saving_file.py
[2025-03-29T21:11:26.686+0000] {processor.py:914} INFO - Processing file /opt/airflow/dags/saving_file.py for tasks to queue
[2025-03-29T21:11:26.689+0000] {logging_mixin.py:190} INFO - [2025-03-29T21:11:26.689+0000] {dagbag.py:588} INFO - Filling up the DagBag from /opt/airflow/dags/saving_file.py
[2025-03-29T21:11:26.827+0000] {processor.py:925} INFO - DAG(s) 'gerar_csv_dados_abertos_cnpj' retrieved from /opt/airflow/dags/saving_file.py
[2025-03-29T21:11:26.842+0000] {logging_mixin.py:190} INFO - [2025-03-29T21:11:26.841+0000] {dag.py:3239} INFO - Sync 1 DAGs
[2025-03-29T21:11:26.854+0000] {logging_mixin.py:190} INFO - [2025-03-29T21:11:26.854+0000] {dag.py:4180} INFO - Setting next_dagrun for gerar_csv_dados_abertos_cnpj to 2025-03-28 00:00:00+00:00, run_after=2025-03-29 00:00:00+00:00
[2025-03-29T21:11:26.863+0000] {processor.py:208} INFO - Processing /opt/airflow/dags/saving_file.py took 0.181 seconds
[2025-03-29T21:11:57.314+0000] {processor.py:186} INFO - Started process (PID=8623) to work on /opt/airflow/dags/saving_file.py
[2025-03-29T21:11:57.315+0000] {processor.py:914} INFO - Processing file /opt/airflow/dags/saving_file.py for tasks to queue
[2025-03-29T21:11:57.318+0000] {logging_mixin.py:190} INFO - [2025-03-29T21:11:57.318+0000] {dagbag.py:588} INFO - Filling up the DagBag from /opt/airflow/dags/saving_file.py
[2025-03-29T21:11:57.463+0000] {processor.py:925} INFO - DAG(s) 'gerar_csv_dados_abertos_cnpj' retrieved from /opt/airflow/dags/saving_file.py
[2025-03-29T21:11:57.477+0000] {logging_mixin.py:190} INFO - [2025-03-29T21:11:57.477+0000] {dag.py:3239} INFO - Sync 1 DAGs
[2025-03-29T21:11:57.490+0000] {logging_mixin.py:190} INFO - [2025-03-29T21:11:57.489+0000] {dag.py:4180} INFO - Setting next_dagrun for gerar_csv_dados_abertos_cnpj to 2025-03-28 00:00:00+00:00, run_after=2025-03-29 00:00:00+00:00
[2025-03-29T21:11:57.499+0000] {processor.py:208} INFO - Processing /opt/airflow/dags/saving_file.py took 0.190 seconds
[2025-03-29T21:12:27.803+0000] {processor.py:186} INFO - Started process (PID=8634) to work on /opt/airflow/dags/saving_file.py
[2025-03-29T21:12:27.804+0000] {processor.py:914} INFO - Processing file /opt/airflow/dags/saving_file.py for tasks to queue
[2025-03-29T21:12:27.806+0000] {logging_mixin.py:190} INFO - [2025-03-29T21:12:27.806+0000] {dagbag.py:588} INFO - Filling up the DagBag from /opt/airflow/dags/saving_file.py
[2025-03-29T21:12:27.951+0000] {processor.py:925} INFO - DAG(s) 'gerar_csv_dados_abertos_cnpj' retrieved from /opt/airflow/dags/saving_file.py
[2025-03-29T21:12:27.966+0000] {logging_mixin.py:190} INFO - [2025-03-29T21:12:27.966+0000] {dag.py:3239} INFO - Sync 1 DAGs
[2025-03-29T21:12:27.978+0000] {logging_mixin.py:190} INFO - [2025-03-29T21:12:27.978+0000] {dag.py:4180} INFO - Setting next_dagrun for gerar_csv_dados_abertos_cnpj to 2025-03-28 00:00:00+00:00, run_after=2025-03-29 00:00:00+00:00
[2025-03-29T21:12:27.988+0000] {processor.py:208} INFO - Processing /opt/airflow/dags/saving_file.py took 0.189 seconds
[2025-03-29T21:12:58.407+0000] {processor.py:186} INFO - Started process (PID=8645) to work on /opt/airflow/dags/saving_file.py
[2025-03-29T21:12:58.414+0000] {processor.py:914} INFO - Processing file /opt/airflow/dags/saving_file.py for tasks to queue
[2025-03-29T21:12:58.417+0000] {logging_mixin.py:190} INFO - [2025-03-29T21:12:58.416+0000] {dagbag.py:588} INFO - Filling up the DagBag from /opt/airflow/dags/saving_file.py
[2025-03-29T21:12:58.553+0000] {processor.py:925} INFO - DAG(s) 'gerar_csv_dados_abertos_cnpj' retrieved from /opt/airflow/dags/saving_file.py
[2025-03-29T21:12:58.566+0000] {logging_mixin.py:190} INFO - [2025-03-29T21:12:58.566+0000] {dag.py:3239} INFO - Sync 1 DAGs
[2025-03-29T21:12:58.578+0000] {logging_mixin.py:190} INFO - [2025-03-29T21:12:58.578+0000] {dag.py:4180} INFO - Setting next_dagrun for gerar_csv_dados_abertos_cnpj to 2025-03-28 00:00:00+00:00, run_after=2025-03-29 00:00:00+00:00
[2025-03-29T21:12:58.588+0000] {processor.py:208} INFO - Processing /opt/airflow/dags/saving_file.py took 0.184 seconds
[2025-03-29T21:13:28.920+0000] {processor.py:186} INFO - Started process (PID=8656) to work on /opt/airflow/dags/saving_file.py
[2025-03-29T21:13:28.921+0000] {processor.py:914} INFO - Processing file /opt/airflow/dags/saving_file.py for tasks to queue
[2025-03-29T21:13:28.924+0000] {logging_mixin.py:190} INFO - [2025-03-29T21:13:28.923+0000] {dagbag.py:588} INFO - Filling up the DagBag from /opt/airflow/dags/saving_file.py
[2025-03-29T21:13:29.059+0000] {processor.py:925} INFO - DAG(s) 'gerar_csv_dados_abertos_cnpj' retrieved from /opt/airflow/dags/saving_file.py
[2025-03-29T21:13:29.073+0000] {logging_mixin.py:190} INFO - [2025-03-29T21:13:29.072+0000] {dag.py:3239} INFO - Sync 1 DAGs
[2025-03-29T21:13:29.083+0000] {logging_mixin.py:190} INFO - [2025-03-29T21:13:29.083+0000] {dag.py:4180} INFO - Setting next_dagrun for gerar_csv_dados_abertos_cnpj to 2025-03-28 00:00:00+00:00, run_after=2025-03-29 00:00:00+00:00
[2025-03-29T21:13:29.108+0000] {processor.py:208} INFO - Processing /opt/airflow/dags/saving_file.py took 0.190 seconds
[2025-03-29T21:13:59.493+0000] {processor.py:186} INFO - Started process (PID=8667) to work on /opt/airflow/dags/saving_file.py
[2025-03-29T21:13:59.494+0000] {processor.py:914} INFO - Processing file /opt/airflow/dags/saving_file.py for tasks to queue
[2025-03-29T21:13:59.497+0000] {logging_mixin.py:190} INFO - [2025-03-29T21:13:59.497+0000] {dagbag.py:588} INFO - Filling up the DagBag from /opt/airflow/dags/saving_file.py
[2025-03-29T21:13:59.641+0000] {processor.py:925} INFO - DAG(s) 'gerar_csv_dados_abertos_cnpj' retrieved from /opt/airflow/dags/saving_file.py
[2025-03-29T21:13:59.655+0000] {logging_mixin.py:190} INFO - [2025-03-29T21:13:59.655+0000] {dag.py:3239} INFO - Sync 1 DAGs
[2025-03-29T21:13:59.666+0000] {logging_mixin.py:190} INFO - [2025-03-29T21:13:59.666+0000] {dag.py:4180} INFO - Setting next_dagrun for gerar_csv_dados_abertos_cnpj to 2025-03-28 00:00:00+00:00, run_after=2025-03-29 00:00:00+00:00
[2025-03-29T21:13:59.674+0000] {processor.py:208} INFO - Processing /opt/airflow/dags/saving_file.py took 0.186 seconds
[2025-03-29T21:14:30.066+0000] {processor.py:186} INFO - Started process (PID=8678) to work on /opt/airflow/dags/saving_file.py
[2025-03-29T21:14:30.067+0000] {processor.py:914} INFO - Processing file /opt/airflow/dags/saving_file.py for tasks to queue
[2025-03-29T21:14:30.070+0000] {logging_mixin.py:190} INFO - [2025-03-29T21:14:30.069+0000] {dagbag.py:588} INFO - Filling up the DagBag from /opt/airflow/dags/saving_file.py
[2025-03-29T21:14:30.209+0000] {processor.py:925} INFO - DAG(s) 'gerar_csv_dados_abertos_cnpj' retrieved from /opt/airflow/dags/saving_file.py
[2025-03-29T21:14:30.220+0000] {logging_mixin.py:190} INFO - [2025-03-29T21:14:30.220+0000] {dag.py:3239} INFO - Sync 1 DAGs
[2025-03-29T21:14:30.231+0000] {logging_mixin.py:190} INFO - [2025-03-29T21:14:30.230+0000] {dag.py:4180} INFO - Setting next_dagrun for gerar_csv_dados_abertos_cnpj to 2025-03-28 00:00:00+00:00, run_after=2025-03-29 00:00:00+00:00
[2025-03-29T21:14:30.240+0000] {processor.py:208} INFO - Processing /opt/airflow/dags/saving_file.py took 0.178 seconds
[2025-03-29T21:15:00.558+0000] {processor.py:186} INFO - Started process (PID=8689) to work on /opt/airflow/dags/saving_file.py
[2025-03-29T21:15:00.560+0000] {processor.py:914} INFO - Processing file /opt/airflow/dags/saving_file.py for tasks to queue
[2025-03-29T21:15:00.562+0000] {logging_mixin.py:190} INFO - [2025-03-29T21:15:00.562+0000] {dagbag.py:588} INFO - Filling up the DagBag from /opt/airflow/dags/saving_file.py
[2025-03-29T21:15:00.702+0000] {processor.py:925} INFO - DAG(s) 'gerar_csv_dados_abertos_cnpj' retrieved from /opt/airflow/dags/saving_file.py
[2025-03-29T21:15:00.716+0000] {logging_mixin.py:190} INFO - [2025-03-29T21:15:00.716+0000] {dag.py:3239} INFO - Sync 1 DAGs
[2025-03-29T21:15:00.727+0000] {logging_mixin.py:190} INFO - [2025-03-29T21:15:00.726+0000] {dag.py:4180} INFO - Setting next_dagrun for gerar_csv_dados_abertos_cnpj to 2025-03-28 00:00:00+00:00, run_after=2025-03-29 00:00:00+00:00
[2025-03-29T21:15:00.736+0000] {processor.py:208} INFO - Processing /opt/airflow/dags/saving_file.py took 0.181 seconds
[2025-03-29T21:15:30.977+0000] {processor.py:186} INFO - Started process (PID=8700) to work on /opt/airflow/dags/saving_file.py
[2025-03-29T21:15:30.992+0000] {processor.py:914} INFO - Processing file /opt/airflow/dags/saving_file.py for tasks to queue
[2025-03-29T21:15:30.993+0000] {logging_mixin.py:190} INFO - [2025-03-29T21:15:30.993+0000] {dagbag.py:588} INFO - Filling up the DagBag from /opt/airflow/dags/saving_file.py
[2025-03-29T21:15:31.131+0000] {processor.py:925} INFO - DAG(s) 'gerar_csv_dados_abertos_cnpj' retrieved from /opt/airflow/dags/saving_file.py
[2025-03-29T21:15:31.143+0000] {logging_mixin.py:190} INFO - [2025-03-29T21:15:31.143+0000] {dag.py:3239} INFO - Sync 1 DAGs
[2025-03-29T21:15:31.156+0000] {logging_mixin.py:190} INFO - [2025-03-29T21:15:31.156+0000] {dag.py:4180} INFO - Setting next_dagrun for gerar_csv_dados_abertos_cnpj to 2025-03-28 00:00:00+00:00, run_after=2025-03-29 00:00:00+00:00
[2025-03-29T21:15:31.166+0000] {processor.py:208} INFO - Processing /opt/airflow/dags/saving_file.py took 0.192 seconds
[2025-03-29T21:16:01.448+0000] {processor.py:186} INFO - Started process (PID=8711) to work on /opt/airflow/dags/saving_file.py
[2025-03-29T21:16:01.449+0000] {processor.py:914} INFO - Processing file /opt/airflow/dags/saving_file.py for tasks to queue
[2025-03-29T21:16:01.451+0000] {logging_mixin.py:190} INFO - [2025-03-29T21:16:01.451+0000] {dagbag.py:588} INFO - Filling up the DagBag from /opt/airflow/dags/saving_file.py
[2025-03-29T21:16:01.588+0000] {processor.py:925} INFO - DAG(s) 'gerar_csv_dados_abertos_cnpj' retrieved from /opt/airflow/dags/saving_file.py
[2025-03-29T21:16:01.601+0000] {logging_mixin.py:190} INFO - [2025-03-29T21:16:01.601+0000] {dag.py:3239} INFO - Sync 1 DAGs
[2025-03-29T21:16:01.614+0000] {logging_mixin.py:190} INFO - [2025-03-29T21:16:01.614+0000] {dag.py:4180} INFO - Setting next_dagrun for gerar_csv_dados_abertos_cnpj to 2025-03-28 00:00:00+00:00, run_after=2025-03-29 00:00:00+00:00
[2025-03-29T21:16:01.624+0000] {processor.py:208} INFO - Processing /opt/airflow/dags/saving_file.py took 0.179 seconds
[2025-03-29T21:16:31.924+0000] {processor.py:186} INFO - Started process (PID=8722) to work on /opt/airflow/dags/saving_file.py
[2025-03-29T21:16:31.925+0000] {processor.py:914} INFO - Processing file /opt/airflow/dags/saving_file.py for tasks to queue
[2025-03-29T21:16:31.928+0000] {logging_mixin.py:190} INFO - [2025-03-29T21:16:31.928+0000] {dagbag.py:588} INFO - Filling up the DagBag from /opt/airflow/dags/saving_file.py
[2025-03-29T21:16:32.065+0000] {processor.py:925} INFO - DAG(s) 'gerar_csv_dados_abertos_cnpj' retrieved from /opt/airflow/dags/saving_file.py
[2025-03-29T21:16:32.077+0000] {logging_mixin.py:190} INFO - [2025-03-29T21:16:32.077+0000] {dag.py:3239} INFO - Sync 1 DAGs
[2025-03-29T21:16:32.088+0000] {logging_mixin.py:190} INFO - [2025-03-29T21:16:32.088+0000] {dag.py:4180} INFO - Setting next_dagrun for gerar_csv_dados_abertos_cnpj to 2025-03-28 00:00:00+00:00, run_after=2025-03-29 00:00:00+00:00
[2025-03-29T21:16:32.111+0000] {processor.py:208} INFO - Processing /opt/airflow/dags/saving_file.py took 0.192 seconds
[2025-03-29T21:17:02.562+0000] {processor.py:186} INFO - Started process (PID=8733) to work on /opt/airflow/dags/saving_file.py
[2025-03-29T21:17:02.563+0000] {processor.py:914} INFO - Processing file /opt/airflow/dags/saving_file.py for tasks to queue
[2025-03-29T21:17:02.565+0000] {logging_mixin.py:190} INFO - [2025-03-29T21:17:02.565+0000] {dagbag.py:588} INFO - Filling up the DagBag from /opt/airflow/dags/saving_file.py
[2025-03-29T21:17:02.710+0000] {processor.py:925} INFO - DAG(s) 'gerar_csv_dados_abertos_cnpj' retrieved from /opt/airflow/dags/saving_file.py
[2025-03-29T21:17:02.723+0000] {logging_mixin.py:190} INFO - [2025-03-29T21:17:02.722+0000] {dag.py:3239} INFO - Sync 1 DAGs
[2025-03-29T21:17:02.734+0000] {logging_mixin.py:190} INFO - [2025-03-29T21:17:02.733+0000] {dag.py:4180} INFO - Setting next_dagrun for gerar_csv_dados_abertos_cnpj to 2025-03-28 00:00:00+00:00, run_after=2025-03-29 00:00:00+00:00
[2025-03-29T21:17:02.746+0000] {processor.py:208} INFO - Processing /opt/airflow/dags/saving_file.py took 0.189 seconds
[2025-03-29T21:17:32.978+0000] {processor.py:186} INFO - Started process (PID=8743) to work on /opt/airflow/dags/saving_file.py
[2025-03-29T21:17:32.979+0000] {processor.py:914} INFO - Processing file /opt/airflow/dags/saving_file.py for tasks to queue
[2025-03-29T21:17:32.982+0000] {logging_mixin.py:190} INFO - [2025-03-29T21:17:32.981+0000] {dagbag.py:588} INFO - Filling up the DagBag from /opt/airflow/dags/saving_file.py
[2025-03-29T21:17:33.118+0000] {processor.py:925} INFO - DAG(s) 'gerar_csv_dados_abertos_cnpj' retrieved from /opt/airflow/dags/saving_file.py
[2025-03-29T21:17:33.131+0000] {logging_mixin.py:190} INFO - [2025-03-29T21:17:33.131+0000] {dag.py:3239} INFO - Sync 1 DAGs
[2025-03-29T21:17:33.144+0000] {logging_mixin.py:190} INFO - [2025-03-29T21:17:33.144+0000] {dag.py:4180} INFO - Setting next_dagrun for gerar_csv_dados_abertos_cnpj to 2025-03-28 00:00:00+00:00, run_after=2025-03-29 00:00:00+00:00
[2025-03-29T21:17:33.155+0000] {processor.py:208} INFO - Processing /opt/airflow/dags/saving_file.py took 0.180 seconds
[2025-03-29T21:18:03.529+0000] {processor.py:186} INFO - Started process (PID=8754) to work on /opt/airflow/dags/saving_file.py
[2025-03-29T21:18:03.532+0000] {processor.py:914} INFO - Processing file /opt/airflow/dags/saving_file.py for tasks to queue
[2025-03-29T21:18:03.535+0000] {logging_mixin.py:190} INFO - [2025-03-29T21:18:03.535+0000] {dagbag.py:588} INFO - Filling up the DagBag from /opt/airflow/dags/saving_file.py
[2025-03-29T21:18:03.670+0000] {processor.py:925} INFO - DAG(s) 'gerar_csv_dados_abertos_cnpj' retrieved from /opt/airflow/dags/saving_file.py
[2025-03-29T21:18:03.683+0000] {logging_mixin.py:190} INFO - [2025-03-29T21:18:03.683+0000] {dag.py:3239} INFO - Sync 1 DAGs
[2025-03-29T21:18:03.695+0000] {logging_mixin.py:190} INFO - [2025-03-29T21:18:03.695+0000] {dag.py:4180} INFO - Setting next_dagrun for gerar_csv_dados_abertos_cnpj to 2025-03-28 00:00:00+00:00, run_after=2025-03-29 00:00:00+00:00
[2025-03-29T21:18:03.704+0000] {processor.py:208} INFO - Processing /opt/airflow/dags/saving_file.py took 0.179 seconds
[2025-03-29T21:18:33.967+0000] {processor.py:186} INFO - Started process (PID=8765) to work on /opt/airflow/dags/saving_file.py
[2025-03-29T21:18:33.968+0000] {processor.py:914} INFO - Processing file /opt/airflow/dags/saving_file.py for tasks to queue
[2025-03-29T21:18:33.970+0000] {logging_mixin.py:190} INFO - [2025-03-29T21:18:33.970+0000] {dagbag.py:588} INFO - Filling up the DagBag from /opt/airflow/dags/saving_file.py
[2025-03-29T21:18:34.104+0000] {processor.py:925} INFO - DAG(s) 'gerar_csv_dados_abertos_cnpj' retrieved from /opt/airflow/dags/saving_file.py
[2025-03-29T21:18:34.117+0000] {logging_mixin.py:190} INFO - [2025-03-29T21:18:34.117+0000] {dag.py:3239} INFO - Sync 1 DAGs
[2025-03-29T21:18:34.129+0000] {logging_mixin.py:190} INFO - [2025-03-29T21:18:34.129+0000] {dag.py:4180} INFO - Setting next_dagrun for gerar_csv_dados_abertos_cnpj to 2025-03-28 00:00:00+00:00, run_after=2025-03-29 00:00:00+00:00
[2025-03-29T21:18:34.139+0000] {processor.py:208} INFO - Processing /opt/airflow/dags/saving_file.py took 0.176 seconds
[2025-03-29T21:19:04.561+0000] {processor.py:186} INFO - Started process (PID=8776) to work on /opt/airflow/dags/saving_file.py
[2025-03-29T21:19:04.564+0000] {processor.py:914} INFO - Processing file /opt/airflow/dags/saving_file.py for tasks to queue
[2025-03-29T21:19:04.566+0000] {logging_mixin.py:190} INFO - [2025-03-29T21:19:04.566+0000] {dagbag.py:588} INFO - Filling up the DagBag from /opt/airflow/dags/saving_file.py
[2025-03-29T21:19:04.707+0000] {processor.py:925} INFO - DAG(s) 'gerar_csv_dados_abertos_cnpj' retrieved from /opt/airflow/dags/saving_file.py
[2025-03-29T21:19:04.721+0000] {logging_mixin.py:190} INFO - [2025-03-29T21:19:04.720+0000] {dag.py:3239} INFO - Sync 1 DAGs
[2025-03-29T21:19:04.732+0000] {logging_mixin.py:190} INFO - [2025-03-29T21:19:04.732+0000] {dag.py:4180} INFO - Setting next_dagrun for gerar_csv_dados_abertos_cnpj to 2025-03-28 00:00:00+00:00, run_after=2025-03-29 00:00:00+00:00
[2025-03-29T21:19:04.742+0000] {processor.py:208} INFO - Processing /opt/airflow/dags/saving_file.py took 0.185 seconds
[2025-03-29T21:19:35.082+0000] {processor.py:186} INFO - Started process (PID=8787) to work on /opt/airflow/dags/saving_file.py
[2025-03-29T21:19:35.085+0000] {processor.py:914} INFO - Processing file /opt/airflow/dags/saving_file.py for tasks to queue
[2025-03-29T21:19:35.088+0000] {logging_mixin.py:190} INFO - [2025-03-29T21:19:35.088+0000] {dagbag.py:588} INFO - Filling up the DagBag from /opt/airflow/dags/saving_file.py
[2025-03-29T21:19:35.226+0000] {processor.py:925} INFO - DAG(s) 'gerar_csv_dados_abertos_cnpj' retrieved from /opt/airflow/dags/saving_file.py
[2025-03-29T21:19:35.242+0000] {logging_mixin.py:190} INFO - [2025-03-29T21:19:35.242+0000] {dag.py:3239} INFO - Sync 1 DAGs
[2025-03-29T21:19:35.255+0000] {logging_mixin.py:190} INFO - [2025-03-29T21:19:35.254+0000] {dag.py:4180} INFO - Setting next_dagrun for gerar_csv_dados_abertos_cnpj to 2025-03-28 00:00:00+00:00, run_after=2025-03-29 00:00:00+00:00
[2025-03-29T21:19:35.264+0000] {processor.py:208} INFO - Processing /opt/airflow/dags/saving_file.py took 0.187 seconds
[2025-03-29T21:20:05.688+0000] {processor.py:186} INFO - Started process (PID=8798) to work on /opt/airflow/dags/saving_file.py
[2025-03-29T21:20:05.689+0000] {processor.py:914} INFO - Processing file /opt/airflow/dags/saving_file.py for tasks to queue
[2025-03-29T21:20:05.691+0000] {logging_mixin.py:190} INFO - [2025-03-29T21:20:05.691+0000] {dagbag.py:588} INFO - Filling up the DagBag from /opt/airflow/dags/saving_file.py
[2025-03-29T21:20:05.834+0000] {processor.py:925} INFO - DAG(s) 'gerar_csv_dados_abertos_cnpj' retrieved from /opt/airflow/dags/saving_file.py
[2025-03-29T21:20:05.847+0000] {logging_mixin.py:190} INFO - [2025-03-29T21:20:05.847+0000] {dag.py:3239} INFO - Sync 1 DAGs
[2025-03-29T21:20:05.859+0000] {logging_mixin.py:190} INFO - [2025-03-29T21:20:05.859+0000] {dag.py:4180} INFO - Setting next_dagrun for gerar_csv_dados_abertos_cnpj to 2025-03-28 00:00:00+00:00, run_after=2025-03-29 00:00:00+00:00
[2025-03-29T21:20:05.884+0000] {processor.py:208} INFO - Processing /opt/airflow/dags/saving_file.py took 0.199 seconds
[2025-03-29T21:20:36.136+0000] {processor.py:186} INFO - Started process (PID=8809) to work on /opt/airflow/dags/saving_file.py
[2025-03-29T21:20:36.138+0000] {processor.py:914} INFO - Processing file /opt/airflow/dags/saving_file.py for tasks to queue
[2025-03-29T21:20:36.140+0000] {logging_mixin.py:190} INFO - [2025-03-29T21:20:36.140+0000] {dagbag.py:588} INFO - Filling up the DagBag from /opt/airflow/dags/saving_file.py
[2025-03-29T21:20:36.282+0000] {processor.py:925} INFO - DAG(s) 'gerar_csv_dados_abertos_cnpj' retrieved from /opt/airflow/dags/saving_file.py
[2025-03-29T21:20:36.294+0000] {logging_mixin.py:190} INFO - [2025-03-29T21:20:36.293+0000] {dag.py:3239} INFO - Sync 1 DAGs
[2025-03-29T21:20:36.304+0000] {logging_mixin.py:190} INFO - [2025-03-29T21:20:36.304+0000] {dag.py:4180} INFO - Setting next_dagrun for gerar_csv_dados_abertos_cnpj to 2025-03-28 00:00:00+00:00, run_after=2025-03-29 00:00:00+00:00
[2025-03-29T21:20:36.314+0000] {processor.py:208} INFO - Processing /opt/airflow/dags/saving_file.py took 0.182 seconds
[2025-03-29T21:21:06.690+0000] {processor.py:186} INFO - Started process (PID=8820) to work on /opt/airflow/dags/saving_file.py
[2025-03-29T21:21:06.691+0000] {processor.py:914} INFO - Processing file /opt/airflow/dags/saving_file.py for tasks to queue
[2025-03-29T21:21:06.693+0000] {logging_mixin.py:190} INFO - [2025-03-29T21:21:06.693+0000] {dagbag.py:588} INFO - Filling up the DagBag from /opt/airflow/dags/saving_file.py
[2025-03-29T21:21:06.829+0000] {processor.py:925} INFO - DAG(s) 'gerar_csv_dados_abertos_cnpj' retrieved from /opt/airflow/dags/saving_file.py
[2025-03-29T21:21:06.843+0000] {logging_mixin.py:190} INFO - [2025-03-29T21:21:06.842+0000] {dag.py:3239} INFO - Sync 1 DAGs
[2025-03-29T21:21:06.855+0000] {logging_mixin.py:190} INFO - [2025-03-29T21:21:06.855+0000] {dag.py:4180} INFO - Setting next_dagrun for gerar_csv_dados_abertos_cnpj to 2025-03-28 00:00:00+00:00, run_after=2025-03-29 00:00:00+00:00
[2025-03-29T21:21:06.865+0000] {processor.py:208} INFO - Processing /opt/airflow/dags/saving_file.py took 0.180 seconds
[2025-03-29T21:21:37.237+0000] {processor.py:186} INFO - Started process (PID=8831) to work on /opt/airflow/dags/saving_file.py
[2025-03-29T21:21:37.238+0000] {processor.py:914} INFO - Processing file /opt/airflow/dags/saving_file.py for tasks to queue
[2025-03-29T21:21:37.242+0000] {logging_mixin.py:190} INFO - [2025-03-29T21:21:37.242+0000] {dagbag.py:588} INFO - Filling up the DagBag from /opt/airflow/dags/saving_file.py
[2025-03-29T21:21:37.384+0000] {processor.py:925} INFO - DAG(s) 'gerar_csv_dados_abertos_cnpj' retrieved from /opt/airflow/dags/saving_file.py
[2025-03-29T21:21:37.398+0000] {logging_mixin.py:190} INFO - [2025-03-29T21:21:37.398+0000] {dag.py:3239} INFO - Sync 1 DAGs
[2025-03-29T21:21:37.411+0000] {logging_mixin.py:190} INFO - [2025-03-29T21:21:37.410+0000] {dag.py:4180} INFO - Setting next_dagrun for gerar_csv_dados_abertos_cnpj to 2025-03-28 00:00:00+00:00, run_after=2025-03-29 00:00:00+00:00
[2025-03-29T21:21:37.435+0000] {processor.py:208} INFO - Processing /opt/airflow/dags/saving_file.py took 0.201 seconds
[2025-03-29T21:22:07.808+0000] {processor.py:186} INFO - Started process (PID=8842) to work on /opt/airflow/dags/saving_file.py
[2025-03-29T21:22:07.809+0000] {processor.py:914} INFO - Processing file /opt/airflow/dags/saving_file.py for tasks to queue
[2025-03-29T21:22:07.812+0000] {logging_mixin.py:190} INFO - [2025-03-29T21:22:07.812+0000] {dagbag.py:588} INFO - Filling up the DagBag from /opt/airflow/dags/saving_file.py
[2025-03-29T21:22:07.959+0000] {processor.py:925} INFO - DAG(s) 'gerar_csv_dados_abertos_cnpj' retrieved from /opt/airflow/dags/saving_file.py
[2025-03-29T21:22:07.972+0000] {logging_mixin.py:190} INFO - [2025-03-29T21:22:07.972+0000] {dag.py:3239} INFO - Sync 1 DAGs
[2025-03-29T21:22:07.984+0000] {logging_mixin.py:190} INFO - [2025-03-29T21:22:07.984+0000] {dag.py:4180} INFO - Setting next_dagrun for gerar_csv_dados_abertos_cnpj to 2025-03-28 00:00:00+00:00, run_after=2025-03-29 00:00:00+00:00
[2025-03-29T21:22:07.993+0000] {processor.py:208} INFO - Processing /opt/airflow/dags/saving_file.py took 0.190 seconds
[2025-03-29T21:22:38.447+0000] {processor.py:186} INFO - Started process (PID=8853) to work on /opt/airflow/dags/saving_file.py
[2025-03-29T21:22:38.448+0000] {processor.py:914} INFO - Processing file /opt/airflow/dags/saving_file.py for tasks to queue
[2025-03-29T21:22:38.450+0000] {logging_mixin.py:190} INFO - [2025-03-29T21:22:38.450+0000] {dagbag.py:588} INFO - Filling up the DagBag from /opt/airflow/dags/saving_file.py
[2025-03-29T21:22:38.584+0000] {processor.py:925} INFO - DAG(s) 'gerar_csv_dados_abertos_cnpj' retrieved from /opt/airflow/dags/saving_file.py
[2025-03-29T21:22:38.595+0000] {logging_mixin.py:190} INFO - [2025-03-29T21:22:38.595+0000] {dag.py:3239} INFO - Sync 1 DAGs
[2025-03-29T21:22:38.606+0000] {logging_mixin.py:190} INFO - [2025-03-29T21:22:38.606+0000] {dag.py:4180} INFO - Setting next_dagrun for gerar_csv_dados_abertos_cnpj to 2025-03-28 00:00:00+00:00, run_after=2025-03-29 00:00:00+00:00
[2025-03-29T21:22:38.628+0000] {processor.py:208} INFO - Processing /opt/airflow/dags/saving_file.py took 0.184 seconds
[2025-03-29T21:23:08.886+0000] {processor.py:186} INFO - Started process (PID=8864) to work on /opt/airflow/dags/saving_file.py
[2025-03-29T21:23:08.887+0000] {processor.py:914} INFO - Processing file /opt/airflow/dags/saving_file.py for tasks to queue
[2025-03-29T21:23:08.889+0000] {logging_mixin.py:190} INFO - [2025-03-29T21:23:08.889+0000] {dagbag.py:588} INFO - Filling up the DagBag from /opt/airflow/dags/saving_file.py
[2025-03-29T21:23:09.024+0000] {processor.py:925} INFO - DAG(s) 'gerar_csv_dados_abertos_cnpj' retrieved from /opt/airflow/dags/saving_file.py
[2025-03-29T21:23:09.038+0000] {logging_mixin.py:190} INFO - [2025-03-29T21:23:09.037+0000] {dag.py:3239} INFO - Sync 1 DAGs
[2025-03-29T21:23:09.049+0000] {logging_mixin.py:190} INFO - [2025-03-29T21:23:09.049+0000] {dag.py:4180} INFO - Setting next_dagrun for gerar_csv_dados_abertos_cnpj to 2025-03-28 00:00:00+00:00, run_after=2025-03-29 00:00:00+00:00
[2025-03-29T21:23:09.060+0000] {processor.py:208} INFO - Processing /opt/airflow/dags/saving_file.py took 0.179 seconds
[2025-03-29T21:23:39.367+0000] {processor.py:186} INFO - Started process (PID=8875) to work on /opt/airflow/dags/saving_file.py
[2025-03-29T21:23:39.368+0000] {processor.py:914} INFO - Processing file /opt/airflow/dags/saving_file.py for tasks to queue
[2025-03-29T21:23:39.370+0000] {logging_mixin.py:190} INFO - [2025-03-29T21:23:39.370+0000] {dagbag.py:588} INFO - Filling up the DagBag from /opt/airflow/dags/saving_file.py
[2025-03-29T21:23:39.505+0000] {processor.py:925} INFO - DAG(s) 'gerar_csv_dados_abertos_cnpj' retrieved from /opt/airflow/dags/saving_file.py
[2025-03-29T21:23:39.519+0000] {logging_mixin.py:190} INFO - [2025-03-29T21:23:39.518+0000] {dag.py:3239} INFO - Sync 1 DAGs
[2025-03-29T21:23:39.531+0000] {logging_mixin.py:190} INFO - [2025-03-29T21:23:39.531+0000] {dag.py:4180} INFO - Setting next_dagrun for gerar_csv_dados_abertos_cnpj to 2025-03-28 00:00:00+00:00, run_after=2025-03-29 00:00:00+00:00
[2025-03-29T21:23:39.541+0000] {processor.py:208} INFO - Processing /opt/airflow/dags/saving_file.py took 0.179 seconds
[2025-03-29T21:24:09.763+0000] {processor.py:186} INFO - Started process (PID=8886) to work on /opt/airflow/dags/saving_file.py
[2025-03-29T21:24:09.765+0000] {processor.py:914} INFO - Processing file /opt/airflow/dags/saving_file.py for tasks to queue
[2025-03-29T21:24:09.767+0000] {logging_mixin.py:190} INFO - [2025-03-29T21:24:09.766+0000] {dagbag.py:588} INFO - Filling up the DagBag from /opt/airflow/dags/saving_file.py
[2025-03-29T21:24:09.910+0000] {processor.py:925} INFO - DAG(s) 'gerar_csv_dados_abertos_cnpj' retrieved from /opt/airflow/dags/saving_file.py
[2025-03-29T21:24:09.924+0000] {logging_mixin.py:190} INFO - [2025-03-29T21:24:09.924+0000] {dag.py:3239} INFO - Sync 1 DAGs
[2025-03-29T21:24:09.938+0000] {logging_mixin.py:190} INFO - [2025-03-29T21:24:09.938+0000] {dag.py:4180} INFO - Setting next_dagrun for gerar_csv_dados_abertos_cnpj to 2025-03-28 00:00:00+00:00, run_after=2025-03-29 00:00:00+00:00
[2025-03-29T21:24:09.950+0000] {processor.py:208} INFO - Processing /opt/airflow/dags/saving_file.py took 0.190 seconds
[2025-03-29T21:24:40.378+0000] {processor.py:186} INFO - Started process (PID=8897) to work on /opt/airflow/dags/saving_file.py
[2025-03-29T21:24:40.379+0000] {processor.py:914} INFO - Processing file /opt/airflow/dags/saving_file.py for tasks to queue
[2025-03-29T21:24:40.382+0000] {logging_mixin.py:190} INFO - [2025-03-29T21:24:40.382+0000] {dagbag.py:588} INFO - Filling up the DagBag from /opt/airflow/dags/saving_file.py
[2025-03-29T21:24:40.514+0000] {processor.py:925} INFO - DAG(s) 'gerar_csv_dados_abertos_cnpj' retrieved from /opt/airflow/dags/saving_file.py
[2025-03-29T21:24:40.529+0000] {logging_mixin.py:190} INFO - [2025-03-29T21:24:40.529+0000] {dag.py:3239} INFO - Sync 1 DAGs
[2025-03-29T21:24:40.540+0000] {logging_mixin.py:190} INFO - [2025-03-29T21:24:40.539+0000] {dag.py:4180} INFO - Setting next_dagrun for gerar_csv_dados_abertos_cnpj to 2025-03-28 00:00:00+00:00, run_after=2025-03-29 00:00:00+00:00
[2025-03-29T21:24:40.552+0000] {processor.py:208} INFO - Processing /opt/airflow/dags/saving_file.py took 0.178 seconds
[2025-03-29T21:25:10.898+0000] {processor.py:186} INFO - Started process (PID=8908) to work on /opt/airflow/dags/saving_file.py
[2025-03-29T21:25:10.900+0000] {processor.py:914} INFO - Processing file /opt/airflow/dags/saving_file.py for tasks to queue
[2025-03-29T21:25:10.902+0000] {logging_mixin.py:190} INFO - [2025-03-29T21:25:10.901+0000] {dagbag.py:588} INFO - Filling up the DagBag from /opt/airflow/dags/saving_file.py
[2025-03-29T21:25:11.038+0000] {processor.py:925} INFO - DAG(s) 'gerar_csv_dados_abertos_cnpj' retrieved from /opt/airflow/dags/saving_file.py
[2025-03-29T21:25:11.051+0000] {logging_mixin.py:190} INFO - [2025-03-29T21:25:11.050+0000] {dag.py:3239} INFO - Sync 1 DAGs
[2025-03-29T21:25:11.062+0000] {logging_mixin.py:190} INFO - [2025-03-29T21:25:11.062+0000] {dag.py:4180} INFO - Setting next_dagrun for gerar_csv_dados_abertos_cnpj to 2025-03-28 00:00:00+00:00, run_after=2025-03-29 00:00:00+00:00
[2025-03-29T21:25:11.072+0000] {processor.py:208} INFO - Processing /opt/airflow/dags/saving_file.py took 0.177 seconds
[2025-03-29T21:25:41.277+0000] {processor.py:186} INFO - Started process (PID=8919) to work on /opt/airflow/dags/saving_file.py
[2025-03-29T21:25:41.279+0000] {processor.py:914} INFO - Processing file /opt/airflow/dags/saving_file.py for tasks to queue
[2025-03-29T21:25:41.281+0000] {logging_mixin.py:190} INFO - [2025-03-29T21:25:41.281+0000] {dagbag.py:588} INFO - Filling up the DagBag from /opt/airflow/dags/saving_file.py
[2025-03-29T21:25:41.418+0000] {processor.py:925} INFO - DAG(s) 'gerar_csv_dados_abertos_cnpj' retrieved from /opt/airflow/dags/saving_file.py
[2025-03-29T21:25:41.431+0000] {logging_mixin.py:190} INFO - [2025-03-29T21:25:41.430+0000] {dag.py:3239} INFO - Sync 1 DAGs
[2025-03-29T21:25:41.442+0000] {logging_mixin.py:190} INFO - [2025-03-29T21:25:41.442+0000] {dag.py:4180} INFO - Setting next_dagrun for gerar_csv_dados_abertos_cnpj to 2025-03-28 00:00:00+00:00, run_after=2025-03-29 00:00:00+00:00
[2025-03-29T21:25:41.453+0000] {processor.py:208} INFO - Processing /opt/airflow/dags/saving_file.py took 0.179 seconds
[2025-03-29T21:26:11.827+0000] {processor.py:186} INFO - Started process (PID=8930) to work on /opt/airflow/dags/saving_file.py
[2025-03-29T21:26:11.830+0000] {processor.py:914} INFO - Processing file /opt/airflow/dags/saving_file.py for tasks to queue
[2025-03-29T21:26:11.832+0000] {logging_mixin.py:190} INFO - [2025-03-29T21:26:11.832+0000] {dagbag.py:588} INFO - Filling up the DagBag from /opt/airflow/dags/saving_file.py
[2025-03-29T21:26:11.977+0000] {processor.py:925} INFO - DAG(s) 'gerar_csv_dados_abertos_cnpj' retrieved from /opt/airflow/dags/saving_file.py
[2025-03-29T21:26:11.990+0000] {logging_mixin.py:190} INFO - [2025-03-29T21:26:11.990+0000] {dag.py:3239} INFO - Sync 1 DAGs
[2025-03-29T21:26:12.002+0000] {logging_mixin.py:190} INFO - [2025-03-29T21:26:12.002+0000] {dag.py:4180} INFO - Setting next_dagrun for gerar_csv_dados_abertos_cnpj to 2025-03-28 00:00:00+00:00, run_after=2025-03-29 00:00:00+00:00
[2025-03-29T21:26:12.012+0000] {processor.py:208} INFO - Processing /opt/airflow/dags/saving_file.py took 0.189 seconds
[2025-03-29T21:26:42.274+0000] {processor.py:186} INFO - Started process (PID=8941) to work on /opt/airflow/dags/saving_file.py
[2025-03-29T21:26:42.276+0000] {processor.py:914} INFO - Processing file /opt/airflow/dags/saving_file.py for tasks to queue
[2025-03-29T21:26:42.278+0000] {logging_mixin.py:190} INFO - [2025-03-29T21:26:42.278+0000] {dagbag.py:588} INFO - Filling up the DagBag from /opt/airflow/dags/saving_file.py
[2025-03-29T21:26:42.414+0000] {processor.py:925} INFO - DAG(s) 'gerar_csv_dados_abertos_cnpj' retrieved from /opt/airflow/dags/saving_file.py
[2025-03-29T21:26:42.427+0000] {logging_mixin.py:190} INFO - [2025-03-29T21:26:42.427+0000] {dag.py:3239} INFO - Sync 1 DAGs
[2025-03-29T21:26:42.438+0000] {logging_mixin.py:190} INFO - [2025-03-29T21:26:42.438+0000] {dag.py:4180} INFO - Setting next_dagrun for gerar_csv_dados_abertos_cnpj to 2025-03-28 00:00:00+00:00, run_after=2025-03-29 00:00:00+00:00
[2025-03-29T21:26:42.447+0000] {processor.py:208} INFO - Processing /opt/airflow/dags/saving_file.py took 0.178 seconds
[2025-03-29T21:27:12.759+0000] {processor.py:186} INFO - Started process (PID=8952) to work on /opt/airflow/dags/saving_file.py
[2025-03-29T21:27:12.761+0000] {processor.py:914} INFO - Processing file /opt/airflow/dags/saving_file.py for tasks to queue
[2025-03-29T21:27:12.763+0000] {logging_mixin.py:190} INFO - [2025-03-29T21:27:12.763+0000] {dagbag.py:588} INFO - Filling up the DagBag from /opt/airflow/dags/saving_file.py
[2025-03-29T21:27:12.905+0000] {processor.py:925} INFO - DAG(s) 'gerar_csv_dados_abertos_cnpj' retrieved from /opt/airflow/dags/saving_file.py
[2025-03-29T21:27:12.921+0000] {logging_mixin.py:190} INFO - [2025-03-29T21:27:12.921+0000] {dag.py:3239} INFO - Sync 1 DAGs
[2025-03-29T21:27:12.934+0000] {logging_mixin.py:190} INFO - [2025-03-29T21:27:12.934+0000] {dag.py:4180} INFO - Setting next_dagrun for gerar_csv_dados_abertos_cnpj to 2025-03-28 00:00:00+00:00, run_after=2025-03-29 00:00:00+00:00
[2025-03-29T21:27:12.943+0000] {processor.py:208} INFO - Processing /opt/airflow/dags/saving_file.py took 0.187 seconds
[2025-03-29T21:27:43.246+0000] {processor.py:186} INFO - Started process (PID=8963) to work on /opt/airflow/dags/saving_file.py
[2025-03-29T21:27:43.248+0000] {processor.py:914} INFO - Processing file /opt/airflow/dags/saving_file.py for tasks to queue
[2025-03-29T21:27:43.251+0000] {logging_mixin.py:190} INFO - [2025-03-29T21:27:43.251+0000] {dagbag.py:588} INFO - Filling up the DagBag from /opt/airflow/dags/saving_file.py
[2025-03-29T21:27:43.393+0000] {processor.py:925} INFO - DAG(s) 'gerar_csv_dados_abertos_cnpj' retrieved from /opt/airflow/dags/saving_file.py
[2025-03-29T21:27:43.406+0000] {logging_mixin.py:190} INFO - [2025-03-29T21:27:43.406+0000] {dag.py:3239} INFO - Sync 1 DAGs
[2025-03-29T21:27:43.419+0000] {logging_mixin.py:190} INFO - [2025-03-29T21:27:43.418+0000] {dag.py:4180} INFO - Setting next_dagrun for gerar_csv_dados_abertos_cnpj to 2025-03-28 00:00:00+00:00, run_after=2025-03-29 00:00:00+00:00
[2025-03-29T21:27:43.431+0000] {processor.py:208} INFO - Processing /opt/airflow/dags/saving_file.py took 0.187 seconds
[2025-03-29T21:28:13.718+0000] {processor.py:186} INFO - Started process (PID=8974) to work on /opt/airflow/dags/saving_file.py
[2025-03-29T21:28:13.720+0000] {processor.py:914} INFO - Processing file /opt/airflow/dags/saving_file.py for tasks to queue
[2025-03-29T21:28:13.722+0000] {logging_mixin.py:190} INFO - [2025-03-29T21:28:13.722+0000] {dagbag.py:588} INFO - Filling up the DagBag from /opt/airflow/dags/saving_file.py
[2025-03-29T21:28:13.860+0000] {processor.py:925} INFO - DAG(s) 'gerar_csv_dados_abertos_cnpj' retrieved from /opt/airflow/dags/saving_file.py
[2025-03-29T21:28:13.871+0000] {logging_mixin.py:190} INFO - [2025-03-29T21:28:13.871+0000] {dag.py:3239} INFO - Sync 1 DAGs
[2025-03-29T21:28:13.882+0000] {logging_mixin.py:190} INFO - [2025-03-29T21:28:13.882+0000] {dag.py:4180} INFO - Setting next_dagrun for gerar_csv_dados_abertos_cnpj to 2025-03-28 00:00:00+00:00, run_after=2025-03-29 00:00:00+00:00
[2025-03-29T21:28:13.892+0000] {processor.py:208} INFO - Processing /opt/airflow/dags/saving_file.py took 0.178 seconds
[2025-03-29T21:28:44.093+0000] {processor.py:186} INFO - Started process (PID=8985) to work on /opt/airflow/dags/saving_file.py
[2025-03-29T21:28:44.094+0000] {processor.py:914} INFO - Processing file /opt/airflow/dags/saving_file.py for tasks to queue
[2025-03-29T21:28:44.097+0000] {logging_mixin.py:190} INFO - [2025-03-29T21:28:44.096+0000] {dagbag.py:588} INFO - Filling up the DagBag from /opt/airflow/dags/saving_file.py
[2025-03-29T21:28:44.230+0000] {processor.py:925} INFO - DAG(s) 'gerar_csv_dados_abertos_cnpj' retrieved from /opt/airflow/dags/saving_file.py
[2025-03-29T21:28:44.243+0000] {logging_mixin.py:190} INFO - [2025-03-29T21:28:44.242+0000] {dag.py:3239} INFO - Sync 1 DAGs
[2025-03-29T21:28:44.254+0000] {logging_mixin.py:190} INFO - [2025-03-29T21:28:44.253+0000] {dag.py:4180} INFO - Setting next_dagrun for gerar_csv_dados_abertos_cnpj to 2025-03-28 00:00:00+00:00, run_after=2025-03-29 00:00:00+00:00
[2025-03-29T21:28:44.264+0000] {processor.py:208} INFO - Processing /opt/airflow/dags/saving_file.py took 0.174 seconds
[2025-03-29T21:29:14.483+0000] {processor.py:186} INFO - Started process (PID=8996) to work on /opt/airflow/dags/saving_file.py
[2025-03-29T21:29:14.485+0000] {processor.py:914} INFO - Processing file /opt/airflow/dags/saving_file.py for tasks to queue
[2025-03-29T21:29:14.487+0000] {logging_mixin.py:190} INFO - [2025-03-29T21:29:14.487+0000] {dagbag.py:588} INFO - Filling up the DagBag from /opt/airflow/dags/saving_file.py
[2025-03-29T21:29:14.623+0000] {processor.py:925} INFO - DAG(s) 'gerar_csv_dados_abertos_cnpj' retrieved from /opt/airflow/dags/saving_file.py
[2025-03-29T21:29:14.637+0000] {logging_mixin.py:190} INFO - [2025-03-29T21:29:14.637+0000] {dag.py:3239} INFO - Sync 1 DAGs
[2025-03-29T21:29:14.651+0000] {logging_mixin.py:190} INFO - [2025-03-29T21:29:14.650+0000] {dag.py:4180} INFO - Setting next_dagrun for gerar_csv_dados_abertos_cnpj to 2025-03-28 00:00:00+00:00, run_after=2025-03-29 00:00:00+00:00
[2025-03-29T21:29:14.661+0000] {processor.py:208} INFO - Processing /opt/airflow/dags/saving_file.py took 0.181 seconds
[2025-03-29T21:29:44.959+0000] {processor.py:186} INFO - Started process (PID=9007) to work on /opt/airflow/dags/saving_file.py
[2025-03-29T21:29:44.960+0000] {processor.py:914} INFO - Processing file /opt/airflow/dags/saving_file.py for tasks to queue
[2025-03-29T21:29:44.962+0000] {logging_mixin.py:190} INFO - [2025-03-29T21:29:44.962+0000] {dagbag.py:588} INFO - Filling up the DagBag from /opt/airflow/dags/saving_file.py
[2025-03-29T21:29:45.111+0000] {processor.py:925} INFO - DAG(s) 'gerar_csv_dados_abertos_cnpj' retrieved from /opt/airflow/dags/saving_file.py
[2025-03-29T21:29:45.127+0000] {logging_mixin.py:190} INFO - [2025-03-29T21:29:45.127+0000] {dag.py:3239} INFO - Sync 1 DAGs
[2025-03-29T21:29:45.140+0000] {logging_mixin.py:190} INFO - [2025-03-29T21:29:45.140+0000] {dag.py:4180} INFO - Setting next_dagrun for gerar_csv_dados_abertos_cnpj to 2025-03-28 00:00:00+00:00, run_after=2025-03-29 00:00:00+00:00
[2025-03-29T21:29:45.152+0000] {processor.py:208} INFO - Processing /opt/airflow/dags/saving_file.py took 0.195 seconds
[2025-03-29T21:30:15.447+0000] {processor.py:186} INFO - Started process (PID=9018) to work on /opt/airflow/dags/saving_file.py
[2025-03-29T21:30:15.448+0000] {processor.py:914} INFO - Processing file /opt/airflow/dags/saving_file.py for tasks to queue
[2025-03-29T21:30:15.451+0000] {logging_mixin.py:190} INFO - [2025-03-29T21:30:15.451+0000] {dagbag.py:588} INFO - Filling up the DagBag from /opt/airflow/dags/saving_file.py
[2025-03-29T21:30:15.588+0000] {processor.py:925} INFO - DAG(s) 'gerar_csv_dados_abertos_cnpj' retrieved from /opt/airflow/dags/saving_file.py
[2025-03-29T21:30:15.601+0000] {logging_mixin.py:190} INFO - [2025-03-29T21:30:15.601+0000] {dag.py:3239} INFO - Sync 1 DAGs
[2025-03-29T21:30:15.612+0000] {logging_mixin.py:190} INFO - [2025-03-29T21:30:15.612+0000] {dag.py:4180} INFO - Setting next_dagrun for gerar_csv_dados_abertos_cnpj to 2025-03-28 00:00:00+00:00, run_after=2025-03-29 00:00:00+00:00
[2025-03-29T21:30:15.622+0000] {processor.py:208} INFO - Processing /opt/airflow/dags/saving_file.py took 0.179 seconds
[2025-03-29T21:30:45.910+0000] {processor.py:186} INFO - Started process (PID=9029) to work on /opt/airflow/dags/saving_file.py
[2025-03-29T21:30:45.911+0000] {processor.py:914} INFO - Processing file /opt/airflow/dags/saving_file.py for tasks to queue
[2025-03-29T21:30:45.914+0000] {logging_mixin.py:190} INFO - [2025-03-29T21:30:45.913+0000] {dagbag.py:588} INFO - Filling up the DagBag from /opt/airflow/dags/saving_file.py
[2025-03-29T21:30:46.055+0000] {processor.py:925} INFO - DAG(s) 'gerar_csv_dados_abertos_cnpj' retrieved from /opt/airflow/dags/saving_file.py
[2025-03-29T21:30:46.070+0000] {logging_mixin.py:190} INFO - [2025-03-29T21:30:46.069+0000] {dag.py:3239} INFO - Sync 1 DAGs
[2025-03-29T21:30:46.082+0000] {logging_mixin.py:190} INFO - [2025-03-29T21:30:46.081+0000] {dag.py:4180} INFO - Setting next_dagrun for gerar_csv_dados_abertos_cnpj to 2025-03-28 00:00:00+00:00, run_after=2025-03-29 00:00:00+00:00
[2025-03-29T21:30:46.093+0000] {processor.py:208} INFO - Processing /opt/airflow/dags/saving_file.py took 0.186 seconds
[2025-03-29T21:31:16.358+0000] {processor.py:186} INFO - Started process (PID=9040) to work on /opt/airflow/dags/saving_file.py
[2025-03-29T21:31:16.359+0000] {processor.py:914} INFO - Processing file /opt/airflow/dags/saving_file.py for tasks to queue
[2025-03-29T21:31:16.362+0000] {logging_mixin.py:190} INFO - [2025-03-29T21:31:16.361+0000] {dagbag.py:588} INFO - Filling up the DagBag from /opt/airflow/dags/saving_file.py
[2025-03-29T21:31:16.499+0000] {processor.py:925} INFO - DAG(s) 'gerar_csv_dados_abertos_cnpj' retrieved from /opt/airflow/dags/saving_file.py
[2025-03-29T21:31:16.513+0000] {logging_mixin.py:190} INFO - [2025-03-29T21:31:16.512+0000] {dag.py:3239} INFO - Sync 1 DAGs
[2025-03-29T21:31:16.525+0000] {logging_mixin.py:190} INFO - [2025-03-29T21:31:16.525+0000] {dag.py:4180} INFO - Setting next_dagrun for gerar_csv_dados_abertos_cnpj to 2025-03-28 00:00:00+00:00, run_after=2025-03-29 00:00:00+00:00
[2025-03-29T21:31:16.537+0000] {processor.py:208} INFO - Processing /opt/airflow/dags/saving_file.py took 0.181 seconds
[2025-03-29T21:31:46.770+0000] {processor.py:186} INFO - Started process (PID=9051) to work on /opt/airflow/dags/saving_file.py
[2025-03-29T21:31:46.771+0000] {processor.py:914} INFO - Processing file /opt/airflow/dags/saving_file.py for tasks to queue
[2025-03-29T21:31:46.775+0000] {logging_mixin.py:190} INFO - [2025-03-29T21:31:46.774+0000] {dagbag.py:588} INFO - Filling up the DagBag from /opt/airflow/dags/saving_file.py
[2025-03-29T21:31:46.911+0000] {processor.py:925} INFO - DAG(s) 'gerar_csv_dados_abertos_cnpj' retrieved from /opt/airflow/dags/saving_file.py
[2025-03-29T21:31:46.923+0000] {logging_mixin.py:190} INFO - [2025-03-29T21:31:46.923+0000] {dag.py:3239} INFO - Sync 1 DAGs
[2025-03-29T21:31:46.935+0000] {logging_mixin.py:190} INFO - [2025-03-29T21:31:46.935+0000] {dag.py:4180} INFO - Setting next_dagrun for gerar_csv_dados_abertos_cnpj to 2025-03-28 00:00:00+00:00, run_after=2025-03-29 00:00:00+00:00
[2025-03-29T21:31:46.944+0000] {processor.py:208} INFO - Processing /opt/airflow/dags/saving_file.py took 0.178 seconds
[2025-03-29T21:32:17.144+0000] {processor.py:186} INFO - Started process (PID=9062) to work on /opt/airflow/dags/saving_file.py
[2025-03-29T21:32:17.147+0000] {processor.py:914} INFO - Processing file /opt/airflow/dags/saving_file.py for tasks to queue
[2025-03-29T21:32:17.149+0000] {logging_mixin.py:190} INFO - [2025-03-29T21:32:17.149+0000] {dagbag.py:588} INFO - Filling up the DagBag from /opt/airflow/dags/saving_file.py
[2025-03-29T21:32:17.289+0000] {processor.py:925} INFO - DAG(s) 'gerar_csv_dados_abertos_cnpj' retrieved from /opt/airflow/dags/saving_file.py
[2025-03-29T21:32:17.301+0000] {logging_mixin.py:190} INFO - [2025-03-29T21:32:17.301+0000] {dag.py:3239} INFO - Sync 1 DAGs
[2025-03-29T21:32:17.314+0000] {logging_mixin.py:190} INFO - [2025-03-29T21:32:17.313+0000] {dag.py:4180} INFO - Setting next_dagrun for gerar_csv_dados_abertos_cnpj to 2025-03-28 00:00:00+00:00, run_after=2025-03-29 00:00:00+00:00
[2025-03-29T21:32:17.324+0000] {processor.py:208} INFO - Processing /opt/airflow/dags/saving_file.py took 0.182 seconds
[2025-03-29T21:32:47.597+0000] {processor.py:186} INFO - Started process (PID=9073) to work on /opt/airflow/dags/saving_file.py
[2025-03-29T21:32:47.612+0000] {processor.py:914} INFO - Processing file /opt/airflow/dags/saving_file.py for tasks to queue
[2025-03-29T21:32:47.614+0000] {logging_mixin.py:190} INFO - [2025-03-29T21:32:47.614+0000] {dagbag.py:588} INFO - Filling up the DagBag from /opt/airflow/dags/saving_file.py
[2025-03-29T21:32:47.749+0000] {processor.py:925} INFO - DAG(s) 'gerar_csv_dados_abertos_cnpj' retrieved from /opt/airflow/dags/saving_file.py
[2025-03-29T21:32:47.763+0000] {logging_mixin.py:190} INFO - [2025-03-29T21:32:47.762+0000] {dag.py:3239} INFO - Sync 1 DAGs
[2025-03-29T21:32:47.776+0000] {logging_mixin.py:190} INFO - [2025-03-29T21:32:47.775+0000] {dag.py:4180} INFO - Setting next_dagrun for gerar_csv_dados_abertos_cnpj to 2025-03-28 00:00:00+00:00, run_after=2025-03-29 00:00:00+00:00
[2025-03-29T21:32:47.787+0000] {processor.py:208} INFO - Processing /opt/airflow/dags/saving_file.py took 0.193 seconds
[2025-03-29T21:33:18.063+0000] {processor.py:186} INFO - Started process (PID=9084) to work on /opt/airflow/dags/saving_file.py
[2025-03-29T21:33:18.078+0000] {processor.py:914} INFO - Processing file /opt/airflow/dags/saving_file.py for tasks to queue
[2025-03-29T21:33:18.080+0000] {logging_mixin.py:190} INFO - [2025-03-29T21:33:18.080+0000] {dagbag.py:588} INFO - Filling up the DagBag from /opt/airflow/dags/saving_file.py
[2025-03-29T21:33:18.219+0000] {processor.py:925} INFO - DAG(s) 'gerar_csv_dados_abertos_cnpj' retrieved from /opt/airflow/dags/saving_file.py
[2025-03-29T21:33:18.233+0000] {logging_mixin.py:190} INFO - [2025-03-29T21:33:18.233+0000] {dag.py:3239} INFO - Sync 1 DAGs
[2025-03-29T21:33:18.249+0000] {logging_mixin.py:190} INFO - [2025-03-29T21:33:18.248+0000] {dag.py:4180} INFO - Setting next_dagrun for gerar_csv_dados_abertos_cnpj to 2025-03-28 00:00:00+00:00, run_after=2025-03-29 00:00:00+00:00
[2025-03-29T21:33:18.259+0000] {processor.py:208} INFO - Processing /opt/airflow/dags/saving_file.py took 0.198 seconds
[2025-03-29T21:33:48.440+0000] {processor.py:186} INFO - Started process (PID=9095) to work on /opt/airflow/dags/saving_file.py
[2025-03-29T21:33:48.441+0000] {processor.py:914} INFO - Processing file /opt/airflow/dags/saving_file.py for tasks to queue
[2025-03-29T21:33:48.443+0000] {logging_mixin.py:190} INFO - [2025-03-29T21:33:48.443+0000] {dagbag.py:588} INFO - Filling up the DagBag from /opt/airflow/dags/saving_file.py
[2025-03-29T21:33:48.587+0000] {processor.py:925} INFO - DAG(s) 'gerar_csv_dados_abertos_cnpj' retrieved from /opt/airflow/dags/saving_file.py
[2025-03-29T21:33:48.599+0000] {logging_mixin.py:190} INFO - [2025-03-29T21:33:48.599+0000] {dag.py:3239} INFO - Sync 1 DAGs
[2025-03-29T21:33:48.612+0000] {logging_mixin.py:190} INFO - [2025-03-29T21:33:48.612+0000] {dag.py:4180} INFO - Setting next_dagrun for gerar_csv_dados_abertos_cnpj to 2025-03-28 00:00:00+00:00, run_after=2025-03-29 00:00:00+00:00
[2025-03-29T21:33:48.625+0000] {processor.py:208} INFO - Processing /opt/airflow/dags/saving_file.py took 0.189 seconds
[2025-03-29T21:34:18.827+0000] {processor.py:186} INFO - Started process (PID=9106) to work on /opt/airflow/dags/saving_file.py
[2025-03-29T21:34:18.830+0000] {processor.py:914} INFO - Processing file /opt/airflow/dags/saving_file.py for tasks to queue
[2025-03-29T21:34:18.832+0000] {logging_mixin.py:190} INFO - [2025-03-29T21:34:18.831+0000] {dagbag.py:588} INFO - Filling up the DagBag from /opt/airflow/dags/saving_file.py
[2025-03-29T21:34:18.971+0000] {processor.py:925} INFO - DAG(s) 'gerar_csv_dados_abertos_cnpj' retrieved from /opt/airflow/dags/saving_file.py
[2025-03-29T21:34:18.983+0000] {logging_mixin.py:190} INFO - [2025-03-29T21:34:18.983+0000] {dag.py:3239} INFO - Sync 1 DAGs
[2025-03-29T21:34:18.996+0000] {logging_mixin.py:190} INFO - [2025-03-29T21:34:18.996+0000] {dag.py:4180} INFO - Setting next_dagrun for gerar_csv_dados_abertos_cnpj to 2025-03-28 00:00:00+00:00, run_after=2025-03-29 00:00:00+00:00
[2025-03-29T21:34:19.005+0000] {processor.py:208} INFO - Processing /opt/airflow/dags/saving_file.py took 0.181 seconds
[2025-03-29T21:34:49.198+0000] {processor.py:186} INFO - Started process (PID=9123) to work on /opt/airflow/dags/saving_file.py
[2025-03-29T21:34:49.200+0000] {processor.py:914} INFO - Processing file /opt/airflow/dags/saving_file.py for tasks to queue
[2025-03-29T21:34:49.202+0000] {logging_mixin.py:190} INFO - [2025-03-29T21:34:49.202+0000] {dagbag.py:588} INFO - Filling up the DagBag from /opt/airflow/dags/saving_file.py
[2025-03-29T21:34:49.338+0000] {processor.py:925} INFO - DAG(s) 'gerar_csv_dados_abertos_cnpj' retrieved from /opt/airflow/dags/saving_file.py
[2025-03-29T21:34:49.353+0000] {logging_mixin.py:190} INFO - [2025-03-29T21:34:49.353+0000] {dag.py:3239} INFO - Sync 1 DAGs
[2025-03-29T21:34:49.366+0000] {logging_mixin.py:190} INFO - [2025-03-29T21:34:49.366+0000] {dag.py:4180} INFO - Setting next_dagrun for gerar_csv_dados_abertos_cnpj to 2025-03-28 00:00:00+00:00, run_after=2025-03-29 00:00:00+00:00
[2025-03-29T21:34:49.377+0000] {processor.py:208} INFO - Processing /opt/airflow/dags/saving_file.py took 0.182 seconds
[2025-03-29T21:35:19.684+0000] {processor.py:186} INFO - Started process (PID=9134) to work on /opt/airflow/dags/saving_file.py
[2025-03-29T21:35:19.685+0000] {processor.py:914} INFO - Processing file /opt/airflow/dags/saving_file.py for tasks to queue
[2025-03-29T21:35:19.686+0000] {logging_mixin.py:190} INFO - [2025-03-29T21:35:19.686+0000] {dagbag.py:588} INFO - Filling up the DagBag from /opt/airflow/dags/saving_file.py
[2025-03-29T21:35:19.824+0000] {processor.py:925} INFO - DAG(s) 'gerar_csv_dados_abertos_cnpj' retrieved from /opt/airflow/dags/saving_file.py
[2025-03-29T21:35:19.839+0000] {logging_mixin.py:190} INFO - [2025-03-29T21:35:19.838+0000] {dag.py:3239} INFO - Sync 1 DAGs
[2025-03-29T21:35:19.851+0000] {logging_mixin.py:190} INFO - [2025-03-29T21:35:19.851+0000] {dag.py:4180} INFO - Setting next_dagrun for gerar_csv_dados_abertos_cnpj to 2025-03-28 00:00:00+00:00, run_after=2025-03-29 00:00:00+00:00
[2025-03-29T21:35:19.861+0000] {processor.py:208} INFO - Processing /opt/airflow/dags/saving_file.py took 0.181 seconds
[2025-03-29T21:35:50.149+0000] {processor.py:186} INFO - Started process (PID=9145) to work on /opt/airflow/dags/saving_file.py
[2025-03-29T21:35:50.151+0000] {processor.py:914} INFO - Processing file /opt/airflow/dags/saving_file.py for tasks to queue
[2025-03-29T21:35:50.152+0000] {logging_mixin.py:190} INFO - [2025-03-29T21:35:50.152+0000] {dagbag.py:588} INFO - Filling up the DagBag from /opt/airflow/dags/saving_file.py
[2025-03-29T21:35:50.291+0000] {processor.py:925} INFO - DAG(s) 'gerar_csv_dados_abertos_cnpj' retrieved from /opt/airflow/dags/saving_file.py
[2025-03-29T21:35:50.304+0000] {logging_mixin.py:190} INFO - [2025-03-29T21:35:50.303+0000] {dag.py:3239} INFO - Sync 1 DAGs
[2025-03-29T21:35:50.316+0000] {logging_mixin.py:190} INFO - [2025-03-29T21:35:50.316+0000] {dag.py:4180} INFO - Setting next_dagrun for gerar_csv_dados_abertos_cnpj to 2025-03-28 00:00:00+00:00, run_after=2025-03-29 00:00:00+00:00
[2025-03-29T21:35:50.326+0000] {processor.py:208} INFO - Processing /opt/airflow/dags/saving_file.py took 0.180 seconds
[2025-03-29T21:36:20.684+0000] {processor.py:186} INFO - Started process (PID=9156) to work on /opt/airflow/dags/saving_file.py
[2025-03-29T21:36:20.686+0000] {processor.py:914} INFO - Processing file /opt/airflow/dags/saving_file.py for tasks to queue
[2025-03-29T21:36:20.689+0000] {logging_mixin.py:190} INFO - [2025-03-29T21:36:20.689+0000] {dagbag.py:588} INFO - Filling up the DagBag from /opt/airflow/dags/saving_file.py
[2025-03-29T21:36:20.828+0000] {processor.py:925} INFO - DAG(s) 'gerar_csv_dados_abertos_cnpj' retrieved from /opt/airflow/dags/saving_file.py
[2025-03-29T21:36:20.841+0000] {logging_mixin.py:190} INFO - [2025-03-29T21:36:20.841+0000] {dag.py:3239} INFO - Sync 1 DAGs
[2025-03-29T21:36:20.852+0000] {logging_mixin.py:190} INFO - [2025-03-29T21:36:20.852+0000] {dag.py:4180} INFO - Setting next_dagrun for gerar_csv_dados_abertos_cnpj to 2025-03-28 00:00:00+00:00, run_after=2025-03-29 00:00:00+00:00
[2025-03-29T21:36:20.861+0000] {processor.py:208} INFO - Processing /opt/airflow/dags/saving_file.py took 0.179 seconds
[2025-03-29T21:36:51.055+0000] {processor.py:186} INFO - Started process (PID=9167) to work on /opt/airflow/dags/saving_file.py
[2025-03-29T21:36:51.057+0000] {processor.py:914} INFO - Processing file /opt/airflow/dags/saving_file.py for tasks to queue
[2025-03-29T21:36:51.059+0000] {logging_mixin.py:190} INFO - [2025-03-29T21:36:51.058+0000] {dagbag.py:588} INFO - Filling up the DagBag from /opt/airflow/dags/saving_file.py
[2025-03-29T21:36:51.202+0000] {processor.py:925} INFO - DAG(s) 'gerar_csv_dados_abertos_cnpj' retrieved from /opt/airflow/dags/saving_file.py
[2025-03-29T21:36:51.215+0000] {logging_mixin.py:190} INFO - [2025-03-29T21:36:51.215+0000] {dag.py:3239} INFO - Sync 1 DAGs
[2025-03-29T21:36:51.228+0000] {logging_mixin.py:190} INFO - [2025-03-29T21:36:51.227+0000] {dag.py:4180} INFO - Setting next_dagrun for gerar_csv_dados_abertos_cnpj to 2025-03-28 00:00:00+00:00, run_after=2025-03-29 00:00:00+00:00
[2025-03-29T21:36:51.238+0000] {processor.py:208} INFO - Processing /opt/airflow/dags/saving_file.py took 0.186 seconds
[2025-03-29T21:37:21.435+0000] {processor.py:186} INFO - Started process (PID=9178) to work on /opt/airflow/dags/saving_file.py
[2025-03-29T21:37:21.437+0000] {processor.py:914} INFO - Processing file /opt/airflow/dags/saving_file.py for tasks to queue
[2025-03-29T21:37:21.439+0000] {logging_mixin.py:190} INFO - [2025-03-29T21:37:21.438+0000] {dagbag.py:588} INFO - Filling up the DagBag from /opt/airflow/dags/saving_file.py
[2025-03-29T21:37:21.589+0000] {processor.py:925} INFO - DAG(s) 'gerar_csv_dados_abertos_cnpj' retrieved from /opt/airflow/dags/saving_file.py
[2025-03-29T21:37:21.603+0000] {logging_mixin.py:190} INFO - [2025-03-29T21:37:21.602+0000] {dag.py:3239} INFO - Sync 1 DAGs
[2025-03-29T21:37:21.616+0000] {logging_mixin.py:190} INFO - [2025-03-29T21:37:21.616+0000] {dag.py:4180} INFO - Setting next_dagrun for gerar_csv_dados_abertos_cnpj to 2025-03-28 00:00:00+00:00, run_after=2025-03-29 00:00:00+00:00
[2025-03-29T21:37:21.628+0000] {processor.py:208} INFO - Processing /opt/airflow/dags/saving_file.py took 0.196 seconds
[2025-03-29T21:37:51.918+0000] {processor.py:186} INFO - Started process (PID=9189) to work on /opt/airflow/dags/saving_file.py
[2025-03-29T21:37:51.919+0000] {processor.py:914} INFO - Processing file /opt/airflow/dags/saving_file.py for tasks to queue
[2025-03-29T21:37:51.922+0000] {logging_mixin.py:190} INFO - [2025-03-29T21:37:51.922+0000] {dagbag.py:588} INFO - Filling up the DagBag from /opt/airflow/dags/saving_file.py
[2025-03-29T21:37:52.064+0000] {processor.py:925} INFO - DAG(s) 'gerar_csv_dados_abertos_cnpj' retrieved from /opt/airflow/dags/saving_file.py
[2025-03-29T21:37:52.076+0000] {logging_mixin.py:190} INFO - [2025-03-29T21:37:52.076+0000] {dag.py:3239} INFO - Sync 1 DAGs
[2025-03-29T21:37:52.087+0000] {logging_mixin.py:190} INFO - [2025-03-29T21:37:52.087+0000] {dag.py:4180} INFO - Setting next_dagrun for gerar_csv_dados_abertos_cnpj to 2025-03-28 00:00:00+00:00, run_after=2025-03-29 00:00:00+00:00
[2025-03-29T21:37:52.097+0000] {processor.py:208} INFO - Processing /opt/airflow/dags/saving_file.py took 0.184 seconds
[2025-03-29T21:38:22.372+0000] {processor.py:186} INFO - Started process (PID=9200) to work on /opt/airflow/dags/saving_file.py
[2025-03-29T21:38:22.374+0000] {processor.py:914} INFO - Processing file /opt/airflow/dags/saving_file.py for tasks to queue
[2025-03-29T21:38:22.376+0000] {logging_mixin.py:190} INFO - [2025-03-29T21:38:22.376+0000] {dagbag.py:588} INFO - Filling up the DagBag from /opt/airflow/dags/saving_file.py
[2025-03-29T21:38:22.518+0000] {processor.py:925} INFO - DAG(s) 'gerar_csv_dados_abertos_cnpj' retrieved from /opt/airflow/dags/saving_file.py
[2025-03-29T21:38:22.530+0000] {logging_mixin.py:190} INFO - [2025-03-29T21:38:22.529+0000] {dag.py:3239} INFO - Sync 1 DAGs
[2025-03-29T21:38:22.541+0000] {logging_mixin.py:190} INFO - [2025-03-29T21:38:22.541+0000] {dag.py:4180} INFO - Setting next_dagrun for gerar_csv_dados_abertos_cnpj to 2025-03-28 00:00:00+00:00, run_after=2025-03-29 00:00:00+00:00
[2025-03-29T21:38:22.550+0000] {processor.py:208} INFO - Processing /opt/airflow/dags/saving_file.py took 0.181 seconds
[2025-03-29T21:38:52.838+0000] {processor.py:186} INFO - Started process (PID=9211) to work on /opt/airflow/dags/saving_file.py
[2025-03-29T21:38:52.839+0000] {processor.py:914} INFO - Processing file /opt/airflow/dags/saving_file.py for tasks to queue
[2025-03-29T21:38:52.841+0000] {logging_mixin.py:190} INFO - [2025-03-29T21:38:52.840+0000] {dagbag.py:588} INFO - Filling up the DagBag from /opt/airflow/dags/saving_file.py
[2025-03-29T21:38:52.981+0000] {processor.py:925} INFO - DAG(s) 'gerar_csv_dados_abertos_cnpj' retrieved from /opt/airflow/dags/saving_file.py
[2025-03-29T21:38:52.994+0000] {logging_mixin.py:190} INFO - [2025-03-29T21:38:52.994+0000] {dag.py:3239} INFO - Sync 1 DAGs
[2025-03-29T21:38:53.007+0000] {logging_mixin.py:190} INFO - [2025-03-29T21:38:53.007+0000] {dag.py:4180} INFO - Setting next_dagrun for gerar_csv_dados_abertos_cnpj to 2025-03-28 00:00:00+00:00, run_after=2025-03-29 00:00:00+00:00
[2025-03-29T21:38:53.019+0000] {processor.py:208} INFO - Processing /opt/airflow/dags/saving_file.py took 0.184 seconds
[2025-03-29T21:39:23.201+0000] {processor.py:186} INFO - Started process (PID=9222) to work on /opt/airflow/dags/saving_file.py
[2025-03-29T21:39:23.204+0000] {processor.py:914} INFO - Processing file /opt/airflow/dags/saving_file.py for tasks to queue
[2025-03-29T21:39:23.206+0000] {logging_mixin.py:190} INFO - [2025-03-29T21:39:23.206+0000] {dagbag.py:588} INFO - Filling up the DagBag from /opt/airflow/dags/saving_file.py
[2025-03-29T21:39:23.344+0000] {processor.py:925} INFO - DAG(s) 'gerar_csv_dados_abertos_cnpj' retrieved from /opt/airflow/dags/saving_file.py
[2025-03-29T21:39:23.357+0000] {logging_mixin.py:190} INFO - [2025-03-29T21:39:23.357+0000] {dag.py:3239} INFO - Sync 1 DAGs
[2025-03-29T21:39:23.369+0000] {logging_mixin.py:190} INFO - [2025-03-29T21:39:23.369+0000] {dag.py:4180} INFO - Setting next_dagrun for gerar_csv_dados_abertos_cnpj to 2025-03-28 00:00:00+00:00, run_after=2025-03-29 00:00:00+00:00
[2025-03-29T21:39:23.380+0000] {processor.py:208} INFO - Processing /opt/airflow/dags/saving_file.py took 0.182 seconds
[2025-03-29T21:39:53.586+0000] {processor.py:186} INFO - Started process (PID=9233) to work on /opt/airflow/dags/saving_file.py
[2025-03-29T21:39:53.587+0000] {processor.py:914} INFO - Processing file /opt/airflow/dags/saving_file.py for tasks to queue
[2025-03-29T21:39:53.589+0000] {logging_mixin.py:190} INFO - [2025-03-29T21:39:53.589+0000] {dagbag.py:588} INFO - Filling up the DagBag from /opt/airflow/dags/saving_file.py
[2025-03-29T21:39:53.733+0000] {processor.py:925} INFO - DAG(s) 'gerar_csv_dados_abertos_cnpj' retrieved from /opt/airflow/dags/saving_file.py
[2025-03-29T21:39:53.745+0000] {logging_mixin.py:190} INFO - [2025-03-29T21:39:53.745+0000] {dag.py:3239} INFO - Sync 1 DAGs
[2025-03-29T21:39:53.757+0000] {logging_mixin.py:190} INFO - [2025-03-29T21:39:53.757+0000] {dag.py:4180} INFO - Setting next_dagrun for gerar_csv_dados_abertos_cnpj to 2025-03-28 00:00:00+00:00, run_after=2025-03-29 00:00:00+00:00
[2025-03-29T21:39:53.768+0000] {processor.py:208} INFO - Processing /opt/airflow/dags/saving_file.py took 0.186 seconds
[2025-03-29T21:40:23.966+0000] {processor.py:186} INFO - Started process (PID=9243) to work on /opt/airflow/dags/saving_file.py
[2025-03-29T21:40:23.967+0000] {processor.py:914} INFO - Processing file /opt/airflow/dags/saving_file.py for tasks to queue
[2025-03-29T21:40:23.969+0000] {logging_mixin.py:190} INFO - [2025-03-29T21:40:23.969+0000] {dagbag.py:588} INFO - Filling up the DagBag from /opt/airflow/dags/saving_file.py
[2025-03-29T21:40:24.108+0000] {processor.py:925} INFO - DAG(s) 'gerar_csv_dados_abertos_cnpj' retrieved from /opt/airflow/dags/saving_file.py
[2025-03-29T21:40:24.121+0000] {logging_mixin.py:190} INFO - [2025-03-29T21:40:24.121+0000] {dag.py:3239} INFO - Sync 1 DAGs
[2025-03-29T21:40:24.134+0000] {logging_mixin.py:190} INFO - [2025-03-29T21:40:24.134+0000] {dag.py:4180} INFO - Setting next_dagrun for gerar_csv_dados_abertos_cnpj to 2025-03-28 00:00:00+00:00, run_after=2025-03-29 00:00:00+00:00
[2025-03-29T21:40:24.145+0000] {processor.py:208} INFO - Processing /opt/airflow/dags/saving_file.py took 0.182 seconds
[2025-03-29T21:40:54.428+0000] {processor.py:186} INFO - Started process (PID=9254) to work on /opt/airflow/dags/saving_file.py
[2025-03-29T21:40:54.431+0000] {processor.py:914} INFO - Processing file /opt/airflow/dags/saving_file.py for tasks to queue
[2025-03-29T21:40:54.433+0000] {logging_mixin.py:190} INFO - [2025-03-29T21:40:54.433+0000] {dagbag.py:588} INFO - Filling up the DagBag from /opt/airflow/dags/saving_file.py
[2025-03-29T21:40:54.575+0000] {processor.py:925} INFO - DAG(s) 'gerar_csv_dados_abertos_cnpj' retrieved from /opt/airflow/dags/saving_file.py
[2025-03-29T21:40:54.590+0000] {logging_mixin.py:190} INFO - [2025-03-29T21:40:54.590+0000] {dag.py:3239} INFO - Sync 1 DAGs
[2025-03-29T21:40:54.603+0000] {logging_mixin.py:190} INFO - [2025-03-29T21:40:54.603+0000] {dag.py:4180} INFO - Setting next_dagrun for gerar_csv_dados_abertos_cnpj to 2025-03-28 00:00:00+00:00, run_after=2025-03-29 00:00:00+00:00
[2025-03-29T21:40:54.614+0000] {processor.py:208} INFO - Processing /opt/airflow/dags/saving_file.py took 0.189 seconds
[2025-03-29T21:41:24.968+0000] {processor.py:186} INFO - Started process (PID=9265) to work on /opt/airflow/dags/saving_file.py
[2025-03-29T21:41:24.971+0000] {processor.py:914} INFO - Processing file /opt/airflow/dags/saving_file.py for tasks to queue
[2025-03-29T21:41:24.974+0000] {logging_mixin.py:190} INFO - [2025-03-29T21:41:24.974+0000] {dagbag.py:588} INFO - Filling up the DagBag from /opt/airflow/dags/saving_file.py
[2025-03-29T21:41:25.115+0000] {processor.py:925} INFO - DAG(s) 'gerar_csv_dados_abertos_cnpj' retrieved from /opt/airflow/dags/saving_file.py
[2025-03-29T21:41:25.128+0000] {logging_mixin.py:190} INFO - [2025-03-29T21:41:25.128+0000] {dag.py:3239} INFO - Sync 1 DAGs
[2025-03-29T21:41:25.141+0000] {logging_mixin.py:190} INFO - [2025-03-29T21:41:25.140+0000] {dag.py:4180} INFO - Setting next_dagrun for gerar_csv_dados_abertos_cnpj to 2025-03-28 00:00:00+00:00, run_after=2025-03-29 00:00:00+00:00
[2025-03-29T21:41:25.150+0000] {processor.py:208} INFO - Processing /opt/airflow/dags/saving_file.py took 0.185 seconds
[2025-03-29T21:41:55.433+0000] {processor.py:186} INFO - Started process (PID=9276) to work on /opt/airflow/dags/saving_file.py
[2025-03-29T21:41:55.434+0000] {processor.py:914} INFO - Processing file /opt/airflow/dags/saving_file.py for tasks to queue
[2025-03-29T21:41:55.437+0000] {logging_mixin.py:190} INFO - [2025-03-29T21:41:55.437+0000] {dagbag.py:588} INFO - Filling up the DagBag from /opt/airflow/dags/saving_file.py
[2025-03-29T21:41:55.574+0000] {processor.py:925} INFO - DAG(s) 'gerar_csv_dados_abertos_cnpj' retrieved from /opt/airflow/dags/saving_file.py
[2025-03-29T21:41:55.586+0000] {logging_mixin.py:190} INFO - [2025-03-29T21:41:55.586+0000] {dag.py:3239} INFO - Sync 1 DAGs
[2025-03-29T21:41:55.598+0000] {logging_mixin.py:190} INFO - [2025-03-29T21:41:55.598+0000] {dag.py:4180} INFO - Setting next_dagrun for gerar_csv_dados_abertos_cnpj to 2025-03-28 00:00:00+00:00, run_after=2025-03-29 00:00:00+00:00
[2025-03-29T21:41:55.609+0000] {processor.py:208} INFO - Processing /opt/airflow/dags/saving_file.py took 0.179 seconds
[2025-03-29T21:42:25.838+0000] {processor.py:186} INFO - Started process (PID=9287) to work on /opt/airflow/dags/saving_file.py
[2025-03-29T21:42:25.853+0000] {processor.py:914} INFO - Processing file /opt/airflow/dags/saving_file.py for tasks to queue
[2025-03-29T21:42:25.854+0000] {logging_mixin.py:190} INFO - [2025-03-29T21:42:25.854+0000] {dagbag.py:588} INFO - Filling up the DagBag from /opt/airflow/dags/saving_file.py
[2025-03-29T21:42:25.991+0000] {processor.py:925} INFO - DAG(s) 'gerar_csv_dados_abertos_cnpj' retrieved from /opt/airflow/dags/saving_file.py
[2025-03-29T21:42:26.004+0000] {logging_mixin.py:190} INFO - [2025-03-29T21:42:26.004+0000] {dag.py:3239} INFO - Sync 1 DAGs
[2025-03-29T21:42:26.016+0000] {logging_mixin.py:190} INFO - [2025-03-29T21:42:26.016+0000] {dag.py:4180} INFO - Setting next_dagrun for gerar_csv_dados_abertos_cnpj to 2025-03-28 00:00:00+00:00, run_after=2025-03-29 00:00:00+00:00
[2025-03-29T21:42:26.026+0000] {processor.py:208} INFO - Processing /opt/airflow/dags/saving_file.py took 0.192 seconds
[2025-03-29T21:42:56.234+0000] {processor.py:186} INFO - Started process (PID=9298) to work on /opt/airflow/dags/saving_file.py
[2025-03-29T21:42:56.236+0000] {processor.py:914} INFO - Processing file /opt/airflow/dags/saving_file.py for tasks to queue
[2025-03-29T21:42:56.238+0000] {logging_mixin.py:190} INFO - [2025-03-29T21:42:56.238+0000] {dagbag.py:588} INFO - Filling up the DagBag from /opt/airflow/dags/saving_file.py
[2025-03-29T21:42:56.379+0000] {processor.py:925} INFO - DAG(s) 'gerar_csv_dados_abertos_cnpj' retrieved from /opt/airflow/dags/saving_file.py
[2025-03-29T21:42:56.393+0000] {logging_mixin.py:190} INFO - [2025-03-29T21:42:56.393+0000] {dag.py:3239} INFO - Sync 1 DAGs
[2025-03-29T21:42:56.406+0000] {logging_mixin.py:190} INFO - [2025-03-29T21:42:56.406+0000] {dag.py:4180} INFO - Setting next_dagrun for gerar_csv_dados_abertos_cnpj to 2025-03-28 00:00:00+00:00, run_after=2025-03-29 00:00:00+00:00
[2025-03-29T21:42:56.416+0000] {processor.py:208} INFO - Processing /opt/airflow/dags/saving_file.py took 0.185 seconds
[2025-03-29T21:43:26.722+0000] {processor.py:186} INFO - Started process (PID=9309) to work on /opt/airflow/dags/saving_file.py
[2025-03-29T21:43:26.723+0000] {processor.py:914} INFO - Processing file /opt/airflow/dags/saving_file.py for tasks to queue
[2025-03-29T21:43:26.725+0000] {logging_mixin.py:190} INFO - [2025-03-29T21:43:26.725+0000] {dagbag.py:588} INFO - Filling up the DagBag from /opt/airflow/dags/saving_file.py
[2025-03-29T21:43:26.860+0000] {processor.py:925} INFO - DAG(s) 'gerar_csv_dados_abertos_cnpj' retrieved from /opt/airflow/dags/saving_file.py
[2025-03-29T21:43:26.873+0000] {logging_mixin.py:190} INFO - [2025-03-29T21:43:26.873+0000] {dag.py:3239} INFO - Sync 1 DAGs
[2025-03-29T21:43:26.884+0000] {logging_mixin.py:190} INFO - [2025-03-29T21:43:26.884+0000] {dag.py:4180} INFO - Setting next_dagrun for gerar_csv_dados_abertos_cnpj to 2025-03-28 00:00:00+00:00, run_after=2025-03-29 00:00:00+00:00
[2025-03-29T21:43:26.893+0000] {processor.py:208} INFO - Processing /opt/airflow/dags/saving_file.py took 0.174 seconds
[2025-03-29T21:43:57.199+0000] {processor.py:186} INFO - Started process (PID=9320) to work on /opt/airflow/dags/saving_file.py
[2025-03-29T21:43:57.201+0000] {processor.py:914} INFO - Processing file /opt/airflow/dags/saving_file.py for tasks to queue
[2025-03-29T21:43:57.204+0000] {logging_mixin.py:190} INFO - [2025-03-29T21:43:57.203+0000] {dagbag.py:588} INFO - Filling up the DagBag from /opt/airflow/dags/saving_file.py
[2025-03-29T21:43:57.345+0000] {processor.py:925} INFO - DAG(s) 'gerar_csv_dados_abertos_cnpj' retrieved from /opt/airflow/dags/saving_file.py
[2025-03-29T21:43:57.359+0000] {logging_mixin.py:190} INFO - [2025-03-29T21:43:57.359+0000] {dag.py:3239} INFO - Sync 1 DAGs
[2025-03-29T21:43:57.372+0000] {logging_mixin.py:190} INFO - [2025-03-29T21:43:57.372+0000] {dag.py:4180} INFO - Setting next_dagrun for gerar_csv_dados_abertos_cnpj to 2025-03-28 00:00:00+00:00, run_after=2025-03-29 00:00:00+00:00
[2025-03-29T21:43:57.381+0000] {processor.py:208} INFO - Processing /opt/airflow/dags/saving_file.py took 0.187 seconds
[2025-03-29T21:44:27.682+0000] {processor.py:186} INFO - Started process (PID=9331) to work on /opt/airflow/dags/saving_file.py
[2025-03-29T21:44:27.683+0000] {processor.py:914} INFO - Processing file /opt/airflow/dags/saving_file.py for tasks to queue
[2025-03-29T21:44:27.686+0000] {logging_mixin.py:190} INFO - [2025-03-29T21:44:27.686+0000] {dagbag.py:588} INFO - Filling up the DagBag from /opt/airflow/dags/saving_file.py
[2025-03-29T21:44:27.831+0000] {processor.py:925} INFO - DAG(s) 'gerar_csv_dados_abertos_cnpj' retrieved from /opt/airflow/dags/saving_file.py
[2025-03-29T21:44:27.844+0000] {logging_mixin.py:190} INFO - [2025-03-29T21:44:27.843+0000] {dag.py:3239} INFO - Sync 1 DAGs
[2025-03-29T21:44:27.855+0000] {logging_mixin.py:190} INFO - [2025-03-29T21:44:27.855+0000] {dag.py:4180} INFO - Setting next_dagrun for gerar_csv_dados_abertos_cnpj to 2025-03-28 00:00:00+00:00, run_after=2025-03-29 00:00:00+00:00
[2025-03-29T21:44:27.865+0000] {processor.py:208} INFO - Processing /opt/airflow/dags/saving_file.py took 0.186 seconds
[2025-03-29T21:44:58.092+0000] {processor.py:186} INFO - Started process (PID=9342) to work on /opt/airflow/dags/saving_file.py
[2025-03-29T21:44:58.094+0000] {processor.py:914} INFO - Processing file /opt/airflow/dags/saving_file.py for tasks to queue
[2025-03-29T21:44:58.096+0000] {logging_mixin.py:190} INFO - [2025-03-29T21:44:58.096+0000] {dagbag.py:588} INFO - Filling up the DagBag from /opt/airflow/dags/saving_file.py
[2025-03-29T21:44:58.240+0000] {processor.py:925} INFO - DAG(s) 'gerar_csv_dados_abertos_cnpj' retrieved from /opt/airflow/dags/saving_file.py
[2025-03-29T21:44:58.254+0000] {logging_mixin.py:190} INFO - [2025-03-29T21:44:58.253+0000] {dag.py:3239} INFO - Sync 1 DAGs
[2025-03-29T21:44:58.266+0000] {logging_mixin.py:190} INFO - [2025-03-29T21:44:58.266+0000] {dag.py:4180} INFO - Setting next_dagrun for gerar_csv_dados_abertos_cnpj to 2025-03-28 00:00:00+00:00, run_after=2025-03-29 00:00:00+00:00
[2025-03-29T21:44:58.276+0000] {processor.py:208} INFO - Processing /opt/airflow/dags/saving_file.py took 0.187 seconds
[2025-03-29T21:45:28.486+0000] {processor.py:186} INFO - Started process (PID=9353) to work on /opt/airflow/dags/saving_file.py
[2025-03-29T21:45:28.489+0000] {processor.py:914} INFO - Processing file /opt/airflow/dags/saving_file.py for tasks to queue
[2025-03-29T21:45:28.491+0000] {logging_mixin.py:190} INFO - [2025-03-29T21:45:28.491+0000] {dagbag.py:588} INFO - Filling up the DagBag from /opt/airflow/dags/saving_file.py
[2025-03-29T21:45:28.628+0000] {processor.py:925} INFO - DAG(s) 'gerar_csv_dados_abertos_cnpj' retrieved from /opt/airflow/dags/saving_file.py
[2025-03-29T21:45:28.642+0000] {logging_mixin.py:190} INFO - [2025-03-29T21:45:28.642+0000] {dag.py:3239} INFO - Sync 1 DAGs
[2025-03-29T21:45:28.654+0000] {logging_mixin.py:190} INFO - [2025-03-29T21:45:28.654+0000] {dag.py:4180} INFO - Setting next_dagrun for gerar_csv_dados_abertos_cnpj to 2025-03-28 00:00:00+00:00, run_after=2025-03-29 00:00:00+00:00
[2025-03-29T21:45:28.663+0000] {processor.py:208} INFO - Processing /opt/airflow/dags/saving_file.py took 0.180 seconds
[2025-03-29T21:45:58.953+0000] {processor.py:186} INFO - Started process (PID=9364) to work on /opt/airflow/dags/saving_file.py
[2025-03-29T21:45:58.954+0000] {processor.py:914} INFO - Processing file /opt/airflow/dags/saving_file.py for tasks to queue
[2025-03-29T21:45:58.956+0000] {logging_mixin.py:190} INFO - [2025-03-29T21:45:58.956+0000] {dagbag.py:588} INFO - Filling up the DagBag from /opt/airflow/dags/saving_file.py
[2025-03-29T21:45:59.098+0000] {processor.py:925} INFO - DAG(s) 'gerar_csv_dados_abertos_cnpj' retrieved from /opt/airflow/dags/saving_file.py
[2025-03-29T21:45:59.110+0000] {logging_mixin.py:190} INFO - [2025-03-29T21:45:59.110+0000] {dag.py:3239} INFO - Sync 1 DAGs
[2025-03-29T21:45:59.121+0000] {logging_mixin.py:190} INFO - [2025-03-29T21:45:59.121+0000] {dag.py:4180} INFO - Setting next_dagrun for gerar_csv_dados_abertos_cnpj to 2025-03-28 00:00:00+00:00, run_after=2025-03-29 00:00:00+00:00
[2025-03-29T21:45:59.130+0000] {processor.py:208} INFO - Processing /opt/airflow/dags/saving_file.py took 0.180 seconds
[2025-03-29T21:46:29.457+0000] {processor.py:186} INFO - Started process (PID=9375) to work on /opt/airflow/dags/saving_file.py
[2025-03-29T21:46:29.458+0000] {processor.py:914} INFO - Processing file /opt/airflow/dags/saving_file.py for tasks to queue
[2025-03-29T21:46:29.460+0000] {logging_mixin.py:190} INFO - [2025-03-29T21:46:29.460+0000] {dagbag.py:588} INFO - Filling up the DagBag from /opt/airflow/dags/saving_file.py
[2025-03-29T21:46:29.602+0000] {processor.py:925} INFO - DAG(s) 'gerar_csv_dados_abertos_cnpj' retrieved from /opt/airflow/dags/saving_file.py
[2025-03-29T21:46:29.615+0000] {logging_mixin.py:190} INFO - [2025-03-29T21:46:29.615+0000] {dag.py:3239} INFO - Sync 1 DAGs
[2025-03-29T21:46:29.626+0000] {logging_mixin.py:190} INFO - [2025-03-29T21:46:29.626+0000] {dag.py:4180} INFO - Setting next_dagrun for gerar_csv_dados_abertos_cnpj to 2025-03-28 00:00:00+00:00, run_after=2025-03-29 00:00:00+00:00
[2025-03-29T21:46:29.651+0000] {processor.py:208} INFO - Processing /opt/airflow/dags/saving_file.py took 0.197 seconds
[2025-03-29T21:46:59.917+0000] {processor.py:186} INFO - Started process (PID=9386) to work on /opt/airflow/dags/saving_file.py
[2025-03-29T21:46:59.932+0000] {processor.py:914} INFO - Processing file /opt/airflow/dags/saving_file.py for tasks to queue
[2025-03-29T21:46:59.934+0000] {logging_mixin.py:190} INFO - [2025-03-29T21:46:59.934+0000] {dagbag.py:588} INFO - Filling up the DagBag from /opt/airflow/dags/saving_file.py
[2025-03-29T21:47:00.075+0000] {processor.py:925} INFO - DAG(s) 'gerar_csv_dados_abertos_cnpj' retrieved from /opt/airflow/dags/saving_file.py
[2025-03-29T21:47:00.088+0000] {logging_mixin.py:190} INFO - [2025-03-29T21:47:00.088+0000] {dag.py:3239} INFO - Sync 1 DAGs
[2025-03-29T21:47:00.100+0000] {logging_mixin.py:190} INFO - [2025-03-29T21:47:00.100+0000] {dag.py:4180} INFO - Setting next_dagrun for gerar_csv_dados_abertos_cnpj to 2025-03-28 00:00:00+00:00, run_after=2025-03-29 00:00:00+00:00
[2025-03-29T21:47:00.110+0000] {processor.py:208} INFO - Processing /opt/airflow/dags/saving_file.py took 0.196 seconds
[2025-03-29T21:47:30.382+0000] {processor.py:186} INFO - Started process (PID=9397) to work on /opt/airflow/dags/saving_file.py
[2025-03-29T21:47:30.383+0000] {processor.py:914} INFO - Processing file /opt/airflow/dags/saving_file.py for tasks to queue
[2025-03-29T21:47:30.385+0000] {logging_mixin.py:190} INFO - [2025-03-29T21:47:30.385+0000] {dagbag.py:588} INFO - Filling up the DagBag from /opt/airflow/dags/saving_file.py
[2025-03-29T21:47:30.525+0000] {processor.py:925} INFO - DAG(s) 'gerar_csv_dados_abertos_cnpj' retrieved from /opt/airflow/dags/saving_file.py
[2025-03-29T21:47:30.539+0000] {logging_mixin.py:190} INFO - [2025-03-29T21:47:30.539+0000] {dag.py:3239} INFO - Sync 1 DAGs
[2025-03-29T21:47:30.552+0000] {logging_mixin.py:190} INFO - [2025-03-29T21:47:30.552+0000] {dag.py:4180} INFO - Setting next_dagrun for gerar_csv_dados_abertos_cnpj to 2025-03-28 00:00:00+00:00, run_after=2025-03-29 00:00:00+00:00
[2025-03-29T21:47:30.565+0000] {processor.py:208} INFO - Processing /opt/airflow/dags/saving_file.py took 0.186 seconds
[2025-03-29T21:48:00.761+0000] {processor.py:186} INFO - Started process (PID=9408) to work on /opt/airflow/dags/saving_file.py
[2025-03-29T21:48:00.762+0000] {processor.py:914} INFO - Processing file /opt/airflow/dags/saving_file.py for tasks to queue
[2025-03-29T21:48:00.764+0000] {logging_mixin.py:190} INFO - [2025-03-29T21:48:00.764+0000] {dagbag.py:588} INFO - Filling up the DagBag from /opt/airflow/dags/saving_file.py
[2025-03-29T21:48:00.901+0000] {processor.py:925} INFO - DAG(s) 'gerar_csv_dados_abertos_cnpj' retrieved from /opt/airflow/dags/saving_file.py
[2025-03-29T21:48:00.915+0000] {logging_mixin.py:190} INFO - [2025-03-29T21:48:00.914+0000] {dag.py:3239} INFO - Sync 1 DAGs
[2025-03-29T21:48:00.927+0000] {logging_mixin.py:190} INFO - [2025-03-29T21:48:00.927+0000] {dag.py:4180} INFO - Setting next_dagrun for gerar_csv_dados_abertos_cnpj to 2025-03-28 00:00:00+00:00, run_after=2025-03-29 00:00:00+00:00
[2025-03-29T21:48:00.936+0000] {processor.py:208} INFO - Processing /opt/airflow/dags/saving_file.py took 0.178 seconds
[2025-03-29T21:48:31.126+0000] {processor.py:186} INFO - Started process (PID=9419) to work on /opt/airflow/dags/saving_file.py
[2025-03-29T21:48:31.127+0000] {processor.py:914} INFO - Processing file /opt/airflow/dags/saving_file.py for tasks to queue
[2025-03-29T21:48:31.129+0000] {logging_mixin.py:190} INFO - [2025-03-29T21:48:31.129+0000] {dagbag.py:588} INFO - Filling up the DagBag from /opt/airflow/dags/saving_file.py
[2025-03-29T21:48:31.274+0000] {processor.py:925} INFO - DAG(s) 'gerar_csv_dados_abertos_cnpj' retrieved from /opt/airflow/dags/saving_file.py
[2025-03-29T21:48:31.288+0000] {logging_mixin.py:190} INFO - [2025-03-29T21:48:31.288+0000] {dag.py:3239} INFO - Sync 1 DAGs
[2025-03-29T21:48:31.302+0000] {logging_mixin.py:190} INFO - [2025-03-29T21:48:31.302+0000] {dag.py:4180} INFO - Setting next_dagrun for gerar_csv_dados_abertos_cnpj to 2025-03-28 00:00:00+00:00, run_after=2025-03-29 00:00:00+00:00
[2025-03-29T21:48:31.311+0000] {processor.py:208} INFO - Processing /opt/airflow/dags/saving_file.py took 0.189 seconds
[2025-03-29T21:49:01.602+0000] {processor.py:186} INFO - Started process (PID=9430) to work on /opt/airflow/dags/saving_file.py
[2025-03-29T21:49:01.605+0000] {processor.py:914} INFO - Processing file /opt/airflow/dags/saving_file.py for tasks to queue
[2025-03-29T21:49:01.607+0000] {logging_mixin.py:190} INFO - [2025-03-29T21:49:01.607+0000] {dagbag.py:588} INFO - Filling up the DagBag from /opt/airflow/dags/saving_file.py
[2025-03-29T21:49:01.753+0000] {processor.py:925} INFO - DAG(s) 'gerar_csv_dados_abertos_cnpj' retrieved from /opt/airflow/dags/saving_file.py
[2025-03-29T21:49:01.769+0000] {logging_mixin.py:190} INFO - [2025-03-29T21:49:01.769+0000] {dag.py:3239} INFO - Sync 1 DAGs
[2025-03-29T21:49:01.782+0000] {logging_mixin.py:190} INFO - [2025-03-29T21:49:01.782+0000] {dag.py:4180} INFO - Setting next_dagrun for gerar_csv_dados_abertos_cnpj to 2025-03-28 00:00:00+00:00, run_after=2025-03-29 00:00:00+00:00
[2025-03-29T21:49:01.794+0000] {processor.py:208} INFO - Processing /opt/airflow/dags/saving_file.py took 0.194 seconds
[2025-03-29T21:49:32.081+0000] {processor.py:186} INFO - Started process (PID=9441) to work on /opt/airflow/dags/saving_file.py
[2025-03-29T21:49:32.082+0000] {processor.py:914} INFO - Processing file /opt/airflow/dags/saving_file.py for tasks to queue
[2025-03-29T21:49:32.084+0000] {logging_mixin.py:190} INFO - [2025-03-29T21:49:32.083+0000] {dagbag.py:588} INFO - Filling up the DagBag from /opt/airflow/dags/saving_file.py
[2025-03-29T21:49:32.223+0000] {processor.py:925} INFO - DAG(s) 'gerar_csv_dados_abertos_cnpj' retrieved from /opt/airflow/dags/saving_file.py
[2025-03-29T21:49:32.235+0000] {logging_mixin.py:190} INFO - [2025-03-29T21:49:32.235+0000] {dag.py:3239} INFO - Sync 1 DAGs
[2025-03-29T21:49:32.246+0000] {logging_mixin.py:190} INFO - [2025-03-29T21:49:32.246+0000] {dag.py:4180} INFO - Setting next_dagrun for gerar_csv_dados_abertos_cnpj to 2025-03-28 00:00:00+00:00, run_after=2025-03-29 00:00:00+00:00
[2025-03-29T21:49:32.259+0000] {processor.py:208} INFO - Processing /opt/airflow/dags/saving_file.py took 0.181 seconds
[2025-03-29T21:50:02.539+0000] {processor.py:186} INFO - Started process (PID=9452) to work on /opt/airflow/dags/saving_file.py
[2025-03-29T21:50:02.541+0000] {processor.py:914} INFO - Processing file /opt/airflow/dags/saving_file.py for tasks to queue
[2025-03-29T21:50:02.543+0000] {logging_mixin.py:190} INFO - [2025-03-29T21:50:02.543+0000] {dagbag.py:588} INFO - Filling up the DagBag from /opt/airflow/dags/saving_file.py
[2025-03-29T21:50:02.687+0000] {processor.py:925} INFO - DAG(s) 'gerar_csv_dados_abertos_cnpj' retrieved from /opt/airflow/dags/saving_file.py
[2025-03-29T21:50:02.700+0000] {logging_mixin.py:190} INFO - [2025-03-29T21:50:02.700+0000] {dag.py:3239} INFO - Sync 1 DAGs
[2025-03-29T21:50:02.712+0000] {logging_mixin.py:190} INFO - [2025-03-29T21:50:02.712+0000] {dag.py:4180} INFO - Setting next_dagrun for gerar_csv_dados_abertos_cnpj to 2025-03-28 00:00:00+00:00, run_after=2025-03-29 00:00:00+00:00
[2025-03-29T21:50:02.723+0000] {processor.py:208} INFO - Processing /opt/airflow/dags/saving_file.py took 0.187 seconds
[2025-03-29T21:50:32.903+0000] {processor.py:186} INFO - Started process (PID=9463) to work on /opt/airflow/dags/saving_file.py
[2025-03-29T21:50:32.904+0000] {processor.py:914} INFO - Processing file /opt/airflow/dags/saving_file.py for tasks to queue
[2025-03-29T21:50:32.906+0000] {logging_mixin.py:190} INFO - [2025-03-29T21:50:32.905+0000] {dagbag.py:588} INFO - Filling up the DagBag from /opt/airflow/dags/saving_file.py
[2025-03-29T21:50:33.046+0000] {processor.py:925} INFO - DAG(s) 'gerar_csv_dados_abertos_cnpj' retrieved from /opt/airflow/dags/saving_file.py
[2025-03-29T21:50:33.061+0000] {logging_mixin.py:190} INFO - [2025-03-29T21:50:33.061+0000] {dag.py:3239} INFO - Sync 1 DAGs
[2025-03-29T21:50:33.074+0000] {logging_mixin.py:190} INFO - [2025-03-29T21:50:33.074+0000] {dag.py:4180} INFO - Setting next_dagrun for gerar_csv_dados_abertos_cnpj to 2025-03-28 00:00:00+00:00, run_after=2025-03-29 00:00:00+00:00
[2025-03-29T21:50:33.084+0000] {processor.py:208} INFO - Processing /opt/airflow/dags/saving_file.py took 0.185 seconds
[2025-03-29T21:51:03.274+0000] {processor.py:186} INFO - Started process (PID=9474) to work on /opt/airflow/dags/saving_file.py
[2025-03-29T21:51:03.276+0000] {processor.py:914} INFO - Processing file /opt/airflow/dags/saving_file.py for tasks to queue
[2025-03-29T21:51:03.278+0000] {logging_mixin.py:190} INFO - [2025-03-29T21:51:03.277+0000] {dagbag.py:588} INFO - Filling up the DagBag from /opt/airflow/dags/saving_file.py
[2025-03-29T21:51:03.419+0000] {processor.py:925} INFO - DAG(s) 'gerar_csv_dados_abertos_cnpj' retrieved from /opt/airflow/dags/saving_file.py
[2025-03-29T21:51:03.433+0000] {logging_mixin.py:190} INFO - [2025-03-29T21:51:03.433+0000] {dag.py:3239} INFO - Sync 1 DAGs
[2025-03-29T21:51:03.447+0000] {logging_mixin.py:190} INFO - [2025-03-29T21:51:03.447+0000] {dag.py:4180} INFO - Setting next_dagrun for gerar_csv_dados_abertos_cnpj to 2025-03-28 00:00:00+00:00, run_after=2025-03-29 00:00:00+00:00
[2025-03-29T21:51:03.459+0000] {processor.py:208} INFO - Processing /opt/airflow/dags/saving_file.py took 0.188 seconds
[2025-03-29T21:51:33.738+0000] {processor.py:186} INFO - Started process (PID=9485) to work on /opt/airflow/dags/saving_file.py
[2025-03-29T21:51:33.739+0000] {processor.py:914} INFO - Processing file /opt/airflow/dags/saving_file.py for tasks to queue
[2025-03-29T21:51:33.741+0000] {logging_mixin.py:190} INFO - [2025-03-29T21:51:33.741+0000] {dagbag.py:588} INFO - Filling up the DagBag from /opt/airflow/dags/saving_file.py
[2025-03-29T21:51:33.885+0000] {processor.py:925} INFO - DAG(s) 'gerar_csv_dados_abertos_cnpj' retrieved from /opt/airflow/dags/saving_file.py
[2025-03-29T21:51:33.899+0000] {logging_mixin.py:190} INFO - [2025-03-29T21:51:33.899+0000] {dag.py:3239} INFO - Sync 1 DAGs
[2025-03-29T21:51:33.912+0000] {logging_mixin.py:190} INFO - [2025-03-29T21:51:33.912+0000] {dag.py:4180} INFO - Setting next_dagrun for gerar_csv_dados_abertos_cnpj to 2025-03-28 00:00:00+00:00, run_after=2025-03-29 00:00:00+00:00
[2025-03-29T21:51:33.924+0000] {processor.py:208} INFO - Processing /opt/airflow/dags/saving_file.py took 0.189 seconds
[2025-03-29T21:52:04.203+0000] {processor.py:186} INFO - Started process (PID=9496) to work on /opt/airflow/dags/saving_file.py
[2025-03-29T21:52:04.204+0000] {processor.py:914} INFO - Processing file /opt/airflow/dags/saving_file.py for tasks to queue
[2025-03-29T21:52:04.206+0000] {logging_mixin.py:190} INFO - [2025-03-29T21:52:04.206+0000] {dagbag.py:588} INFO - Filling up the DagBag from /opt/airflow/dags/saving_file.py
[2025-03-29T21:52:04.346+0000] {processor.py:925} INFO - DAG(s) 'gerar_csv_dados_abertos_cnpj' retrieved from /opt/airflow/dags/saving_file.py
[2025-03-29T21:52:04.360+0000] {logging_mixin.py:190} INFO - [2025-03-29T21:52:04.360+0000] {dag.py:3239} INFO - Sync 1 DAGs
[2025-03-29T21:52:04.373+0000] {logging_mixin.py:190} INFO - [2025-03-29T21:52:04.372+0000] {dag.py:4180} INFO - Setting next_dagrun for gerar_csv_dados_abertos_cnpj to 2025-03-28 00:00:00+00:00, run_after=2025-03-29 00:00:00+00:00
[2025-03-29T21:52:04.385+0000] {processor.py:208} INFO - Processing /opt/airflow/dags/saving_file.py took 0.185 seconds
[2025-03-29T21:52:34.665+0000] {processor.py:186} INFO - Started process (PID=9507) to work on /opt/airflow/dags/saving_file.py
[2025-03-29T21:52:34.666+0000] {processor.py:914} INFO - Processing file /opt/airflow/dags/saving_file.py for tasks to queue
[2025-03-29T21:52:34.668+0000] {logging_mixin.py:190} INFO - [2025-03-29T21:52:34.667+0000] {dagbag.py:588} INFO - Filling up the DagBag from /opt/airflow/dags/saving_file.py
[2025-03-29T21:52:34.807+0000] {processor.py:925} INFO - DAG(s) 'gerar_csv_dados_abertos_cnpj' retrieved from /opt/airflow/dags/saving_file.py
[2025-03-29T21:52:34.821+0000] {logging_mixin.py:190} INFO - [2025-03-29T21:52:34.820+0000] {dag.py:3239} INFO - Sync 1 DAGs
[2025-03-29T21:52:34.833+0000] {logging_mixin.py:190} INFO - [2025-03-29T21:52:34.833+0000] {dag.py:4180} INFO - Setting next_dagrun for gerar_csv_dados_abertos_cnpj to 2025-03-28 00:00:00+00:00, run_after=2025-03-29 00:00:00+00:00
[2025-03-29T21:52:34.849+0000] {processor.py:208} INFO - Processing /opt/airflow/dags/saving_file.py took 0.187 seconds
[2025-03-29T21:53:05.115+0000] {processor.py:186} INFO - Started process (PID=9518) to work on /opt/airflow/dags/saving_file.py
[2025-03-29T21:53:05.116+0000] {processor.py:914} INFO - Processing file /opt/airflow/dags/saving_file.py for tasks to queue
[2025-03-29T21:53:05.118+0000] {logging_mixin.py:190} INFO - [2025-03-29T21:53:05.118+0000] {dagbag.py:588} INFO - Filling up the DagBag from /opt/airflow/dags/saving_file.py
[2025-03-29T21:53:05.258+0000] {processor.py:925} INFO - DAG(s) 'gerar_csv_dados_abertos_cnpj' retrieved from /opt/airflow/dags/saving_file.py
[2025-03-29T21:53:05.271+0000] {logging_mixin.py:190} INFO - [2025-03-29T21:53:05.271+0000] {dag.py:3239} INFO - Sync 1 DAGs
[2025-03-29T21:53:05.283+0000] {logging_mixin.py:190} INFO - [2025-03-29T21:53:05.283+0000] {dag.py:4180} INFO - Setting next_dagrun for gerar_csv_dados_abertos_cnpj to 2025-03-28 00:00:00+00:00, run_after=2025-03-29 00:00:00+00:00
[2025-03-29T21:53:05.310+0000] {processor.py:208} INFO - Processing /opt/airflow/dags/saving_file.py took 0.198 seconds
[2025-03-29T21:53:35.484+0000] {processor.py:186} INFO - Started process (PID=9529) to work on /opt/airflow/dags/saving_file.py
[2025-03-29T21:53:35.485+0000] {processor.py:914} INFO - Processing file /opt/airflow/dags/saving_file.py for tasks to queue
[2025-03-29T21:53:35.486+0000] {logging_mixin.py:190} INFO - [2025-03-29T21:53:35.486+0000] {dagbag.py:588} INFO - Filling up the DagBag from /opt/airflow/dags/saving_file.py
[2025-03-29T21:53:35.624+0000] {processor.py:925} INFO - DAG(s) 'gerar_csv_dados_abertos_cnpj' retrieved from /opt/airflow/dags/saving_file.py
[2025-03-29T21:53:35.636+0000] {logging_mixin.py:190} INFO - [2025-03-29T21:53:35.636+0000] {dag.py:3239} INFO - Sync 1 DAGs
[2025-03-29T21:53:35.648+0000] {logging_mixin.py:190} INFO - [2025-03-29T21:53:35.648+0000] {dag.py:4180} INFO - Setting next_dagrun for gerar_csv_dados_abertos_cnpj to 2025-03-28 00:00:00+00:00, run_after=2025-03-29 00:00:00+00:00
[2025-03-29T21:53:35.672+0000] {processor.py:208} INFO - Processing /opt/airflow/dags/saving_file.py took 0.191 seconds
[2025-03-29T21:54:05.952+0000] {processor.py:186} INFO - Started process (PID=9540) to work on /opt/airflow/dags/saving_file.py
[2025-03-29T21:54:05.953+0000] {processor.py:914} INFO - Processing file /opt/airflow/dags/saving_file.py for tasks to queue
[2025-03-29T21:54:05.955+0000] {logging_mixin.py:190} INFO - [2025-03-29T21:54:05.955+0000] {dagbag.py:588} INFO - Filling up the DagBag from /opt/airflow/dags/saving_file.py
[2025-03-29T21:54:06.097+0000] {processor.py:925} INFO - DAG(s) 'gerar_csv_dados_abertos_cnpj' retrieved from /opt/airflow/dags/saving_file.py
[2025-03-29T21:54:06.109+0000] {logging_mixin.py:190} INFO - [2025-03-29T21:54:06.109+0000] {dag.py:3239} INFO - Sync 1 DAGs
[2025-03-29T21:54:06.121+0000] {logging_mixin.py:190} INFO - [2025-03-29T21:54:06.121+0000] {dag.py:4180} INFO - Setting next_dagrun for gerar_csv_dados_abertos_cnpj to 2025-03-28 00:00:00+00:00, run_after=2025-03-29 00:00:00+00:00
[2025-03-29T21:54:06.132+0000] {processor.py:208} INFO - Processing /opt/airflow/dags/saving_file.py took 0.184 seconds
[2025-03-29T21:54:36.424+0000] {processor.py:186} INFO - Started process (PID=9551) to work on /opt/airflow/dags/saving_file.py
[2025-03-29T21:54:36.425+0000] {processor.py:914} INFO - Processing file /opt/airflow/dags/saving_file.py for tasks to queue
[2025-03-29T21:54:36.427+0000] {logging_mixin.py:190} INFO - [2025-03-29T21:54:36.427+0000] {dagbag.py:588} INFO - Filling up the DagBag from /opt/airflow/dags/saving_file.py
[2025-03-29T21:54:36.565+0000] {processor.py:925} INFO - DAG(s) 'gerar_csv_dados_abertos_cnpj' retrieved from /opt/airflow/dags/saving_file.py
[2025-03-29T21:54:36.579+0000] {logging_mixin.py:190} INFO - [2025-03-29T21:54:36.578+0000] {dag.py:3239} INFO - Sync 1 DAGs
[2025-03-29T21:54:36.589+0000] {logging_mixin.py:190} INFO - [2025-03-29T21:54:36.589+0000] {dag.py:4180} INFO - Setting next_dagrun for gerar_csv_dados_abertos_cnpj to 2025-03-28 00:00:00+00:00, run_after=2025-03-29 00:00:00+00:00
[2025-03-29T21:54:36.614+0000] {processor.py:208} INFO - Processing /opt/airflow/dags/saving_file.py took 0.193 seconds
[2025-03-29T21:55:06.886+0000] {processor.py:186} INFO - Started process (PID=9562) to work on /opt/airflow/dags/saving_file.py
[2025-03-29T21:55:06.887+0000] {processor.py:914} INFO - Processing file /opt/airflow/dags/saving_file.py for tasks to queue
[2025-03-29T21:55:06.890+0000] {logging_mixin.py:190} INFO - [2025-03-29T21:55:06.889+0000] {dagbag.py:588} INFO - Filling up the DagBag from /opt/airflow/dags/saving_file.py
[2025-03-29T21:55:07.050+0000] {processor.py:925} INFO - DAG(s) 'gerar_csv_dados_abertos_cnpj' retrieved from /opt/airflow/dags/saving_file.py
[2025-03-29T21:55:07.065+0000] {logging_mixin.py:190} INFO - [2025-03-29T21:55:07.065+0000] {dag.py:3239} INFO - Sync 1 DAGs
[2025-03-29T21:55:07.078+0000] {logging_mixin.py:190} INFO - [2025-03-29T21:55:07.078+0000] {dag.py:4180} INFO - Setting next_dagrun for gerar_csv_dados_abertos_cnpj to 2025-03-28 00:00:00+00:00, run_after=2025-03-29 00:00:00+00:00
[2025-03-29T21:55:07.087+0000] {processor.py:208} INFO - Processing /opt/airflow/dags/saving_file.py took 0.204 seconds
[2025-03-29T21:55:37.384+0000] {processor.py:186} INFO - Started process (PID=9573) to work on /opt/airflow/dags/saving_file.py
[2025-03-29T21:55:37.385+0000] {processor.py:914} INFO - Processing file /opt/airflow/dags/saving_file.py for tasks to queue
[2025-03-29T21:55:37.388+0000] {logging_mixin.py:190} INFO - [2025-03-29T21:55:37.388+0000] {dagbag.py:588} INFO - Filling up the DagBag from /opt/airflow/dags/saving_file.py
[2025-03-29T21:55:37.532+0000] {processor.py:925} INFO - DAG(s) 'gerar_csv_dados_abertos_cnpj' retrieved from /opt/airflow/dags/saving_file.py
[2025-03-29T21:55:37.547+0000] {logging_mixin.py:190} INFO - [2025-03-29T21:55:37.547+0000] {dag.py:3239} INFO - Sync 1 DAGs
[2025-03-29T21:55:37.565+0000] {logging_mixin.py:190} INFO - [2025-03-29T21:55:37.565+0000] {dag.py:4180} INFO - Setting next_dagrun for gerar_csv_dados_abertos_cnpj to 2025-03-28 00:00:00+00:00, run_after=2025-03-29 00:00:00+00:00
[2025-03-29T21:55:37.594+0000] {processor.py:208} INFO - Processing /opt/airflow/dags/saving_file.py took 0.212 seconds
[2025-03-29T21:56:07.815+0000] {processor.py:186} INFO - Started process (PID=9584) to work on /opt/airflow/dags/saving_file.py
[2025-03-29T21:56:07.816+0000] {processor.py:914} INFO - Processing file /opt/airflow/dags/saving_file.py for tasks to queue
[2025-03-29T21:56:07.818+0000] {logging_mixin.py:190} INFO - [2025-03-29T21:56:07.818+0000] {dagbag.py:588} INFO - Filling up the DagBag from /opt/airflow/dags/saving_file.py
[2025-03-29T21:56:07.961+0000] {processor.py:925} INFO - DAG(s) 'gerar_csv_dados_abertos_cnpj' retrieved from /opt/airflow/dags/saving_file.py
[2025-03-29T21:56:07.975+0000] {logging_mixin.py:190} INFO - [2025-03-29T21:56:07.974+0000] {dag.py:3239} INFO - Sync 1 DAGs
[2025-03-29T21:56:07.988+0000] {logging_mixin.py:190} INFO - [2025-03-29T21:56:07.988+0000] {dag.py:4180} INFO - Setting next_dagrun for gerar_csv_dados_abertos_cnpj to 2025-03-28 00:00:00+00:00, run_after=2025-03-29 00:00:00+00:00
[2025-03-29T21:56:08.015+0000] {processor.py:208} INFO - Processing /opt/airflow/dags/saving_file.py took 0.203 seconds
[2025-03-29T21:56:38.186+0000] {processor.py:186} INFO - Started process (PID=9595) to work on /opt/airflow/dags/saving_file.py
[2025-03-29T21:56:38.187+0000] {processor.py:914} INFO - Processing file /opt/airflow/dags/saving_file.py for tasks to queue
[2025-03-29T21:56:38.189+0000] {logging_mixin.py:190} INFO - [2025-03-29T21:56:38.189+0000] {dagbag.py:588} INFO - Filling up the DagBag from /opt/airflow/dags/saving_file.py
[2025-03-29T21:56:38.326+0000] {processor.py:925} INFO - DAG(s) 'gerar_csv_dados_abertos_cnpj' retrieved from /opt/airflow/dags/saving_file.py
[2025-03-29T21:56:38.340+0000] {logging_mixin.py:190} INFO - [2025-03-29T21:56:38.340+0000] {dag.py:3239} INFO - Sync 1 DAGs
[2025-03-29T21:56:38.354+0000] {logging_mixin.py:190} INFO - [2025-03-29T21:56:38.354+0000] {dag.py:4180} INFO - Setting next_dagrun for gerar_csv_dados_abertos_cnpj to 2025-03-28 00:00:00+00:00, run_after=2025-03-29 00:00:00+00:00
[2025-03-29T21:56:38.364+0000] {processor.py:208} INFO - Processing /opt/airflow/dags/saving_file.py took 0.181 seconds
[2025-03-29T21:57:08.648+0000] {processor.py:186} INFO - Started process (PID=9606) to work on /opt/airflow/dags/saving_file.py
[2025-03-29T21:57:08.649+0000] {processor.py:914} INFO - Processing file /opt/airflow/dags/saving_file.py for tasks to queue
[2025-03-29T21:57:08.651+0000] {logging_mixin.py:190} INFO - [2025-03-29T21:57:08.651+0000] {dagbag.py:588} INFO - Filling up the DagBag from /opt/airflow/dags/saving_file.py
[2025-03-29T21:57:08.795+0000] {processor.py:925} INFO - DAG(s) 'gerar_csv_dados_abertos_cnpj' retrieved from /opt/airflow/dags/saving_file.py
[2025-03-29T21:57:08.810+0000] {logging_mixin.py:190} INFO - [2025-03-29T21:57:08.810+0000] {dag.py:3239} INFO - Sync 1 DAGs
[2025-03-29T21:57:08.822+0000] {logging_mixin.py:190} INFO - [2025-03-29T21:57:08.822+0000] {dag.py:4180} INFO - Setting next_dagrun for gerar_csv_dados_abertos_cnpj to 2025-03-28 00:00:00+00:00, run_after=2025-03-29 00:00:00+00:00
[2025-03-29T21:57:08.834+0000] {processor.py:208} INFO - Processing /opt/airflow/dags/saving_file.py took 0.189 seconds
[2025-03-29T21:57:39.132+0000] {processor.py:186} INFO - Started process (PID=9617) to work on /opt/airflow/dags/saving_file.py
[2025-03-29T21:57:39.133+0000] {processor.py:914} INFO - Processing file /opt/airflow/dags/saving_file.py for tasks to queue
[2025-03-29T21:57:39.135+0000] {logging_mixin.py:190} INFO - [2025-03-29T21:57:39.135+0000] {dagbag.py:588} INFO - Filling up the DagBag from /opt/airflow/dags/saving_file.py
[2025-03-29T21:57:39.291+0000] {processor.py:925} INFO - DAG(s) 'gerar_csv_dados_abertos_cnpj' retrieved from /opt/airflow/dags/saving_file.py
[2025-03-29T21:57:39.307+0000] {logging_mixin.py:190} INFO - [2025-03-29T21:57:39.307+0000] {dag.py:3239} INFO - Sync 1 DAGs
[2025-03-29T21:57:39.320+0000] {logging_mixin.py:190} INFO - [2025-03-29T21:57:39.320+0000] {dag.py:4180} INFO - Setting next_dagrun for gerar_csv_dados_abertos_cnpj to 2025-03-28 00:00:00+00:00, run_after=2025-03-29 00:00:00+00:00
[2025-03-29T21:57:39.331+0000] {processor.py:208} INFO - Processing /opt/airflow/dags/saving_file.py took 0.202 seconds
[2025-03-29T21:58:09.658+0000] {processor.py:186} INFO - Started process (PID=9628) to work on /opt/airflow/dags/saving_file.py
[2025-03-29T21:58:09.659+0000] {processor.py:914} INFO - Processing file /opt/airflow/dags/saving_file.py for tasks to queue
[2025-03-29T21:58:09.662+0000] {logging_mixin.py:190} INFO - [2025-03-29T21:58:09.662+0000] {dagbag.py:588} INFO - Filling up the DagBag from /opt/airflow/dags/saving_file.py
[2025-03-29T21:58:09.797+0000] {processor.py:925} INFO - DAG(s) 'gerar_csv_dados_abertos_cnpj' retrieved from /opt/airflow/dags/saving_file.py
[2025-03-29T21:58:09.809+0000] {logging_mixin.py:190} INFO - [2025-03-29T21:58:09.809+0000] {dag.py:3239} INFO - Sync 1 DAGs
[2025-03-29T21:58:09.821+0000] {logging_mixin.py:190} INFO - [2025-03-29T21:58:09.821+0000] {dag.py:4180} INFO - Setting next_dagrun for gerar_csv_dados_abertos_cnpj to 2025-03-28 00:00:00+00:00, run_after=2025-03-29 00:00:00+00:00
[2025-03-29T21:58:09.831+0000] {processor.py:208} INFO - Processing /opt/airflow/dags/saving_file.py took 0.176 seconds
[2025-03-29T21:58:40.121+0000] {processor.py:186} INFO - Started process (PID=9639) to work on /opt/airflow/dags/saving_file.py
[2025-03-29T21:58:40.123+0000] {processor.py:914} INFO - Processing file /opt/airflow/dags/saving_file.py for tasks to queue
[2025-03-29T21:58:40.125+0000] {logging_mixin.py:190} INFO - [2025-03-29T21:58:40.124+0000] {dagbag.py:588} INFO - Filling up the DagBag from /opt/airflow/dags/saving_file.py
[2025-03-29T21:58:40.264+0000] {processor.py:925} INFO - DAG(s) 'gerar_csv_dados_abertos_cnpj' retrieved from /opt/airflow/dags/saving_file.py
[2025-03-29T21:58:40.277+0000] {logging_mixin.py:190} INFO - [2025-03-29T21:58:40.277+0000] {dag.py:3239} INFO - Sync 1 DAGs
[2025-03-29T21:58:40.291+0000] {logging_mixin.py:190} INFO - [2025-03-29T21:58:40.291+0000] {dag.py:4180} INFO - Setting next_dagrun for gerar_csv_dados_abertos_cnpj to 2025-03-28 00:00:00+00:00, run_after=2025-03-29 00:00:00+00:00
[2025-03-29T21:58:40.303+0000] {processor.py:208} INFO - Processing /opt/airflow/dags/saving_file.py took 0.186 seconds
[2025-03-29T21:59:10.480+0000] {processor.py:186} INFO - Started process (PID=9650) to work on /opt/airflow/dags/saving_file.py
[2025-03-29T21:59:10.481+0000] {processor.py:914} INFO - Processing file /opt/airflow/dags/saving_file.py for tasks to queue
[2025-03-29T21:59:10.483+0000] {logging_mixin.py:190} INFO - [2025-03-29T21:59:10.483+0000] {dagbag.py:588} INFO - Filling up the DagBag from /opt/airflow/dags/saving_file.py
[2025-03-29T21:59:10.623+0000] {processor.py:925} INFO - DAG(s) 'gerar_csv_dados_abertos_cnpj' retrieved from /opt/airflow/dags/saving_file.py
[2025-03-29T21:59:10.636+0000] {logging_mixin.py:190} INFO - [2025-03-29T21:59:10.636+0000] {dag.py:3239} INFO - Sync 1 DAGs
[2025-03-29T21:59:10.650+0000] {logging_mixin.py:190} INFO - [2025-03-29T21:59:10.650+0000] {dag.py:4180} INFO - Setting next_dagrun for gerar_csv_dados_abertos_cnpj to 2025-03-28 00:00:00+00:00, run_after=2025-03-29 00:00:00+00:00
[2025-03-29T21:59:10.659+0000] {processor.py:208} INFO - Processing /opt/airflow/dags/saving_file.py took 0.183 seconds
[2025-03-29T21:59:40.948+0000] {processor.py:186} INFO - Started process (PID=9661) to work on /opt/airflow/dags/saving_file.py
[2025-03-29T21:59:40.950+0000] {processor.py:914} INFO - Processing file /opt/airflow/dags/saving_file.py for tasks to queue
[2025-03-29T21:59:40.953+0000] {logging_mixin.py:190} INFO - [2025-03-29T21:59:40.952+0000] {dagbag.py:588} INFO - Filling up the DagBag from /opt/airflow/dags/saving_file.py
[2025-03-29T21:59:41.094+0000] {processor.py:925} INFO - DAG(s) 'gerar_csv_dados_abertos_cnpj' retrieved from /opt/airflow/dags/saving_file.py
[2025-03-29T21:59:41.107+0000] {logging_mixin.py:190} INFO - [2025-03-29T21:59:41.107+0000] {dag.py:3239} INFO - Sync 1 DAGs
[2025-03-29T21:59:41.119+0000] {logging_mixin.py:190} INFO - [2025-03-29T21:59:41.119+0000] {dag.py:4180} INFO - Setting next_dagrun for gerar_csv_dados_abertos_cnpj to 2025-03-28 00:00:00+00:00, run_after=2025-03-29 00:00:00+00:00
[2025-03-29T21:59:41.129+0000] {processor.py:208} INFO - Processing /opt/airflow/dags/saving_file.py took 0.184 seconds
[2025-03-29T22:00:11.420+0000] {processor.py:186} INFO - Started process (PID=9672) to work on /opt/airflow/dags/saving_file.py
[2025-03-29T22:00:11.421+0000] {processor.py:914} INFO - Processing file /opt/airflow/dags/saving_file.py for tasks to queue
[2025-03-29T22:00:11.423+0000] {logging_mixin.py:190} INFO - [2025-03-29T22:00:11.423+0000] {dagbag.py:588} INFO - Filling up the DagBag from /opt/airflow/dags/saving_file.py
[2025-03-29T22:00:11.563+0000] {processor.py:925} INFO - DAG(s) 'gerar_csv_dados_abertos_cnpj' retrieved from /opt/airflow/dags/saving_file.py
[2025-03-29T22:00:11.577+0000] {logging_mixin.py:190} INFO - [2025-03-29T22:00:11.577+0000] {dag.py:3239} INFO - Sync 1 DAGs
[2025-03-29T22:00:11.590+0000] {logging_mixin.py:190} INFO - [2025-03-29T22:00:11.590+0000] {dag.py:4180} INFO - Setting next_dagrun for gerar_csv_dados_abertos_cnpj to 2025-03-28 00:00:00+00:00, run_after=2025-03-29 00:00:00+00:00
[2025-03-29T22:00:11.601+0000] {processor.py:208} INFO - Processing /opt/airflow/dags/saving_file.py took 0.184 seconds
[2025-03-29T22:00:41.883+0000] {processor.py:186} INFO - Started process (PID=9683) to work on /opt/airflow/dags/saving_file.py
[2025-03-29T22:00:41.884+0000] {processor.py:914} INFO - Processing file /opt/airflow/dags/saving_file.py for tasks to queue
[2025-03-29T22:00:41.887+0000] {logging_mixin.py:190} INFO - [2025-03-29T22:00:41.887+0000] {dagbag.py:588} INFO - Filling up the DagBag from /opt/airflow/dags/saving_file.py
[2025-03-29T22:00:42.022+0000] {processor.py:925} INFO - DAG(s) 'gerar_csv_dados_abertos_cnpj' retrieved from /opt/airflow/dags/saving_file.py
[2025-03-29T22:00:42.034+0000] {logging_mixin.py:190} INFO - [2025-03-29T22:00:42.034+0000] {dag.py:3239} INFO - Sync 1 DAGs
[2025-03-29T22:00:42.047+0000] {logging_mixin.py:190} INFO - [2025-03-29T22:00:42.046+0000] {dag.py:4180} INFO - Setting next_dagrun for gerar_csv_dados_abertos_cnpj to 2025-03-28 00:00:00+00:00, run_after=2025-03-29 00:00:00+00:00
[2025-03-29T22:00:42.056+0000] {processor.py:208} INFO - Processing /opt/airflow/dags/saving_file.py took 0.176 seconds
[2025-03-29T22:01:12.407+0000] {processor.py:186} INFO - Started process (PID=9694) to work on /opt/airflow/dags/saving_file.py
[2025-03-29T22:01:12.409+0000] {processor.py:914} INFO - Processing file /opt/airflow/dags/saving_file.py for tasks to queue
[2025-03-29T22:01:12.411+0000] {logging_mixin.py:190} INFO - [2025-03-29T22:01:12.411+0000] {dagbag.py:588} INFO - Filling up the DagBag from /opt/airflow/dags/saving_file.py
[2025-03-29T22:01:12.557+0000] {processor.py:925} INFO - DAG(s) 'gerar_csv_dados_abertos_cnpj' retrieved from /opt/airflow/dags/saving_file.py
[2025-03-29T22:01:12.571+0000] {logging_mixin.py:190} INFO - [2025-03-29T22:01:12.571+0000] {dag.py:3239} INFO - Sync 1 DAGs
[2025-03-29T22:01:12.584+0000] {logging_mixin.py:190} INFO - [2025-03-29T22:01:12.584+0000] {dag.py:4180} INFO - Setting next_dagrun for gerar_csv_dados_abertos_cnpj to 2025-03-28 00:00:00+00:00, run_after=2025-03-29 00:00:00+00:00
[2025-03-29T22:01:12.595+0000] {processor.py:208} INFO - Processing /opt/airflow/dags/saving_file.py took 0.192 seconds
[2025-03-29T22:01:42.782+0000] {processor.py:186} INFO - Started process (PID=9705) to work on /opt/airflow/dags/saving_file.py
[2025-03-29T22:01:42.784+0000] {processor.py:914} INFO - Processing file /opt/airflow/dags/saving_file.py for tasks to queue
[2025-03-29T22:01:42.786+0000] {logging_mixin.py:190} INFO - [2025-03-29T22:01:42.786+0000] {dagbag.py:588} INFO - Filling up the DagBag from /opt/airflow/dags/saving_file.py
[2025-03-29T22:01:42.931+0000] {processor.py:925} INFO - DAG(s) 'gerar_csv_dados_abertos_cnpj' retrieved from /opt/airflow/dags/saving_file.py
[2025-03-29T22:01:42.944+0000] {logging_mixin.py:190} INFO - [2025-03-29T22:01:42.944+0000] {dag.py:3239} INFO - Sync 1 DAGs
[2025-03-29T22:01:42.958+0000] {logging_mixin.py:190} INFO - [2025-03-29T22:01:42.958+0000] {dag.py:4180} INFO - Setting next_dagrun for gerar_csv_dados_abertos_cnpj to 2025-03-28 00:00:00+00:00, run_after=2025-03-29 00:00:00+00:00
[2025-03-29T22:01:42.970+0000] {processor.py:208} INFO - Processing /opt/airflow/dags/saving_file.py took 0.192 seconds
[2025-03-29T22:02:13.235+0000] {processor.py:186} INFO - Started process (PID=9716) to work on /opt/airflow/dags/saving_file.py
[2025-03-29T22:02:13.236+0000] {processor.py:914} INFO - Processing file /opt/airflow/dags/saving_file.py for tasks to queue
[2025-03-29T22:02:13.238+0000] {logging_mixin.py:190} INFO - [2025-03-29T22:02:13.238+0000] {dagbag.py:588} INFO - Filling up the DagBag from /opt/airflow/dags/saving_file.py
[2025-03-29T22:02:13.378+0000] {processor.py:925} INFO - DAG(s) 'gerar_csv_dados_abertos_cnpj' retrieved from /opt/airflow/dags/saving_file.py
[2025-03-29T22:02:13.392+0000] {logging_mixin.py:190} INFO - [2025-03-29T22:02:13.391+0000] {dag.py:3239} INFO - Sync 1 DAGs
[2025-03-29T22:02:13.405+0000] {logging_mixin.py:190} INFO - [2025-03-29T22:02:13.404+0000] {dag.py:4180} INFO - Setting next_dagrun for gerar_csv_dados_abertos_cnpj to 2025-03-28 00:00:00+00:00, run_after=2025-03-29 00:00:00+00:00
[2025-03-29T22:02:13.415+0000] {processor.py:208} INFO - Processing /opt/airflow/dags/saving_file.py took 0.184 seconds
[2025-03-29T22:02:43.723+0000] {processor.py:186} INFO - Started process (PID=9727) to work on /opt/airflow/dags/saving_file.py
[2025-03-29T22:02:43.723+0000] {processor.py:914} INFO - Processing file /opt/airflow/dags/saving_file.py for tasks to queue
[2025-03-29T22:02:43.725+0000] {logging_mixin.py:190} INFO - [2025-03-29T22:02:43.725+0000] {dagbag.py:588} INFO - Filling up the DagBag from /opt/airflow/dags/saving_file.py
[2025-03-29T22:02:43.865+0000] {processor.py:925} INFO - DAG(s) 'gerar_csv_dados_abertos_cnpj' retrieved from /opt/airflow/dags/saving_file.py
[2025-03-29T22:02:43.879+0000] {logging_mixin.py:190} INFO - [2025-03-29T22:02:43.879+0000] {dag.py:3239} INFO - Sync 1 DAGs
[2025-03-29T22:02:43.891+0000] {logging_mixin.py:190} INFO - [2025-03-29T22:02:43.891+0000] {dag.py:4180} INFO - Setting next_dagrun for gerar_csv_dados_abertos_cnpj to 2025-03-28 00:00:00+00:00, run_after=2025-03-29 00:00:00+00:00
[2025-03-29T22:02:43.902+0000] {processor.py:208} INFO - Processing /opt/airflow/dags/saving_file.py took 0.182 seconds
[2025-03-29T22:03:14.204+0000] {processor.py:186} INFO - Started process (PID=9738) to work on /opt/airflow/dags/saving_file.py
[2025-03-29T22:03:14.206+0000] {processor.py:914} INFO - Processing file /opt/airflow/dags/saving_file.py for tasks to queue
[2025-03-29T22:03:14.210+0000] {logging_mixin.py:190} INFO - [2025-03-29T22:03:14.209+0000] {dagbag.py:588} INFO - Filling up the DagBag from /opt/airflow/dags/saving_file.py
[2025-03-29T22:03:14.349+0000] {processor.py:925} INFO - DAG(s) 'gerar_csv_dados_abertos_cnpj' retrieved from /opt/airflow/dags/saving_file.py
[2025-03-29T22:03:14.362+0000] {logging_mixin.py:190} INFO - [2025-03-29T22:03:14.362+0000] {dag.py:3239} INFO - Sync 1 DAGs
[2025-03-29T22:03:14.373+0000] {logging_mixin.py:190} INFO - [2025-03-29T22:03:14.373+0000] {dag.py:4180} INFO - Setting next_dagrun for gerar_csv_dados_abertos_cnpj to 2025-03-28 00:00:00+00:00, run_after=2025-03-29 00:00:00+00:00
[2025-03-29T22:03:14.383+0000] {processor.py:208} INFO - Processing /opt/airflow/dags/saving_file.py took 0.182 seconds
[2025-03-29T22:03:44.661+0000] {processor.py:186} INFO - Started process (PID=9749) to work on /opt/airflow/dags/saving_file.py
[2025-03-29T22:03:44.663+0000] {processor.py:914} INFO - Processing file /opt/airflow/dags/saving_file.py for tasks to queue
[2025-03-29T22:03:44.664+0000] {logging_mixin.py:190} INFO - [2025-03-29T22:03:44.664+0000] {dagbag.py:588} INFO - Filling up the DagBag from /opt/airflow/dags/saving_file.py
[2025-03-29T22:03:44.806+0000] {processor.py:925} INFO - DAG(s) 'gerar_csv_dados_abertos_cnpj' retrieved from /opt/airflow/dags/saving_file.py
[2025-03-29T22:03:44.819+0000] {logging_mixin.py:190} INFO - [2025-03-29T22:03:44.819+0000] {dag.py:3239} INFO - Sync 1 DAGs
[2025-03-29T22:03:44.832+0000] {logging_mixin.py:190} INFO - [2025-03-29T22:03:44.832+0000] {dag.py:4180} INFO - Setting next_dagrun for gerar_csv_dados_abertos_cnpj to 2025-03-28 00:00:00+00:00, run_after=2025-03-29 00:00:00+00:00
[2025-03-29T22:03:44.843+0000] {processor.py:208} INFO - Processing /opt/airflow/dags/saving_file.py took 0.186 seconds
[2025-03-29T22:04:15.032+0000] {processor.py:186} INFO - Started process (PID=9760) to work on /opt/airflow/dags/saving_file.py
[2025-03-29T22:04:15.033+0000] {processor.py:914} INFO - Processing file /opt/airflow/dags/saving_file.py for tasks to queue
[2025-03-29T22:04:15.035+0000] {logging_mixin.py:190} INFO - [2025-03-29T22:04:15.035+0000] {dagbag.py:588} INFO - Filling up the DagBag from /opt/airflow/dags/saving_file.py
[2025-03-29T22:04:15.178+0000] {processor.py:925} INFO - DAG(s) 'gerar_csv_dados_abertos_cnpj' retrieved from /opt/airflow/dags/saving_file.py
[2025-03-29T22:04:15.190+0000] {logging_mixin.py:190} INFO - [2025-03-29T22:04:15.190+0000] {dag.py:3239} INFO - Sync 1 DAGs
[2025-03-29T22:04:15.203+0000] {logging_mixin.py:190} INFO - [2025-03-29T22:04:15.203+0000] {dag.py:4180} INFO - Setting next_dagrun for gerar_csv_dados_abertos_cnpj to 2025-03-28 00:00:00+00:00, run_after=2025-03-29 00:00:00+00:00
[2025-03-29T22:04:15.212+0000] {processor.py:208} INFO - Processing /opt/airflow/dags/saving_file.py took 0.183 seconds
[2025-03-29T22:04:45.398+0000] {processor.py:186} INFO - Started process (PID=9771) to work on /opt/airflow/dags/saving_file.py
[2025-03-29T22:04:45.399+0000] {processor.py:914} INFO - Processing file /opt/airflow/dags/saving_file.py for tasks to queue
[2025-03-29T22:04:45.400+0000] {logging_mixin.py:190} INFO - [2025-03-29T22:04:45.400+0000] {dagbag.py:588} INFO - Filling up the DagBag from /opt/airflow/dags/saving_file.py
[2025-03-29T22:04:45.542+0000] {processor.py:925} INFO - DAG(s) 'gerar_csv_dados_abertos_cnpj' retrieved from /opt/airflow/dags/saving_file.py
[2025-03-29T22:04:45.557+0000] {logging_mixin.py:190} INFO - [2025-03-29T22:04:45.557+0000] {dag.py:3239} INFO - Sync 1 DAGs
[2025-03-29T22:04:45.571+0000] {logging_mixin.py:190} INFO - [2025-03-29T22:04:45.571+0000] {dag.py:4180} INFO - Setting next_dagrun for gerar_csv_dados_abertos_cnpj to 2025-03-28 00:00:00+00:00, run_after=2025-03-29 00:00:00+00:00
[2025-03-29T22:04:45.582+0000] {processor.py:208} INFO - Processing /opt/airflow/dags/saving_file.py took 0.187 seconds
[2025-03-29T22:05:15.866+0000] {processor.py:186} INFO - Started process (PID=9782) to work on /opt/airflow/dags/saving_file.py
[2025-03-29T22:05:15.867+0000] {processor.py:914} INFO - Processing file /opt/airflow/dags/saving_file.py for tasks to queue
[2025-03-29T22:05:15.869+0000] {logging_mixin.py:190} INFO - [2025-03-29T22:05:15.869+0000] {dagbag.py:588} INFO - Filling up the DagBag from /opt/airflow/dags/saving_file.py
[2025-03-29T22:05:16.010+0000] {processor.py:925} INFO - DAG(s) 'gerar_csv_dados_abertos_cnpj' retrieved from /opt/airflow/dags/saving_file.py
[2025-03-29T22:05:16.023+0000] {logging_mixin.py:190} INFO - [2025-03-29T22:05:16.023+0000] {dag.py:3239} INFO - Sync 1 DAGs
[2025-03-29T22:05:16.035+0000] {logging_mixin.py:190} INFO - [2025-03-29T22:05:16.035+0000] {dag.py:4180} INFO - Setting next_dagrun for gerar_csv_dados_abertos_cnpj to 2025-03-28 00:00:00+00:00, run_after=2025-03-29 00:00:00+00:00
[2025-03-29T22:05:16.045+0000] {processor.py:208} INFO - Processing /opt/airflow/dags/saving_file.py took 0.183 seconds
[2025-03-29T22:05:46.332+0000] {processor.py:186} INFO - Started process (PID=9793) to work on /opt/airflow/dags/saving_file.py
[2025-03-29T22:05:46.347+0000] {processor.py:914} INFO - Processing file /opt/airflow/dags/saving_file.py for tasks to queue
[2025-03-29T22:05:46.349+0000] {logging_mixin.py:190} INFO - [2025-03-29T22:05:46.349+0000] {dagbag.py:588} INFO - Filling up the DagBag from /opt/airflow/dags/saving_file.py
[2025-03-29T22:05:46.493+0000] {processor.py:925} INFO - DAG(s) 'gerar_csv_dados_abertos_cnpj' retrieved from /opt/airflow/dags/saving_file.py
[2025-03-29T22:05:46.506+0000] {logging_mixin.py:190} INFO - [2025-03-29T22:05:46.506+0000] {dag.py:3239} INFO - Sync 1 DAGs
[2025-03-29T22:05:46.520+0000] {logging_mixin.py:190} INFO - [2025-03-29T22:05:46.520+0000] {dag.py:4180} INFO - Setting next_dagrun for gerar_csv_dados_abertos_cnpj to 2025-03-28 00:00:00+00:00, run_after=2025-03-29 00:00:00+00:00
[2025-03-29T22:05:46.530+0000] {processor.py:208} INFO - Processing /opt/airflow/dags/saving_file.py took 0.201 seconds
[2025-03-29T22:06:16.862+0000] {processor.py:186} INFO - Started process (PID=9804) to work on /opt/airflow/dags/saving_file.py
[2025-03-29T22:06:16.864+0000] {processor.py:914} INFO - Processing file /opt/airflow/dags/saving_file.py for tasks to queue
[2025-03-29T22:06:16.866+0000] {logging_mixin.py:190} INFO - [2025-03-29T22:06:16.866+0000] {dagbag.py:588} INFO - Filling up the DagBag from /opt/airflow/dags/saving_file.py
[2025-03-29T22:06:17.009+0000] {processor.py:925} INFO - DAG(s) 'gerar_csv_dados_abertos_cnpj' retrieved from /opt/airflow/dags/saving_file.py
[2025-03-29T22:06:17.021+0000] {logging_mixin.py:190} INFO - [2025-03-29T22:06:17.021+0000] {dag.py:3239} INFO - Sync 1 DAGs
[2025-03-29T22:06:17.033+0000] {logging_mixin.py:190} INFO - [2025-03-29T22:06:17.033+0000] {dag.py:4180} INFO - Setting next_dagrun for gerar_csv_dados_abertos_cnpj to 2025-03-28 00:00:00+00:00, run_after=2025-03-29 00:00:00+00:00
[2025-03-29T22:06:17.043+0000] {processor.py:208} INFO - Processing /opt/airflow/dags/saving_file.py took 0.185 seconds
[2025-03-29T22:06:47.326+0000] {processor.py:186} INFO - Started process (PID=9816) to work on /opt/airflow/dags/saving_file.py
[2025-03-29T22:06:47.329+0000] {processor.py:914} INFO - Processing file /opt/airflow/dags/saving_file.py for tasks to queue
[2025-03-29T22:06:47.331+0000] {logging_mixin.py:190} INFO - [2025-03-29T22:06:47.331+0000] {dagbag.py:588} INFO - Filling up the DagBag from /opt/airflow/dags/saving_file.py
[2025-03-29T22:06:47.475+0000] {processor.py:925} INFO - DAG(s) 'gerar_csv_dados_abertos_cnpj' retrieved from /opt/airflow/dags/saving_file.py
[2025-03-29T22:06:47.489+0000] {logging_mixin.py:190} INFO - [2025-03-29T22:06:47.489+0000] {dag.py:3239} INFO - Sync 1 DAGs
[2025-03-29T22:06:47.502+0000] {logging_mixin.py:190} INFO - [2025-03-29T22:06:47.502+0000] {dag.py:4180} INFO - Setting next_dagrun for gerar_csv_dados_abertos_cnpj to 2025-03-28 00:00:00+00:00, run_after=2025-03-29 00:00:00+00:00
[2025-03-29T22:06:47.512+0000] {processor.py:208} INFO - Processing /opt/airflow/dags/saving_file.py took 0.188 seconds
[2025-03-29T22:07:17.708+0000] {processor.py:186} INFO - Started process (PID=9828) to work on /opt/airflow/dags/saving_file.py
[2025-03-29T22:07:17.711+0000] {processor.py:914} INFO - Processing file /opt/airflow/dags/saving_file.py for tasks to queue
[2025-03-29T22:07:17.712+0000] {logging_mixin.py:190} INFO - [2025-03-29T22:07:17.712+0000] {dagbag.py:588} INFO - Filling up the DagBag from /opt/airflow/dags/saving_file.py
[2025-03-29T22:07:17.852+0000] {processor.py:925} INFO - DAG(s) 'gerar_csv_dados_abertos_cnpj' retrieved from /opt/airflow/dags/saving_file.py
[2025-03-29T22:07:17.865+0000] {logging_mixin.py:190} INFO - [2025-03-29T22:07:17.865+0000] {dag.py:3239} INFO - Sync 1 DAGs
[2025-03-29T22:07:17.878+0000] {logging_mixin.py:190} INFO - [2025-03-29T22:07:17.878+0000] {dag.py:4180} INFO - Setting next_dagrun for gerar_csv_dados_abertos_cnpj to 2025-03-28 00:00:00+00:00, run_after=2025-03-29 00:00:00+00:00
[2025-03-29T22:07:17.888+0000] {processor.py:208} INFO - Processing /opt/airflow/dags/saving_file.py took 0.183 seconds
[2025-03-29T22:07:48.161+0000] {processor.py:186} INFO - Started process (PID=9839) to work on /opt/airflow/dags/saving_file.py
[2025-03-29T22:07:48.163+0000] {processor.py:914} INFO - Processing file /opt/airflow/dags/saving_file.py for tasks to queue
[2025-03-29T22:07:48.165+0000] {logging_mixin.py:190} INFO - [2025-03-29T22:07:48.165+0000] {dagbag.py:588} INFO - Filling up the DagBag from /opt/airflow/dags/saving_file.py
[2025-03-29T22:07:48.302+0000] {processor.py:925} INFO - DAG(s) 'gerar_csv_dados_abertos_cnpj' retrieved from /opt/airflow/dags/saving_file.py
[2025-03-29T22:07:48.318+0000] {logging_mixin.py:190} INFO - [2025-03-29T22:07:48.318+0000] {dag.py:3239} INFO - Sync 1 DAGs
[2025-03-29T22:07:48.331+0000] {logging_mixin.py:190} INFO - [2025-03-29T22:07:48.331+0000] {dag.py:4180} INFO - Setting next_dagrun for gerar_csv_dados_abertos_cnpj to 2025-03-28 00:00:00+00:00, run_after=2025-03-29 00:00:00+00:00
[2025-03-29T22:07:48.341+0000] {processor.py:208} INFO - Processing /opt/airflow/dags/saving_file.py took 0.184 seconds
[2025-03-29T22:08:18.629+0000] {processor.py:186} INFO - Started process (PID=9850) to work on /opt/airflow/dags/saving_file.py
[2025-03-29T22:08:18.630+0000] {processor.py:914} INFO - Processing file /opt/airflow/dags/saving_file.py for tasks to queue
[2025-03-29T22:08:18.632+0000] {logging_mixin.py:190} INFO - [2025-03-29T22:08:18.632+0000] {dagbag.py:588} INFO - Filling up the DagBag from /opt/airflow/dags/saving_file.py
[2025-03-29T22:08:18.772+0000] {processor.py:925} INFO - DAG(s) 'gerar_csv_dados_abertos_cnpj' retrieved from /opt/airflow/dags/saving_file.py
[2025-03-29T22:08:18.790+0000] {logging_mixin.py:190} INFO - [2025-03-29T22:08:18.790+0000] {dag.py:3239} INFO - Sync 1 DAGs
[2025-03-29T22:08:18.807+0000] {logging_mixin.py:190} INFO - [2025-03-29T22:08:18.807+0000] {dag.py:4180} INFO - Setting next_dagrun for gerar_csv_dados_abertos_cnpj to 2025-03-28 00:00:00+00:00, run_after=2025-03-29 00:00:00+00:00
[2025-03-29T22:08:18.828+0000] {processor.py:208} INFO - Processing /opt/airflow/dags/saving_file.py took 0.203 seconds
[2025-03-29T22:08:49.154+0000] {processor.py:186} INFO - Started process (PID=9861) to work on /opt/airflow/dags/saving_file.py
[2025-03-29T22:08:49.155+0000] {processor.py:914} INFO - Processing file /opt/airflow/dags/saving_file.py for tasks to queue
[2025-03-29T22:08:49.157+0000] {logging_mixin.py:190} INFO - [2025-03-29T22:08:49.156+0000] {dagbag.py:588} INFO - Filling up the DagBag from /opt/airflow/dags/saving_file.py
[2025-03-29T22:08:49.297+0000] {processor.py:925} INFO - DAG(s) 'gerar_csv_dados_abertos_cnpj' retrieved from /opt/airflow/dags/saving_file.py
[2025-03-29T22:08:49.311+0000] {logging_mixin.py:190} INFO - [2025-03-29T22:08:49.311+0000] {dag.py:3239} INFO - Sync 1 DAGs
[2025-03-29T22:08:49.323+0000] {logging_mixin.py:190} INFO - [2025-03-29T22:08:49.323+0000] {dag.py:4180} INFO - Setting next_dagrun for gerar_csv_dados_abertos_cnpj to 2025-03-28 00:00:00+00:00, run_after=2025-03-29 00:00:00+00:00
[2025-03-29T22:08:49.334+0000] {processor.py:208} INFO - Processing /opt/airflow/dags/saving_file.py took 0.184 seconds
[2025-03-29T22:09:19.607+0000] {processor.py:186} INFO - Started process (PID=9872) to work on /opt/airflow/dags/saving_file.py
[2025-03-29T22:09:19.610+0000] {processor.py:914} INFO - Processing file /opt/airflow/dags/saving_file.py for tasks to queue
[2025-03-29T22:09:19.612+0000] {logging_mixin.py:190} INFO - [2025-03-29T22:09:19.612+0000] {dagbag.py:588} INFO - Filling up the DagBag from /opt/airflow/dags/saving_file.py
[2025-03-29T22:09:19.753+0000] {processor.py:925} INFO - DAG(s) 'gerar_csv_dados_abertos_cnpj' retrieved from /opt/airflow/dags/saving_file.py
[2025-03-29T22:09:19.766+0000] {logging_mixin.py:190} INFO - [2025-03-29T22:09:19.766+0000] {dag.py:3239} INFO - Sync 1 DAGs
[2025-03-29T22:09:19.780+0000] {logging_mixin.py:190} INFO - [2025-03-29T22:09:19.779+0000] {dag.py:4180} INFO - Setting next_dagrun for gerar_csv_dados_abertos_cnpj to 2025-03-28 00:00:00+00:00, run_after=2025-03-29 00:00:00+00:00
[2025-03-29T22:09:19.885+0000] {processor.py:208} INFO - Processing /opt/airflow/dags/saving_file.py took 0.280 seconds
[2025-03-29T22:09:50.074+0000] {processor.py:186} INFO - Started process (PID=9882) to work on /opt/airflow/dags/saving_file.py
[2025-03-29T22:09:50.076+0000] {processor.py:914} INFO - Processing file /opt/airflow/dags/saving_file.py for tasks to queue
[2025-03-29T22:09:50.077+0000] {logging_mixin.py:190} INFO - [2025-03-29T22:09:50.077+0000] {dagbag.py:588} INFO - Filling up the DagBag from /opt/airflow/dags/saving_file.py
[2025-03-29T22:09:50.215+0000] {processor.py:925} INFO - DAG(s) 'gerar_csv_dados_abertos_cnpj' retrieved from /opt/airflow/dags/saving_file.py
[2025-03-29T22:09:50.229+0000] {logging_mixin.py:190} INFO - [2025-03-29T22:09:50.229+0000] {dag.py:3239} INFO - Sync 1 DAGs
[2025-03-29T22:09:50.242+0000] {logging_mixin.py:190} INFO - [2025-03-29T22:09:50.242+0000] {dag.py:4180} INFO - Setting next_dagrun for gerar_csv_dados_abertos_cnpj to 2025-03-28 00:00:00+00:00, run_after=2025-03-29 00:00:00+00:00
[2025-03-29T22:09:50.252+0000] {processor.py:208} INFO - Processing /opt/airflow/dags/saving_file.py took 0.181 seconds
[2025-03-29T22:10:20.545+0000] {processor.py:186} INFO - Started process (PID=9893) to work on /opt/airflow/dags/saving_file.py
[2025-03-29T22:10:20.546+0000] {processor.py:914} INFO - Processing file /opt/airflow/dags/saving_file.py for tasks to queue
[2025-03-29T22:10:20.548+0000] {logging_mixin.py:190} INFO - [2025-03-29T22:10:20.548+0000] {dagbag.py:588} INFO - Filling up the DagBag from /opt/airflow/dags/saving_file.py
[2025-03-29T22:10:20.690+0000] {processor.py:925} INFO - DAG(s) 'gerar_csv_dados_abertos_cnpj' retrieved from /opt/airflow/dags/saving_file.py
[2025-03-29T22:10:20.702+0000] {logging_mixin.py:190} INFO - [2025-03-29T22:10:20.702+0000] {dag.py:3239} INFO - Sync 1 DAGs
[2025-03-29T22:10:20.714+0000] {logging_mixin.py:190} INFO - [2025-03-29T22:10:20.714+0000] {dag.py:4180} INFO - Setting next_dagrun for gerar_csv_dados_abertos_cnpj to 2025-03-28 00:00:00+00:00, run_after=2025-03-29 00:00:00+00:00
[2025-03-29T22:10:20.723+0000] {processor.py:208} INFO - Processing /opt/airflow/dags/saving_file.py took 0.182 seconds
[2025-03-29T22:10:51.008+0000] {processor.py:186} INFO - Started process (PID=9904) to work on /opt/airflow/dags/saving_file.py
[2025-03-29T22:10:51.023+0000] {processor.py:914} INFO - Processing file /opt/airflow/dags/saving_file.py for tasks to queue
[2025-03-29T22:10:51.026+0000] {logging_mixin.py:190} INFO - [2025-03-29T22:10:51.026+0000] {dagbag.py:588} INFO - Filling up the DagBag from /opt/airflow/dags/saving_file.py
[2025-03-29T22:10:51.166+0000] {processor.py:925} INFO - DAG(s) 'gerar_csv_dados_abertos_cnpj' retrieved from /opt/airflow/dags/saving_file.py
[2025-03-29T22:10:51.180+0000] {logging_mixin.py:190} INFO - [2025-03-29T22:10:51.179+0000] {dag.py:3239} INFO - Sync 1 DAGs
[2025-03-29T22:10:51.192+0000] {logging_mixin.py:190} INFO - [2025-03-29T22:10:51.192+0000] {dag.py:4180} INFO - Setting next_dagrun for gerar_csv_dados_abertos_cnpj to 2025-03-28 00:00:00+00:00, run_after=2025-03-29 00:00:00+00:00
[2025-03-29T22:10:51.202+0000] {processor.py:208} INFO - Processing /opt/airflow/dags/saving_file.py took 0.197 seconds
[2025-03-29T22:11:21.517+0000] {processor.py:186} INFO - Started process (PID=9915) to work on /opt/airflow/dags/saving_file.py
[2025-03-29T22:11:21.519+0000] {processor.py:914} INFO - Processing file /opt/airflow/dags/saving_file.py for tasks to queue
[2025-03-29T22:11:21.520+0000] {logging_mixin.py:190} INFO - [2025-03-29T22:11:21.520+0000] {dagbag.py:588} INFO - Filling up the DagBag from /opt/airflow/dags/saving_file.py
[2025-03-29T22:11:21.661+0000] {processor.py:925} INFO - DAG(s) 'gerar_csv_dados_abertos_cnpj' retrieved from /opt/airflow/dags/saving_file.py
[2025-03-29T22:11:21.674+0000] {logging_mixin.py:190} INFO - [2025-03-29T22:11:21.674+0000] {dag.py:3239} INFO - Sync 1 DAGs
[2025-03-29T22:11:21.687+0000] {logging_mixin.py:190} INFO - [2025-03-29T22:11:21.687+0000] {dag.py:4180} INFO - Setting next_dagrun for gerar_csv_dados_abertos_cnpj to 2025-03-28 00:00:00+00:00, run_after=2025-03-29 00:00:00+00:00
[2025-03-29T22:11:21.698+0000] {processor.py:208} INFO - Processing /opt/airflow/dags/saving_file.py took 0.184 seconds
[2025-03-29T22:11:51.971+0000] {processor.py:186} INFO - Started process (PID=9932) to work on /opt/airflow/dags/saving_file.py
[2025-03-29T22:11:51.973+0000] {processor.py:914} INFO - Processing file /opt/airflow/dags/saving_file.py for tasks to queue
[2025-03-29T22:11:51.975+0000] {logging_mixin.py:190} INFO - [2025-03-29T22:11:51.974+0000] {dagbag.py:588} INFO - Filling up the DagBag from /opt/airflow/dags/saving_file.py
[2025-03-29T22:11:52.114+0000] {processor.py:925} INFO - DAG(s) 'gerar_csv_dados_abertos_cnpj' retrieved from /opt/airflow/dags/saving_file.py
[2025-03-29T22:11:52.128+0000] {logging_mixin.py:190} INFO - [2025-03-29T22:11:52.127+0000] {dag.py:3239} INFO - Sync 1 DAGs
[2025-03-29T22:11:52.140+0000] {logging_mixin.py:190} INFO - [2025-03-29T22:11:52.140+0000] {dag.py:4180} INFO - Setting next_dagrun for gerar_csv_dados_abertos_cnpj to 2025-03-28 00:00:00+00:00, run_after=2025-03-29 00:00:00+00:00
[2025-03-29T22:11:52.251+0000] {processor.py:208} INFO - Processing /opt/airflow/dags/saving_file.py took 0.283 seconds
[2025-03-29T22:12:22.429+0000] {processor.py:186} INFO - Started process (PID=9943) to work on /opt/airflow/dags/saving_file.py
[2025-03-29T22:12:22.432+0000] {processor.py:914} INFO - Processing file /opt/airflow/dags/saving_file.py for tasks to queue
[2025-03-29T22:12:22.434+0000] {logging_mixin.py:190} INFO - [2025-03-29T22:12:22.434+0000] {dagbag.py:588} INFO - Filling up the DagBag from /opt/airflow/dags/saving_file.py
[2025-03-29T22:12:22.574+0000] {processor.py:925} INFO - DAG(s) 'gerar_csv_dados_abertos_cnpj' retrieved from /opt/airflow/dags/saving_file.py
[2025-03-29T22:12:22.589+0000] {logging_mixin.py:190} INFO - [2025-03-29T22:12:22.588+0000] {dag.py:3239} INFO - Sync 1 DAGs
[2025-03-29T22:12:22.602+0000] {logging_mixin.py:190} INFO - [2025-03-29T22:12:22.602+0000] {dag.py:4180} INFO - Setting next_dagrun for gerar_csv_dados_abertos_cnpj to 2025-03-28 00:00:00+00:00, run_after=2025-03-29 00:00:00+00:00
[2025-03-29T22:12:22.613+0000] {processor.py:208} INFO - Processing /opt/airflow/dags/saving_file.py took 0.187 seconds
[2025-03-29T22:12:52.815+0000] {processor.py:186} INFO - Started process (PID=9954) to work on /opt/airflow/dags/saving_file.py
[2025-03-29T22:12:52.817+0000] {processor.py:914} INFO - Processing file /opt/airflow/dags/saving_file.py for tasks to queue
[2025-03-29T22:12:52.820+0000] {logging_mixin.py:190} INFO - [2025-03-29T22:12:52.819+0000] {dagbag.py:588} INFO - Filling up the DagBag from /opt/airflow/dags/saving_file.py
[2025-03-29T22:12:52.960+0000] {processor.py:925} INFO - DAG(s) 'gerar_csv_dados_abertos_cnpj' retrieved from /opt/airflow/dags/saving_file.py
[2025-03-29T22:12:52.974+0000] {logging_mixin.py:190} INFO - [2025-03-29T22:12:52.974+0000] {dag.py:3239} INFO - Sync 1 DAGs
[2025-03-29T22:12:52.988+0000] {logging_mixin.py:190} INFO - [2025-03-29T22:12:52.988+0000] {dag.py:4180} INFO - Setting next_dagrun for gerar_csv_dados_abertos_cnpj to 2025-03-28 00:00:00+00:00, run_after=2025-03-29 00:00:00+00:00
[2025-03-29T22:12:53.001+0000] {processor.py:208} INFO - Processing /opt/airflow/dags/saving_file.py took 0.189 seconds
[2025-03-29T22:13:23.274+0000] {processor.py:186} INFO - Started process (PID=9965) to work on /opt/airflow/dags/saving_file.py
[2025-03-29T22:13:23.275+0000] {processor.py:914} INFO - Processing file /opt/airflow/dags/saving_file.py for tasks to queue
[2025-03-29T22:13:23.277+0000] {logging_mixin.py:190} INFO - [2025-03-29T22:13:23.277+0000] {dagbag.py:588} INFO - Filling up the DagBag from /opt/airflow/dags/saving_file.py
[2025-03-29T22:13:23.418+0000] {processor.py:925} INFO - DAG(s) 'gerar_csv_dados_abertos_cnpj' retrieved from /opt/airflow/dags/saving_file.py
[2025-03-29T22:13:23.433+0000] {logging_mixin.py:190} INFO - [2025-03-29T22:13:23.432+0000] {dag.py:3239} INFO - Sync 1 DAGs
[2025-03-29T22:13:23.445+0000] {logging_mixin.py:190} INFO - [2025-03-29T22:13:23.445+0000] {dag.py:4180} INFO - Setting next_dagrun for gerar_csv_dados_abertos_cnpj to 2025-03-28 00:00:00+00:00, run_after=2025-03-29 00:00:00+00:00
[2025-03-29T22:13:23.455+0000] {processor.py:208} INFO - Processing /opt/airflow/dags/saving_file.py took 0.184 seconds
[2025-03-29T22:13:53.748+0000] {processor.py:186} INFO - Started process (PID=9976) to work on /opt/airflow/dags/saving_file.py
[2025-03-29T22:13:53.751+0000] {processor.py:914} INFO - Processing file /opt/airflow/dags/saving_file.py for tasks to queue
[2025-03-29T22:13:53.752+0000] {logging_mixin.py:190} INFO - [2025-03-29T22:13:53.752+0000] {dagbag.py:588} INFO - Filling up the DagBag from /opt/airflow/dags/saving_file.py
[2025-03-29T22:13:53.896+0000] {processor.py:925} INFO - DAG(s) 'gerar_csv_dados_abertos_cnpj' retrieved from /opt/airflow/dags/saving_file.py
[2025-03-29T22:13:53.910+0000] {logging_mixin.py:190} INFO - [2025-03-29T22:13:53.910+0000] {dag.py:3239} INFO - Sync 1 DAGs
[2025-03-29T22:13:53.923+0000] {logging_mixin.py:190} INFO - [2025-03-29T22:13:53.922+0000] {dag.py:4180} INFO - Setting next_dagrun for gerar_csv_dados_abertos_cnpj to 2025-03-28 00:00:00+00:00, run_after=2025-03-29 00:00:00+00:00
[2025-03-29T22:13:53.933+0000] {processor.py:208} INFO - Processing /opt/airflow/dags/saving_file.py took 0.188 seconds
[2025-03-29T22:14:24.227+0000] {processor.py:186} INFO - Started process (PID=9987) to work on /opt/airflow/dags/saving_file.py
[2025-03-29T22:14:24.229+0000] {processor.py:914} INFO - Processing file /opt/airflow/dags/saving_file.py for tasks to queue
[2025-03-29T22:14:24.231+0000] {logging_mixin.py:190} INFO - [2025-03-29T22:14:24.230+0000] {dagbag.py:588} INFO - Filling up the DagBag from /opt/airflow/dags/saving_file.py
[2025-03-29T22:14:24.375+0000] {processor.py:925} INFO - DAG(s) 'gerar_csv_dados_abertos_cnpj' retrieved from /opt/airflow/dags/saving_file.py
[2025-03-29T22:14:24.389+0000] {logging_mixin.py:190} INFO - [2025-03-29T22:14:24.389+0000] {dag.py:3239} INFO - Sync 1 DAGs
[2025-03-29T22:14:24.401+0000] {logging_mixin.py:190} INFO - [2025-03-29T22:14:24.400+0000] {dag.py:4180} INFO - Setting next_dagrun for gerar_csv_dados_abertos_cnpj to 2025-03-28 00:00:00+00:00, run_after=2025-03-29 00:00:00+00:00
[2025-03-29T22:14:24.411+0000] {processor.py:208} INFO - Processing /opt/airflow/dags/saving_file.py took 0.188 seconds
[2025-03-29T22:14:54.693+0000] {processor.py:186} INFO - Started process (PID=9998) to work on /opt/airflow/dags/saving_file.py
[2025-03-29T22:14:54.694+0000] {processor.py:914} INFO - Processing file /opt/airflow/dags/saving_file.py for tasks to queue
[2025-03-29T22:14:54.696+0000] {logging_mixin.py:190} INFO - [2025-03-29T22:14:54.696+0000] {dagbag.py:588} INFO - Filling up the DagBag from /opt/airflow/dags/saving_file.py
[2025-03-29T22:14:54.841+0000] {processor.py:925} INFO - DAG(s) 'gerar_csv_dados_abertos_cnpj' retrieved from /opt/airflow/dags/saving_file.py
[2025-03-29T22:14:54.857+0000] {logging_mixin.py:190} INFO - [2025-03-29T22:14:54.857+0000] {dag.py:3239} INFO - Sync 1 DAGs
[2025-03-29T22:14:54.873+0000] {logging_mixin.py:190} INFO - [2025-03-29T22:14:54.873+0000] {dag.py:4180} INFO - Setting next_dagrun for gerar_csv_dados_abertos_cnpj to 2025-03-28 00:00:00+00:00, run_after=2025-03-29 00:00:00+00:00
[2025-03-29T22:14:54.884+0000] {processor.py:208} INFO - Processing /opt/airflow/dags/saving_file.py took 0.195 seconds
[2025-03-29T22:15:25.163+0000] {processor.py:186} INFO - Started process (PID=10009) to work on /opt/airflow/dags/saving_file.py
[2025-03-29T22:15:25.164+0000] {processor.py:914} INFO - Processing file /opt/airflow/dags/saving_file.py for tasks to queue
[2025-03-29T22:15:25.166+0000] {logging_mixin.py:190} INFO - [2025-03-29T22:15:25.166+0000] {dagbag.py:588} INFO - Filling up the DagBag from /opt/airflow/dags/saving_file.py
[2025-03-29T22:15:25.308+0000] {processor.py:925} INFO - DAG(s) 'gerar_csv_dados_abertos_cnpj' retrieved from /opt/airflow/dags/saving_file.py
[2025-03-29T22:15:25.321+0000] {logging_mixin.py:190} INFO - [2025-03-29T22:15:25.321+0000] {dag.py:3239} INFO - Sync 1 DAGs
[2025-03-29T22:15:25.334+0000] {logging_mixin.py:190} INFO - [2025-03-29T22:15:25.334+0000] {dag.py:4180} INFO - Setting next_dagrun for gerar_csv_dados_abertos_cnpj to 2025-03-28 00:00:00+00:00, run_after=2025-03-29 00:00:00+00:00
[2025-03-29T22:15:25.345+0000] {processor.py:208} INFO - Processing /opt/airflow/dags/saving_file.py took 0.185 seconds
[2025-03-29T22:15:55.630+0000] {processor.py:186} INFO - Started process (PID=10020) to work on /opt/airflow/dags/saving_file.py
[2025-03-29T22:15:55.632+0000] {processor.py:914} INFO - Processing file /opt/airflow/dags/saving_file.py for tasks to queue
[2025-03-29T22:15:55.634+0000] {logging_mixin.py:190} INFO - [2025-03-29T22:15:55.634+0000] {dagbag.py:588} INFO - Filling up the DagBag from /opt/airflow/dags/saving_file.py
[2025-03-29T22:15:55.776+0000] {processor.py:925} INFO - DAG(s) 'gerar_csv_dados_abertos_cnpj' retrieved from /opt/airflow/dags/saving_file.py
[2025-03-29T22:15:55.793+0000] {logging_mixin.py:190} INFO - [2025-03-29T22:15:55.793+0000] {dag.py:3239} INFO - Sync 1 DAGs
[2025-03-29T22:15:55.807+0000] {logging_mixin.py:190} INFO - [2025-03-29T22:15:55.806+0000] {dag.py:4180} INFO - Setting next_dagrun for gerar_csv_dados_abertos_cnpj to 2025-03-28 00:00:00+00:00, run_after=2025-03-29 00:00:00+00:00
[2025-03-29T22:15:55.817+0000] {processor.py:208} INFO - Processing /opt/airflow/dags/saving_file.py took 0.191 seconds
[2025-03-29T22:16:26.160+0000] {processor.py:186} INFO - Started process (PID=10031) to work on /opt/airflow/dags/saving_file.py
[2025-03-29T22:16:26.162+0000] {processor.py:914} INFO - Processing file /opt/airflow/dags/saving_file.py for tasks to queue
[2025-03-29T22:16:26.165+0000] {logging_mixin.py:190} INFO - [2025-03-29T22:16:26.165+0000] {dagbag.py:588} INFO - Filling up the DagBag from /opt/airflow/dags/saving_file.py
[2025-03-29T22:16:26.310+0000] {processor.py:925} INFO - DAG(s) 'gerar_csv_dados_abertos_cnpj' retrieved from /opt/airflow/dags/saving_file.py
[2025-03-29T22:16:26.323+0000] {logging_mixin.py:190} INFO - [2025-03-29T22:16:26.323+0000] {dag.py:3239} INFO - Sync 1 DAGs
[2025-03-29T22:16:26.336+0000] {logging_mixin.py:190} INFO - [2025-03-29T22:16:26.336+0000] {dag.py:4180} INFO - Setting next_dagrun for gerar_csv_dados_abertos_cnpj to 2025-03-28 00:00:00+00:00, run_after=2025-03-29 00:00:00+00:00
[2025-03-29T22:16:26.347+0000] {processor.py:208} INFO - Processing /opt/airflow/dags/saving_file.py took 0.189 seconds
[2025-03-29T22:16:56.628+0000] {processor.py:186} INFO - Started process (PID=10042) to work on /opt/airflow/dags/saving_file.py
[2025-03-29T22:16:56.629+0000] {processor.py:914} INFO - Processing file /opt/airflow/dags/saving_file.py for tasks to queue
[2025-03-29T22:16:56.632+0000] {logging_mixin.py:190} INFO - [2025-03-29T22:16:56.631+0000] {dagbag.py:588} INFO - Filling up the DagBag from /opt/airflow/dags/saving_file.py
[2025-03-29T22:16:56.771+0000] {processor.py:925} INFO - DAG(s) 'gerar_csv_dados_abertos_cnpj' retrieved from /opt/airflow/dags/saving_file.py
[2025-03-29T22:16:56.785+0000] {logging_mixin.py:190} INFO - [2025-03-29T22:16:56.785+0000] {dag.py:3239} INFO - Sync 1 DAGs
[2025-03-29T22:16:56.798+0000] {logging_mixin.py:190} INFO - [2025-03-29T22:16:56.798+0000] {dag.py:4180} INFO - Setting next_dagrun for gerar_csv_dados_abertos_cnpj to 2025-03-28 00:00:00+00:00, run_after=2025-03-29 00:00:00+00:00
[2025-03-29T22:16:56.808+0000] {processor.py:208} INFO - Processing /opt/airflow/dags/saving_file.py took 0.183 seconds
[2025-03-29T22:17:27.126+0000] {processor.py:186} INFO - Started process (PID=10053) to work on /opt/airflow/dags/saving_file.py
[2025-03-29T22:17:27.127+0000] {processor.py:914} INFO - Processing file /opt/airflow/dags/saving_file.py for tasks to queue
[2025-03-29T22:17:27.129+0000] {logging_mixin.py:190} INFO - [2025-03-29T22:17:27.129+0000] {dagbag.py:588} INFO - Filling up the DagBag from /opt/airflow/dags/saving_file.py
[2025-03-29T22:17:27.273+0000] {processor.py:925} INFO - DAG(s) 'gerar_csv_dados_abertos_cnpj' retrieved from /opt/airflow/dags/saving_file.py
[2025-03-29T22:17:27.287+0000] {logging_mixin.py:190} INFO - [2025-03-29T22:17:27.287+0000] {dag.py:3239} INFO - Sync 1 DAGs
[2025-03-29T22:17:27.301+0000] {logging_mixin.py:190} INFO - [2025-03-29T22:17:27.301+0000] {dag.py:4180} INFO - Setting next_dagrun for gerar_csv_dados_abertos_cnpj to 2025-03-28 00:00:00+00:00, run_after=2025-03-29 00:00:00+00:00
[2025-03-29T22:17:27.406+0000] {processor.py:208} INFO - Processing /opt/airflow/dags/saving_file.py took 0.284 seconds
[2025-03-29T22:17:57.596+0000] {processor.py:186} INFO - Started process (PID=10064) to work on /opt/airflow/dags/saving_file.py
[2025-03-29T22:17:57.599+0000] {processor.py:914} INFO - Processing file /opt/airflow/dags/saving_file.py for tasks to queue
[2025-03-29T22:17:57.600+0000] {logging_mixin.py:190} INFO - [2025-03-29T22:17:57.600+0000] {dagbag.py:588} INFO - Filling up the DagBag from /opt/airflow/dags/saving_file.py
[2025-03-29T22:17:57.744+0000] {processor.py:925} INFO - DAG(s) 'gerar_csv_dados_abertos_cnpj' retrieved from /opt/airflow/dags/saving_file.py
[2025-03-29T22:17:57.757+0000] {logging_mixin.py:190} INFO - [2025-03-29T22:17:57.757+0000] {dag.py:3239} INFO - Sync 1 DAGs
[2025-03-29T22:17:57.771+0000] {logging_mixin.py:190} INFO - [2025-03-29T22:17:57.771+0000] {dag.py:4180} INFO - Setting next_dagrun for gerar_csv_dados_abertos_cnpj to 2025-03-28 00:00:00+00:00, run_after=2025-03-29 00:00:00+00:00
[2025-03-29T22:17:57.781+0000] {processor.py:208} INFO - Processing /opt/airflow/dags/saving_file.py took 0.187 seconds
[2025-03-29T22:18:28.076+0000] {processor.py:186} INFO - Started process (PID=10075) to work on /opt/airflow/dags/saving_file.py
[2025-03-29T22:18:28.078+0000] {processor.py:914} INFO - Processing file /opt/airflow/dags/saving_file.py for tasks to queue
[2025-03-29T22:18:28.079+0000] {logging_mixin.py:190} INFO - [2025-03-29T22:18:28.079+0000] {dagbag.py:588} INFO - Filling up the DagBag from /opt/airflow/dags/saving_file.py
[2025-03-29T22:18:28.226+0000] {processor.py:925} INFO - DAG(s) 'gerar_csv_dados_abertos_cnpj' retrieved from /opt/airflow/dags/saving_file.py
[2025-03-29T22:18:28.240+0000] {logging_mixin.py:190} INFO - [2025-03-29T22:18:28.240+0000] {dag.py:3239} INFO - Sync 1 DAGs
[2025-03-29T22:18:28.252+0000] {logging_mixin.py:190} INFO - [2025-03-29T22:18:28.252+0000] {dag.py:4180} INFO - Setting next_dagrun for gerar_csv_dados_abertos_cnpj to 2025-03-28 00:00:00+00:00, run_after=2025-03-29 00:00:00+00:00
[2025-03-29T22:18:28.263+0000] {processor.py:208} INFO - Processing /opt/airflow/dags/saving_file.py took 0.189 seconds
[2025-03-29T22:18:58.548+0000] {processor.py:186} INFO - Started process (PID=10086) to work on /opt/airflow/dags/saving_file.py
[2025-03-29T22:18:58.550+0000] {processor.py:914} INFO - Processing file /opt/airflow/dags/saving_file.py for tasks to queue
[2025-03-29T22:18:58.552+0000] {logging_mixin.py:190} INFO - [2025-03-29T22:18:58.552+0000] {dagbag.py:588} INFO - Filling up the DagBag from /opt/airflow/dags/saving_file.py
[2025-03-29T22:18:58.703+0000] {processor.py:925} INFO - DAG(s) 'gerar_csv_dados_abertos_cnpj' retrieved from /opt/airflow/dags/saving_file.py
[2025-03-29T22:18:58.719+0000] {logging_mixin.py:190} INFO - [2025-03-29T22:18:58.719+0000] {dag.py:3239} INFO - Sync 1 DAGs
[2025-03-29T22:18:58.733+0000] {logging_mixin.py:190} INFO - [2025-03-29T22:18:58.733+0000] {dag.py:4180} INFO - Setting next_dagrun for gerar_csv_dados_abertos_cnpj to 2025-03-28 00:00:00+00:00, run_after=2025-03-29 00:00:00+00:00
[2025-03-29T22:18:58.745+0000] {processor.py:208} INFO - Processing /opt/airflow/dags/saving_file.py took 0.199 seconds
[2025-03-29T22:19:29.024+0000] {processor.py:186} INFO - Started process (PID=10097) to work on /opt/airflow/dags/saving_file.py
[2025-03-29T22:19:29.026+0000] {processor.py:914} INFO - Processing file /opt/airflow/dags/saving_file.py for tasks to queue
[2025-03-29T22:19:29.028+0000] {logging_mixin.py:190} INFO - [2025-03-29T22:19:29.028+0000] {dagbag.py:588} INFO - Filling up the DagBag from /opt/airflow/dags/saving_file.py
[2025-03-29T22:19:29.178+0000] {processor.py:925} INFO - DAG(s) 'gerar_csv_dados_abertos_cnpj' retrieved from /opt/airflow/dags/saving_file.py
[2025-03-29T22:19:29.194+0000] {logging_mixin.py:190} INFO - [2025-03-29T22:19:29.194+0000] {dag.py:3239} INFO - Sync 1 DAGs
[2025-03-29T22:19:29.208+0000] {logging_mixin.py:190} INFO - [2025-03-29T22:19:29.207+0000] {dag.py:4180} INFO - Setting next_dagrun for gerar_csv_dados_abertos_cnpj to 2025-03-28 00:00:00+00:00, run_after=2025-03-29 00:00:00+00:00
[2025-03-29T22:19:29.219+0000] {processor.py:208} INFO - Processing /opt/airflow/dags/saving_file.py took 0.199 seconds
[2025-03-29T22:19:59.505+0000] {processor.py:186} INFO - Started process (PID=10108) to work on /opt/airflow/dags/saving_file.py
[2025-03-29T22:19:59.506+0000] {processor.py:914} INFO - Processing file /opt/airflow/dags/saving_file.py for tasks to queue
[2025-03-29T22:19:59.509+0000] {logging_mixin.py:190} INFO - [2025-03-29T22:19:59.508+0000] {dagbag.py:588} INFO - Filling up the DagBag from /opt/airflow/dags/saving_file.py
[2025-03-29T22:19:59.655+0000] {processor.py:925} INFO - DAG(s) 'gerar_csv_dados_abertos_cnpj' retrieved from /opt/airflow/dags/saving_file.py
[2025-03-29T22:19:59.669+0000] {logging_mixin.py:190} INFO - [2025-03-29T22:19:59.669+0000] {dag.py:3239} INFO - Sync 1 DAGs
[2025-03-29T22:19:59.683+0000] {logging_mixin.py:190} INFO - [2025-03-29T22:19:59.682+0000] {dag.py:4180} INFO - Setting next_dagrun for gerar_csv_dados_abertos_cnpj to 2025-03-28 00:00:00+00:00, run_after=2025-03-29 00:00:00+00:00
[2025-03-29T22:19:59.783+0000] {processor.py:208} INFO - Processing /opt/airflow/dags/saving_file.py took 0.281 seconds
[2025-03-29T22:20:29.992+0000] {processor.py:186} INFO - Started process (PID=10119) to work on /opt/airflow/dags/saving_file.py
[2025-03-29T22:20:29.994+0000] {processor.py:914} INFO - Processing file /opt/airflow/dags/saving_file.py for tasks to queue
[2025-03-29T22:20:29.996+0000] {logging_mixin.py:190} INFO - [2025-03-29T22:20:29.995+0000] {dagbag.py:588} INFO - Filling up the DagBag from /opt/airflow/dags/saving_file.py
[2025-03-29T22:20:30.139+0000] {processor.py:925} INFO - DAG(s) 'gerar_csv_dados_abertos_cnpj' retrieved from /opt/airflow/dags/saving_file.py
[2025-03-29T22:20:30.154+0000] {logging_mixin.py:190} INFO - [2025-03-29T22:20:30.153+0000] {dag.py:3239} INFO - Sync 1 DAGs
[2025-03-29T22:20:30.168+0000] {logging_mixin.py:190} INFO - [2025-03-29T22:20:30.167+0000] {dag.py:4180} INFO - Setting next_dagrun for gerar_csv_dados_abertos_cnpj to 2025-03-28 00:00:00+00:00, run_after=2025-03-29 00:00:00+00:00
[2025-03-29T22:20:30.179+0000] {processor.py:208} INFO - Processing /opt/airflow/dags/saving_file.py took 0.190 seconds
[2025-03-29T22:21:00.467+0000] {processor.py:186} INFO - Started process (PID=10130) to work on /opt/airflow/dags/saving_file.py
[2025-03-29T22:21:00.469+0000] {processor.py:914} INFO - Processing file /opt/airflow/dags/saving_file.py for tasks to queue
[2025-03-29T22:21:00.471+0000] {logging_mixin.py:190} INFO - [2025-03-29T22:21:00.470+0000] {dagbag.py:588} INFO - Filling up the DagBag from /opt/airflow/dags/saving_file.py
[2025-03-29T22:21:00.613+0000] {processor.py:925} INFO - DAG(s) 'gerar_csv_dados_abertos_cnpj' retrieved from /opt/airflow/dags/saving_file.py
[2025-03-29T22:21:00.627+0000] {logging_mixin.py:190} INFO - [2025-03-29T22:21:00.626+0000] {dag.py:3239} INFO - Sync 1 DAGs
[2025-03-29T22:21:00.641+0000] {logging_mixin.py:190} INFO - [2025-03-29T22:21:00.641+0000] {dag.py:4180} INFO - Setting next_dagrun for gerar_csv_dados_abertos_cnpj to 2025-03-28 00:00:00+00:00, run_after=2025-03-29 00:00:00+00:00
[2025-03-29T22:21:00.653+0000] {processor.py:208} INFO - Processing /opt/airflow/dags/saving_file.py took 0.190 seconds
